geo,country,year,co2_per_capita
afg,Afghanistan,1900,0.001
afg,Afghanistan,1901,0.001
afg,Afghanistan,1902,0.001
afg,Afghanistan,1903,0.001
afg,Afghanistan,1904,0.001
afg,Afghanistan,1905,0.001
afg,Afghanistan,1906,0.001
afg,Afghanistan,1907,0.001
afg,Afghanistan,1908,0.001
afg,Afghanistan,1909,0.001
afg,Afghanistan,1910,0.001
afg,Afghanistan,1911,0.001
afg,Afghanistan,1912,0.001
afg,Afghanistan,1913,0.001
afg,Afghanistan,1914,0.001
afg,Afghanistan,1915,0.001
afg,Afghanistan,1916,0.001
afg,Afghanistan,1917,0.001
afg,Afghanistan,1918,0.001
afg,Afghanistan,1919,0.001
afg,Afghanistan,1920,0.001
afg,Afghanistan,1921,0.001
afg,Afghanistan,1922,0.001
afg,Afghanistan,1923,0.001
afg,Afghanistan,1924,0.001
afg,Afghanistan,1925,0.002
afg,Afghanistan,1926,0.002
afg,Afghanistan,1927,0.002
afg,Afghanistan,1928,0.002
afg,Afghanistan,1929,0.002
afg,Afghanistan,1930,0.002
afg,Afghanistan,1931,0.002
afg,Afghanistan,1932,0.002
afg,Afghanistan,1933,0.002
afg,Afghanistan,1934,0.002
afg,Afghanistan,1935,0.002
afg,Afghanistan,1936,0.002
afg,Afghanistan,1937,0.002
afg,Afghanistan,1938,0.002
afg,Afghanistan,1939,0.002
afg,Afghanistan,1940,0.002
afg,Afghanistan,1941,0.002
afg,Afghanistan,1942,0.002
afg,Afghanistan,1943,0.002
afg,Afghanistan,1944,0.002
afg,Afghanistan,1945,0.002
afg,Afghanistan,1946,0.002
afg,Afghanistan,1947,0.002
afg,Afghanistan,1948,0.002
afg,Afghanistan,1949,0.002
afg,Afghanistan,1950,0.011
afg,Afghanistan,1951,0.012
afg,Afghanistan,1952,0.012
afg,Afghanistan,1953,0.013
afg,Afghanistan,1954,0.013
afg,Afghanistan,1955,0.019
afg,Afghanistan,1956,0.022
afg,Afghanistan,1957,0.034
afg,Afghanistan,1958,0.038
afg,Afghanistan,1959,0.044
afg,Afghanistan,1960,0.046
afg,Afghanistan,1961,0.054
afg,Afghanistan,1962,0.074
afg,Afghanistan,1963,0.074
afg,Afghanistan,1964,0.086
afg,Afghanistan,1965,0.101
afg,Afghanistan,1966,0.107
afg,Afghanistan,1967,0.123
afg,Afghanistan,1968,0.115
afg,Afghanistan,1969,0.086
afg,Afghanistan,1970,0.15
afg,Afghanistan,1971,0.165
afg,Afghanistan,1972,0.13
afg,Afghanistan,1973,0.135
afg,Afghanistan,1974,0.154
afg,Afghanistan,1975,0.168
afg,Afghanistan,1976,0.153
afg,Afghanistan,1977,0.181
afg,Afghanistan,1978,0.162
afg,Afghanistan,1979,0.167
afg,Afghanistan,1980,0.132
afg,Afghanistan,1981,0.15
afg,Afghanistan,1982,0.163
afg,Afghanistan,1983,0.201
afg,Afghanistan,1984,0.231
afg,Afghanistan,1985,0.294
afg,Afghanistan,1986,0.267
afg,Afghanistan,1987,0.269
afg,Afghanistan,1988,0.246
afg,Afghanistan,1989,0.233
afg,Afghanistan,1990,0.21
afg,Afghanistan,1991,0.183
afg,Afghanistan,1992,0.095
afg,Afghanistan,1993,0.084
afg,Afghanistan,1994,0.075
afg,Afghanistan,1995,0.068
afg,Afghanistan,1996,0.062
afg,Afghanistan,1997,0.056
afg,Afghanistan,1998,0.052
afg,Afghanistan,1999,0.04
afg,Afghanistan,2000,0.037
afg,Afghanistan,2001,0.038
afg,Afghanistan,2002,0.047
afg,Afghanistan,2003,0.051
afg,Afghanistan,2004,0.037
afg,Afghanistan,2005,0.052
afg,Afghanistan,2006,0.062
afg,Afghanistan,2007,0.084
afg,Afghanistan,2008,0.152
afg,Afghanistan,2009,0.238
afg,Afghanistan,2010,0.29
afg,Afghanistan,2011,0.406
afg,Afghanistan,2012,0.345
afg,Afghanistan,2013,0.28
afg,Afghanistan,2014,0.253
afg,Afghanistan,2015,0.262
afg,Afghanistan,2016,0.245
afg,Afghanistan,2017,0.247
afg,Afghanistan,2018,0.254
afg,Afghanistan,2019,0.261
afg,Afghanistan,2020,0.261
afg,Afghanistan,2021,0.279
afg,Afghanistan,2022,0.284
ago,Angola,1900,0.015
ago,Angola,1901,0.015
ago,Angola,1902,0.015
ago,Angola,1903,0.015
ago,Angola,1904,0.016
ago,Angola,1905,0.016
ago,Angola,1906,0.016
ago,Angola,1907,0.017
ago,Angola,1908,0.017
ago,Angola,1909,0.017
ago,Angola,1910,0.018
ago,Angola,1911,0.018
ago,Angola,1912,0.019
ago,Angola,1913,0.018
ago,Angola,1914,0.018
ago,Angola,1915,0.018
ago,Angola,1916,0.018
ago,Angola,1917,0.019
ago,Angola,1918,0.019
ago,Angola,1919,0.021
ago,Angola,1920,0.021
ago,Angola,1921,0.022
ago,Angola,1922,0.022
ago,Angola,1923,0.022
ago,Angola,1924,0.023
ago,Angola,1925,0.024
ago,Angola,1926,0.025
ago,Angola,1927,0.025
ago,Angola,1928,0.024
ago,Angola,1929,0.025
ago,Angola,1930,0.026
ago,Angola,1931,0.027
ago,Angola,1932,0.025
ago,Angola,1933,0.025
ago,Angola,1934,0.026
ago,Angola,1935,0.027
ago,Angola,1936,0.028
ago,Angola,1937,0.029
ago,Angola,1938,0.031
ago,Angola,1939,0.031
ago,Angola,1940,0.032
ago,Angola,1941,0.033
ago,Angola,1942,0.034
ago,Angola,1943,0.035
ago,Angola,1944,0.035
ago,Angola,1945,0.036
ago,Angola,1946,0.038
ago,Angola,1947,0.038
ago,Angola,1948,0.038
ago,Angola,1949,0.041
ago,Angola,1950,0.041
ago,Angola,1951,0.054
ago,Angola,1952,0.066
ago,Angola,1953,0.057
ago,Angola,1954,0.071
ago,Angola,1955,0.082
ago,Angola,1956,0.098
ago,Angola,1957,0.119
ago,Angola,1958,0.112
ago,Angola,1959,0.115
ago,Angola,1960,0.101
ago,Angola,1961,0.082
ago,Angola,1962,0.21
ago,Angola,1963,0.203
ago,Angola,1964,0.213
ago,Angola,1965,0.206
ago,Angola,1966,0.269
ago,Angola,1967,0.172
ago,Angola,1968,0.289
ago,Angola,1969,0.48
ago,Angola,1970,0.608
ago,Angola,1971,0.564
ago,Angola,1972,0.721
ago,Angola,1973,0.751
ago,Angola,1974,0.72
ago,Angola,1975,0.628
ago,Angola,1976,0.451
ago,Angola,1977,0.469
ago,Angola,1978,0.694
ago,Angola,1979,0.682
ago,Angola,1980,0.64
ago,Angola,1981,0.61
ago,Angola,1982,0.518
ago,Angola,1983,0.55
ago,Angola,1984,0.519
ago,Angola,1985,0.47
ago,Angola,1986,0.449
ago,Angola,1987,0.542
ago,Angola,1988,0.457
ago,Angola,1989,0.43
ago,Angola,1990,0.43
ago,Angola,1991,0.414
ago,Angola,1992,0.408
ago,Angola,1993,0.44
ago,Angola,1994,0.287
ago,Angola,1995,0.786
ago,Angola,1996,0.725
ago,Angola,1997,0.494
ago,Angola,1998,0.474
ago,Angola,1999,0.576
ago,Angola,2000,0.581
ago,Angola,2001,0.571
ago,Angola,2002,0.72
ago,Angola,2003,0.496
ago,Angola,2004,0.998
ago,Angola,2005,0.979
ago,Angola,2006,1.098
ago,Angola,2007,1.196
ago,Angola,2008,1.176
ago,Angola,2009,1.225
ago,Angola,2010,1.237
ago,Angola,2011,1.253
ago,Angola,2012,1.347
ago,Angola,2013,1.278
ago,Angola,2014,1.644
ago,Angola,2015,1.22
ago,Angola,2016,1.184
ago,Angola,2017,1.145
ago,Angola,2018,1.122
ago,Angola,2019,1.145
ago,Angola,2020,1.123
ago,Angola,2021,1.201
ago,Angola,2022,1.225
alb,Albania,1900,0.005
alb,Albania,1901,0.005
alb,Albania,1902,0.005
alb,Albania,1903,0.005
alb,Albania,1904,0.005
alb,Albania,1905,0.005
alb,Albania,1906,0.005
alb,Albania,1907,0.006
alb,Albania,1908,0.006
alb,Albania,1909,0.006
alb,Albania,1910,0.006
alb,Albania,1911,0.006
alb,Albania,1912,0.006
alb,Albania,1913,0.007
alb,Albania,1914,0.007
alb,Albania,1915,0.006
alb,Albania,1916,0.006
alb,Albania,1917,0.006
alb,Albania,1918,0.006
alb,Albania,1919,0.006
alb,Albania,1920,0.004
alb,Albania,1921,0.005
alb,Albania,1922,0.005
alb,Albania,1923,0.005
alb,Albania,1924,0.005
alb,Albania,1925,0.005
alb,Albania,1926,0.005
alb,Albania,1927,0.006
alb,Albania,1928,0.006
alb,Albania,1929,0.006
alb,Albania,1930,0.007
alb,Albania,1931,0.007
alb,Albania,1932,0.007
alb,Albania,1933,0.007
alb,Albania,1934,0.007
alb,Albania,1935,0.017
alb,Albania,1936,0.121
alb,Albania,1937,0.276
alb,Albania,1938,0.321
alb,Albania,1939,0.394
alb,Albania,1940,0.624
alb,Albania,1941,0.558
alb,Albania,1942,0.655
alb,Albania,1943,0.402
alb,Albania,1944,0.132
alb,Albania,1945,0.103
alb,Albania,1946,0.406
alb,Albania,1947,0.769
alb,Albania,1948,0.577
alb,Albania,1949,0.819
alb,Albania,1950,0.235
alb,Albania,1951,0.313
alb,Albania,1952,0.284
alb,Albania,1953,0.307
alb,Albania,1954,0.363
alb,Albania,1955,0.467
alb,Albania,1956,0.576
alb,Albania,1957,1.005
alb,Albania,1958,0.779
alb,Albania,1959,0.91
alb,Albania,1960,1.237
alb,Albania,1961,1.353
alb,Albania,1962,1.418
alb,Albania,1963,1.162
alb,Albania,1964,1.092
alb,Albania,1965,1.142
alb,Albania,1966,1.3
alb,Albania,1967,1.321
alb,Albania,1968,1.46
alb,Albania,1969,1.478
alb,Albania,1970,1.62
alb,Albania,1971,1.771
alb,Albania,1972,2.132
alb,Albania,1973,1.83
alb,Albania,1974,1.355
alb,Albania,1975,1.276
alb,Albania,1976,1.212
alb,Albania,1977,1.233
alb,Albania,1978,1.242
alb,Albania,1979,1.316
alb,Albania,1980,0.842
alb,Albania,1981,1.172
alb,Albania,1982,1.631
alb,Albania,1983,1.592
alb,Albania,1984,1.631
alb,Albania,1985,1.638
alb,Albania,1986,1.613
alb,Albania,1987,1.609
alb,Albania,1988,1.448
alb,Albania,1989,1.392
alb,Albania,1990,1.677
alb,Albania,1991,1.389
alb,Albania,1992,0.877
alb,Albania,1993,0.805
alb,Albania,1994,0.716
alb,Albania,1995,0.77
alb,Albania,1996,0.919
alb,Albania,1997,0.68
alb,Albania,1998,0.78
alb,Albania,1999,1.172
alb,Albania,2000,1.279
alb,Albania,2001,1.418
alb,Albania,2002,1.624
alb,Albania,2003,1.896
alb,Albania,2004,1.795
alb,Albania,2005,1.912
alb,Albania,2006,1.903
alb,Albania,2007,2.0
alb,Albania,2008,2.207
alb,Albania,2009,2.349
alb,Albania,2010,2.262
alb,Albania,2011,2.449
alb,Albania,2012,2.367
alb,Albania,2013,2.266
alb,Albania,2014,2.246
alb,Albania,2015,2.041
alb,Albania,2016,2.013
alb,Albania,2017,2.127
alb,Albania,2018,2.078
alb,Albania,2019,2.051
alb,Albania,2020,2.004
alb,Albania,2021,2.124
alb,Albania,2022,2.103
and,Andorra,1900,1.804
and,Andorra,1901,1.87
and,Andorra,1902,1.843
and,Andorra,1903,1.861
and,Andorra,1904,1.923
and,Andorra,1905,1.945
and,Andorra,1906,1.977
and,Andorra,1907,2.107
and,Andorra,1908,2.206
and,Andorra,1909,2.203
and,Andorra,1910,2.224
and,Andorra,1911,2.253
and,Andorra,1912,2.307
and,Andorra,1913,2.339
and,Andorra,1914,2.498
and,Andorra,1915,2.287
and,Andorra,1916,2.219
and,Andorra,1917,2.321
and,Andorra,1918,2.302
and,Andorra,1919,2.207
and,Andorra,1920,2.063
and,Andorra,1921,2.209
and,Andorra,1922,1.984
and,Andorra,1923,2.299
and,Andorra,1924,2.226
and,Andorra,1925,2.526
and,Andorra,1926,2.499
and,Andorra,1927,2.138
and,Andorra,1928,2.604
and,Andorra,1929,2.616
and,Andorra,1930,2.787
and,Andorra,1931,2.642
and,Andorra,1932,2.421
and,Andorra,1933,2.256
and,Andorra,1934,2.295
and,Andorra,1935,2.435
and,Andorra,1936,2.431
and,Andorra,1937,2.53
and,Andorra,1938,2.704
and,Andorra,1939,2.69
and,Andorra,1940,2.751
and,Andorra,1941,2.704
and,Andorra,1942,2.633
and,Andorra,1943,2.662
and,Andorra,1944,2.621
and,Andorra,1945,2.336
and,Andorra,1946,1.88
and,Andorra,1947,2.159
and,Andorra,1948,2.395
and,Andorra,1949,2.566
and,Andorra,1950,2.699
and,Andorra,1951,2.758
and,Andorra,1952,3.048
and,Andorra,1953,3.139
and,Andorra,1954,3.087
and,Andorra,1955,3.22
and,Andorra,1956,3.386
and,Andorra,1957,3.549
and,Andorra,1958,3.668
and,Andorra,1959,3.66
and,Andorra,1960,3.658
and,Andorra,1961,3.715
and,Andorra,1962,3.828
and,Andorra,1963,4.092
and,Andorra,1964,4.321
and,Andorra,1965,4.527
and,Andorra,1966,4.673
and,Andorra,1967,4.767
and,Andorra,1968,4.921
and,Andorra,1969,5.196
and,Andorra,1970,5.494
and,Andorra,1971,5.84
and,Andorra,1972,6.032
and,Andorra,1973,6.274
and,Andorra,1974,6.642
and,Andorra,1975,6.478
and,Andorra,1976,6.346
and,Andorra,1977,6.698
and,Andorra,1978,6.673
and,Andorra,1979,6.88
and,Andorra,1980,7.101
and,Andorra,1981,7.057
and,Andorra,1982,6.855
and,Andorra,1983,6.703
and,Andorra,1984,6.732
and,Andorra,1985,6.782
and,Andorra,1986,7.138
and,Andorra,1987,7.332
and,Andorra,1988,7.347
and,Andorra,1989,7.439
and,Andorra,1990,7.467
and,Andorra,1991,7.183
and,Andorra,1992,6.913
and,Andorra,1993,6.736
and,Andorra,1994,6.494
and,Andorra,1995,6.661
and,Andorra,1996,7.065
and,Andorra,1997,7.241
and,Andorra,1998,7.661
and,Andorra,1999,7.976
and,Andorra,2000,8.019
and,Andorra,2001,7.787
and,Andorra,2002,7.591
and,Andorra,2003,7.316
and,Andorra,2004,7.358
and,Andorra,2005,7.3
and,Andorra,2006,6.746
and,Andorra,2007,6.52
and,Andorra,2008,6.428
and,Andorra,2009,6.122
and,Andorra,2010,6.122
and,Andorra,2011,5.867
and,Andorra,2012,5.917
and,Andorra,2013,5.902
and,Andorra,2014,5.833
and,Andorra,2015,5.971
and,Andorra,2016,6.073
and,Andorra,2017,6.268
and,Andorra,2018,6.12
and,Andorra,2019,6.058
and,Andorra,2020,5.631
and,Andorra,2021,5.969
and,Andorra,2022,5.909
are,UAE,1900,0.103
are,UAE,1901,0.103
are,UAE,1902,0.105
are,UAE,1903,0.105
are,UAE,1904,0.106
are,UAE,1905,0.107
are,UAE,1906,0.108
are,UAE,1907,0.109
are,UAE,1908,0.11
are,UAE,1909,0.111
are,UAE,1910,0.111
are,UAE,1911,0.111
are,UAE,1912,0.112
are,UAE,1913,0.113
are,UAE,1914,0.114
are,UAE,1915,0.115
are,UAE,1916,0.118
are,UAE,1917,0.116
are,UAE,1918,0.119
are,UAE,1919,0.117
are,UAE,1920,0.119
are,UAE,1921,0.127
are,UAE,1922,0.124
are,UAE,1923,0.125
are,UAE,1924,0.139
are,UAE,1925,0.136
are,UAE,1926,0.141
are,UAE,1927,0.137
are,UAE,1928,0.153
are,UAE,1929,0.145
are,UAE,1930,0.147
are,UAE,1931,0.152
are,UAE,1932,0.16
are,UAE,1933,0.157
are,UAE,1934,0.151
are,UAE,1935,0.173
are,UAE,1936,0.195
are,UAE,1937,0.198
are,UAE,1938,0.211
are,UAE,1939,0.207
are,UAE,1940,0.249
are,UAE,1941,0.242
are,UAE,1942,0.233
are,UAE,1943,0.231
are,UAE,1944,0.257
are,UAE,1945,0.289
are,UAE,1946,0.314
are,UAE,1947,0.344
are,UAE,1948,0.36
are,UAE,1949,0.337
are,UAE,1950,0.354
are,UAE,1951,0.303
are,UAE,1952,0.34
are,UAE,1953,0.347
are,UAE,1954,0.369
are,UAE,1955,0.375
are,UAE,1956,0.405
are,UAE,1957,0.455
are,UAE,1958,0.48
are,UAE,1959,0.502
are,UAE,1960,0.517
are,UAE,1961,0.559
are,UAE,1962,0.578
are,UAE,1963,0.636
are,UAE,1964,0.7
are,UAE,1965,0.77
are,UAE,1966,0.846
are,UAE,1967,0.846
are,UAE,1968,4.736
are,UAE,1969,5.653
are,UAE,1970,5.099
are,UAE,1971,6.09
are,UAE,1972,7.841
are,UAE,1973,7.028
are,UAE,1974,7.643
are,UAE,1975,7.09
are,UAE,1976,6.47
are,UAE,1977,7.036
are,UAE,1978,10.034
are,UAE,1979,10.232
are,UAE,1980,10.777
are,UAE,1981,15.769
are,UAE,1982,17.069
are,UAE,1983,17.35
are,UAE,1984,15.794
are,UAE,1985,18.672
are,UAE,1986,21.938
are,UAE,1987,25.117
are,UAE,1988,26.471
are,UAE,1989,27.578
are,UAE,1990,29.3
are,UAE,1991,30.403
are,UAE,1992,29.987
are,UAE,1993,31.088
are,UAE,1994,33.182
are,UAE,1995,31.606
are,UAE,1996,30.736
are,UAE,1997,29.23
are,UAE,1998,31.707
are,UAE,1999,25.638
are,UAE,2000,28.286
are,UAE,2001,27.86
are,UAE,2002,26.174
are,UAE,2003,32.308
are,UAE,2004,32.779
are,UAE,2005,33.39
are,UAE,2006,34.706
are,UAE,2007,31.996
are,UAE,2008,31.182
are,UAE,2009,24.991
are,UAE,2010,23.856
are,UAE,2011,25.352
are,UAE,2012,26.154
are,UAE,2013,26.97
are,UAE,2014,26.789
are,UAE,2015,26.975
are,UAE,2016,26.676
are,UAE,2017,23.851
are,UAE,2018,23.464
are,UAE,2019,21.242
are,UAE,2020,19.74
are,UAE,2021,20.707
are,UAE,2022,21.122
arg,Argentina,1900,0.442
arg,Argentina,1901,0.513
arg,Argentina,1902,0.559
arg,Argentina,1903,0.547
arg,Argentina,1904,0.699
arg,Argentina,1905,0.707
arg,Argentina,1906,1.069
arg,Argentina,1907,1.029
arg,Argentina,1908,1.207
arg,Argentina,1909,0.908
arg,Argentina,1910,1.32
arg,Argentina,1911,1.429
arg,Argentina,1912,1.325
arg,Argentina,1913,1.382
arg,Argentina,1914,1.151
arg,Argentina,1915,0.897
arg,Argentina,1916,0.628
arg,Argentina,1917,0.274
arg,Argentina,1918,0.302
arg,Argentina,1919,0.434
arg,Argentina,1920,0.668
arg,Argentina,1921,0.611
arg,Argentina,1922,0.782
arg,Argentina,1923,0.878
arg,Argentina,1924,1.106
arg,Argentina,1925,1.102
arg,Argentina,1926,1.072
arg,Argentina,1927,1.236
arg,Argentina,1928,1.143
arg,Argentina,1929,1.147
arg,Argentina,1930,1.088
arg,Argentina,1931,1.071
arg,Argentina,1932,1.071
arg,Argentina,1933,1.063
arg,Argentina,1934,1.124
arg,Argentina,1935,1.086
arg,Argentina,1936,1.151
arg,Argentina,1937,1.252
arg,Argentina,1938,1.204
arg,Argentina,1939,1.257
arg,Argentina,1940,1.127
arg,Argentina,1941,0.972
arg,Argentina,1942,0.922
arg,Argentina,1943,0.945
arg,Argentina,1944,0.919
arg,Argentina,1945,0.883
arg,Argentina,1946,0.869
arg,Argentina,1947,0.903
arg,Argentina,1948,1.061
arg,Argentina,1949,0.92
arg,Argentina,1950,1.758
arg,Argentina,1951,2.012
arg,Argentina,1952,2.036
arg,Argentina,1953,1.944
arg,Argentina,1954,1.995
arg,Argentina,1955,2.108
arg,Argentina,1956,2.318
arg,Argentina,1957,2.447
arg,Argentina,1958,2.233
arg,Argentina,1959,2.432
arg,Argentina,1960,2.383
arg,Argentina,1961,2.458
arg,Argentina,1962,2.538
arg,Argentina,1963,2.33
arg,Argentina,1964,2.553
arg,Argentina,1965,2.656
arg,Argentina,1966,2.807
arg,Argentina,1967,2.872
arg,Argentina,1968,2.983
arg,Argentina,1969,3.292
arg,Argentina,1970,3.471
arg,Argentina,1971,3.676
arg,Argentina,1972,3.672
arg,Argentina,1973,3.776
arg,Argentina,1974,3.782
arg,Argentina,1975,3.705
arg,Argentina,1976,3.842
arg,Argentina,1977,3.829
arg,Argentina,1978,3.847
arg,Argentina,1979,4.091
arg,Argentina,1980,3.958
arg,Argentina,1981,3.656
arg,Argentina,1982,3.376
arg,Argentina,1983,3.368
arg,Argentina,1984,3.371
arg,Argentina,1985,3.359
arg,Argentina,1986,3.121
arg,Argentina,1987,3.182
arg,Argentina,1988,3.454
arg,Argentina,1989,3.594
arg,Argentina,1990,3.414
arg,Argentina,1991,3.62
arg,Argentina,1992,3.785
arg,Argentina,1993,3.599
arg,Argentina,1994,3.661
arg,Argentina,1995,3.692
arg,Argentina,1996,3.838
arg,Argentina,1997,3.985
arg,Argentina,1998,4.028
arg,Argentina,1999,4.043
arg,Argentina,2000,3.785
arg,Argentina,2001,3.442
arg,Argentina,2002,2.157
arg,Argentina,2003,2.929
arg,Argentina,2004,3.428
arg,Argentina,2005,3.577
arg,Argentina,2006,3.805
arg,Argentina,2007,3.903
arg,Argentina,2008,4.28
arg,Argentina,2009,3.869
arg,Argentina,2010,4.173
arg,Argentina,2011,4.556
arg,Argentina,2012,4.5
arg,Argentina,2013,4.66
arg,Argentina,2014,4.305
arg,Argentina,2015,4.6
arg,Argentina,2016,4.267
arg,Argentina,2017,4.313
arg,Argentina,2018,3.946
arg,Argentina,2019,3.718
arg,Argentina,2020,3.516
arg,Argentina,2021,3.771
arg,Argentina,2022,3.847
arm,Armenia,1900,0.155
arm,Armenia,1901,0.157
arm,Armenia,1902,0.151
arm,Armenia,1903,0.146
arm,Armenia,1904,0.161
arm,Armenia,1905,0.142
arm,Armenia,1906,0.161
arm,Armenia,1907,0.179
arm,Armenia,1908,0.178
arm,Armenia,1909,0.187
arm,Armenia,1910,0.181
arm,Armenia,1911,0.186
arm,Armenia,1912,0.209
arm,Armenia,1913,0.225
arm,Armenia,1914,0.202
arm,Armenia,1915,0.183
arm,Armenia,1916,0.194
arm,Armenia,1917,0.177
arm,Armenia,1918,0.07
arm,Armenia,1919,0.059
arm,Armenia,1920,0.053
arm,Armenia,1921,0.057
arm,Armenia,1922,0.069
arm,Armenia,1923,0.076
arm,Armenia,1924,0.09
arm,Armenia,1925,0.088
arm,Armenia,1926,0.126
arm,Armenia,1927,0.155
arm,Armenia,1928,0.171
arm,Armenia,1929,0.182
arm,Armenia,1930,0.245
arm,Armenia,1931,0.292
arm,Armenia,1932,0.326
arm,Armenia,1933,0.361
arm,Armenia,1934,0.433
arm,Armenia,1935,0.485
arm,Armenia,1936,0.552
arm,Armenia,1937,0.559
arm,Armenia,1938,0.584
arm,Armenia,1939,0.586
arm,Armenia,1940,0.696
arm,Armenia,1941,0.606
arm,Armenia,1942,0.413
arm,Armenia,1943,0.523
arm,Armenia,1944,0.485
arm,Armenia,1945,0.509
arm,Armenia,1946,0.567
arm,Armenia,1947,0.677
arm,Armenia,1948,0.713
arm,Armenia,1949,0.8
arm,Armenia,1950,0.875
arm,Armenia,1951,0.929
arm,Armenia,1952,0.969
arm,Armenia,1953,0.995
arm,Armenia,1954,1.052
arm,Armenia,1955,1.152
arm,Armenia,1956,1.219
arm,Armenia,1957,1.286
arm,Armenia,1958,1.323
arm,Armenia,1959,3.829
arm,Armenia,1960,3.846
arm,Armenia,1961,3.83
arm,Armenia,1962,3.886
arm,Armenia,1963,4.031
arm,Armenia,1964,4.149
arm,Armenia,1965,4.259
arm,Armenia,1966,4.35
arm,Armenia,1967,4.39
arm,Armenia,1968,4.337
arm,Armenia,1969,4.309
arm,Armenia,1970,4.276
arm,Armenia,1971,4.227
arm,Armenia,1972,4.077
arm,Armenia,1973,3.822
arm,Armenia,1974,3.498
arm,Armenia,1975,3.176
arm,Armenia,1976,2.801
arm,Armenia,1977,2.437
arm,Armenia,1978,2.133
arm,Armenia,1979,1.871
arm,Armenia,1980,1.784
arm,Armenia,1981,1.725
arm,Armenia,1982,1.667
arm,Armenia,1983,1.674
arm,Armenia,1984,1.675
arm,Armenia,1985,1.666
arm,Armenia,1986,1.769
arm,Armenia,1987,1.745
arm,Armenia,1988,1.707
arm,Armenia,1989,1.727
arm,Armenia,1990,1.674
arm,Armenia,1991,1.243
arm,Armenia,1992,1.025
arm,Armenia,1993,0.53
arm,Armenia,1994,0.528
arm,Armenia,1995,0.816
arm,Armenia,1996,0.86
arm,Armenia,1997,1.238
arm,Armenia,1998,1.229
arm,Armenia,1999,1.601
arm,Armenia,2000,1.334
arm,Armenia,2001,1.412
arm,Armenia,2002,1.412
arm,Armenia,2003,1.277
arm,Armenia,2004,1.381
arm,Armenia,2005,1.904
arm,Armenia,2006,1.674
arm,Armenia,2007,3.402
arm,Armenia,2008,2.189
arm,Armenia,2009,1.991
arm,Armenia,2010,1.785
arm,Armenia,2011,1.79
arm,Armenia,2012,2.227
arm,Armenia,2013,2.074
arm,Armenia,2014,2.004
arm,Armenia,2015,2.033
arm,Armenia,2016,1.916
arm,Armenia,2017,2.02
arm,Armenia,2018,2.49
arm,Armenia,2019,2.447
arm,Armenia,2020,2.573
arm,Armenia,2021,2.727
arm,Armenia,2022,2.7
atg,Antigua and Barbuda,1900,0.077
atg,Antigua and Barbuda,1901,0.078
atg,Antigua and Barbuda,1902,0.082
atg,Antigua and Barbuda,1903,0.085
atg,Antigua and Barbuda,1904,0.09
atg,Antigua and Barbuda,1905,0.095
atg,Antigua and Barbuda,1906,0.1
atg,Antigua and Barbuda,1907,0.106
atg,Antigua and Barbuda,1908,0.112
atg,Antigua and Barbuda,1909,0.116
atg,Antigua and Barbuda,1910,0.12
atg,Antigua and Barbuda,1911,0.125
atg,Antigua and Barbuda,1912,0.137
atg,Antigua and Barbuda,1913,0.141
atg,Antigua and Barbuda,1914,0.141
atg,Antigua and Barbuda,1915,0.137
atg,Antigua and Barbuda,1916,0.134
atg,Antigua and Barbuda,1917,0.134
atg,Antigua and Barbuda,1918,0.133
atg,Antigua and Barbuda,1919,0.136
atg,Antigua and Barbuda,1920,0.137
atg,Antigua and Barbuda,1921,0.143
atg,Antigua and Barbuda,1922,0.141
atg,Antigua and Barbuda,1923,0.141
atg,Antigua and Barbuda,1924,0.146
atg,Antigua and Barbuda,1925,0.152
atg,Antigua and Barbuda,1926,0.162
atg,Antigua and Barbuda,1927,0.169
atg,Antigua and Barbuda,1928,0.176
atg,Antigua and Barbuda,1929,0.183
atg,Antigua and Barbuda,1930,0.188
atg,Antigua and Barbuda,1931,0.187
atg,Antigua and Barbuda,1932,0.184
atg,Antigua and Barbuda,1933,0.183
atg,Antigua and Barbuda,1934,0.189
atg,Antigua and Barbuda,1935,0.194
atg,Antigua and Barbuda,1936,0.202
atg,Antigua and Barbuda,1937,0.21
atg,Antigua and Barbuda,1938,0.22
atg,Antigua and Barbuda,1939,0.226
atg,Antigua and Barbuda,1940,0.228
atg,Antigua and Barbuda,1941,0.232
atg,Antigua and Barbuda,1942,0.231
atg,Antigua and Barbuda,1943,0.229
atg,Antigua and Barbuda,1944,0.232
atg,Antigua and Barbuda,1945,0.238
atg,Antigua and Barbuda,1946,0.247
atg,Antigua and Barbuda,1947,0.266
atg,Antigua and Barbuda,1948,0.279
atg,Antigua and Barbuda,1949,0.293
atg,Antigua and Barbuda,1950,0.302
atg,Antigua and Barbuda,1951,0.331
atg,Antigua and Barbuda,1952,0.346
atg,Antigua and Barbuda,1953,0.356
atg,Antigua and Barbuda,1954,0.36
atg,Antigua and Barbuda,1955,0.37
atg,Antigua and Barbuda,1956,0.39
atg,Antigua and Barbuda,1957,0.428
atg,Antigua and Barbuda,1958,0.561
atg,Antigua and Barbuda,1959,0.551
atg,Antigua and Barbuda,1960,0.677
atg,Antigua and Barbuda,1961,0.867
atg,Antigua and Barbuda,1962,1.838
atg,Antigua and Barbuda,1963,1.487
atg,Antigua and Barbuda,1964,1.59
atg,Antigua and Barbuda,1965,2.561
atg,Antigua and Barbuda,1966,5.815
atg,Antigua and Barbuda,1967,9.221
atg,Antigua and Barbuda,1968,15.836
atg,Antigua and Barbuda,1969,19.791
atg,Antigua and Barbuda,1970,7.199
atg,Antigua and Barbuda,1971,6.61
atg,Antigua and Barbuda,1972,5.832
atg,Antigua and Barbuda,1973,5.185
atg,Antigua and Barbuda,1974,6.798
atg,Antigua and Barbuda,1975,11.293
atg,Antigua and Barbuda,1976,6.469
atg,Antigua and Barbuda,1977,7.492
atg,Antigua and Barbuda,1978,7.921
atg,Antigua and Barbuda,1979,6.571
atg,Antigua and Barbuda,1980,2.312
atg,Antigua and Barbuda,1981,1.721
atg,Antigua and Barbuda,1982,4.748
atg,Antigua and Barbuda,1983,1.365
atg,Antigua and Barbuda,1984,2.374
atg,Antigua and Barbuda,1985,4.036
atg,Antigua and Barbuda,1986,4.038
atg,Antigua and Barbuda,1987,4.457
atg,Antigua and Barbuda,1988,4.631
atg,Antigua and Barbuda,1989,4.613
atg,Antigua and Barbuda,1990,4.515
atg,Antigua and Barbuda,1991,4.225
atg,Antigua and Barbuda,1992,4.096
atg,Antigua and Barbuda,1993,4.125
atg,Antigua and Barbuda,1994,3.983
atg,Antigua and Barbuda,1995,4.005
atg,Antigua and Barbuda,1996,4.18
atg,Antigua and Barbuda,1997,4.296
atg,Antigua and Barbuda,1998,4.357
atg,Antigua and Barbuda,1999,4.42
atg,Antigua and Barbuda,2000,4.535
atg,Antigua and Barbuda,2001,4.512
atg,Antigua and Barbuda,2002,4.73
atg,Antigua and Barbuda,2003,5.086
atg,Antigua and Barbuda,2004,5.249
atg,Antigua and Barbuda,2005,5.267
atg,Antigua and Barbuda,2006,5.364
atg,Antigua and Barbuda,2007,5.586
atg,Antigua and Barbuda,2008,5.625
atg,Antigua and Barbuda,2009,5.876
atg,Antigua and Barbuda,2010,5.957
atg,Antigua and Barbuda,2011,5.752
atg,Antigua and Barbuda,2012,5.8
atg,Antigua and Barbuda,2013,5.73
atg,Antigua and Barbuda,2014,5.705
atg,Antigua and Barbuda,2015,5.839
atg,Antigua and Barbuda,2016,5.897
atg,Antigua and Barbuda,2017,5.892
atg,Antigua and Barbuda,2018,5.882
atg,Antigua and Barbuda,2019,5.86
atg,Antigua and Barbuda,2020,5.441
atg,Antigua and Barbuda,2021,5.822
atg,Antigua and Barbuda,2022,5.939
aus,Australia,1900,2.755
aus,Australia,1901,3.049
aus,Australia,1902,2.989
aus,Australia,1903,2.898
aus,Australia,1904,2.936
aus,Australia,1905,3.017
aus,Australia,1906,3.541
aus,Australia,1907,3.758
aus,Australia,1908,4.006
aus,Australia,1909,3.423
aus,Australia,1910,4.031
aus,Australia,1911,4.367
aus,Australia,1912,4.629
aus,Australia,1913,4.887
aus,Australia,1914,5.237
aus,Australia,1915,4.57
aus,Australia,1916,3.961
aus,Australia,1917,4.182
aus,Australia,1918,4.529
aus,Australia,1919,4.207
aus,Australia,1920,4.883
aus,Australia,1921,4.309
aus,Australia,1922,4.445
aus,Australia,1923,4.452
aus,Australia,1924,4.76
aus,Australia,1925,4.872
aus,Australia,1926,4.716
aus,Australia,1927,4.801
aus,Australia,1928,4.287
aus,Australia,1929,3.793
aus,Australia,1930,3.482
aus,Australia,1931,3.051
aus,Australia,1932,3.142
aus,Australia,1933,3.305
aus,Australia,1934,3.446
aus,Australia,1935,3.798
aus,Australia,1936,4.038
aus,Australia,1937,4.271
aus,Australia,1938,4.115
aus,Australia,1939,4.671
aus,Australia,1940,4.171
aus,Australia,1941,4.898
aus,Australia,1942,5.1
aus,Australia,1943,4.811
aus,Australia,1944,4.629
aus,Australia,1945,4.354
aus,Australia,1946,4.641
aus,Australia,1947,4.902
aus,Australia,1948,4.876
aus,Australia,1949,4.695
aus,Australia,1950,6.7
aus,Australia,1951,7.035
aus,Australia,1952,7.011
aus,Australia,1953,6.774
aus,Australia,1954,7.57
aus,Australia,1955,7.718
aus,Australia,1956,7.8
aus,Australia,1957,7.78
aus,Australia,1958,7.92
aus,Australia,1959,8.354
aus,Australia,1960,8.611
aus,Australia,1961,8.671
aus,Australia,1962,8.916
aus,Australia,1963,9.312
aus,Australia,1964,9.842
aus,Australia,1965,10.678
aus,Australia,1966,10.353
aus,Australia,1967,10.812
aus,Australia,1968,10.931
aus,Australia,1969,11.21
aus,Australia,1970,11.294
aus,Australia,1971,11.35
aus,Australia,1972,11.352
aus,Australia,1973,11.944
aus,Australia,1974,11.648
aus,Australia,1975,11.486
aus,Australia,1976,10.995
aus,Australia,1977,11.47
aus,Australia,1978,11.985
aus,Australia,1979,11.871
aus,Australia,1980,12.538
aus,Australia,1981,12.917
aus,Australia,1982,13.307
aus,Australia,1983,13.342
aus,Australia,1984,12.641
aus,Australia,1985,13.095
aus,Australia,1986,13.146
aus,Australia,1987,12.868
aus,Australia,1988,13.509
aus,Australia,1989,13.549
aus,Australia,1990,14.186
aus,Australia,1991,14.042
aus,Australia,1992,14.036
aus,Australia,1993,13.955
aus,Australia,1994,14.287
aus,Australia,1995,14.441
aus,Australia,1996,14.623
aus,Australia,1997,14.873
aus,Australia,1998,15.745
aus,Australia,1999,15.628
aus,Australia,2000,15.176
aus,Australia,2001,15.443
aus,Australia,2002,16.216
aus,Australia,2003,16.9
aus,Australia,2004,17.197
aus,Australia,2005,16.958
aus,Australia,2006,17.314
aus,Australia,2007,17.581
aus,Australia,2008,17.031
aus,Australia,2009,18.125
aus,Australia,2010,17.881
aus,Australia,2011,17.54
aus,Australia,2012,17.584
aus,Australia,2013,16.376
aus,Australia,2014,16.167
aus,Australia,2015,15.964
aus,Australia,2016,15.308
aus,Australia,2017,15.285
aus,Australia,2018,14.55
aus,Australia,2019,14.231
aus,Australia,2020,13.736
aus,Australia,2021,13.662
aus,Australia,2022,13.935
aut,Austria,1900,4.632
aut,Austria,1901,4.699
aut,Austria,1902,4.207
aut,Austria,1903,4.147
aut,Austria,1904,4.327
aut,Austria,1905,4.47
aut,Austria,1906,5.28
aut,Austria,1907,6.563
aut,Austria,1908,9.092
aut,Austria,1909,6.455
aut,Austria,1910,8.76
aut,Austria,1911,7.297
aut,Austria,1912,7.585
aut,Austria,1913,9.078
aut,Austria,1914,7.453
aut,Austria,1915,5.339
aut,Austria,1916,1.232
aut,Austria,1917,0.531
aut,Austria,1918,0.514
aut,Austria,1919,0.465
aut,Austria,1920,2.242
aut,Austria,1921,2.981
aut,Austria,1922,2.858
aut,Austria,1923,2.724
aut,Austria,1924,3.068
aut,Austria,1925,2.89
aut,Austria,1926,2.824
aut,Austria,1927,3.041
aut,Austria,1928,3.191
aut,Austria,1929,3.63
aut,Austria,1930,2.827
aut,Austria,1931,2.708
aut,Austria,1932,2.268
aut,Austria,1933,2.126
aut,Austria,1934,2.054
aut,Austria,1935,2.079
aut,Austria,1936,2.029
aut,Austria,1937,2.277
aut,Austria,1938,0.864
aut,Austria,1939,0.945
aut,Austria,1940,1.093
aut,Austria,1941,1.184
aut,Austria,1942,1.266
aut,Austria,1943,1.419
aut,Austria,1944,1.381
aut,Austria,1945,0.669
aut,Austria,1946,1.864
aut,Austria,1947,2.567
aut,Austria,1948,3.554
aut,Austria,1949,3.845
aut,Austria,1950,3.015
aut,Austria,1951,3.36
aut,Austria,1952,3.188
aut,Austria,1953,3.134
aut,Austria,1954,3.534
aut,Austria,1955,4.185
aut,Austria,1956,4.052
aut,Austria,1957,4.182
aut,Austria,1958,4.012
aut,Austria,1959,3.97
aut,Austria,1960,4.357
aut,Austria,1961,4.479
aut,Austria,1962,4.737
aut,Austria,1963,5.136
aut,Austria,1964,5.374
aut,Austria,1965,5.245
aut,Austria,1966,5.378
aut,Austria,1967,5.478
aut,Austria,1968,5.834
aut,Austria,1969,6.225
aut,Austria,1970,7.19
aut,Austria,1971,7.591
aut,Austria,1972,8.457
aut,Austria,1973,9.431
aut,Austria,1974,9.425
aut,Austria,1975,9.355
aut,Austria,1976,10.523
aut,Austria,1977,10.558
aut,Austria,1978,11.169
aut,Austria,1979,12.265
aut,Austria,1980,10.54
aut,Austria,1981,11.319
aut,Austria,1982,12.156
aut,Austria,1983,11.666
aut,Austria,1984,11.251
aut,Austria,1985,11.799
aut,Austria,1986,11.821
aut,Austria,1987,11.666
aut,Austria,1988,12.434
aut,Austria,1989,11.444
aut,Austria,1990,11.566
aut,Austria,1991,11.672
aut,Austria,1992,11.806
aut,Austria,1993,11.205
aut,Austria,1994,11.12
aut,Austria,1995,11.61
aut,Austria,1996,12.589
aut,Austria,1997,11.84
aut,Austria,1998,12.255
aut,Austria,1999,12.017
aut,Austria,2000,11.397
aut,Austria,2001,11.93
aut,Austria,2002,11.696
aut,Austria,2003,12.368
aut,Austria,2004,12.746
aut,Austria,2005,12.909
aut,Austria,2006,13.243
aut,Austria,2007,12.661
aut,Austria,2008,12.389
aut,Austria,2009,11.357
aut,Austria,2010,12.04
aut,Austria,2011,12.227
aut,Austria,2012,11.754
aut,Austria,2013,11.129
aut,Austria,2014,11.145
aut,Austria,2015,10.265
aut,Austria,2016,10.551
aut,Austria,2017,10.401
aut,Austria,2018,10.277
aut,Austria,2019,10.008
aut,Austria,2020,9.069
aut,Austria,2021,9.293
aut,Austria,2022,9.2
aze,Azerbaijan,1900,0.692
aze,Azerbaijan,1901,0.704
aze,Azerbaijan,1902,0.674
aze,Azerbaijan,1903,0.653
aze,Azerbaijan,1904,0.72
aze,Azerbaijan,1905,0.637
aze,Azerbaijan,1906,0.72
aze,Azerbaijan,1907,0.799
aze,Azerbaijan,1908,0.796
aze,Azerbaijan,1909,0.833
aze,Azerbaijan,1910,0.809
aze,Azerbaijan,1911,0.832
aze,Azerbaijan,1912,0.933
aze,Azerbaijan,1913,1.005
aze,Azerbaijan,1914,0.899
aze,Azerbaijan,1915,0.817
aze,Azerbaijan,1916,0.863
aze,Azerbaijan,1917,0.787
aze,Azerbaijan,1918,0.311
aze,Azerbaijan,1919,0.263
aze,Azerbaijan,1920,0.238
aze,Azerbaijan,1921,0.256
aze,Azerbaijan,1922,0.309
aze,Azerbaijan,1923,0.338
aze,Azerbaijan,1924,0.399
aze,Azerbaijan,1925,0.39
aze,Azerbaijan,1926,0.561
aze,Azerbaijan,1927,0.691
aze,Azerbaijan,1928,0.76
aze,Azerbaijan,1929,0.811
aze,Azerbaijan,1930,1.093
aze,Azerbaijan,1931,1.301
aze,Azerbaijan,1932,1.452
aze,Azerbaijan,1933,1.608
aze,Azerbaijan,1934,1.928
aze,Azerbaijan,1935,2.162
aze,Azerbaijan,1936,2.457
aze,Azerbaijan,1937,2.489
aze,Azerbaijan,1938,2.604
aze,Azerbaijan,1939,2.612
aze,Azerbaijan,1940,3.102
aze,Azerbaijan,1941,2.701
aze,Azerbaijan,1942,1.842
aze,Azerbaijan,1943,2.33
aze,Azerbaijan,1944,2.162
aze,Azerbaijan,1945,2.268
aze,Azerbaijan,1946,2.526
aze,Azerbaijan,1947,3.014
aze,Azerbaijan,1948,3.178
aze,Azerbaijan,1949,3.565
aze,Azerbaijan,1950,3.905
aze,Azerbaijan,1951,4.148
aze,Azerbaijan,1952,4.336
aze,Azerbaijan,1953,4.467
aze,Azerbaijan,1954,4.742
aze,Azerbaijan,1955,5.222
aze,Azerbaijan,1956,5.556
aze,Azerbaijan,1957,5.897
aze,Azerbaijan,1958,6.101
aze,Azerbaijan,1959,5.246
aze,Azerbaijan,1960,5.285
aze,Azerbaijan,1961,5.273
aze,Azerbaijan,1962,5.351
aze,Azerbaijan,1963,5.551
aze,Azerbaijan,1964,5.715
aze,Azerbaijan,1965,5.874
aze,Azerbaijan,1966,6.013
aze,Azerbaijan,1967,6.094
aze,Azerbaijan,1968,6.059
aze,Azerbaijan,1969,6.075
aze,Azerbaijan,1970,6.107
aze,Azerbaijan,1971,6.147
aze,Azerbaijan,1972,6.072
aze,Azerbaijan,1973,5.873
aze,Azerbaijan,1974,5.593
aze,Azerbaijan,1975,5.338
aze,Azerbaijan,1976,4.999
aze,Azerbaijan,1977,4.659
aze,Azerbaijan,1978,4.382
aze,Azerbaijan,1979,4.092
aze,Azerbaijan,1980,4.05
aze,Azerbaijan,1981,3.912
aze,Azerbaijan,1982,3.78
aze,Azerbaijan,1983,3.791
aze,Azerbaijan,1984,3.784
aze,Azerbaijan,1985,3.757
aze,Azerbaijan,1986,3.985
aze,Azerbaijan,1987,3.929
aze,Azerbaijan,1988,3.848
aze,Azerbaijan,1989,3.886
aze,Azerbaijan,1990,3.737
aze,Azerbaijan,1991,2.798
aze,Azerbaijan,1992,1.68
aze,Azerbaijan,1993,3.06
aze,Azerbaijan,1994,2.383
aze,Azerbaijan,1995,2.915
aze,Azerbaijan,1996,3.533
aze,Azerbaijan,1997,3.177
aze,Azerbaijan,1998,3.718
aze,Azerbaijan,1999,3.274
aze,Azerbaijan,2000,2.87
aze,Azerbaijan,2001,3.06
aze,Azerbaijan,2002,3.68
aze,Azerbaijan,2003,4.019
aze,Azerbaijan,2004,4.708
aze,Azerbaijan,2005,4.069
aze,Azerbaijan,2006,4.541
aze,Azerbaijan,2007,3.453
aze,Azerbaijan,2008,3.914
aze,Azerbaijan,2009,3.522
aze,Azerbaijan,2010,3.318
aze,Azerbaijan,2011,3.441
aze,Azerbaijan,2012,3.752
aze,Azerbaijan,2013,3.778
aze,Azerbaijan,2014,3.82
aze,Azerbaijan,2015,3.756
aze,Azerbaijan,2016,3.561
aze,Azerbaijan,2017,3.394
aze,Azerbaijan,2018,3.473
aze,Azerbaijan,2019,3.697
aze,Azerbaijan,2020,3.785
aze,Azerbaijan,2021,3.881
aze,Azerbaijan,2022,3.842
bdi,Burundi,1900,0.004
bdi,Burundi,1901,0.004
bdi,Burundi,1902,0.004
bdi,Burundi,1903,0.004
bdi,Burundi,1904,0.004
bdi,Burundi,1905,0.004
bdi,Burundi,1906,0.004
bdi,Burundi,1907,0.004
bdi,Burundi,1908,0.004
bdi,Burundi,1909,0.004
bdi,Burundi,1910,0.004
bdi,Burundi,1911,0.005
bdi,Burundi,1912,0.005
bdi,Burundi,1913,0.005
bdi,Burundi,1914,0.005
bdi,Burundi,1915,0.005
bdi,Burundi,1916,0.005
bdi,Burundi,1917,0.005
bdi,Burundi,1918,0.005
bdi,Burundi,1919,0.005
bdi,Burundi,1920,0.005
bdi,Burundi,1921,0.005
bdi,Burundi,1922,0.006
bdi,Burundi,1923,0.006
bdi,Burundi,1924,0.006
bdi,Burundi,1925,0.006
bdi,Burundi,1926,0.006
bdi,Burundi,1927,0.006
bdi,Burundi,1928,0.006
bdi,Burundi,1929,0.006
bdi,Burundi,1930,0.007
bdi,Burundi,1931,0.007
bdi,Burundi,1932,0.006
bdi,Burundi,1933,0.006
bdi,Burundi,1934,0.007
bdi,Burundi,1935,0.007
bdi,Burundi,1936,0.007
bdi,Burundi,1937,0.007
bdi,Burundi,1938,0.008
bdi,Burundi,1939,0.008
bdi,Burundi,1940,0.008
bdi,Burundi,1941,0.008
bdi,Burundi,1942,0.009
bdi,Burundi,1943,0.009
bdi,Burundi,1944,0.009
bdi,Burundi,1945,0.009
bdi,Burundi,1946,0.01
bdi,Burundi,1947,0.01
bdi,Burundi,1948,0.01
bdi,Burundi,1949,0.01
bdi,Burundi,1950,0.01
bdi,Burundi,1951,0.011
bdi,Burundi,1952,0.011
bdi,Burundi,1953,0.011
bdi,Burundi,1954,0.011
bdi,Burundi,1955,0.012
bdi,Burundi,1956,0.012
bdi,Burundi,1957,0.013
bdi,Burundi,1958,0.014
bdi,Burundi,1959,0.014
bdi,Burundi,1960,0.013
bdi,Burundi,1961,0.017
bdi,Burundi,1962,0.015
bdi,Burundi,1963,0.016
bdi,Burundi,1964,0.016
bdi,Burundi,1965,0.012
bdi,Burundi,1966,0.015
bdi,Burundi,1967,0.015
bdi,Burundi,1968,0.016
bdi,Burundi,1969,0.021
bdi,Burundi,1970,0.018
bdi,Burundi,1971,0.021
bdi,Burundi,1972,0.021
bdi,Burundi,1973,0.02
bdi,Burundi,1974,0.025
bdi,Burundi,1975,0.021
bdi,Burundi,1976,0.023
bdi,Burundi,1977,0.026
bdi,Burundi,1978,0.026
bdi,Burundi,1979,0.027
bdi,Burundi,1980,0.035
bdi,Burundi,1981,0.037
bdi,Burundi,1982,0.036
bdi,Burundi,1983,0.046
bdi,Burundi,1984,0.048
bdi,Burundi,1985,0.049
bdi,Burundi,1986,0.048
bdi,Burundi,1987,0.05
bdi,Burundi,1988,0.044
bdi,Burundi,1989,0.05
bdi,Burundi,1990,0.038
bdi,Burundi,1991,0.043
bdi,Burundi,1992,0.038
bdi,Burundi,1993,0.039
bdi,Burundi,1994,0.04
bdi,Burundi,1995,0.04
bdi,Burundi,1996,0.04
bdi,Burundi,1997,0.041
bdi,Burundi,1998,0.04
bdi,Burundi,1999,0.04
bdi,Burundi,2000,0.043
bdi,Burundi,2001,0.031
bdi,Burundi,2002,0.032
bdi,Burundi,2003,0.023
bdi,Burundi,2004,0.028
bdi,Burundi,2005,0.021
bdi,Burundi,2006,0.025
bdi,Burundi,2007,0.024
bdi,Burundi,2008,0.023
bdi,Burundi,2009,0.023
bdi,Burundi,2010,0.036
bdi,Burundi,2011,0.047
bdi,Burundi,2012,0.041
bdi,Burundi,2013,0.042
bdi,Burundi,2014,0.038
bdi,Burundi,2015,0.039
bdi,Burundi,2016,0.046
bdi,Burundi,2017,0.047
bdi,Burundi,2018,0.047
bdi,Burundi,2019,0.048
bdi,Burundi,2020,0.047
bdi,Burundi,2021,0.05
bdi,Burundi,2022,0.051
bel,Belgium,1900,7.399
bel,Belgium,1901,6.886
bel,Belgium,1902,7.126
bel,Belgium,1903,7.593
bel,Belgium,1904,7.185
bel,Belgium,1905,7.095
bel,Belgium,1906,8.027
bel,Belgium,1907,8.054
bel,Belgium,1908,7.901
bel,Belgium,1909,7.82
bel,Belgium,1910,8.241
bel,Belgium,1911,8.255
bel,Belgium,1912,8.645
bel,Belgium,1913,9.071
bel,Belgium,1914,5.408
bel,Belgium,1915,4.584
bel,Belgium,1916,6.094
bel,Belgium,1917,4.821
bel,Belgium,1918,4.482
bel,Belgium,1919,5.952
bel,Belgium,1920,7.293
bel,Belgium,1921,6.653
bel,Belgium,1922,7.32
bel,Belgium,1923,9.349
bel,Belgium,1924,9.851
bel,Belgium,1925,10.015
bel,Belgium,1926,9.902
bel,Belgium,1927,11.456
bel,Belgium,1928,11.1
bel,Belgium,1929,12.122
bel,Belgium,1930,11.65
bel,Belgium,1931,10.413
bel,Belgium,1932,8.349
bel,Belgium,1933,8.929
bel,Belgium,1934,9.181
bel,Belgium,1935,8.747
bel,Belgium,1936,9.127
bel,Belgium,1937,10.952
bel,Belgium,1938,9.565
bel,Belgium,1939,8.881
bel,Belgium,1940,7.457
bel,Belgium,1941,7.8
bel,Belgium,1942,7.284
bel,Belgium,1943,6.876
bel,Belgium,1944,3.925
bel,Belgium,1945,4.574
bel,Belgium,1946,6.636
bel,Belgium,1947,9.616
bel,Belgium,1948,9.937
bel,Belgium,1949,9.4
bel,Belgium,1950,8.831
bel,Belgium,1951,10.316
bel,Belgium,1952,9.573
bel,Belgium,1953,9.393
bel,Belgium,1954,9.716
bel,Belgium,1955,10.364
bel,Belgium,1956,10.834
bel,Belgium,1957,10.734
bel,Belgium,1958,9.695
bel,Belgium,1959,9.702
bel,Belgium,1960,9.925
bel,Belgium,1961,10.058
bel,Belgium,1962,10.57
bel,Belgium,1963,11.332
bel,Belgium,1964,11.053
bel,Belgium,1965,11.208
bel,Belgium,1966,11.175
bel,Belgium,1967,11.448
bel,Belgium,1968,12.726
bel,Belgium,1969,13.454
bel,Belgium,1970,13.965
bel,Belgium,1971,13.909
bel,Belgium,1972,15.541
bel,Belgium,1973,17.235
bel,Belgium,1974,17.606
bel,Belgium,1975,16.698
bel,Belgium,1976,18.629
bel,Belgium,1977,18.892
bel,Belgium,1978,20.953
bel,Belgium,1979,22.113
bel,Belgium,1980,21.561
bel,Belgium,1981,19.737
bel,Belgium,1982,18.067
bel,Belgium,1983,17.105
bel,Belgium,1984,14.77
bel,Belgium,1985,15.307
bel,Belgium,1986,15.151
bel,Belgium,1987,14.894
bel,Belgium,1988,14.906
bel,Belgium,1989,14.468
bel,Belgium,1990,15.458
bel,Belgium,1991,15.497
bel,Belgium,1992,17.12
bel,Belgium,1993,16.126
bel,Belgium,1994,15.999
bel,Belgium,1995,16.385
bel,Belgium,1996,16.17
bel,Belgium,1997,16.595
bel,Belgium,1998,17.543
bel,Belgium,1999,18.024
bel,Belgium,2000,18.36
bel,Belgium,2001,18.191
bel,Belgium,2002,18.577
bel,Belgium,2003,19.721
bel,Belgium,2004,20.788
bel,Belgium,2005,21.38
bel,Belgium,2006,21.215
bel,Belgium,2007,21.975
bel,Belgium,2008,21.744
bel,Belgium,2009,18.475
bel,Belgium,2010,19.748
bel,Belgium,2011,19.943
bel,Belgium,2012,18.919
bel,Belgium,2013,18.853
bel,Belgium,2014,18.929
bel,Belgium,2015,18.446
bel,Belgium,2016,18.302
bel,Belgium,2017,17.546
bel,Belgium,2018,18.074
bel,Belgium,2019,17.334
bel,Belgium,2020,15.308
bel,Belgium,2021,17.099
bel,Belgium,2022,16.928
ben,Benin,1900,0.014
ben,Benin,1901,0.014
ben,Benin,1902,0.014
ben,Benin,1903,0.015
ben,Benin,1904,0.015
ben,Benin,1905,0.015
ben,Benin,1906,0.015
ben,Benin,1907,0.016
ben,Benin,1908,0.016
ben,Benin,1909,0.016
ben,Benin,1910,0.017
ben,Benin,1911,0.017
ben,Benin,1912,0.018
ben,Benin,1913,0.017
ben,Benin,1914,0.017
ben,Benin,1915,0.017
ben,Benin,1916,0.017
ben,Benin,1917,0.018
ben,Benin,1918,0.018
ben,Benin,1919,0.019
ben,Benin,1920,0.02
ben,Benin,1921,0.02
ben,Benin,1922,0.021
ben,Benin,1923,0.021
ben,Benin,1924,0.022
ben,Benin,1925,0.022
ben,Benin,1926,0.023
ben,Benin,1927,0.024
ben,Benin,1928,0.023
ben,Benin,1929,0.024
ben,Benin,1930,0.024
ben,Benin,1931,0.025
ben,Benin,1932,0.024
ben,Benin,1933,0.024
ben,Benin,1934,0.025
ben,Benin,1935,0.026
ben,Benin,1936,0.027
ben,Benin,1937,0.028
ben,Benin,1938,0.03
ben,Benin,1939,0.03
ben,Benin,1940,0.03
ben,Benin,1941,0.031
ben,Benin,1942,0.032
ben,Benin,1943,0.033
ben,Benin,1944,0.033
ben,Benin,1945,0.035
ben,Benin,1946,0.036
ben,Benin,1947,0.036
ben,Benin,1948,0.036
ben,Benin,1949,0.038
ben,Benin,1950,0.039
ben,Benin,1951,0.041
ben,Benin,1952,0.041
ben,Benin,1953,0.042
ben,Benin,1954,0.043
ben,Benin,1955,0.045
ben,Benin,1956,0.046
ben,Benin,1957,0.049
ben,Benin,1958,0.053
ben,Benin,1959,0.043
ben,Benin,1960,0.066
ben,Benin,1961,0.052
ben,Benin,1962,0.054
ben,Benin,1963,0.048
ben,Benin,1964,0.055
ben,Benin,1965,0.057
ben,Benin,1966,0.043
ben,Benin,1967,0.053
ben,Benin,1968,0.057
ben,Benin,1969,0.075
ben,Benin,1970,0.106
ben,Benin,1971,0.113
ben,Benin,1972,0.154
ben,Benin,1973,0.157
ben,Benin,1974,0.174
ben,Benin,1975,0.198
ben,Benin,1976,0.12
ben,Benin,1977,0.141
ben,Benin,1978,0.175
ben,Benin,1979,0.178
ben,Benin,1980,0.243
ben,Benin,1981,0.195
ben,Benin,1982,0.156
ben,Benin,1983,0.173
ben,Benin,1984,0.155
ben,Benin,1985,0.167
ben,Benin,1986,0.242
ben,Benin,1987,0.215
ben,Benin,1988,0.163
ben,Benin,1989,0.164
ben,Benin,1990,0.18
ben,Benin,1991,0.186
ben,Benin,1992,0.189
ben,Benin,1993,0.202
ben,Benin,1994,0.225
ben,Benin,1995,0.235
ben,Benin,1996,0.272
ben,Benin,1997,0.296
ben,Benin,1998,0.303
ben,Benin,1999,0.298
ben,Benin,2000,0.343
ben,Benin,2001,0.423
ben,Benin,2002,0.445
ben,Benin,2003,0.489
ben,Benin,2004,0.444
ben,Benin,2005,0.457
ben,Benin,2006,0.678
ben,Benin,2007,0.732
ben,Benin,2008,0.844
ben,Benin,2009,0.704
ben,Benin,2010,0.761
ben,Benin,2011,0.923
ben,Benin,2012,0.727
ben,Benin,2013,0.764
ben,Benin,2014,0.721
ben,Benin,2015,0.714
ben,Benin,2016,0.678
ben,Benin,2017,0.66
ben,Benin,2018,0.659
ben,Benin,2019,0.606
ben,Benin,2020,0.65
ben,Benin,2021,0.696
ben,Benin,2022,0.71
bfa,Burkina Faso,1945,0.001
bfa,Burkina Faso,1946,0.001
bfa,Burkina Faso,1947,0.001
bfa,Burkina Faso,1948,0.001
bfa,Burkina Faso,1949,0.001
bfa,Burkina Faso,1950,0.001
bfa,Burkina Faso,1951,0.001
bfa,Burkina Faso,1952,0.001
bfa,Burkina Faso,1953,0.001
bfa,Burkina Faso,1954,0.001
bfa,Burkina Faso,1955,0.001
bfa,Burkina Faso,1956,0.001
bfa,Burkina Faso,1957,0.001
bfa,Burkina Faso,1958,0.001
bfa,Burkina Faso,1959,0.002
bfa,Burkina Faso,1960,0.009
bfa,Burkina Faso,1961,0.019
bfa,Burkina Faso,1962,0.017
bfa,Burkina Faso,1963,0.017
bfa,Burkina Faso,1964,0.022
bfa,Burkina Faso,1965,0.02
bfa,Burkina Faso,1966,0.019
bfa,Burkina Faso,1967,0.019
bfa,Burkina Faso,1968,0.019
bfa,Burkina Faso,1969,0.021
bfa,Burkina Faso,1970,0.025
bfa,Burkina Faso,1971,0.025
bfa,Burkina Faso,1972,0.026
bfa,Burkina Faso,1973,0.026
bfa,Burkina Faso,1974,0.03
bfa,Burkina Faso,1975,0.03
bfa,Burkina Faso,1976,0.027
bfa,Burkina Faso,1977,0.03
bfa,Burkina Faso,1978,0.04
bfa,Burkina Faso,1979,0.045
bfa,Burkina Faso,1980,0.046
bfa,Burkina Faso,1981,0.058
bfa,Burkina Faso,1982,0.073
bfa,Burkina Faso,1983,0.074
bfa,Burkina Faso,1984,0.074
bfa,Burkina Faso,1985,0.057
bfa,Burkina Faso,1986,0.056
bfa,Burkina Faso,1987,0.055
bfa,Burkina Faso,1988,0.058
bfa,Burkina Faso,1989,0.061
bfa,Burkina Faso,1990,0.088
bfa,Burkina Faso,1991,0.091
bfa,Burkina Faso,1992,0.09
bfa,Burkina Faso,1993,0.087
bfa,Burkina Faso,1994,0.087
bfa,Burkina Faso,1995,0.086
bfa,Burkina Faso,1996,0.087
bfa,Burkina Faso,1997,0.098
bfa,Burkina Faso,1998,0.155
bfa,Burkina Faso,1999,0.187
bfa,Burkina Faso,2000,0.118
bfa,Burkina Faso,2001,0.118
bfa,Burkina Faso,2002,0.116
bfa,Burkina Faso,2003,0.123
bfa,Burkina Faso,2004,0.128
bfa,Burkina Faso,2005,0.122
bfa,Burkina Faso,2006,0.137
bfa,Burkina Faso,2007,0.151
bfa,Burkina Faso,2008,0.148
bfa,Burkina Faso,2009,0.188
bfa,Burkina Faso,2010,0.201
bfa,Burkina Faso,2011,0.174
bfa,Burkina Faso,2012,0.199
bfa,Burkina Faso,2013,0.217
bfa,Burkina Faso,2014,0.216
bfa,Burkina Faso,2015,0.258
bfa,Burkina Faso,2016,0.245
bfa,Burkina Faso,2017,0.262
bfa,Burkina Faso,2018,0.279
bfa,Burkina Faso,2019,0.291
bfa,Burkina Faso,2020,0.28
bfa,Burkina Faso,2021,0.3
bfa,Burkina Faso,2022,0.306
bgd,Bangladesh,1900,0.002
bgd,Bangladesh,1901,0.002
bgd,Bangladesh,1902,0.002
bgd,Bangladesh,1903,0.002
bgd,Bangladesh,1904,0.002
bgd,Bangladesh,1905,0.002
bgd,Bangladesh,1906,0.002
bgd,Bangladesh,1907,0.002
bgd,Bangladesh,1908,0.002
bgd,Bangladesh,1909,0.002
bgd,Bangladesh,1910,0.002
bgd,Bangladesh,1911,0.002
bgd,Bangladesh,1912,0.002
bgd,Bangladesh,1913,0.002
bgd,Bangladesh,1914,0.002
bgd,Bangladesh,1915,0.002
bgd,Bangladesh,1916,0.002
bgd,Bangladesh,1917,0.002
bgd,Bangladesh,1918,0.002
bgd,Bangladesh,1919,0.002
bgd,Bangladesh,1920,0.003
bgd,Bangladesh,1921,0.003
bgd,Bangladesh,1922,0.003
bgd,Bangladesh,1923,0.003
bgd,Bangladesh,1924,0.003
bgd,Bangladesh,1925,0.003
bgd,Bangladesh,1926,0.003
bgd,Bangladesh,1927,0.003
bgd,Bangladesh,1928,0.003
bgd,Bangladesh,1929,0.003
bgd,Bangladesh,1930,0.003
bgd,Bangladesh,1931,0.003
bgd,Bangladesh,1932,0.003
bgd,Bangladesh,1933,0.003
bgd,Bangladesh,1934,0.003
bgd,Bangladesh,1935,0.003
bgd,Bangladesh,1936,0.003
bgd,Bangladesh,1937,0.003
bgd,Bangladesh,1938,0.003
bgd,Bangladesh,1939,0.003
bgd,Bangladesh,1940,0.003
bgd,Bangladesh,1941,0.003
bgd,Bangladesh,1942,0.003
bgd,Bangladesh,1943,0.003
bgd,Bangladesh,1944,0.003
bgd,Bangladesh,1945,0.003
bgd,Bangladesh,1946,0.003
bgd,Bangladesh,1947,0.003
bgd,Bangladesh,1948,0.004
bgd,Bangladesh,1949,0.005
bgd,Bangladesh,1950,0.026
bgd,Bangladesh,1951,0.032
bgd,Bangladesh,1952,0.033
bgd,Bangladesh,1953,0.033
bgd,Bangladesh,1954,0.033
bgd,Bangladesh,1955,0.033
bgd,Bangladesh,1956,0.038
bgd,Bangladesh,1957,0.038
bgd,Bangladesh,1958,0.042
bgd,Bangladesh,1959,0.039
bgd,Bangladesh,1960,0.046
bgd,Bangladesh,1961,0.046
bgd,Bangladesh,1962,0.05
bgd,Bangladesh,1963,0.055
bgd,Bangladesh,1964,0.055
bgd,Bangladesh,1965,0.057
bgd,Bangladesh,1966,0.056
bgd,Bangladesh,1967,0.058
bgd,Bangladesh,1968,0.064
bgd,Bangladesh,1969,0.061
bgd,Bangladesh,1970,0.061
bgd,Bangladesh,1971,0.058
bgd,Bangladesh,1972,0.056
bgd,Bangladesh,1973,0.074
bgd,Bangladesh,1974,0.076
bgd,Bangladesh,1975,0.08
bgd,Bangladesh,1976,0.092
bgd,Bangladesh,1977,0.095
bgd,Bangladesh,1978,0.098
bgd,Bangladesh,1979,0.107
bgd,Bangladesh,1980,0.12
bgd,Bangladesh,1981,0.122
bgd,Bangladesh,1982,0.123
bgd,Bangladesh,1983,0.13
bgd,Bangladesh,1984,0.121
bgd,Bangladesh,1985,0.131
bgd,Bangladesh,1986,0.143
bgd,Bangladesh,1987,0.156
bgd,Bangladesh,1988,0.157
bgd,Bangladesh,1989,0.175
bgd,Bangladesh,1990,0.17
bgd,Bangladesh,1991,0.176
bgd,Bangladesh,1992,0.185
bgd,Bangladesh,1993,0.184
bgd,Bangladesh,1994,0.199
bgd,Bangladesh,1995,0.223
bgd,Bangladesh,1996,0.226
bgd,Bangladesh,1997,0.237
bgd,Bangladesh,1998,0.232
bgd,Bangladesh,1999,0.237
bgd,Bangladesh,2000,0.197
bgd,Bangladesh,2001,0.222
bgd,Bangladesh,2002,0.228
bgd,Bangladesh,2003,0.25
bgd,Bangladesh,2004,0.263
bgd,Bangladesh,2005,0.273
bgd,Bangladesh,2006,0.289
bgd,Bangladesh,2007,0.291
bgd,Bangladesh,2008,0.305
bgd,Bangladesh,2009,0.329
bgd,Bangladesh,2010,0.353
bgd,Bangladesh,2011,0.356
bgd,Bangladesh,2012,0.4
bgd,Bangladesh,2013,0.392
bgd,Bangladesh,2014,0.667
bgd,Bangladesh,2015,0.457
bgd,Bangladesh,2016,0.703
bgd,Bangladesh,2017,0.745
bgd,Bangladesh,2018,0.775
bgd,Bangladesh,2019,0.826
bgd,Bangladesh,2020,0.803
bgd,Bangladesh,2021,0.828
bgd,Bangladesh,2022,0.844
bgr,Bulgaria,1900,0.054
bgr,Bulgaria,1901,0.067
bgr,Bulgaria,1902,0.058
bgr,Bulgaria,1903,0.057
bgr,Bulgaria,1904,0.072
bgr,Bulgaria,1905,0.084
bgr,Bulgaria,1906,0.073
bgr,Bulgaria,1907,0.104
bgr,Bulgaria,1908,0.135
bgr,Bulgaria,1909,0.135
bgr,Bulgaria,1910,0.14
bgr,Bulgaria,1911,0.196
bgr,Bulgaria,1912,0.194
bgr,Bulgaria,1913,0.168
bgr,Bulgaria,1914,0.25
bgr,Bulgaria,1915,0.159
bgr,Bulgaria,1916,0.191
bgr,Bulgaria,1917,0.233
bgr,Bulgaria,1918,0.287
bgr,Bulgaria,1919,0.167
bgr,Bulgaria,1920,0.216
bgr,Bulgaria,1921,0.265
bgr,Bulgaria,1922,0.288
bgr,Bulgaria,1923,0.301
bgr,Bulgaria,1924,0.339
bgr,Bulgaria,1925,0.328
bgr,Bulgaria,1926,0.317
bgr,Bulgaria,1927,0.318
bgr,Bulgaria,1928,0.368
bgr,Bulgaria,1929,0.42
bgr,Bulgaria,1930,0.401
bgr,Bulgaria,1931,0.374
bgr,Bulgaria,1932,0.429
bgr,Bulgaria,1933,0.378
bgr,Bulgaria,1934,0.389
bgr,Bulgaria,1935,0.39
bgr,Bulgaria,1936,0.393
bgr,Bulgaria,1937,0.431
bgr,Bulgaria,1938,0.486
bgr,Bulgaria,1939,0.529
bgr,Bulgaria,1940,0.616
bgr,Bulgaria,1941,0.658
bgr,Bulgaria,1942,0.79
bgr,Bulgaria,1943,0.851
bgr,Bulgaria,1944,0.637
bgr,Bulgaria,1945,0.75
bgr,Bulgaria,1946,0.71
bgr,Bulgaria,1947,0.836
bgr,Bulgaria,1948,0.873
bgr,Bulgaria,1949,1.037
bgr,Bulgaria,1950,1.035
bgr,Bulgaria,1951,1.118
bgr,Bulgaria,1952,1.28
bgr,Bulgaria,1953,1.425
bgr,Bulgaria,1954,1.521
bgr,Bulgaria,1955,1.601
bgr,Bulgaria,1956,1.702
bgr,Bulgaria,1957,1.873
bgr,Bulgaria,1958,2.018
bgr,Bulgaria,1959,2.512
bgr,Bulgaria,1960,2.826
bgr,Bulgaria,1961,3.265
bgr,Bulgaria,1962,3.83
bgr,Bulgaria,1963,4.25
bgr,Bulgaria,1964,5.248
bgr,Bulgaria,1965,5.619
bgr,Bulgaria,1966,5.86
bgr,Bulgaria,1967,6.556
bgr,Bulgaria,1968,6.983
bgr,Bulgaria,1969,7.661
bgr,Bulgaria,1970,6.924
bgr,Bulgaria,1971,7.083
bgr,Bulgaria,1972,7.059
bgr,Bulgaria,1973,7.066
bgr,Bulgaria,1974,7.003
bgr,Bulgaria,1975,6.845
bgr,Bulgaria,1976,6.522
bgr,Bulgaria,1977,6.466
bgr,Bulgaria,1978,6.652
bgr,Bulgaria,1979,6.269
bgr,Bulgaria,1980,6.029
bgr,Bulgaria,1981,6.232
bgr,Bulgaria,1982,6.441
bgr,Bulgaria,1983,7.205
bgr,Bulgaria,1984,7.205
bgr,Bulgaria,1985,6.951
bgr,Bulgaria,1986,7.119
bgr,Bulgaria,1987,7.277
bgr,Bulgaria,1988,7.295
bgr,Bulgaria,1989,6.964
bgr,Bulgaria,1990,6.961
bgr,Bulgaria,1991,5.102
bgr,Bulgaria,1992,4.845
bgr,Bulgaria,1993,5.256
bgr,Bulgaria,1994,4.842
bgr,Bulgaria,1995,5.466
bgr,Bulgaria,1996,5.789
bgr,Bulgaria,1997,5.576
bgr,Bulgaria,1998,5.55
bgr,Bulgaria,1999,5.07
bgr,Bulgaria,2000,5.215
bgr,Bulgaria,2001,5.63
bgr,Bulgaria,2002,5.401
bgr,Bulgaria,2003,5.824
bgr,Bulgaria,2004,5.795
bgr,Bulgaria,2005,6.181
bgr,Bulgaria,2006,6.528
bgr,Bulgaria,2007,6.964
bgr,Bulgaria,2008,7.131
bgr,Bulgaria,2009,5.872
bgr,Bulgaria,2010,5.905
bgr,Bulgaria,2011,6.212
bgr,Bulgaria,2012,5.857
bgr,Bulgaria,2013,5.133
bgr,Bulgaria,2014,5.273
bgr,Bulgaria,2015,5.543
bgr,Bulgaria,2016,5.455
bgr,Bulgaria,2017,5.713
bgr,Bulgaria,2018,5.704
bgr,Bulgaria,2019,5.597
bgr,Bulgaria,2020,5.201
bgr,Bulgaria,2021,5.882
bgr,Bulgaria,2022,5.823
bhr,Bahrain,1900,0.849
bhr,Bahrain,1901,0.855
bhr,Bahrain,1902,0.868
bhr,Bahrain,1903,0.87
bhr,Bahrain,1904,0.878
bhr,Bahrain,1905,0.885
bhr,Bahrain,1906,0.894
bhr,Bahrain,1907,0.899
bhr,Bahrain,1908,0.91
bhr,Bahrain,1909,0.916
bhr,Bahrain,1910,0.915
bhr,Bahrain,1911,0.92
bhr,Bahrain,1912,0.929
bhr,Bahrain,1913,0.937
bhr,Bahrain,1914,0.945
bhr,Bahrain,1915,0.95
bhr,Bahrain,1916,0.974
bhr,Bahrain,1917,0.958
bhr,Bahrain,1918,0.988
bhr,Bahrain,1919,0.969
bhr,Bahrain,1920,0.987
bhr,Bahrain,1921,1.049
bhr,Bahrain,1922,1.025
bhr,Bahrain,1923,1.037
bhr,Bahrain,1924,1.149
bhr,Bahrain,1925,1.128
bhr,Bahrain,1926,1.165
bhr,Bahrain,1927,1.133
bhr,Bahrain,1928,1.266
bhr,Bahrain,1929,1.199
bhr,Bahrain,1930,1.218
bhr,Bahrain,1931,1.256
bhr,Bahrain,1932,1.32
bhr,Bahrain,1933,1.296
bhr,Bahrain,1934,1.248
bhr,Bahrain,1935,1.433
bhr,Bahrain,1936,1.609
bhr,Bahrain,1937,1.639
bhr,Bahrain,1938,1.742
bhr,Bahrain,1939,1.713
bhr,Bahrain,1940,2.058
bhr,Bahrain,1941,2.0
bhr,Bahrain,1942,1.923
bhr,Bahrain,1943,1.91
bhr,Bahrain,1944,2.123
bhr,Bahrain,1945,2.39
bhr,Bahrain,1946,2.593
bhr,Bahrain,1947,2.842
bhr,Bahrain,1948,2.975
bhr,Bahrain,1949,2.783
bhr,Bahrain,1950,2.926
bhr,Bahrain,1951,2.509
bhr,Bahrain,1952,2.815
bhr,Bahrain,1953,2.869
bhr,Bahrain,1954,3.054
bhr,Bahrain,1955,3.102
bhr,Bahrain,1956,3.349
bhr,Bahrain,1957,3.761
bhr,Bahrain,1958,3.965
bhr,Bahrain,1959,4.153
bhr,Bahrain,1960,4.274
bhr,Bahrain,1961,4.623
bhr,Bahrain,1962,4.78
bhr,Bahrain,1963,4.964
bhr,Bahrain,1964,5.214
bhr,Bahrain,1965,5.469
bhr,Bahrain,1966,5.57
bhr,Bahrain,1967,6.111
bhr,Bahrain,1968,6.097
bhr,Bahrain,1969,6.538
bhr,Bahrain,1970,6.836
bhr,Bahrain,1971,7.246
bhr,Bahrain,1972,7.794
bhr,Bahrain,1973,8.146
bhr,Bahrain,1974,9.014
bhr,Bahrain,1975,9.629
bhr,Bahrain,1976,10.025
bhr,Bahrain,1977,10.922
bhr,Bahrain,1978,11.941
bhr,Bahrain,1979,12.248
bhr,Bahrain,1980,13.396
bhr,Bahrain,1981,12.74
bhr,Bahrain,1982,13.506
bhr,Bahrain,1983,14.673
bhr,Bahrain,1984,15.993
bhr,Bahrain,1985,17.593
bhr,Bahrain,1986,18.489
bhr,Bahrain,1987,19.002
bhr,Bahrain,1988,20.522
bhr,Bahrain,1989,21.511
bhr,Bahrain,1990,22.326
bhr,Bahrain,1991,22.197
bhr,Bahrain,1992,20.602
bhr,Bahrain,1993,24.375
bhr,Bahrain,1994,24.257
bhr,Bahrain,1995,23.285
bhr,Bahrain,1996,22.86
bhr,Bahrain,1997,21.788
bhr,Bahrain,1998,23.88
bhr,Bahrain,1999,13.901
bhr,Bahrain,2000,15.468
bhr,Bahrain,2001,12.835
bhr,Bahrain,2002,14.564
bhr,Bahrain,2003,10.613
bhr,Bahrain,2004,8.933
bhr,Bahrain,2005,8.646
bhr,Bahrain,2006,8.041
bhr,Bahrain,2007,10.74
bhr,Bahrain,2008,11.913
bhr,Bahrain,2009,14.267
bhr,Bahrain,2010,14.831
bhr,Bahrain,2011,10.197
bhr,Bahrain,2012,10.049
bhr,Bahrain,2013,9.969
bhr,Bahrain,2014,11.034
bhr,Bahrain,2015,13.296
bhr,Bahrain,2016,12.623
bhr,Bahrain,2017,13.038
bhr,Bahrain,2018,12.925
bhr,Bahrain,2019,13.886
bhr,Bahrain,2020,14.694
bhr,Bahrain,2021,15.723
bhr,Bahrain,2022,16.037
bhs,Bahamas,1900,0.178
bhs,Bahamas,1901,0.181
bhs,Bahamas,1902,0.188
bhs,Bahamas,1903,0.195
bhs,Bahamas,1904,0.207
bhs,Bahamas,1905,0.219
bhs,Bahamas,1906,0.23
bhs,Bahamas,1907,0.244
bhs,Bahamas,1908,0.258
bhs,Bahamas,1909,0.268
bhs,Bahamas,1910,0.276
bhs,Bahamas,1911,0.289
bhs,Bahamas,1912,0.315
bhs,Bahamas,1913,0.324
bhs,Bahamas,1914,0.324
bhs,Bahamas,1915,0.316
bhs,Bahamas,1916,0.309
bhs,Bahamas,1917,0.309
bhs,Bahamas,1918,0.306
bhs,Bahamas,1919,0.313
bhs,Bahamas,1920,0.316
bhs,Bahamas,1921,0.328
bhs,Bahamas,1922,0.325
bhs,Bahamas,1923,0.325
bhs,Bahamas,1924,0.336
bhs,Bahamas,1925,0.349
bhs,Bahamas,1926,0.372
bhs,Bahamas,1927,0.39
bhs,Bahamas,1928,0.405
bhs,Bahamas,1929,0.421
bhs,Bahamas,1930,0.433
bhs,Bahamas,1931,0.431
bhs,Bahamas,1932,0.423
bhs,Bahamas,1933,0.422
bhs,Bahamas,1934,0.436
bhs,Bahamas,1935,0.448
bhs,Bahamas,1936,0.464
bhs,Bahamas,1937,0.483
bhs,Bahamas,1938,0.507
bhs,Bahamas,1939,0.521
bhs,Bahamas,1940,0.524
bhs,Bahamas,1941,0.534
bhs,Bahamas,1942,0.531
bhs,Bahamas,1943,0.527
bhs,Bahamas,1944,0.533
bhs,Bahamas,1945,0.549
bhs,Bahamas,1946,0.569
bhs,Bahamas,1947,0.612
bhs,Bahamas,1948,0.643
bhs,Bahamas,1949,0.674
bhs,Bahamas,1950,0.695
bhs,Bahamas,1951,0.825
bhs,Bahamas,1952,0.946
bhs,Bahamas,1953,0.968
bhs,Bahamas,1954,0.983
bhs,Bahamas,1955,1.448
bhs,Bahamas,1956,1.516
bhs,Bahamas,1957,1.841
bhs,Bahamas,1958,1.801
bhs,Bahamas,1959,2.493
bhs,Bahamas,1960,3.75
bhs,Bahamas,1961,4.746
bhs,Bahamas,1962,5.996
bhs,Bahamas,1963,5.558
bhs,Bahamas,1964,8.118
bhs,Bahamas,1965,9.399
bhs,Bahamas,1966,7.465
bhs,Bahamas,1967,11.154
bhs,Bahamas,1968,10.268
bhs,Bahamas,1969,10.606
bhs,Bahamas,1970,15.179
bhs,Bahamas,1971,38.697
bhs,Bahamas,1972,36.47
bhs,Bahamas,1973,43.352
bhs,Bahamas,1974,39.901
bhs,Bahamas,1975,43.69
bhs,Bahamas,1976,33.502
bhs,Bahamas,1977,49.298
bhs,Bahamas,1978,32.769
bhs,Bahamas,1979,33.6
bhs,Bahamas,1980,37.887
bhs,Bahamas,1981,13.007
bhs,Bahamas,1982,10.266
bhs,Bahamas,1983,8.956
bhs,Bahamas,1984,8.07
bhs,Bahamas,1985,6.44
bhs,Bahamas,1986,5.907
bhs,Bahamas,1987,5.849
bhs,Bahamas,1988,6.224
bhs,Bahamas,1989,7.735
bhs,Bahamas,1990,7.184
bhs,Bahamas,1991,7.067
bhs,Bahamas,1992,6.961
bhs,Bahamas,1993,6.494
bhs,Bahamas,1994,6.341
bhs,Bahamas,1995,6.217
bhs,Bahamas,1996,6.095
bhs,Bahamas,1997,5.321
bhs,Bahamas,1998,6.574
bhs,Bahamas,1999,6.647
bhs,Bahamas,2000,6.545
bhs,Bahamas,2001,6.18
bhs,Bahamas,2002,6.269
bhs,Bahamas,2003,6.277
bhs,Bahamas,2004,6.187
bhs,Bahamas,2005,5.633
bhs,Bahamas,2006,5.373
bhs,Bahamas,2007,5.326
bhs,Bahamas,2008,6.871
bhs,Bahamas,2009,4.594
bhs,Bahamas,2010,6.726
bhs,Bahamas,2011,5.007
bhs,Bahamas,2012,5.245
bhs,Bahamas,2013,7.82
bhs,Bahamas,2014,6.342
bhs,Bahamas,2015,5.39
bhs,Bahamas,2016,4.725
bhs,Bahamas,2017,4.718
bhs,Bahamas,2018,4.704
bhs,Bahamas,2019,4.687
bhs,Bahamas,2020,4.352
bhs,Bahamas,2021,4.657
bhs,Bahamas,2022,4.75
bih,Bosnia and Herzegovina,1900,0.305
bih,Bosnia and Herzegovina,1901,0.316
bih,Bosnia and Herzegovina,1902,0.322
bih,Bosnia and Herzegovina,1903,0.319
bih,Bosnia and Herzegovina,1904,0.323
bih,Bosnia and Herzegovina,1905,0.332
bih,Bosnia and Herzegovina,1906,0.333
bih,Bosnia and Herzegovina,1907,0.347
bih,Bosnia and Herzegovina,1908,0.365
bih,Bosnia and Herzegovina,1909,0.373
bih,Bosnia and Herzegovina,1910,0.381
bih,Bosnia and Herzegovina,1911,0.379
bih,Bosnia and Herzegovina,1912,0.388
bih,Bosnia and Herzegovina,1913,0.41
bih,Bosnia and Herzegovina,1914,0.423
bih,Bosnia and Herzegovina,1915,0.396
bih,Bosnia and Herzegovina,1916,0.378
bih,Bosnia and Herzegovina,1917,0.394
bih,Bosnia and Herzegovina,1918,0.393
bih,Bosnia and Herzegovina,1919,0.339
bih,Bosnia and Herzegovina,1920,0.256
bih,Bosnia and Herzegovina,1921,0.316
bih,Bosnia and Herzegovina,1922,0.316
bih,Bosnia and Herzegovina,1923,0.32
bih,Bosnia and Herzegovina,1924,0.313
bih,Bosnia and Herzegovina,1925,0.328
bih,Bosnia and Herzegovina,1926,0.329
bih,Bosnia and Herzegovina,1927,0.351
bih,Bosnia and Herzegovina,1928,0.381
bih,Bosnia and Herzegovina,1929,0.395
bih,Bosnia and Herzegovina,1930,0.419
bih,Bosnia and Herzegovina,1931,0.424
bih,Bosnia and Herzegovina,1932,0.442
bih,Bosnia and Herzegovina,1933,0.436
bih,Bosnia and Herzegovina,1934,0.454
bih,Bosnia and Herzegovina,1935,0.495
bih,Bosnia and Herzegovina,1936,0.526
bih,Bosnia and Herzegovina,1937,0.568
bih,Bosnia and Herzegovina,1938,0.591
bih,Bosnia and Herzegovina,1939,0.598
bih,Bosnia and Herzegovina,1940,0.626
bih,Bosnia and Herzegovina,1941,0.747
bih,Bosnia and Herzegovina,1942,0.675
bih,Bosnia and Herzegovina,1943,0.602
bih,Bosnia and Herzegovina,1944,0.657
bih,Bosnia and Herzegovina,1945,0.627
bih,Bosnia and Herzegovina,1946,0.552
bih,Bosnia and Herzegovina,1947,0.65
bih,Bosnia and Herzegovina,1948,0.694
bih,Bosnia and Herzegovina,1949,0.747
bih,Bosnia and Herzegovina,1950,0.811
bih,Bosnia and Herzegovina,1951,0.851
bih,Bosnia and Herzegovina,1952,0.913
bih,Bosnia and Herzegovina,1953,0.97
bih,Bosnia and Herzegovina,1954,1.028
bih,Bosnia and Herzegovina,1955,1.094
bih,Bosnia and Herzegovina,1956,1.115
bih,Bosnia and Herzegovina,1957,1.299
bih,Bosnia and Herzegovina,1958,1.412
bih,Bosnia and Herzegovina,1959,1.519
bih,Bosnia and Herzegovina,1960,1.628
bih,Bosnia and Herzegovina,1961,1.674
bih,Bosnia and Herzegovina,1962,1.685
bih,Bosnia and Herzegovina,1963,1.839
bih,Bosnia and Herzegovina,1964,2.047
bih,Bosnia and Herzegovina,1965,2.072
bih,Bosnia and Herzegovina,1966,2.024
bih,Bosnia and Herzegovina,1967,2.019
bih,Bosnia and Herzegovina,1968,2.134
bih,Bosnia and Herzegovina,1969,2.187
bih,Bosnia and Herzegovina,1970,2.826
bih,Bosnia and Herzegovina,1971,3.01
bih,Bosnia and Herzegovina,1972,2.787
bih,Bosnia and Herzegovina,1973,3.29
bih,Bosnia and Herzegovina,1974,3.266
bih,Bosnia and Herzegovina,1975,3.371
bih,Bosnia and Herzegovina,1976,3.444
bih,Bosnia and Herzegovina,1977,3.318
bih,Bosnia and Herzegovina,1978,3.674
bih,Bosnia and Herzegovina,1979,3.959
bih,Bosnia and Herzegovina,1980,3.854
bih,Bosnia and Herzegovina,1981,4.152
bih,Bosnia and Herzegovina,1982,3.776
bih,Bosnia and Herzegovina,1983,4.026
bih,Bosnia and Herzegovina,1984,4.204
bih,Bosnia and Herzegovina,1985,4.248
bih,Bosnia and Herzegovina,1986,4.392
bih,Bosnia and Herzegovina,1987,4.246
bih,Bosnia and Herzegovina,1988,4.352
bih,Bosnia and Herzegovina,1989,4.341
bih,Bosnia and Herzegovina,1990,4.36
bih,Bosnia and Herzegovina,1991,3.155
bih,Bosnia and Herzegovina,1992,3.552
bih,Bosnia and Herzegovina,1993,3.087
bih,Bosnia and Herzegovina,1994,0.815
bih,Bosnia and Herzegovina,1995,0.889
bih,Bosnia and Herzegovina,1996,1.127
bih,Bosnia and Herzegovina,1997,2.241
bih,Bosnia and Herzegovina,1998,2.828
bih,Bosnia and Herzegovina,1999,2.763
bih,Bosnia and Herzegovina,2000,3.656
bih,Bosnia and Herzegovina,2001,3.535
bih,Bosnia and Herzegovina,2002,3.773
bih,Bosnia and Herzegovina,2003,3.817
bih,Bosnia and Herzegovina,2004,4.111
bih,Bosnia and Herzegovina,2005,4.265
bih,Bosnia and Herzegovina,2006,4.621
bih,Bosnia and Herzegovina,2007,4.648
bih,Bosnia and Herzegovina,2008,5.321
bih,Bosnia and Herzegovina,2009,5.502
bih,Bosnia and Herzegovina,2010,5.711
bih,Bosnia and Herzegovina,2011,6.495
bih,Bosnia and Herzegovina,2012,6.146
bih,Bosnia and Herzegovina,2013,6.159
bih,Bosnia and Herzegovina,2014,5.55
bih,Bosnia and Herzegovina,2015,5.388
bih,Bosnia and Herzegovina,2016,6.423
bih,Bosnia and Herzegovina,2017,6.504
bih,Bosnia and Herzegovina,2018,6.525
bih,Bosnia and Herzegovina,2019,6.445
bih,Bosnia and Herzegovina,2020,6.148
bih,Bosnia and Herzegovina,2021,6.517
bih,Bosnia and Herzegovina,2022,6.452
blr,Belarus,1900,0.401
blr,Belarus,1901,0.408
blr,Belarus,1902,0.39
blr,Belarus,1903,0.378
blr,Belarus,1904,0.417
blr,Belarus,1905,0.369
blr,Belarus,1906,0.417
blr,Belarus,1907,0.463
blr,Belarus,1908,0.461
blr,Belarus,1909,0.482
blr,Belarus,1910,0.469
blr,Belarus,1911,0.482
blr,Belarus,1912,0.541
blr,Belarus,1913,0.582
blr,Belarus,1914,0.52
blr,Belarus,1915,0.473
blr,Belarus,1916,0.5
blr,Belarus,1917,0.456
blr,Belarus,1918,0.18
blr,Belarus,1919,0.152
blr,Belarus,1920,0.138
blr,Belarus,1921,0.148
blr,Belarus,1922,0.179
blr,Belarus,1923,0.196
blr,Belarus,1924,0.231
blr,Belarus,1925,0.226
blr,Belarus,1926,0.325
blr,Belarus,1927,0.4
blr,Belarus,1928,0.44
blr,Belarus,1929,0.47
blr,Belarus,1930,0.633
blr,Belarus,1931,0.753
blr,Belarus,1932,0.841
blr,Belarus,1933,0.931
blr,Belarus,1934,1.116
blr,Belarus,1935,1.252
blr,Belarus,1936,1.423
blr,Belarus,1937,1.441
blr,Belarus,1938,1.507
blr,Belarus,1939,1.512
blr,Belarus,1940,1.796
blr,Belarus,1941,1.564
blr,Belarus,1942,1.066
blr,Belarus,1943,1.349
blr,Belarus,1944,1.252
blr,Belarus,1945,1.313
blr,Belarus,1946,1.463
blr,Belarus,1947,1.745
blr,Belarus,1948,1.84
blr,Belarus,1949,2.074
blr,Belarus,1950,2.294
blr,Belarus,1951,2.502
blr,Belarus,1952,2.686
blr,Belarus,1953,2.841
blr,Belarus,1954,3.093
blr,Belarus,1955,3.488
blr,Belarus,1956,3.795
blr,Belarus,1957,4.115
blr,Belarus,1958,4.348
blr,Belarus,1959,5.404
blr,Belarus,1960,5.57
blr,Belarus,1961,5.69
blr,Belarus,1962,5.92
blr,Belarus,1963,6.292
blr,Belarus,1964,6.627
blr,Belarus,1965,6.953
blr,Belarus,1966,7.248
blr,Belarus,1967,7.463
blr,Belarus,1968,7.525
blr,Belarus,1969,7.644
blr,Belarus,1970,7.787
blr,Belarus,1971,7.931
blr,Belarus,1972,7.925
blr,Belarus,1973,7.753
blr,Belarus,1974,7.466
blr,Belarus,1975,7.204
blr,Belarus,1976,6.819
blr,Belarus,1977,6.426
blr,Belarus,1978,6.109
blr,Belarus,1979,5.764
blr,Belarus,1980,5.759
blr,Belarus,1981,5.612
blr,Belarus,1982,5.468
blr,Belarus,1983,5.532
blr,Belarus,1984,5.571
blr,Belarus,1985,5.58
blr,Belarus,1986,5.975
blr,Belarus,1987,5.951
blr,Belarus,1988,5.885
blr,Belarus,1989,6.008
blr,Belarus,1990,5.848
blr,Belarus,1991,6.339
blr,Belarus,1992,4.27
blr,Belarus,1993,3.596
blr,Belarus,1994,2.846
blr,Belarus,1995,3.3
blr,Belarus,1996,4.564
blr,Belarus,1997,4.303
blr,Belarus,1998,6.83
blr,Belarus,1999,6.539
blr,Belarus,2000,4.07
blr,Belarus,2001,3.82
blr,Belarus,2002,3.843
blr,Belarus,2003,4.011
blr,Belarus,2004,4.154
blr,Belarus,2005,4.305
blr,Belarus,2006,4.723
blr,Belarus,2007,4.994
blr,Belarus,2008,5.293
blr,Belarus,2009,5.749
blr,Belarus,2010,6.305
blr,Belarus,2011,5.231
blr,Belarus,2012,6.524
blr,Belarus,2013,6.807
blr,Belarus,2014,6.461
blr,Belarus,2015,6.154
blr,Belarus,2016,6.014
blr,Belarus,2017,6.122
blr,Belarus,2018,6.496
blr,Belarus,2019,6.47
blr,Belarus,2020,5.955
blr,Belarus,2021,6.385
blr,Belarus,2022,6.322
blz,Belize,1900,0.068
blz,Belize,1901,0.069
blz,Belize,1902,0.072
blz,Belize,1903,0.075
blz,Belize,1904,0.079
blz,Belize,1905,0.084
blz,Belize,1906,0.088
blz,Belize,1907,0.093
blz,Belize,1908,0.099
blz,Belize,1909,0.102
blz,Belize,1910,0.105
blz,Belize,1911,0.11
blz,Belize,1912,0.12
blz,Belize,1913,0.124
blz,Belize,1914,0.124
blz,Belize,1915,0.121
blz,Belize,1916,0.118
blz,Belize,1917,0.118
blz,Belize,1918,0.117
blz,Belize,1919,0.12
blz,Belize,1920,0.121
blz,Belize,1921,0.126
blz,Belize,1922,0.124
blz,Belize,1923,0.124
blz,Belize,1924,0.129
blz,Belize,1925,0.134
blz,Belize,1926,0.142
blz,Belize,1927,0.149
blz,Belize,1928,0.155
blz,Belize,1929,0.161
blz,Belize,1930,0.166
blz,Belize,1931,0.165
blz,Belize,1932,0.162
blz,Belize,1933,0.162
blz,Belize,1934,0.167
blz,Belize,1935,0.171
blz,Belize,1936,0.178
blz,Belize,1937,0.185
blz,Belize,1938,0.194
blz,Belize,1939,0.199
blz,Belize,1940,0.2
blz,Belize,1941,0.204
blz,Belize,1942,0.203
blz,Belize,1943,0.202
blz,Belize,1944,0.204
blz,Belize,1945,0.21
blz,Belize,1946,0.218
blz,Belize,1947,0.234
blz,Belize,1948,0.246
blz,Belize,1949,0.258
blz,Belize,1950,0.266
blz,Belize,1951,0.36
blz,Belize,1952,0.35
blz,Belize,1953,0.388
blz,Belize,1954,0.378
blz,Belize,1955,0.367
blz,Belize,1956,0.357
blz,Belize,1957,0.347
blz,Belize,1958,0.464
blz,Belize,1959,0.451
blz,Belize,1960,0.478
blz,Belize,1961,0.387
blz,Belize,1962,0.715
blz,Belize,1963,0.622
blz,Belize,1964,0.818
blz,Belize,1965,0.795
blz,Belize,1966,0.738
blz,Belize,1967,1.074
blz,Belize,1968,0.885
blz,Belize,1969,1.138
blz,Belize,1970,0.99
blz,Belize,1971,1.146
blz,Belize,1972,1.24
blz,Belize,1973,1.134
blz,Belize,1974,1.173
blz,Belize,1975,1.321
blz,Belize,1976,1.302
blz,Belize,1977,1.445
blz,Belize,1978,1.557
blz,Belize,1979,1.479
blz,Belize,1980,1.323
blz,Belize,1981,1.242
blz,Belize,1982,1.138
blz,Belize,1983,1.106
blz,Belize,1984,1.075
blz,Belize,1985,1.156
blz,Belize,1986,1.211
blz,Belize,1987,1.304
blz,Belize,1988,1.393
blz,Belize,1989,1.639
blz,Belize,1990,1.662
blz,Belize,1991,2.13
blz,Belize,1992,1.83
blz,Belize,1993,1.911
blz,Belize,1994,1.855
blz,Belize,1995,1.825
blz,Belize,1996,1.442
blz,Belize,1997,1.754
blz,Belize,1998,1.609
blz,Belize,1999,1.458
blz,Belize,2000,1.601
blz,Belize,2001,1.754
blz,Belize,2002,1.649
blz,Belize,2003,1.606
blz,Belize,2004,1.419
blz,Belize,2005,1.486
blz,Belize,2006,1.523
blz,Belize,2007,1.594
blz,Belize,2008,1.422
blz,Belize,2009,1.865
blz,Belize,2010,1.672
blz,Belize,2011,1.821
blz,Belize,2012,1.41
blz,Belize,2013,1.485
blz,Belize,2014,1.401
blz,Belize,2015,1.605
blz,Belize,2016,1.543
blz,Belize,2017,1.509
blz,Belize,2018,1.501
blz,Belize,2019,1.495
blz,Belize,2020,1.389
blz,Belize,2021,1.486
blz,Belize,2022,1.516
bol,Bolivia,1900,0.001
bol,Bolivia,1901,0.001
bol,Bolivia,1902,0.001
bol,Bolivia,1903,0.001
bol,Bolivia,1904,0.001
bol,Bolivia,1905,0.001
bol,Bolivia,1906,0.001
bol,Bolivia,1907,0.001
bol,Bolivia,1908,0.001
bol,Bolivia,1909,0.001
bol,Bolivia,1910,0.001
bol,Bolivia,1911,0.001
bol,Bolivia,1912,0.001
bol,Bolivia,1913,0.001
bol,Bolivia,1914,0.001
bol,Bolivia,1915,0.001
bol,Bolivia,1916,0.001
bol,Bolivia,1917,0.001
bol,Bolivia,1918,0.001
bol,Bolivia,1919,0.001
bol,Bolivia,1920,0.001
bol,Bolivia,1921,0.001
bol,Bolivia,1922,0.001
bol,Bolivia,1923,0.001
bol,Bolivia,1924,0.001
bol,Bolivia,1925,0.001
bol,Bolivia,1926,0.001
bol,Bolivia,1927,0.001
bol,Bolivia,1928,0.001
bol,Bolivia,1929,0.004
bol,Bolivia,1930,0.004
bol,Bolivia,1931,0.003
bol,Bolivia,1932,0.005
bol,Bolivia,1933,0.016
bol,Bolivia,1934,0.027
bol,Bolivia,1935,0.025
bol,Bolivia,1936,0.016
bol,Bolivia,1937,0.019
bol,Bolivia,1938,0.023
bol,Bolivia,1939,0.029
bol,Bolivia,1940,0.044
bol,Bolivia,1941,0.036
bol,Bolivia,1942,0.046
bol,Bolivia,1943,0.049
bol,Bolivia,1944,0.047
bol,Bolivia,1945,0.056
bol,Bolivia,1946,0.054
bol,Bolivia,1947,0.056
bol,Bolivia,1948,0.068
bol,Bolivia,1949,0.095
bol,Bolivia,1950,0.161
bol,Bolivia,1951,0.148
bol,Bolivia,1952,0.162
bol,Bolivia,1953,0.167
bol,Bolivia,1954,0.241
bol,Bolivia,1955,0.28
bol,Bolivia,1956,0.327
bol,Bolivia,1957,0.291
bol,Bolivia,1958,0.261
bol,Bolivia,1959,0.265
bol,Bolivia,1960,0.275
bol,Bolivia,1961,0.279
bol,Bolivia,1962,0.289
bol,Bolivia,1963,0.313
bol,Bolivia,1964,0.375
bol,Bolivia,1965,0.376
bol,Bolivia,1966,0.414
bol,Bolivia,1967,0.458
bol,Bolivia,1968,0.524
bol,Bolivia,1969,0.613
bol,Bolivia,1970,0.603
bol,Bolivia,1971,0.757
bol,Bolivia,1972,0.907
bol,Bolivia,1973,0.909
bol,Bolivia,1974,0.961
bol,Bolivia,1975,1.153
bol,Bolivia,1976,1.348
bol,Bolivia,1977,1.357
bol,Bolivia,1978,1.55
bol,Bolivia,1979,1.469
bol,Bolivia,1980,1.436
bol,Bolivia,1981,1.444
bol,Bolivia,1982,1.451
bol,Bolivia,1983,1.29
bol,Bolivia,1984,1.247
bol,Bolivia,1985,1.151
bol,Bolivia,1986,1.15
bol,Bolivia,1987,1.031
bol,Bolivia,1988,1.077
bol,Bolivia,1989,1.126
bol,Bolivia,1990,1.278
bol,Bolivia,1991,1.32
bol,Bolivia,1992,1.384
bol,Bolivia,1993,1.423
bol,Bolivia,1994,1.476
bol,Bolivia,1995,1.429
bol,Bolivia,1996,1.434
bol,Bolivia,1997,1.31
bol,Bolivia,1998,1.327
bol,Bolivia,1999,1.306
bol,Bolivia,2000,1.016
bol,Bolivia,2001,0.96
bol,Bolivia,2002,1.013
bol,Bolivia,2003,1.04
bol,Bolivia,2004,1.001
bol,Bolivia,2005,1.06
bol,Bolivia,2006,1.084
bol,Bolivia,2007,1.174
bol,Bolivia,2008,1.265
bol,Bolivia,2009,1.302
bol,Bolivia,2010,1.324
bol,Bolivia,2011,1.463
bol,Bolivia,2012,1.544
bol,Bolivia,2013,1.671
bol,Bolivia,2014,1.842
bol,Bolivia,2015,1.927
bol,Bolivia,2016,2.021
bol,Bolivia,2017,2.055
bol,Bolivia,2018,2.032
bol,Bolivia,2019,1.976
bol,Bolivia,2020,1.822
bol,Bolivia,2021,1.949
bol,Bolivia,2022,1.988
bra,Brazil,1900,0.112
bra,Brazil,1901,0.114
bra,Brazil,1902,0.133
bra,Brazil,1903,0.127
bra,Brazil,1904,0.133
bra,Brazil,1905,0.139
bra,Brazil,1906,0.156
bra,Brazil,1907,0.165
bra,Brazil,1908,0.168
bra,Brazil,1909,0.165
bra,Brazil,1910,0.188
bra,Brazil,1911,0.202
bra,Brazil,1912,0.24
bra,Brazil,1913,0.253
bra,Brazil,1914,0.169
bra,Brazil,1915,0.127
bra,Brazil,1916,0.114
bra,Brazil,1917,0.096
bra,Brazil,1918,0.088
bra,Brazil,1919,0.114
bra,Brazil,1920,0.132
bra,Brazil,1921,0.103
bra,Brazil,1922,0.132
bra,Brazil,1923,0.157
bra,Brazil,1924,0.171
bra,Brazil,1925,0.176
bra,Brazil,1926,0.176
bra,Brazil,1927,0.191
bra,Brazil,1928,0.183
bra,Brazil,1929,0.192
bra,Brazil,1930,0.163
bra,Brazil,1931,0.121
bra,Brazil,1932,0.118
bra,Brazil,1933,0.131
bra,Brazil,1934,0.126
bra,Brazil,1935,0.147
bra,Brazil,1936,0.135
bra,Brazil,1937,0.156
bra,Brazil,1938,0.153
bra,Brazil,1939,0.147
bra,Brazil,1940,0.156
bra,Brazil,1941,0.148
bra,Brazil,1942,0.135
bra,Brazil,1943,0.145
bra,Brazil,1944,0.128
bra,Brazil,1945,0.145
bra,Brazil,1946,0.154
bra,Brazil,1947,0.18
bra,Brazil,1948,0.154
bra,Brazil,1949,0.141
bra,Brazil,1950,0.365
bra,Brazil,1951,0.39
bra,Brazil,1952,0.436
bra,Brazil,1953,0.428
bra,Brazil,1954,0.489
bra,Brazil,1955,0.545
bra,Brazil,1956,0.57
bra,Brazil,1957,0.544
bra,Brazil,1958,0.574
bra,Brazil,1959,0.557
bra,Brazil,1960,0.65
bra,Brazil,1961,0.662
bra,Brazil,1962,0.702
bra,Brazil,1963,0.706
bra,Brazil,1964,0.7
bra,Brazil,1965,0.677
bra,Brazil,1966,0.753
bra,Brazil,1967,0.756
bra,Brazil,1968,0.865
bra,Brazil,1969,0.925
bra,Brazil,1970,1.014
bra,Brazil,1971,1.099
bra,Brazil,1972,1.217
bra,Brazil,1973,1.407
bra,Brazil,1974,1.524
bra,Brazil,1975,1.608
bra,Brazil,1976,1.651
bra,Brazil,1977,1.732
bra,Brazil,1978,1.869
bra,Brazil,1979,1.967
bra,Brazil,1980,1.92
bra,Brazil,1981,1.721
bra,Brazil,1982,1.542
bra,Brazil,1983,1.51
bra,Brazil,1984,1.429
bra,Brazil,1985,1.416
bra,Brazil,1986,1.487
bra,Brazil,1987,1.597
bra,Brazil,1988,1.633
bra,Brazil,1989,1.616
bra,Brazil,1990,1.621
bra,Brazil,1991,1.635
bra,Brazil,1992,1.621
bra,Brazil,1993,1.65
bra,Brazil,1994,1.702
bra,Brazil,1995,1.812
bra,Brazil,1996,1.929
bra,Brazil,1997,2.02
bra,Brazil,1998,2.029
bra,Brazil,1999,1.906
bra,Brazil,2000,1.972
bra,Brazil,2001,1.907
bra,Brazil,2002,1.822
bra,Brazil,2003,1.763
bra,Brazil,2004,1.81
bra,Brazil,2005,1.861
bra,Brazil,2006,1.893
bra,Brazil,2007,2.052
bra,Brazil,2008,2.292
bra,Brazil,2009,2.117
bra,Brazil,2010,2.463
bra,Brazil,2011,2.612
bra,Brazil,2012,2.76
bra,Brazil,2013,2.921
bra,Brazil,2014,2.996
bra,Brazil,2015,2.659
bra,Brazil,2016,2.347
bra,Brazil,2017,2.38
bra,Brazil,2018,2.262
bra,Brazil,2019,2.244
bra,Brazil,2020,1.986
bra,Brazil,2021,2.067
bra,Brazil,2022,2.109
brb,Barbados,1900,0.009
brb,Barbados,1901,0.01
brb,Barbados,1902,0.01
brb,Barbados,1903,0.01
brb,Barbados,1904,0.011
brb,Barbados,1905,0.012
brb,Barbados,1906,0.012
brb,Barbados,1907,0.013
brb,Barbados,1908,0.014
brb,Barbados,1909,0.014
brb,Barbados,1910,0.015
brb,Barbados,1911,0.015
brb,Barbados,1912,0.017
brb,Barbados,1913,0.017
brb,Barbados,1914,0.017
brb,Barbados,1915,0.017
brb,Barbados,1916,0.016
brb,Barbados,1917,0.016
brb,Barbados,1918,0.016
brb,Barbados,1919,0.017
brb,Barbados,1920,0.017
brb,Barbados,1921,0.017
brb,Barbados,1922,0.017
brb,Barbados,1923,0.017
brb,Barbados,1924,0.018
brb,Barbados,1925,0.019
brb,Barbados,1926,0.02
brb,Barbados,1927,0.021
brb,Barbados,1928,0.022
brb,Barbados,1929,0.021
brb,Barbados,1930,0.042
brb,Barbados,1931,0.021
brb,Barbados,1932,0.021
brb,Barbados,1933,0.02
brb,Barbados,1934,0.02
brb,Barbados,1935,0.016
brb,Barbados,1936,0.017
brb,Barbados,1937,0.018
brb,Barbados,1938,0.019
brb,Barbados,1939,0.019
brb,Barbados,1940,0.015
brb,Barbados,1941,0.016
brb,Barbados,1942,0.015
brb,Barbados,1943,0.015
brb,Barbados,1944,0.016
brb,Barbados,1945,0.016
brb,Barbados,1946,0.017
brb,Barbados,1947,0.018
brb,Barbados,1948,0.018
brb,Barbados,1949,0.018
brb,Barbados,1950,0.348
brb,Barbados,1951,0.51
brb,Barbados,1952,0.401
brb,Barbados,1953,0.494
brb,Barbados,1954,0.505
brb,Barbados,1955,0.565
brb,Barbados,1956,0.562
brb,Barbados,1957,0.592
brb,Barbados,1958,0.654
brb,Barbados,1959,0.653
brb,Barbados,1960,0.746
brb,Barbados,1961,0.839
brb,Barbados,1962,1.119
brb,Barbados,1963,0.816
brb,Barbados,1964,0.766
brb,Barbados,1965,0.872
brb,Barbados,1966,1.134
brb,Barbados,1967,1.426
brb,Barbados,1968,1.855
brb,Barbados,1969,2.019
brb,Barbados,1970,1.796
brb,Barbados,1971,2.016
brb,Barbados,1972,2.08
brb,Barbados,1973,1.976
brb,Barbados,1974,2.009
brb,Barbados,1975,2.309
brb,Barbados,1976,2.148
brb,Barbados,1977,2.372
brb,Barbados,1978,2.521
brb,Barbados,1979,2.393
brb,Barbados,1980,2.673
brb,Barbados,1981,2.707
brb,Barbados,1982,2.54
brb,Barbados,1983,2.691
brb,Barbados,1984,2.928
brb,Barbados,1985,3.306
brb,Barbados,1986,3.566
brb,Barbados,1987,3.653
brb,Barbados,1988,3.654
brb,Barbados,1989,3.81
brb,Barbados,1990,4.105
brb,Barbados,1991,4.594
brb,Barbados,1992,3.712
brb,Barbados,1993,4.17
brb,Barbados,1994,2.797
brb,Barbados,1995,3.034
brb,Barbados,1996,3.091
brb,Barbados,1997,3.325
brb,Barbados,1998,4.088
brb,Barbados,1999,4.302
brb,Barbados,2000,4.245
brb,Barbados,2001,4.357
brb,Barbados,2002,4.391
brb,Barbados,2003,4.543
brb,Barbados,2004,4.615
brb,Barbados,2005,4.778
brb,Barbados,2006,4.843
brb,Barbados,2007,4.894
brb,Barbados,2008,5.764
brb,Barbados,2009,5.687
brb,Barbados,2010,5.193
brb,Barbados,2011,5.361
brb,Barbados,2012,5.149
brb,Barbados,2013,5.064
brb,Barbados,2014,4.372
brb,Barbados,2015,4.364
brb,Barbados,2016,4.434
brb,Barbados,2017,4.439
brb,Barbados,2018,4.479
brb,Barbados,2019,4.462
brb,Barbados,2020,4.143
brb,Barbados,2021,4.433
brb,Barbados,2022,4.522
brn,Brunei,1900,0.564
brn,Brunei,1901,0.574
brn,Brunei,1902,0.585
brn,Brunei,1903,0.59
brn,Brunei,1904,0.596
brn,Brunei,1905,0.604
brn,Brunei,1906,0.61
brn,Brunei,1907,0.618
brn,Brunei,1908,0.627
brn,Brunei,1909,0.637
brn,Brunei,1910,0.643
brn,Brunei,1911,0.656
brn,Brunei,1912,0.665
brn,Brunei,1913,0.679
brn,Brunei,1914,0.7
brn,Brunei,1915,0.708
brn,Brunei,1916,0.715
brn,Brunei,1917,0.728
brn,Brunei,1918,0.747
brn,Brunei,1919,0.759
brn,Brunei,1920,0.78
brn,Brunei,1921,0.776
brn,Brunei,1922,0.781
brn,Brunei,1923,0.789
brn,Brunei,1924,1.092
brn,Brunei,1925,1.159
brn,Brunei,1926,1.18
brn,Brunei,1927,1.373
brn,Brunei,1928,1.371
brn,Brunei,1929,1.446
brn,Brunei,1930,1.463
brn,Brunei,1931,1.353
brn,Brunei,1932,1.03
brn,Brunei,1933,1.02
brn,Brunei,1934,1.176
brn,Brunei,1935,1.271
brn,Brunei,1936,1.361
brn,Brunei,1937,1.319
brn,Brunei,1938,1.519
brn,Brunei,1939,1.752
brn,Brunei,1940,1.81
brn,Brunei,1941,1.794
brn,Brunei,1942,1.956
brn,Brunei,1943,2.132
brn,Brunei,1944,2.324
brn,Brunei,1945,2.533
brn,Brunei,1946,2.761
brn,Brunei,1947,3.009
brn,Brunei,1948,3.28
brn,Brunei,1949,3.575
brn,Brunei,1950,3.897
brn,Brunei,1951,4.248
brn,Brunei,1952,4.63
brn,Brunei,1953,5.047
brn,Brunei,1954,5.501
brn,Brunei,1955,5.996
brn,Brunei,1956,6.535
brn,Brunei,1957,7.124
brn,Brunei,1958,7.765
brn,Brunei,1959,8.464
brn,Brunei,1960,9.225
brn,Brunei,1961,10.056
brn,Brunei,1962,8.979
brn,Brunei,1963,8.275
brn,Brunei,1964,7.27
brn,Brunei,1965,7.436
brn,Brunei,1966,8.326
brn,Brunei,1967,9.921
brn,Brunei,1968,10.77
brn,Brunei,1969,13.245
brn,Brunei,1970,14.126
brn,Brunei,1971,16.57
brn,Brunei,1972,21.73
brn,Brunei,1973,30.535
brn,Brunei,1974,40.395
brn,Brunei,1975,44.772
brn,Brunei,1976,39.766
brn,Brunei,1977,37.133
brn,Brunei,1978,48.744
brn,Brunei,1979,56.349
brn,Brunei,1980,62.15
brn,Brunei,1981,30.783
brn,Brunei,1982,26.678
brn,Brunei,1983,20.088
brn,Brunei,1984,19.239
brn,Brunei,1985,19.859
brn,Brunei,1986,19.132
brn,Brunei,1987,20.482
brn,Brunei,1988,17.713
brn,Brunei,1989,17.56
brn,Brunei,1990,16.476
brn,Brunei,1991,14.487
brn,Brunei,1992,15.214
brn,Brunei,1993,15.801
brn,Brunei,1994,16.102
brn,Brunei,1995,15.412
brn,Brunei,1996,17.08
brn,Brunei,1997,11.745
brn,Brunei,1998,15.958
brn,Brunei,1999,9.357
brn,Brunei,2000,9.287
brn,Brunei,2001,8.826
brn,Brunei,2002,9.113
brn,Brunei,2003,12.351
brn,Brunei,2004,12.717
brn,Brunei,2005,12.274
brn,Brunei,2006,11.558
brn,Brunei,2007,18.81
brn,Brunei,2008,19.379
brn,Brunei,2009,16.564
brn,Brunei,2010,16.747
brn,Brunei,2011,21.757
brn,Brunei,2012,22.143
brn,Brunei,2013,20.711
brn,Brunei,2014,20.771
brn,Brunei,2015,17.81
brn,Brunei,2016,16.486
brn,Brunei,2017,19.416
brn,Brunei,2018,21.472
brn,Brunei,2019,22.357
brn,Brunei,2020,22.427
brn,Brunei,2021,23.997
brn,Brunei,2022,24.477
btn,Bhutan,1900,0.003
btn,Bhutan,1901,0.003
btn,Bhutan,1902,0.003
btn,Bhutan,1903,0.003
btn,Bhutan,1904,0.003
btn,Bhutan,1905,0.003
btn,Bhutan,1906,0.003
btn,Bhutan,1907,0.003
btn,Bhutan,1908,0.003
btn,Bhutan,1909,0.003
btn,Bhutan,1910,0.003
btn,Bhutan,1911,0.003
btn,Bhutan,1912,0.003
btn,Bhutan,1913,0.003
btn,Bhutan,1914,0.004
btn,Bhutan,1915,0.004
btn,Bhutan,1916,0.004
btn,Bhutan,1917,0.004
btn,Bhutan,1918,0.004
btn,Bhutan,1919,0.004
btn,Bhutan,1920,0.004
btn,Bhutan,1921,0.004
btn,Bhutan,1922,0.004
btn,Bhutan,1923,0.004
btn,Bhutan,1924,0.004
btn,Bhutan,1925,0.004
btn,Bhutan,1926,0.004
btn,Bhutan,1927,0.004
btn,Bhutan,1928,0.004
btn,Bhutan,1929,0.004
btn,Bhutan,1930,0.004
btn,Bhutan,1931,0.004
btn,Bhutan,1932,0.004
btn,Bhutan,1933,0.004
btn,Bhutan,1934,0.005
btn,Bhutan,1935,0.005
btn,Bhutan,1936,0.005
btn,Bhutan,1937,0.005
btn,Bhutan,1938,0.005
btn,Bhutan,1939,0.005
btn,Bhutan,1940,0.005
btn,Bhutan,1941,0.005
btn,Bhutan,1942,0.005
btn,Bhutan,1943,0.005
btn,Bhutan,1944,0.005
btn,Bhutan,1945,0.005
btn,Bhutan,1946,0.005
btn,Bhutan,1947,0.005
btn,Bhutan,1948,0.005
btn,Bhutan,1949,0.005
btn,Bhutan,1950,0.005
btn,Bhutan,1951,0.006
btn,Bhutan,1952,0.006
btn,Bhutan,1953,0.006
btn,Bhutan,1954,0.006
btn,Bhutan,1955,0.007
btn,Bhutan,1956,0.007
btn,Bhutan,1957,0.007
btn,Bhutan,1958,0.007
btn,Bhutan,1959,0.008
btn,Bhutan,1960,0.008
btn,Bhutan,1961,0.008
btn,Bhutan,1962,0.009
btn,Bhutan,1963,0.009
btn,Bhutan,1964,0.009
btn,Bhutan,1965,0.01
btn,Bhutan,1966,0.01
btn,Bhutan,1967,0.011
btn,Bhutan,1968,0.011
btn,Bhutan,1969,0.011
btn,Bhutan,1970,0.012
btn,Bhutan,1971,0.012
btn,Bhutan,1972,0.012
btn,Bhutan,1973,0.011
btn,Bhutan,1974,0.011
btn,Bhutan,1975,0.011
btn,Bhutan,1976,0.01
btn,Bhutan,1977,0.02
btn,Bhutan,1978,0.029
btn,Bhutan,1979,0.056
btn,Bhutan,1980,0.054
btn,Bhutan,1981,0.061
btn,Bhutan,1982,0.077
btn,Bhutan,1983,0.067
btn,Bhutan,1984,0.114
btn,Bhutan,1985,0.134
btn,Bhutan,1986,0.115
btn,Bhutan,1987,0.208
btn,Bhutan,1988,0.216
btn,Bhutan,1989,0.119
btn,Bhutan,1990,0.242
btn,Bhutan,1991,0.33
btn,Bhutan,1992,0.385
btn,Bhutan,1993,0.325
btn,Bhutan,1994,0.379
btn,Bhutan,1995,0.442
btn,Bhutan,1996,0.527
btn,Bhutan,1997,0.683
btn,Bhutan,1998,0.651
btn,Bhutan,1999,0.642
btn,Bhutan,2000,0.646
btn,Bhutan,2001,0.612
btn,Bhutan,2002,0.653
btn,Bhutan,2003,0.576
btn,Bhutan,2004,0.455
btn,Bhutan,2005,0.583
btn,Bhutan,2006,0.568
btn,Bhutan,2007,0.56
btn,Bhutan,2008,0.597
btn,Bhutan,2009,0.543
btn,Bhutan,2010,0.678
btn,Bhutan,2011,0.964
btn,Bhutan,2012,1.102
btn,Bhutan,2013,1.203
btn,Bhutan,2014,1.331
btn,Bhutan,2015,1.339
btn,Bhutan,2016,1.563
btn,Bhutan,2017,1.581
btn,Bhutan,2018,1.611
btn,Bhutan,2019,1.652
btn,Bhutan,2020,1.651
btn,Bhutan,2021,1.767
btn,Bhutan,2022,1.802
bwa,Botswana,1900,0.007
bwa,Botswana,1901,0.007
bwa,Botswana,1902,0.007
bwa,Botswana,1903,0.008
bwa,Botswana,1904,0.008
bwa,Botswana,1905,0.008
bwa,Botswana,1906,0.008
bwa,Botswana,1907,0.008
bwa,Botswana,1908,0.008
bwa,Botswana,1909,0.008
bwa,Botswana,1910,0.009
bwa,Botswana,1911,0.009
bwa,Botswana,1912,0.009
bwa,Botswana,1913,0.009
bwa,Botswana,1914,0.009
bwa,Botswana,1915,0.009
bwa,Botswana,1916,0.009
bwa,Botswana,1917,0.009
bwa,Botswana,1918,0.009
bwa,Botswana,1919,0.01
bwa,Botswana,1920,0.01
bwa,Botswana,1921,0.011
bwa,Botswana,1922,0.011
bwa,Botswana,1923,0.011
bwa,Botswana,1924,0.011
bwa,Botswana,1925,0.012
bwa,Botswana,1926,0.012
bwa,Botswana,1927,0.012
bwa,Botswana,1928,0.012
bwa,Botswana,1929,0.012
bwa,Botswana,1930,0.013
bwa,Botswana,1931,0.013
bwa,Botswana,1932,0.012
bwa,Botswana,1933,0.012
bwa,Botswana,1934,0.013
bwa,Botswana,1935,0.013
bwa,Botswana,1936,0.014
bwa,Botswana,1937,0.014
bwa,Botswana,1938,0.015
bwa,Botswana,1939,0.015
bwa,Botswana,1940,0.016
bwa,Botswana,1941,0.016
bwa,Botswana,1942,0.016
bwa,Botswana,1943,0.017
bwa,Botswana,1944,0.017
bwa,Botswana,1945,0.018
bwa,Botswana,1946,0.019
bwa,Botswana,1947,0.018
bwa,Botswana,1948,0.019
bwa,Botswana,1949,0.02
bwa,Botswana,1950,0.02
bwa,Botswana,1951,0.021
bwa,Botswana,1952,0.021
bwa,Botswana,1953,0.022
bwa,Botswana,1954,0.022
bwa,Botswana,1955,0.023
bwa,Botswana,1956,0.024
bwa,Botswana,1957,0.025
bwa,Botswana,1958,0.027
bwa,Botswana,1959,0.027
bwa,Botswana,1960,0.028
bwa,Botswana,1961,0.029
bwa,Botswana,1962,0.029
bwa,Botswana,1963,0.03
bwa,Botswana,1964,0.03
bwa,Botswana,1965,0.032
bwa,Botswana,1966,0.034
bwa,Botswana,1967,0.034
bwa,Botswana,1968,0.035
bwa,Botswana,1969,0.036
bwa,Botswana,1970,0.036
bwa,Botswana,1971,0.038
bwa,Botswana,1972,0.04
bwa,Botswana,1973,0.095
bwa,Botswana,1974,0.167
bwa,Botswana,1975,0.366
bwa,Botswana,1976,1.187
bwa,Botswana,1977,1.582
bwa,Botswana,1978,1.691
bwa,Botswana,1979,1.896
bwa,Botswana,1980,1.94
bwa,Botswana,1981,1.914
bwa,Botswana,1982,1.888
bwa,Botswana,1983,1.99
bwa,Botswana,1984,1.802
bwa,Botswana,1985,1.765
bwa,Botswana,1986,1.887
bwa,Botswana,1987,1.673
bwa,Botswana,1988,1.87
bwa,Botswana,1989,1.89
bwa,Botswana,1990,2.002
bwa,Botswana,1991,1.898
bwa,Botswana,1992,1.944
bwa,Botswana,1993,2.173
bwa,Botswana,1994,2.004
bwa,Botswana,1995,1.962
bwa,Botswana,1996,1.732
bwa,Botswana,1997,1.719
bwa,Botswana,1998,2.007
bwa,Botswana,1999,1.857
bwa,Botswana,2000,1.897
bwa,Botswana,2001,1.8
bwa,Botswana,2002,2.454
bwa,Botswana,2003,1.419
bwa,Botswana,2004,1.422
bwa,Botswana,2005,1.385
bwa,Botswana,2006,1.188
bwa,Botswana,2007,1.455
bwa,Botswana,2008,1.654
bwa,Botswana,2009,1.901
bwa,Botswana,2010,5.05
bwa,Botswana,2011,6.163
bwa,Botswana,2012,5.713
bwa,Botswana,2013,5.632
bwa,Botswana,2014,6.278
bwa,Botswana,2015,5.819
bwa,Botswana,2016,5.908
bwa,Botswana,2017,4.937
bwa,Botswana,2018,4.944
bwa,Botswana,2019,4.931
bwa,Botswana,2020,4.677
bwa,Botswana,2021,5.004
bwa,Botswana,2022,5.104
caf,Central African Republic,1900,0.018
caf,Central African Republic,1901,0.018
caf,Central African Republic,1902,0.018
caf,Central African Republic,1903,0.019
caf,Central African Republic,1904,0.019
caf,Central African Republic,1905,0.019
caf,Central African Republic,1906,0.02
caf,Central African Republic,1907,0.02
caf,Central African Republic,1908,0.02
caf,Central African Republic,1909,0.021
caf,Central African Republic,1910,0.021
caf,Central African Republic,1911,0.021
caf,Central African Republic,1912,0.023
caf,Central African Republic,1913,0.022
caf,Central African Republic,1914,0.022
caf,Central African Republic,1915,0.022
caf,Central African Republic,1916,0.022
caf,Central African Republic,1917,0.023
caf,Central African Republic,1918,0.023
caf,Central African Republic,1919,0.025
caf,Central African Republic,1920,0.025
caf,Central African Republic,1921,0.026
caf,Central African Republic,1922,0.026
caf,Central African Republic,1923,0.026
caf,Central African Republic,1924,0.027
caf,Central African Republic,1925,0.028
caf,Central African Republic,1926,0.029
caf,Central African Republic,1927,0.03
caf,Central African Republic,1928,0.029
caf,Central African Republic,1929,0.03
caf,Central African Republic,1930,0.031
caf,Central African Republic,1931,0.032
caf,Central African Republic,1932,0.03
caf,Central African Republic,1933,0.03
caf,Central African Republic,1934,0.032
caf,Central African Republic,1935,0.033
caf,Central African Republic,1936,0.034
caf,Central African Republic,1937,0.035
caf,Central African Republic,1938,0.037
caf,Central African Republic,1939,0.037
caf,Central African Republic,1940,0.038
caf,Central African Republic,1941,0.039
caf,Central African Republic,1942,0.04
caf,Central African Republic,1943,0.042
caf,Central African Republic,1944,0.042
caf,Central African Republic,1945,0.044
caf,Central African Republic,1946,0.045
caf,Central African Republic,1947,0.045
caf,Central African Republic,1948,0.046
caf,Central African Republic,1949,0.049
caf,Central African Republic,1950,0.049
caf,Central African Republic,1951,0.052
caf,Central African Republic,1952,0.051
caf,Central African Republic,1953,0.053
caf,Central African Republic,1954,0.054
caf,Central African Republic,1955,0.056
caf,Central African Republic,1956,0.059
caf,Central African Republic,1957,0.061
caf,Central African Republic,1958,0.066
caf,Central African Republic,1959,0.067
caf,Central African Republic,1960,0.059
caf,Central African Republic,1961,0.058
caf,Central African Republic,1962,0.047
caf,Central African Republic,1963,0.046
caf,Central African Republic,1964,0.046
caf,Central African Republic,1965,0.054
caf,Central African Republic,1966,0.05
caf,Central African Republic,1967,0.054
caf,Central African Republic,1968,0.105
caf,Central African Republic,1969,0.105
caf,Central African Republic,1970,0.115
caf,Central African Republic,1971,0.1
caf,Central African Republic,1972,0.09
caf,Central African Republic,1973,0.085
caf,Central African Republic,1974,0.059
caf,Central African Republic,1975,0.052
caf,Central African Republic,1976,0.064
caf,Central African Republic,1977,0.063
caf,Central African Republic,1978,0.07
caf,Central African Republic,1979,0.048
caf,Central African Republic,1980,0.048
caf,Central African Republic,1981,0.06
caf,Central African Republic,1982,0.061
caf,Central African Republic,1983,0.061
caf,Central African Republic,1984,0.061
caf,Central African Republic,1985,0.063
caf,Central African Republic,1986,0.062
caf,Central African Republic,1987,0.098
caf,Central African Republic,1988,0.086
caf,Central African Republic,1989,0.091
caf,Central African Republic,1990,0.071
caf,Central African Republic,1991,0.071
caf,Central African Republic,1992,0.073
caf,Central African Republic,1993,0.073
caf,Central African Republic,1994,0.075
caf,Central African Republic,1995,0.073
caf,Central African Republic,1996,0.071
caf,Central African Republic,1997,0.072
caf,Central African Republic,1998,0.072
caf,Central African Republic,1999,0.074
caf,Central African Republic,2000,0.074
caf,Central African Republic,2001,0.066
caf,Central African Republic,2002,0.065
caf,Central African Republic,2003,0.06
caf,Central African Republic,2004,0.059
caf,Central African Republic,2005,0.058
caf,Central African Republic,2006,0.061
caf,Central African Republic,2007,0.06
caf,Central African Republic,2008,0.059
caf,Central African Republic,2009,0.058
caf,Central African Republic,2010,0.06
caf,Central African Republic,2011,0.063
caf,Central African Republic,2012,0.066
caf,Central African Republic,2013,0.064
caf,Central African Republic,2014,0.065
caf,Central African Republic,2015,0.065
caf,Central African Republic,2016,0.065
caf,Central African Republic,2017,0.065
caf,Central African Republic,2018,0.065
caf,Central African Republic,2019,0.066
caf,Central African Republic,2020,0.065
caf,Central African Republic,2021,0.07
caf,Central African Republic,2022,0.071
can,Canada,1900,3.815
can,Canada,1901,4.32
can,Canada,1902,4.537
can,Canada,1903,4.814
can,Canada,1904,5.545
can,Canada,1905,5.77
can,Canada,1906,5.933
can,Canada,1907,7.257
can,Canada,1908,7.125
can,Canada,1909,6.649
can,Canada,1910,7.382
can,Canada,1911,8.426
can,Canada,1912,9.207
can,Canada,1913,10.638
can,Canada,1914,8.995
can,Canada,1915,7.881
can,Canada,1916,9.666
can,Canada,1917,10.566
can,Canada,1918,10.874
can,Canada,1919,9.063
can,Canada,1920,9.859
can,Canada,1921,9.231
can,Canada,1922,7.796
can,Canada,1923,10.291
can,Canada,1924,8.415
can,Canada,1925,8.041
can,Canada,1926,8.899
can,Canada,1927,9.491
can,Canada,1928,9.507
can,Canada,1929,9.878
can,Canada,1930,9.273
can,Canada,1931,7.355
can,Canada,1932,6.725
can,Canada,1933,6.584
can,Canada,1934,7.491
can,Canada,1935,7.307
can,Canada,1936,7.904
can,Canada,1937,8.483
can,Canada,1938,7.679
can,Canada,1939,8.423
can,Canada,1940,9.499
can,Canada,1941,10.348
can,Canada,1942,11.101
can,Canada,1943,11.483
can,Canada,1944,11.468
can,Canada,1945,10.469
can,Canada,1946,10.904
can,Canada,1947,11.104
can,Canada,1948,12.041
can,Canada,1949,10.8
can,Canada,1950,11.233
can,Canada,1951,11.565
can,Canada,1952,11.045
can,Canada,1953,10.836
can,Canada,1954,10.699
can,Canada,1955,10.822
can,Canada,1956,11.789
can,Canada,1957,11.049
can,Canada,1958,10.722
can,Canada,1959,10.589
can,Canada,1960,10.807
can,Canada,1961,10.648
can,Canada,1962,11.14
can,Canada,1963,11.144
can,Canada,1964,12.332
can,Canada,1965,12.851
can,Canada,1966,12.991
can,Canada,1967,13.891
can,Canada,1968,14.722
can,Canada,1969,14.689
can,Canada,1970,16.096
can,Canada,1971,16.414
can,Canada,1972,17.545
can,Canada,1973,17.399
can,Canada,1974,17.636
can,Canada,1975,17.84
can,Canada,1976,17.834
can,Canada,1977,18.127
can,Canada,1978,18.361
can,Canada,1979,19.379
can,Canada,1980,19.264
can,Canada,1981,18.498
can,Canada,1982,17.763
can,Canada,1983,16.965
can,Canada,1984,16.545
can,Canada,1985,17.045
can,Canada,1986,16.707
can,Canada,1987,15.829
can,Canada,1988,16.628
can,Canada,1989,17.336
can,Canada,1990,17.369
can,Canada,1991,17.122
can,Canada,1992,17.381
can,Canada,1993,16.743
can,Canada,1994,16.734
can,Canada,1995,16.827
can,Canada,1996,16.978
can,Canada,1997,17.875
can,Canada,1998,17.842
can,Canada,1999,17.72
can,Canada,2000,18.805
can,Canada,2001,17.929
can,Canada,2002,18.5
can,Canada,2003,18.149
can,Canada,2004,18.201
can,Canada,2005,18.801
can,Canada,2006,17.627
can,Canada,2007,18.162
can,Canada,2008,17.497
can,Canada,2009,17.043
can,Canada,2010,17.81
can,Canada,2011,17.46
can,Canada,2012,16.622
can,Canada,2013,16.459
can,Canada,2014,15.769
can,Canada,2015,15.144
can,Canada,2016,14.424
can,Canada,2017,14.439
can,Canada,2018,14.305
can,Canada,2019,13.981
can,Canada,2020,12.88
can,Canada,2021,12.915
can,Canada,2022,13.173
che,Switzerland,1900,1.729
che,Switzerland,1901,1.561
che,Switzerland,1902,1.558
che,Switzerland,1903,1.667
che,Switzerland,1904,1.731
che,Switzerland,1905,1.789
che,Switzerland,1906,1.953
che,Switzerland,1907,2.238
che,Switzerland,1908,2.213
che,Switzerland,1909,2.207
che,Switzerland,1910,2.112
che,Switzerland,1911,2.318
che,Switzerland,1912,2.346
che,Switzerland,1913,2.468
che,Switzerland,1914,2.24
che,Switzerland,1915,2.364
che,Switzerland,1916,2.239
che,Switzerland,1917,1.606
che,Switzerland,1918,1.505
che,Switzerland,1919,1.202
che,Switzerland,1920,1.88
che,Switzerland,1921,1.156
che,Switzerland,1922,1.586
che,Switzerland,1923,1.967
che,Switzerland,1924,1.848
che,Switzerland,1925,1.917
che,Switzerland,1926,1.889
che,Switzerland,1927,2.168
che,Switzerland,1928,2.251
che,Switzerland,1929,2.566
che,Switzerland,1930,2.379
che,Switzerland,1931,2.503
che,Switzerland,1932,2.524
che,Switzerland,1933,2.351
che,Switzerland,1934,2.338
che,Switzerland,1935,2.309
che,Switzerland,1936,2.407
che,Switzerland,1937,2.528
che,Switzerland,1938,2.517
che,Switzerland,1939,2.838
che,Switzerland,1940,1.976
che,Switzerland,1941,1.563
che,Switzerland,1942,1.364
che,Switzerland,1943,1.427
che,Switzerland,1944,1.018
che,Switzerland,1945,0.367
che,Switzerland,1946,1.292
che,Switzerland,1947,2.094
che,Switzerland,1948,2.24
che,Switzerland,1949,1.851
che,Switzerland,1950,2.195
che,Switzerland,1951,2.608
che,Switzerland,1952,2.351
che,Switzerland,1953,2.137
che,Switzerland,1954,2.573
che,Switzerland,1955,2.75
che,Switzerland,1956,3.408
che,Switzerland,1957,3.496
che,Switzerland,1958,3.179
che,Switzerland,1959,3.196
che,Switzerland,1960,3.695
che,Switzerland,1961,3.79
che,Switzerland,1962,4.402
che,Switzerland,1963,5.202
che,Switzerland,1964,4.947
che,Switzerland,1965,5.267
che,Switzerland,1966,5.434
che,Switzerland,1967,5.624
che,Switzerland,1968,6.304
che,Switzerland,1969,6.84
che,Switzerland,1970,7.532
che,Switzerland,1971,8.282
che,Switzerland,1972,9.083
che,Switzerland,1973,10.575
che,Switzerland,1974,10.314
che,Switzerland,1975,10.582
che,Switzerland,1976,11.874
che,Switzerland,1977,12.936
che,Switzerland,1978,14.072
che,Switzerland,1979,13.834
che,Switzerland,1980,14.32
che,Switzerland,1981,13.701
che,Switzerland,1982,13.107
che,Switzerland,1983,12.306
che,Switzerland,1984,13.387
che,Switzerland,1985,13.007
che,Switzerland,1986,13.143
che,Switzerland,1987,13.877
che,Switzerland,1988,13.13
che,Switzerland,1989,13.198
che,Switzerland,1990,12.704
che,Switzerland,1991,12.899
che,Switzerland,1992,13.854
che,Switzerland,1993,12.517
che,Switzerland,1994,12.303
che,Switzerland,1995,12.764
che,Switzerland,1996,15.147
che,Switzerland,1997,13.454
che,Switzerland,1998,16.312
che,Switzerland,1999,14.699
che,Switzerland,2000,12.314
che,Switzerland,2001,14.699
che,Switzerland,2002,13.273
che,Switzerland,2003,12.931
che,Switzerland,2004,13.421
che,Switzerland,2005,14.571
che,Switzerland,2006,15.668
che,Switzerland,2007,14.215
che,Switzerland,2008,13.921
che,Switzerland,2009,13.482
che,Switzerland,2010,12.901
che,Switzerland,2011,13.145
che,Switzerland,2012,18.803
che,Switzerland,2013,17.47
che,Switzerland,2014,17.022
che,Switzerland,2015,17.325
che,Switzerland,2016,19.302
che,Switzerland,2017,15.13
che,Switzerland,2018,14.61
che,Switzerland,2019,14.027
che,Switzerland,2020,12.289
che,Switzerland,2021,11.762
che,Switzerland,2022,11.644
chl,Chile,1900,0.271
chl,Chile,1901,0.494
chl,Chile,1902,0.61
chl,Chile,1903,0.664
chl,Chile,1904,0.597
chl,Chile,1905,0.622
chl,Chile,1906,0.722
chl,Chile,1907,0.637
chl,Chile,1908,0.709
chl,Chile,1909,0.67
chl,Chile,1910,0.791
chl,Chile,1911,0.863
chl,Chile,1912,0.95
chl,Chile,1913,0.909
chl,Chile,1914,0.76
chl,Chile,1915,0.81
chl,Chile,1916,0.967
chl,Chile,1917,1.037
chl,Chile,1918,1.01
chl,Chile,1919,0.977
chl,Chile,1920,0.691
chl,Chile,1921,0.818
chl,Chile,1922,0.667
chl,Chile,1923,0.727
chl,Chile,1924,0.948
chl,Chile,1925,0.883
chl,Chile,1926,0.894
chl,Chile,1927,0.876
chl,Chile,1928,0.816
chl,Chile,1929,0.883
chl,Chile,1930,0.834
chl,Chile,1931,0.624
chl,Chile,1932,0.607
chl,Chile,1933,0.844
chl,Chile,1934,0.979
chl,Chile,1935,1.019
chl,Chile,1936,0.985
chl,Chile,1937,1.017
chl,Chile,1938,1.047
chl,Chile,1939,0.932
chl,Chile,1940,0.962
chl,Chile,1941,1.001
chl,Chile,1942,1.024
chl,Chile,1943,1.058
chl,Chile,1944,1.044
chl,Chile,1945,0.941
chl,Chile,1946,0.89
chl,Chile,1947,0.917
chl,Chile,1948,0.98
chl,Chile,1949,0.909
chl,Chile,1950,1.282
chl,Chile,1951,1.485
chl,Chile,1952,1.545
chl,Chile,1953,1.484
chl,Chile,1954,1.548
chl,Chile,1955,1.585
chl,Chile,1956,1.584
chl,Chile,1957,1.537
chl,Chile,1958,1.598
chl,Chile,1959,1.596
chl,Chile,1960,1.658
chl,Chile,1961,1.743
chl,Chile,1962,1.973
chl,Chile,1963,2.006
chl,Chile,1964,1.986
chl,Chile,1965,1.976
chl,Chile,1966,2.053
chl,Chile,1967,2.069
chl,Chile,1968,2.243
chl,Chile,1969,2.346
chl,Chile,1970,2.526
chl,Chile,1971,2.733
chl,Chile,1972,2.801
chl,Chile,1973,2.708
chl,Chile,1974,2.505
chl,Chile,1975,2.192
chl,Chile,1976,2.265
chl,Chile,1977,2.141
chl,Chile,1978,2.097
chl,Chile,1979,2.239
chl,Chile,1980,2.241
chl,Chile,1981,2.143
chl,Chile,1982,2.049
chl,Chile,1983,1.7
chl,Chile,1984,1.693
chl,Chile,1985,1.776
chl,Chile,1986,1.693
chl,Chile,1987,1.725
chl,Chile,1988,1.728
chl,Chile,1989,2.018
chl,Chile,1990,2.39
chl,Chile,1991,2.269
chl,Chile,1992,2.399
chl,Chile,1993,2.519
chl,Chile,1994,2.651
chl,Chile,1995,2.831
chl,Chile,1996,3.254
chl,Chile,1997,3.66
chl,Chile,1998,3.691
chl,Chile,1999,3.87
chl,Chile,2000,3.822
chl,Chile,2001,3.407
chl,Chile,2002,3.555
chl,Chile,2003,3.373
chl,Chile,2004,3.549
chl,Chile,2005,3.75
chl,Chile,2006,3.907
chl,Chile,2007,4.247
chl,Chile,2008,4.8
chl,Chile,2009,3.797
chl,Chile,2010,4.319
chl,Chile,2011,4.898
chl,Chile,2012,5.087
chl,Chile,2013,5.106
chl,Chile,2014,4.676
chl,Chile,2015,4.802
chl,Chile,2016,4.813
chl,Chile,2017,4.773
chl,Chile,2018,4.911
chl,Chile,2019,5.086
chl,Chile,2020,4.408
chl,Chile,2021,4.455
chl,Chile,2022,4.544
chn,China,1903,0.005
chn,China,1904,0.005
chn,China,1905,0.006
chn,China,1906,0.041
chn,China,1907,0.04
chn,China,1908,0.054
chn,China,1909,0.049
chn,China,1910,0.044
chn,China,1911,0.065
chn,China,1912,0.023
chn,China,1913,0.025
chn,China,1914,0.034
chn,China,1915,0.036
chn,China,1916,0.04
chn,China,1917,0.043
chn,China,1918,0.045
chn,China,1919,0.052
chn,China,1920,0.057
chn,China,1921,0.053
chn,China,1922,0.056
chn,China,1923,0.067
chn,China,1924,0.073
chn,China,1925,0.069
chn,China,1926,0.061
chn,China,1927,0.069
chn,China,1928,0.07
chn,China,1929,0.073
chn,China,1930,0.077
chn,China,1931,0.081
chn,China,1932,0.078
chn,China,1933,0.084
chn,China,1934,0.098
chn,China,1935,0.114
chn,China,1936,0.128
chn,China,1937,0.118
chn,China,1938,0.107
chn,China,1939,0.13
chn,China,1940,0.165
chn,China,1941,0.206
chn,China,1942,0.216
chn,China,1943,0.184
chn,China,1944,0.184
chn,China,1945,0.094
chn,China,1946,0.058
chn,China,1947,0.062
chn,China,1948,0.044
chn,China,1949,0.108
chn,China,1950,0.142
chn,China,1951,0.179
chn,China,1952,0.22
chn,China,1953,0.226
chn,China,1954,0.268
chn,China,1955,0.312
chn,China,1956,0.348
chn,China,1957,0.407
chn,China,1958,0.821
chn,China,1959,1.108
chn,China,1960,1.181
chn,China,1961,0.822
chn,China,1962,0.645
chn,China,1963,0.628
chn,China,1964,0.616
chn,China,1965,0.656
chn,China,1966,0.703
chn,China,1967,0.567
chn,China,1968,0.597
chn,China,1969,0.715
chn,China,1970,0.931
chn,China,1971,1.03
chn,China,1972,1.068
chn,China,1973,1.084
chn,China,1974,1.083
chn,China,1975,1.23
chn,China,1976,1.26
chn,China,1977,1.357
chn,China,1978,1.491
chn,China,1979,1.502
chn,China,1980,1.452
chn,China,1981,1.416
chn,China,1982,1.382
chn,China,1983,1.483
chn,China,1984,1.542
chn,China,1985,1.654
chn,China,1986,1.762
chn,China,1987,1.82
chn,China,1988,1.906
chn,China,1989,2.004
chn,China,1990,2.001
chn,China,1991,2.04
chn,China,1992,2.165
chn,China,1993,2.294
chn,China,1994,2.264
chn,China,1995,2.443
chn,China,1996,2.528
chn,China,1997,2.455
chn,China,1998,2.359
chn,China,1999,2.509
chn,China,2000,2.562
chn,China,2001,2.62
chn,China,2002,2.84
chn,China,2003,3.138
chn,China,2004,3.314
chn,China,2005,3.594
chn,China,2006,3.887
chn,China,2007,4.174
chn,China,2008,4.464
chn,China,2009,4.994
chn,China,2010,5.415
chn,China,2011,5.966
chn,China,2012,6.189
chn,China,2013,6.311
chn,China,2014,6.336
chn,China,2015,6.333
chn,China,2016,6.295
chn,China,2017,6.453
chn,China,2018,6.756
chn,China,2019,6.966
chn,China,2020,7.003
chn,China,2021,7.454
chn,China,2022,7.379
civ,Cote d'Ivoire,1900,0.041
civ,Cote d'Ivoire,1901,0.04
civ,Cote d'Ivoire,1902,0.041
civ,Cote d'Ivoire,1903,0.042
civ,Cote d'Ivoire,1904,0.044
civ,Cote d'Ivoire,1905,0.044
civ,Cote d'Ivoire,1906,0.045
civ,Cote d'Ivoire,1907,0.046
civ,Cote d'Ivoire,1908,0.047
civ,Cote d'Ivoire,1909,0.047
civ,Cote d'Ivoire,1910,0.048
civ,Cote d'Ivoire,1911,0.049
civ,Cote d'Ivoire,1912,0.052
civ,Cote d'Ivoire,1913,0.05
civ,Cote d'Ivoire,1914,0.05
civ,Cote d'Ivoire,1915,0.05
civ,Cote d'Ivoire,1916,0.05
civ,Cote d'Ivoire,1917,0.052
civ,Cote d'Ivoire,1918,0.053
civ,Cote d'Ivoire,1919,0.056
civ,Cote d'Ivoire,1920,0.058
civ,Cote d'Ivoire,1921,0.059
civ,Cote d'Ivoire,1922,0.06
civ,Cote d'Ivoire,1923,0.06
civ,Cote d'Ivoire,1924,0.062
civ,Cote d'Ivoire,1925,0.064
civ,Cote d'Ivoire,1926,0.067
civ,Cote d'Ivoire,1927,0.069
civ,Cote d'Ivoire,1928,0.067
civ,Cote d'Ivoire,1929,0.068
civ,Cote d'Ivoire,1930,0.071
civ,Cote d'Ivoire,1931,0.074
civ,Cote d'Ivoire,1932,0.07
civ,Cote d'Ivoire,1933,0.07
civ,Cote d'Ivoire,1934,0.072
civ,Cote d'Ivoire,1935,0.075
civ,Cote d'Ivoire,1936,0.077
civ,Cote d'Ivoire,1937,0.08
civ,Cote d'Ivoire,1938,0.085
civ,Cote d'Ivoire,1939,0.086
civ,Cote d'Ivoire,1940,0.087
civ,Cote d'Ivoire,1941,0.09
civ,Cote d'Ivoire,1942,0.092
civ,Cote d'Ivoire,1943,0.096
civ,Cote d'Ivoire,1944,0.097
civ,Cote d'Ivoire,1945,0.1
civ,Cote d'Ivoire,1946,0.104
civ,Cote d'Ivoire,1947,0.103
civ,Cote d'Ivoire,1948,0.105
civ,Cote d'Ivoire,1949,0.111
civ,Cote d'Ivoire,1950,0.113
civ,Cote d'Ivoire,1951,0.119
civ,Cote d'Ivoire,1952,0.118
civ,Cote d'Ivoire,1953,0.121
civ,Cote d'Ivoire,1954,0.124
civ,Cote d'Ivoire,1955,0.129
civ,Cote d'Ivoire,1956,0.134
civ,Cote d'Ivoire,1957,0.141
civ,Cote d'Ivoire,1958,0.152
civ,Cote d'Ivoire,1959,0.161
civ,Cote d'Ivoire,1960,0.132
civ,Cote d'Ivoire,1961,0.152
civ,Cote d'Ivoire,1962,0.156
civ,Cote d'Ivoire,1963,0.159
civ,Cote d'Ivoire,1964,0.187
civ,Cote d'Ivoire,1965,0.278
civ,Cote d'Ivoire,1966,0.283
civ,Cote d'Ivoire,1967,0.3
civ,Cote d'Ivoire,1968,0.34
civ,Cote d'Ivoire,1969,0.388
civ,Cote d'Ivoire,1970,0.442
civ,Cote d'Ivoire,1971,0.464
civ,Cote d'Ivoire,1972,0.492
civ,Cote d'Ivoire,1973,0.5
civ,Cote d'Ivoire,1974,0.54
civ,Cote d'Ivoire,1975,0.636
civ,Cote d'Ivoire,1976,0.607
civ,Cote d'Ivoire,1977,0.595
civ,Cote d'Ivoire,1978,0.678
civ,Cote d'Ivoire,1979,0.732
civ,Cote d'Ivoire,1980,0.721
civ,Cote d'Ivoire,1981,0.479
civ,Cote d'Ivoire,1982,0.318
civ,Cote d'Ivoire,1983,0.438
civ,Cote d'Ivoire,1984,0.341
civ,Cote d'Ivoire,1985,0.372
civ,Cote d'Ivoire,1986,0.486
civ,Cote d'Ivoire,1987,0.374
civ,Cote d'Ivoire,1988,0.474
civ,Cote d'Ivoire,1989,0.548
civ,Cote d'Ivoire,1990,0.496
civ,Cote d'Ivoire,1991,0.447
civ,Cote d'Ivoire,1992,0.45
civ,Cote d'Ivoire,1993,0.49
civ,Cote d'Ivoire,1994,0.383
civ,Cote d'Ivoire,1995,0.493
civ,Cote d'Ivoire,1996,0.451
civ,Cote d'Ivoire,1997,0.419
civ,Cote d'Ivoire,1998,0.529
civ,Cote d'Ivoire,1999,0.376
civ,Cote d'Ivoire,2000,0.4
civ,Cote d'Ivoire,2001,0.385
civ,Cote d'Ivoire,2002,0.316
civ,Cote d'Ivoire,2003,0.348
civ,Cote d'Ivoire,2004,0.405
civ,Cote d'Ivoire,2005,0.402
civ,Cote d'Ivoire,2006,0.425
civ,Cote d'Ivoire,2007,0.415
civ,Cote d'Ivoire,2008,0.408
civ,Cote d'Ivoire,2009,0.344
civ,Cote d'Ivoire,2010,0.383
civ,Cote d'Ivoire,2011,0.366
civ,Cote d'Ivoire,2012,0.509
civ,Cote d'Ivoire,2013,0.554
civ,Cote d'Ivoire,2014,0.578
civ,Cote d'Ivoire,2015,0.559
civ,Cote d'Ivoire,2016,0.63
civ,Cote d'Ivoire,2017,0.612
civ,Cote d'Ivoire,2018,0.582
civ,Cote d'Ivoire,2019,0.567
civ,Cote d'Ivoire,2020,0.546
civ,Cote d'Ivoire,2021,0.584
civ,Cote d'Ivoire,2022,0.596
cmr,Cameroon,1900,0.012
cmr,Cameroon,1901,0.012
cmr,Cameroon,1902,0.012
cmr,Cameroon,1903,0.012
cmr,Cameroon,1904,0.012
cmr,Cameroon,1905,0.013
cmr,Cameroon,1906,0.013
cmr,Cameroon,1907,0.013
cmr,Cameroon,1908,0.013
cmr,Cameroon,1909,0.014
cmr,Cameroon,1910,0.014
cmr,Cameroon,1911,0.014
cmr,Cameroon,1912,0.015
cmr,Cameroon,1913,0.014
cmr,Cameroon,1914,0.014
cmr,Cameroon,1915,0.014
cmr,Cameroon,1916,0.014
cmr,Cameroon,1917,0.015
cmr,Cameroon,1918,0.015
cmr,Cameroon,1919,0.016
cmr,Cameroon,1920,0.017
cmr,Cameroon,1921,0.017
cmr,Cameroon,1922,0.017
cmr,Cameroon,1923,0.017
cmr,Cameroon,1924,0.018
cmr,Cameroon,1925,0.018
cmr,Cameroon,1926,0.019
cmr,Cameroon,1927,0.02
cmr,Cameroon,1928,0.019
cmr,Cameroon,1929,0.02
cmr,Cameroon,1930,0.02
cmr,Cameroon,1931,0.021
cmr,Cameroon,1932,0.02
cmr,Cameroon,1933,0.02
cmr,Cameroon,1934,0.021
cmr,Cameroon,1935,0.021
cmr,Cameroon,1936,0.022
cmr,Cameroon,1937,0.023
cmr,Cameroon,1938,0.025
cmr,Cameroon,1939,0.025
cmr,Cameroon,1940,0.025
cmr,Cameroon,1941,0.026
cmr,Cameroon,1942,0.026
cmr,Cameroon,1943,0.028
cmr,Cameroon,1944,0.028
cmr,Cameroon,1945,0.029
cmr,Cameroon,1946,0.03
cmr,Cameroon,1947,0.03
cmr,Cameroon,1948,0.03
cmr,Cameroon,1949,0.032
cmr,Cameroon,1950,0.032
cmr,Cameroon,1951,0.042
cmr,Cameroon,1952,0.063
cmr,Cameroon,1953,0.044
cmr,Cameroon,1954,0.05
cmr,Cameroon,1955,0.05
cmr,Cameroon,1956,0.05
cmr,Cameroon,1957,0.053
cmr,Cameroon,1958,0.056
cmr,Cameroon,1959,0.055
cmr,Cameroon,1960,0.052
cmr,Cameroon,1961,0.053
cmr,Cameroon,1962,0.054
cmr,Cameroon,1963,0.054
cmr,Cameroon,1964,0.06
cmr,Cameroon,1965,0.054
cmr,Cameroon,1966,0.058
cmr,Cameroon,1967,0.074
cmr,Cameroon,1968,0.079
cmr,Cameroon,1969,0.085
cmr,Cameroon,1970,0.089
cmr,Cameroon,1971,0.105
cmr,Cameroon,1972,0.102
cmr,Cameroon,1973,0.095
cmr,Cameroon,1974,0.09
cmr,Cameroon,1975,0.092
cmr,Cameroon,1976,0.072
cmr,Cameroon,1977,0.085
cmr,Cameroon,1978,0.09
cmr,Cameroon,1979,0.07
cmr,Cameroon,1980,0.134
cmr,Cameroon,1981,0.178
cmr,Cameroon,1982,0.236
cmr,Cameroon,1983,0.272
cmr,Cameroon,1984,0.274
cmr,Cameroon,1985,0.245
cmr,Cameroon,1986,0.254
cmr,Cameroon,1987,0.076
cmr,Cameroon,1988,0.068
cmr,Cameroon,1989,0.077
cmr,Cameroon,1990,0.262
cmr,Cameroon,1991,0.257
cmr,Cameroon,1992,0.264
cmr,Cameroon,1993,0.269
cmr,Cameroon,1994,0.256
cmr,Cameroon,1995,0.273
cmr,Cameroon,1996,0.289
cmr,Cameroon,1997,0.294
cmr,Cameroon,1998,0.28
cmr,Cameroon,1999,0.218
cmr,Cameroon,2000,0.298
cmr,Cameroon,2001,0.342
cmr,Cameroon,2002,0.405
cmr,Cameroon,2003,0.36
cmr,Cameroon,2004,0.347
cmr,Cameroon,2005,0.346
cmr,Cameroon,2006,0.32
cmr,Cameroon,2007,0.395
cmr,Cameroon,2008,0.392
cmr,Cameroon,2009,0.465
cmr,Cameroon,2010,0.472
cmr,Cameroon,2011,0.445
cmr,Cameroon,2012,0.462
cmr,Cameroon,2013,0.438
cmr,Cameroon,2014,0.469
cmr,Cameroon,2015,0.478
cmr,Cameroon,2016,0.485
cmr,Cameroon,2017,0.459
cmr,Cameroon,2018,0.411
cmr,Cameroon,2019,0.389
cmr,Cameroon,2020,0.374
cmr,Cameroon,2021,0.4
cmr,Cameroon,2022,0.408
cod,"Congo, Dem. Rep.",1921,0.001
cod,"Congo, Dem. Rep.",1922,0.01
cod,"Congo, Dem. Rep.",1923,0.019
cod,"Congo, Dem. Rep.",1924,0.026
cod,"Congo, Dem. Rep.",1925,0.02
cod,"Congo, Dem. Rep.",1926,0.027
cod,"Congo, Dem. Rep.",1927,0.026
cod,"Congo, Dem. Rep.",1928,0.032
cod,"Congo, Dem. Rep.",1929,0.034
cod,"Congo, Dem. Rep.",1930,0.043
cod,"Congo, Dem. Rep.",1931,0.027
cod,"Congo, Dem. Rep.",1932,0.005
cod,"Congo, Dem. Rep.",1934,0.002
cod,"Congo, Dem. Rep.",1935,0.003
cod,"Congo, Dem. Rep.",1936,0.004
cod,"Congo, Dem. Rep.",1937,0.01
cod,"Congo, Dem. Rep.",1938,0.012
cod,"Congo, Dem. Rep.",1939,0.009
cod,"Congo, Dem. Rep.",1940,0.007
cod,"Congo, Dem. Rep.",1941,0.01
cod,"Congo, Dem. Rep.",1942,0.013
cod,"Congo, Dem. Rep.",1943,0.02
cod,"Congo, Dem. Rep.",1944,0.016
cod,"Congo, Dem. Rep.",1945,0.015
cod,"Congo, Dem. Rep.",1946,0.027
cod,"Congo, Dem. Rep.",1947,0.028
cod,"Congo, Dem. Rep.",1948,0.032
cod,"Congo, Dem. Rep.",1949,0.04
cod,"Congo, Dem. Rep.",1950,0.122
cod,"Congo, Dem. Rep.",1951,0.141
cod,"Congo, Dem. Rep.",1952,0.165
cod,"Congo, Dem. Rep.",1953,0.177
cod,"Congo, Dem. Rep.",1954,0.213
cod,"Congo, Dem. Rep.",1955,0.251
cod,"Congo, Dem. Rep.",1956,0.23
cod,"Congo, Dem. Rep.",1957,0.235
cod,"Congo, Dem. Rep.",1958,0.202
cod,"Congo, Dem. Rep.",1959,0.182
cod,"Congo, Dem. Rep.",1960,0.152
cod,"Congo, Dem. Rep.",1961,0.151
cod,"Congo, Dem. Rep.",1962,0.136
cod,"Congo, Dem. Rep.",1963,0.139
cod,"Congo, Dem. Rep.",1964,0.117
cod,"Congo, Dem. Rep.",1965,0.142
cod,"Congo, Dem. Rep.",1966,0.135
cod,"Congo, Dem. Rep.",1967,0.125
cod,"Congo, Dem. Rep.",1968,0.178
cod,"Congo, Dem. Rep.",1969,0.188
cod,"Congo, Dem. Rep.",1970,0.136
cod,"Congo, Dem. Rep.",1971,0.144
cod,"Congo, Dem. Rep.",1972,0.143
cod,"Congo, Dem. Rep.",1973,0.147
cod,"Congo, Dem. Rep.",1974,0.151
cod,"Congo, Dem. Rep.",1975,0.141
cod,"Congo, Dem. Rep.",1976,0.145
cod,"Congo, Dem. Rep.",1977,0.144
cod,"Congo, Dem. Rep.",1978,0.141
cod,"Congo, Dem. Rep.",1979,0.146
cod,"Congo, Dem. Rep.",1980,0.132
cod,"Congo, Dem. Rep.",1981,0.139
cod,"Congo, Dem. Rep.",1982,0.11
cod,"Congo, Dem. Rep.",1983,0.141
cod,"Congo, Dem. Rep.",1984,0.135
cod,"Congo, Dem. Rep.",1985,0.121
cod,"Congo, Dem. Rep.",1986,0.109
cod,"Congo, Dem. Rep.",1987,0.121
cod,"Congo, Dem. Rep.",1988,0.123
cod,"Congo, Dem. Rep.",1989,0.13
cod,"Congo, Dem. Rep.",1990,0.123
cod,"Congo, Dem. Rep.",1991,0.087
cod,"Congo, Dem. Rep.",1992,0.075
cod,"Congo, Dem. Rep.",1993,0.069
cod,"Congo, Dem. Rep.",1994,0.042
cod,"Congo, Dem. Rep.",1995,0.051
cod,"Congo, Dem. Rep.",1996,0.054
cod,"Congo, Dem. Rep.",1997,0.043
cod,"Congo, Dem. Rep.",1998,0.037
cod,"Congo, Dem. Rep.",1999,0.029
cod,"Congo, Dem. Rep.",2000,0.019
cod,"Congo, Dem. Rep.",2001,0.016
cod,"Congo, Dem. Rep.",2002,0.017
cod,"Congo, Dem. Rep.",2003,0.02
cod,"Congo, Dem. Rep.",2004,0.022
cod,"Congo, Dem. Rep.",2005,0.026
cod,"Congo, Dem. Rep.",2006,0.027
cod,"Congo, Dem. Rep.",2007,0.029
cod,"Congo, Dem. Rep.",2008,0.03
cod,"Congo, Dem. Rep.",2009,0.027
cod,"Congo, Dem. Rep.",2010,0.03
cod,"Congo, Dem. Rep.",2011,0.037
cod,"Congo, Dem. Rep.",2012,0.034
cod,"Congo, Dem. Rep.",2013,0.05
cod,"Congo, Dem. Rep.",2014,0.063
cod,"Congo, Dem. Rep.",2015,0.037
cod,"Congo, Dem. Rep.",2016,0.025
cod,"Congo, Dem. Rep.",2017,0.024
cod,"Congo, Dem. Rep.",2018,0.024
cod,"Congo, Dem. Rep.",2019,0.025
cod,"Congo, Dem. Rep.",2020,0.024
cod,"Congo, Dem. Rep.",2021,0.026
cod,"Congo, Dem. Rep.",2022,0.026
cog,"Congo, Rep.",1900,0.05
cog,"Congo, Rep.",1901,0.049
cog,"Congo, Rep.",1902,0.051
cog,"Congo, Rep.",1903,0.052
cog,"Congo, Rep.",1904,0.053
cog,"Congo, Rep.",1905,0.054
cog,"Congo, Rep.",1906,0.055
cog,"Congo, Rep.",1907,0.056
cog,"Congo, Rep.",1908,0.057
cog,"Congo, Rep.",1909,0.058
cog,"Congo, Rep.",1910,0.059
cog,"Congo, Rep.",1911,0.06
cog,"Congo, Rep.",1912,0.063
cog,"Congo, Rep.",1913,0.062
cog,"Congo, Rep.",1914,0.062
cog,"Congo, Rep.",1915,0.061
cog,"Congo, Rep.",1916,0.061
cog,"Congo, Rep.",1917,0.063
cog,"Congo, Rep.",1918,0.065
cog,"Congo, Rep.",1919,0.069
cog,"Congo, Rep.",1920,0.071
cog,"Congo, Rep.",1921,0.073
cog,"Congo, Rep.",1922,0.074
cog,"Congo, Rep.",1923,0.074
cog,"Congo, Rep.",1924,0.077
cog,"Congo, Rep.",1925,0.079
cog,"Congo, Rep.",1926,0.083
cog,"Congo, Rep.",1927,0.085
cog,"Congo, Rep.",1928,0.082
cog,"Congo, Rep.",1929,0.084
cog,"Congo, Rep.",1930,0.087
cog,"Congo, Rep.",1931,0.09
cog,"Congo, Rep.",1932,0.085
cog,"Congo, Rep.",1933,0.086
cog,"Congo, Rep.",1934,0.088
cog,"Congo, Rep.",1935,0.092
cog,"Congo, Rep.",1936,0.095
cog,"Congo, Rep.",1937,0.098
cog,"Congo, Rep.",1938,0.105
cog,"Congo, Rep.",1939,0.105
cog,"Congo, Rep.",1940,0.107
cog,"Congo, Rep.",1941,0.11
cog,"Congo, Rep.",1942,0.113
cog,"Congo, Rep.",1943,0.118
cog,"Congo, Rep.",1944,0.119
cog,"Congo, Rep.",1945,0.123
cog,"Congo, Rep.",1946,0.128
cog,"Congo, Rep.",1947,0.126
cog,"Congo, Rep.",1948,0.129
cog,"Congo, Rep.",1949,0.136
cog,"Congo, Rep.",1950,0.138
cog,"Congo, Rep.",1951,0.147
cog,"Congo, Rep.",1952,0.144
cog,"Congo, Rep.",1953,0.149
cog,"Congo, Rep.",1954,0.152
cog,"Congo, Rep.",1955,0.158
cog,"Congo, Rep.",1956,0.165
cog,"Congo, Rep.",1957,0.172
cog,"Congo, Rep.",1958,0.186
cog,"Congo, Rep.",1959,0.188
cog,"Congo, Rep.",1960,0.22
cog,"Congo, Rep.",1961,0.257
cog,"Congo, Rep.",1962,0.223
cog,"Congo, Rep.",1963,0.214
cog,"Congo, Rep.",1964,0.238
cog,"Congo, Rep.",1965,0.213
cog,"Congo, Rep.",1966,0.26
cog,"Congo, Rep.",1967,0.265
cog,"Congo, Rep.",1968,0.36
cog,"Congo, Rep.",1969,0.39
cog,"Congo, Rep.",1970,0.431
cog,"Congo, Rep.",1971,0.502
cog,"Congo, Rep.",1972,0.472
cog,"Congo, Rep.",1973,0.843
cog,"Congo, Rep.",1974,1.089
cog,"Congo, Rep.",1975,0.716
cog,"Congo, Rep.",1976,0.781
cog,"Congo, Rep.",1977,0.295
cog,"Congo, Rep.",1978,0.192
cog,"Congo, Rep.",1979,0.202
cog,"Congo, Rep.",1980,0.228
cog,"Congo, Rep.",1981,0.257
cog,"Congo, Rep.",1982,0.713
cog,"Congo, Rep.",1983,0.589
cog,"Congo, Rep.",1984,0.571
cog,"Congo, Rep.",1985,0.621
cog,"Congo, Rep.",1986,0.503
cog,"Congo, Rep.",1987,0.608
cog,"Congo, Rep.",1988,0.67
cog,"Congo, Rep.",1989,0.653
cog,"Congo, Rep.",1990,0.501
cog,"Congo, Rep.",1991,0.519
cog,"Congo, Rep.",1992,0.628
cog,"Congo, Rep.",1993,0.599
cog,"Congo, Rep.",1994,0.813
cog,"Congo, Rep.",1995,0.575
cog,"Congo, Rep.",1996,0.614
cog,"Congo, Rep.",1997,0.817
cog,"Congo, Rep.",1998,0.263
cog,"Congo, Rep.",1999,0.27
cog,"Congo, Rep.",2000,0.335
cog,"Congo, Rep.",2001,0.238
cog,"Congo, Rep.",2002,0.174
cog,"Congo, Rep.",2003,0.269
cog,"Congo, Rep.",2004,0.271
cog,"Congo, Rep.",2005,0.268
cog,"Congo, Rep.",2006,0.296
cog,"Congo, Rep.",2007,0.31
cog,"Congo, Rep.",2008,0.323
cog,"Congo, Rep.",2009,0.416
cog,"Congo, Rep.",2010,0.459
cog,"Congo, Rep.",2011,0.51
cog,"Congo, Rep.",2012,0.653
cog,"Congo, Rep.",2013,0.695
cog,"Congo, Rep.",2014,0.656
cog,"Congo, Rep.",2015,0.649
cog,"Congo, Rep.",2016,0.638
cog,"Congo, Rep.",2017,0.623
cog,"Congo, Rep.",2018,0.617
cog,"Congo, Rep.",2019,0.63
cog,"Congo, Rep.",2020,0.617
cog,"Congo, Rep.",2021,0.66
cog,"Congo, Rep.",2022,0.674
col,Colombia,1900,0.002
col,Colombia,1901,0.002
col,Colombia,1902,0.003
col,Colombia,1903,0.003
col,Colombia,1904,0.003
col,Colombia,1905,0.003
col,Colombia,1906,0.003
col,Colombia,1907,0.003
col,Colombia,1908,0.004
col,Colombia,1909,0.004
col,Colombia,1910,0.004
col,Colombia,1911,0.004
col,Colombia,1912,0.004
col,Colombia,1913,0.004
col,Colombia,1914,0.004
col,Colombia,1915,0.004
col,Colombia,1916,0.004
col,Colombia,1917,0.004
col,Colombia,1918,0.004
col,Colombia,1919,0.004
col,Colombia,1920,0.004
col,Colombia,1921,0.004
col,Colombia,1922,0.021
col,Colombia,1923,0.027
col,Colombia,1924,0.028
col,Colombia,1925,0.062
col,Colombia,1926,0.115
col,Colombia,1927,0.109
col,Colombia,1928,0.174
col,Colombia,1929,0.163
col,Colombia,1930,0.081
col,Colombia,1931,0.04
col,Colombia,1932,0.01
col,Colombia,1933,0.063
col,Colombia,1934,0.085
col,Colombia,1935,0.275
col,Colombia,1936,0.314
col,Colombia,1937,0.309
col,Colombia,1938,0.328
col,Colombia,1939,0.499
col,Colombia,1940,0.44
col,Colombia,1941,0.386
col,Colombia,1942,0.422
col,Colombia,1943,0.369
col,Colombia,1944,0.458
col,Colombia,1945,0.423
col,Colombia,1946,0.457
col,Colombia,1947,0.456
col,Colombia,1948,0.395
col,Colombia,1949,0.441
col,Colombia,1950,0.626
col,Colombia,1951,0.665
col,Colombia,1952,0.684
col,Colombia,1953,0.829
col,Colombia,1954,0.72
col,Colombia,1955,0.868
col,Colombia,1956,0.889
col,Colombia,1957,0.934
col,Colombia,1958,0.927
col,Colombia,1959,1.034
col,Colombia,1960,1.022
col,Colombia,1961,1.099
col,Colombia,1962,1.137
col,Colombia,1963,1.206
col,Colombia,1964,1.195
col,Colombia,1965,1.223
col,Colombia,1966,1.222
col,Colombia,1967,1.252
col,Colombia,1968,1.315
col,Colombia,1969,1.358
col,Colombia,1970,1.352
col,Colombia,1971,1.424
col,Colombia,1972,1.465
col,Colombia,1973,1.559
col,Colombia,1974,1.681
col,Colombia,1975,1.65
col,Colombia,1976,1.745
col,Colombia,1977,1.794
col,Colombia,1978,1.884
col,Colombia,1979,1.984
col,Colombia,1980,1.946
col,Colombia,1981,1.908
col,Colombia,1982,1.87
col,Colombia,1983,1.889
col,Colombia,1984,1.991
col,Colombia,1985,1.929
col,Colombia,1986,1.865
col,Colombia,1987,1.853
col,Colombia,1988,1.867
col,Colombia,1989,1.899
col,Colombia,1990,1.89
col,Colombia,1991,1.807
col,Colombia,1992,1.971
col,Colombia,1993,1.985
col,Colombia,1994,2.045
col,Colombia,1995,1.834
col,Colombia,1996,1.8
col,Colombia,1997,1.908
col,Colombia,1998,1.884
col,Colombia,1999,1.451
col,Colombia,2000,1.383
col,Colombia,2001,1.371
col,Colombia,2002,1.365
col,Colombia,2003,1.394
col,Colombia,2004,1.362
col,Colombia,2005,1.497
col,Colombia,2006,1.596
col,Colombia,2007,1.646
col,Colombia,2008,1.746
col,Colombia,2009,1.783
col,Colombia,2010,1.9
col,Colombia,2011,1.936
col,Colombia,2012,2.057
col,Colombia,2013,2.182
col,Colombia,2014,2.804
col,Colombia,2015,2.661
col,Colombia,2016,2.678
col,Colombia,2017,2.223
col,Colombia,2018,2.192
col,Colombia,2019,2.335
col,Colombia,2020,2.124
col,Colombia,2021,2.342
col,Colombia,2022,2.389
com,Comoros,1900,0.016
com,Comoros,1901,0.015
com,Comoros,1902,0.016
com,Comoros,1903,0.016
com,Comoros,1904,0.017
com,Comoros,1905,0.017
com,Comoros,1906,0.017
com,Comoros,1907,0.017
com,Comoros,1908,0.018
com,Comoros,1909,0.018
com,Comoros,1910,0.018
com,Comoros,1911,0.019
com,Comoros,1912,0.02
com,Comoros,1913,0.019
com,Comoros,1914,0.019
com,Comoros,1915,0.019
com,Comoros,1916,0.019
com,Comoros,1917,0.02
com,Comoros,1918,0.02
com,Comoros,1919,0.021
com,Comoros,1920,0.022
com,Comoros,1921,0.023
com,Comoros,1922,0.023
com,Comoros,1923,0.023
com,Comoros,1924,0.024
com,Comoros,1925,0.025
com,Comoros,1926,0.026
com,Comoros,1927,0.026
com,Comoros,1928,0.026
com,Comoros,1929,0.026
com,Comoros,1930,0.027
com,Comoros,1931,0.028
com,Comoros,1932,0.027
com,Comoros,1933,0.027
com,Comoros,1934,0.028
com,Comoros,1935,0.029
com,Comoros,1936,0.03
com,Comoros,1937,0.03
com,Comoros,1938,0.033
com,Comoros,1939,0.033
com,Comoros,1940,0.033
com,Comoros,1941,0.034
com,Comoros,1942,0.035
com,Comoros,1943,0.037
com,Comoros,1944,0.037
com,Comoros,1945,0.038
com,Comoros,1946,0.04
com,Comoros,1947,0.039
com,Comoros,1948,0.04
com,Comoros,1949,0.042
com,Comoros,1950,0.043
com,Comoros,1951,0.046
com,Comoros,1952,0.045
com,Comoros,1953,0.046
com,Comoros,1954,0.047
com,Comoros,1955,0.049
com,Comoros,1956,0.051
com,Comoros,1957,0.054
com,Comoros,1958,0.058
com,Comoros,1959,0.058
com,Comoros,1960,0.058
com,Comoros,1961,0.057
com,Comoros,1962,0.056
com,Comoros,1963,0.055
com,Comoros,1964,0.054
com,Comoros,1965,0.071
com,Comoros,1966,0.087
com,Comoros,1967,0.085
com,Comoros,1968,0.083
com,Comoros,1969,0.081
com,Comoros,1970,0.128
com,Comoros,1971,0.125
com,Comoros,1972,0.123
com,Comoros,1973,0.12
com,Comoros,1974,0.117
com,Comoros,1975,0.128
com,Comoros,1976,0.152
com,Comoros,1977,0.146
com,Comoros,1978,0.102
com,Comoros,1979,0.074
com,Comoros,1980,0.155
com,Comoros,1981,0.15
com,Comoros,1982,0.146
com,Comoros,1983,0.142
com,Comoros,1984,0.138
com,Comoros,1985,0.134
com,Comoros,1986,0.12
com,Comoros,1987,0.127
com,Comoros,1988,0.132
com,Comoros,1989,0.128
com,Comoros,1990,0.151
com,Comoros,1991,0.156
com,Comoros,1992,0.151
com,Comoros,1993,0.155
com,Comoros,1994,0.151
com,Comoros,1995,0.154
com,Comoros,1996,0.158
com,Comoros,1997,0.161
com,Comoros,1998,0.171
com,Comoros,1999,0.173
com,Comoros,2000,0.189
com,Comoros,2001,0.185
com,Comoros,2002,0.18
com,Comoros,2003,0.226
com,Comoros,2004,0.239
com,Comoros,2005,0.228
com,Comoros,2006,0.258
com,Comoros,2007,0.16
com,Comoros,2008,0.162
com,Comoros,2009,0.196
com,Comoros,2010,0.234
com,Comoros,2011,0.192
com,Comoros,2012,0.198
com,Comoros,2013,0.237
com,Comoros,2014,0.203
com,Comoros,2015,0.217
com,Comoros,2016,0.254
com,Comoros,2017,0.261
com,Comoros,2018,0.263
com,Comoros,2019,0.268
com,Comoros,2020,0.263
com,Comoros,2021,0.281
com,Comoros,2022,0.287
cpv,Cape Verde,1900,0.209
cpv,Cape Verde,1901,0.206
cpv,Cape Verde,1902,0.211
cpv,Cape Verde,1903,0.217
cpv,Cape Verde,1904,0.223
cpv,Cape Verde,1905,0.226
cpv,Cape Verde,1906,0.229
cpv,Cape Verde,1907,0.233
cpv,Cape Verde,1908,0.238
cpv,Cape Verde,1909,0.241
cpv,Cape Verde,1910,0.246
cpv,Cape Verde,1911,0.251
cpv,Cape Verde,1912,0.265
cpv,Cape Verde,1913,0.258
cpv,Cape Verde,1914,0.258
cpv,Cape Verde,1915,0.253
cpv,Cape Verde,1916,0.254
cpv,Cape Verde,1917,0.265
cpv,Cape Verde,1918,0.271
cpv,Cape Verde,1919,0.288
cpv,Cape Verde,1920,0.295
cpv,Cape Verde,1921,0.303
cpv,Cape Verde,1922,0.309
cpv,Cape Verde,1923,0.308
cpv,Cape Verde,1924,0.32
cpv,Cape Verde,1925,0.33
cpv,Cape Verde,1926,0.344
cpv,Cape Verde,1927,0.354
cpv,Cape Verde,1928,0.342
cpv,Cape Verde,1929,0.35
cpv,Cape Verde,1930,0.362
cpv,Cape Verde,1931,0.377
cpv,Cape Verde,1932,0.356
cpv,Cape Verde,1933,0.357
cpv,Cape Verde,1934,0.369
cpv,Cape Verde,1935,0.383
cpv,Cape Verde,1936,0.396
cpv,Cape Verde,1937,0.408
cpv,Cape Verde,1938,0.437
cpv,Cape Verde,1939,0.438
cpv,Cape Verde,1940,0.446
cpv,Cape Verde,1941,0.46
cpv,Cape Verde,1942,0.472
cpv,Cape Verde,1943,0.491
cpv,Cape Verde,1944,0.495
cpv,Cape Verde,1945,0.511
cpv,Cape Verde,1946,0.532
cpv,Cape Verde,1947,0.526
cpv,Cape Verde,1948,0.538
cpv,Cape Verde,1949,0.569
cpv,Cape Verde,1950,0.577
cpv,Cape Verde,1951,0.414
cpv,Cape Verde,1952,0.192
cpv,Cape Verde,1953,0.094
cpv,Cape Verde,1954,0.112
cpv,Cape Verde,1955,0.112
cpv,Cape Verde,1956,0.149
cpv,Cape Verde,1957,0.093
cpv,Cape Verde,1958,0.074
cpv,Cape Verde,1959,0.092
cpv,Cape Verde,1960,0.109
cpv,Cape Verde,1961,0.107
cpv,Cape Verde,1962,0.087
cpv,Cape Verde,1963,0.068
cpv,Cape Verde,1964,0.131
cpv,Cape Verde,1965,0.111
cpv,Cape Verde,1966,0.092
cpv,Cape Verde,1967,0.074
cpv,Cape Verde,1968,0.114
cpv,Cape Verde,1969,0.139
cpv,Cape Verde,1970,0.136
cpv,Cape Verde,1971,0.135
cpv,Cape Verde,1972,0.189
cpv,Cape Verde,1973,0.23
cpv,Cape Verde,1974,0.244
cpv,Cape Verde,1975,0.285
cpv,Cape Verde,1976,0.27
cpv,Cape Verde,1977,0.295
cpv,Cape Verde,1978,0.756
cpv,Cape Verde,1979,0.891
cpv,Cape Verde,1980,0.426
cpv,Cape Verde,1981,0.114
cpv,Cape Verde,1982,0.125
cpv,Cape Verde,1983,0.122
cpv,Cape Verde,1984,0.276
cpv,Cape Verde,1985,0.271
cpv,Cape Verde,1986,0.185
cpv,Cape Verde,1987,0.251
cpv,Cape Verde,1988,0.225
cpv,Cape Verde,1989,0.244
cpv,Cape Verde,1990,0.282
cpv,Cape Verde,1991,0.286
cpv,Cape Verde,1992,0.299
cpv,Cape Verde,1993,0.301
cpv,Cape Verde,1994,0.302
cpv,Cape Verde,1995,0.313
cpv,Cape Verde,1996,0.362
cpv,Cape Verde,1997,0.363
cpv,Cape Verde,1998,0.382
cpv,Cape Verde,1999,0.436
cpv,Cape Verde,2000,0.505
cpv,Cape Verde,2001,0.539
cpv,Cape Verde,2002,0.621
cpv,Cape Verde,2003,0.685
cpv,Cape Verde,2004,0.723
cpv,Cape Verde,2005,0.95
cpv,Cape Verde,2006,1.008
cpv,Cape Verde,2007,1.065
cpv,Cape Verde,2008,0.976
cpv,Cape Verde,2009,1.077
cpv,Cape Verde,2010,1.131
cpv,Cape Verde,2011,1.235
cpv,Cape Verde,2012,1.002
cpv,Cape Verde,2013,0.975
cpv,Cape Verde,2014,0.948
cpv,Cape Verde,2015,0.943
cpv,Cape Verde,2016,1.022
cpv,Cape Verde,2017,1.126
cpv,Cape Verde,2018,1.156
cpv,Cape Verde,2019,1.181
cpv,Cape Verde,2020,1.157
cpv,Cape Verde,2021,1.238
cpv,Cape Verde,2022,1.263
cri,Costa Rica,1900,0.077
cri,Costa Rica,1901,0.079
cri,Costa Rica,1902,0.082
cri,Costa Rica,1903,0.085
cri,Costa Rica,1904,0.09
cri,Costa Rica,1905,0.095
cri,Costa Rica,1906,0.1
cri,Costa Rica,1907,0.106
cri,Costa Rica,1908,0.112
cri,Costa Rica,1909,0.116
cri,Costa Rica,1910,0.12
cri,Costa Rica,1911,0.126
cri,Costa Rica,1912,0.137
cri,Costa Rica,1913,0.141
cri,Costa Rica,1914,0.141
cri,Costa Rica,1915,0.138
cri,Costa Rica,1916,0.134
cri,Costa Rica,1917,0.134
cri,Costa Rica,1918,0.133
cri,Costa Rica,1919,0.136
cri,Costa Rica,1920,0.138
cri,Costa Rica,1921,0.143
cri,Costa Rica,1922,0.141
cri,Costa Rica,1923,0.141
cri,Costa Rica,1924,0.146
cri,Costa Rica,1925,0.152
cri,Costa Rica,1926,0.162
cri,Costa Rica,1927,0.17
cri,Costa Rica,1928,0.176
cri,Costa Rica,1929,0.183
cri,Costa Rica,1930,0.188
cri,Costa Rica,1931,0.187
cri,Costa Rica,1932,0.184
cri,Costa Rica,1933,0.184
cri,Costa Rica,1934,0.189
cri,Costa Rica,1935,0.195
cri,Costa Rica,1936,0.202
cri,Costa Rica,1937,0.21
cri,Costa Rica,1938,0.22
cri,Costa Rica,1939,0.226
cri,Costa Rica,1940,0.228
cri,Costa Rica,1941,0.232
cri,Costa Rica,1942,0.231
cri,Costa Rica,1943,0.229
cri,Costa Rica,1944,0.232
cri,Costa Rica,1945,0.239
cri,Costa Rica,1946,0.247
cri,Costa Rica,1947,0.266
cri,Costa Rica,1948,0.28
cri,Costa Rica,1949,0.293
cri,Costa Rica,1950,0.302
cri,Costa Rica,1951,0.321
cri,Costa Rica,1952,0.388
cri,Costa Rica,1953,0.418
cri,Costa Rica,1954,0.38
cri,Costa Rica,1955,0.314
cri,Costa Rica,1956,0.421
cri,Costa Rica,1957,0.388
cri,Costa Rica,1958,0.362
cri,Costa Rica,1959,0.3
cri,Costa Rica,1960,0.369
cri,Costa Rica,1961,0.356
cri,Costa Rica,1962,0.384
cri,Costa Rica,1963,0.405
cri,Costa Rica,1964,0.439
cri,Costa Rica,1965,0.535
cri,Costa Rica,1966,0.611
cri,Costa Rica,1967,0.529
cri,Costa Rica,1968,0.618
cri,Costa Rica,1969,0.683
cri,Costa Rica,1970,0.751
cri,Costa Rica,1971,0.939
cri,Costa Rica,1972,1.121
cri,Costa Rica,1973,1.357
cri,Costa Rica,1974,1.325
cri,Costa Rica,1975,1.484
cri,Costa Rica,1976,1.581
cri,Costa Rica,1977,2.043
cri,Costa Rica,1978,2.326
cri,Costa Rica,1979,2.232
cri,Costa Rica,1980,1.943
cri,Costa Rica,1981,1.727
cri,Costa Rica,1982,1.535
cri,Costa Rica,1983,1.383
cri,Costa Rica,1984,1.358
cri,Costa Rica,1985,1.254
cri,Costa Rica,1986,1.381
cri,Costa Rica,1987,1.546
cri,Costa Rica,1988,1.592
cri,Costa Rica,1989,1.655
cri,Costa Rica,1990,1.627
cri,Costa Rica,1991,1.61
cri,Costa Rica,1992,1.719
cri,Costa Rica,1993,1.685
cri,Costa Rica,1994,1.969
cri,Costa Rica,1995,1.883
cri,Costa Rica,1996,1.801
cri,Costa Rica,1997,1.89
cri,Costa Rica,1998,2.117
cri,Costa Rica,1999,2.502
cri,Costa Rica,2000,2.0
cri,Costa Rica,2001,1.994
cri,Costa Rica,2002,2.586
cri,Costa Rica,2003,2.198
cri,Costa Rica,2004,2.241
cri,Costa Rica,2005,2.193
cri,Costa Rica,2006,2.409
cri,Costa Rica,2007,2.704
cri,Costa Rica,2008,2.805
cri,Costa Rica,2009,2.288
cri,Costa Rica,2010,2.395
cri,Costa Rica,2011,2.608
cri,Costa Rica,2012,2.554
cri,Costa Rica,2013,2.529
cri,Costa Rica,2014,2.489
cri,Costa Rica,2015,2.462
cri,Costa Rica,2016,2.486
cri,Costa Rica,2017,2.485
cri,Costa Rica,2018,2.55
cri,Costa Rica,2019,2.467
cri,Costa Rica,2020,2.183
cri,Costa Rica,2021,2.336
cri,Costa Rica,2022,2.383
cub,Cuba,1900,0.005
cub,Cuba,1901,0.005
cub,Cuba,1902,0.006
cub,Cuba,1903,0.006
cub,Cuba,1904,0.006
cub,Cuba,1905,0.007
cub,Cuba,1906,0.007
cub,Cuba,1907,0.007
cub,Cuba,1908,0.008
cub,Cuba,1909,0.008
cub,Cuba,1910,0.008
cub,Cuba,1911,0.009
cub,Cuba,1912,0.009
cub,Cuba,1913,0.01
cub,Cuba,1914,0.01
cub,Cuba,1915,0.009
cub,Cuba,1916,0.009
cub,Cuba,1917,0.009
cub,Cuba,1918,0.009
cub,Cuba,1919,0.009
cub,Cuba,1920,0.01
cub,Cuba,1921,0.01
cub,Cuba,1922,0.01
cub,Cuba,1923,0.01
cub,Cuba,1924,0.01
cub,Cuba,1925,0.01
cub,Cuba,1926,0.011
cub,Cuba,1927,0.012
cub,Cuba,1928,0.012
cub,Cuba,1929,0.013
cub,Cuba,1930,0.013
cub,Cuba,1931,0.013
cub,Cuba,1932,0.013
cub,Cuba,1933,0.013
cub,Cuba,1934,0.013
cub,Cuba,1935,0.013
cub,Cuba,1936,0.014
cub,Cuba,1937,0.014
cub,Cuba,1938,0.015
cub,Cuba,1939,0.016
cub,Cuba,1940,0.016
cub,Cuba,1941,0.016
cub,Cuba,1942,0.017
cub,Cuba,1943,0.017
cub,Cuba,1944,0.017
cub,Cuba,1945,0.021
cub,Cuba,1946,0.031
cub,Cuba,1947,0.034
cub,Cuba,1948,0.032
cub,Cuba,1949,0.032
cub,Cuba,1950,0.948
cub,Cuba,1951,1.07
cub,Cuba,1952,1.018
cub,Cuba,1953,0.983
cub,Cuba,1954,0.927
cub,Cuba,1955,1.037
cub,Cuba,1956,0.879
cub,Cuba,1957,2.052
cub,Cuba,1958,2.618
cub,Cuba,1959,2.238
cub,Cuba,1960,1.918
cub,Cuba,1961,1.67
cub,Cuba,1962,1.901
cub,Cuba,1963,1.71
cub,Cuba,1964,1.834
cub,Cuba,1965,1.835
cub,Cuba,1966,1.871
cub,Cuba,1967,1.905
cub,Cuba,1968,1.906
cub,Cuba,1969,2.016
cub,Cuba,1970,2.143
cub,Cuba,1971,2.211
cub,Cuba,1972,2.304
cub,Cuba,1973,2.44
cub,Cuba,1974,2.457
cub,Cuba,1975,2.864
cub,Cuba,1976,2.847
cub,Cuba,1977,3.045
cub,Cuba,1978,3.151
cub,Cuba,1979,3.233
cub,Cuba,1980,3.181
cub,Cuba,1981,3.299
cub,Cuba,1982,3.466
cub,Cuba,1983,3.078
cub,Cuba,1984,3.236
cub,Cuba,1985,3.212
cub,Cuba,1986,3.28
cub,Cuba,1987,3.282
cub,Cuba,1988,3.407
cub,Cuba,1989,3.384
cub,Cuba,1990,3.092
cub,Cuba,1991,2.71
cub,Cuba,1992,1.959
cub,Cuba,1993,1.835
cub,Cuba,1994,1.966
cub,Cuba,1995,2.352
cub,Cuba,1996,2.459
cub,Cuba,1997,2.232
cub,Cuba,1998,2.208
cub,Cuba,1999,2.274
cub,Cuba,2000,2.334
cub,Cuba,2001,2.271
cub,Cuba,2002,2.32
cub,Cuba,2003,2.26
cub,Cuba,2004,2.212
cub,Cuba,2005,2.297
cub,Cuba,2006,2.34
cub,Cuba,2007,2.292
cub,Cuba,2008,2.471
cub,Cuba,2009,2.498
cub,Cuba,2010,3.024
cub,Cuba,2011,2.598
cub,Cuba,2012,2.625
cub,Cuba,2013,2.461
cub,Cuba,2014,2.428
cub,Cuba,2015,2.568
cub,Cuba,2016,2.481
cub,Cuba,2017,2.48
cub,Cuba,2018,2.526
cub,Cuba,2019,2.517
cub,Cuba,2020,2.337
cub,Cuba,2021,2.501
cub,Cuba,2022,2.551
cyp,Cyprus,1900,0.203
cyp,Cyprus,1901,0.211
cyp,Cyprus,1902,0.215
cyp,Cyprus,1903,0.213
cyp,Cyprus,1904,0.216
cyp,Cyprus,1905,0.222
cyp,Cyprus,1906,0.222
cyp,Cyprus,1907,0.232
cyp,Cyprus,1908,0.244
cyp,Cyprus,1909,0.249
cyp,Cyprus,1910,0.254
cyp,Cyprus,1911,0.253
cyp,Cyprus,1912,0.259
cyp,Cyprus,1913,0.274
cyp,Cyprus,1914,0.282
cyp,Cyprus,1915,0.265
cyp,Cyprus,1916,0.253
cyp,Cyprus,1917,0.263
cyp,Cyprus,1918,0.262
cyp,Cyprus,1919,0.227
cyp,Cyprus,1920,0.171
cyp,Cyprus,1921,0.211
cyp,Cyprus,1922,0.211
cyp,Cyprus,1923,0.214
cyp,Cyprus,1924,0.209
cyp,Cyprus,1925,0.219
cyp,Cyprus,1926,0.22
cyp,Cyprus,1927,0.235
cyp,Cyprus,1928,0.255
cyp,Cyprus,1929,0.264
cyp,Cyprus,1930,0.28
cyp,Cyprus,1931,0.283
cyp,Cyprus,1932,0.295
cyp,Cyprus,1933,0.291
cyp,Cyprus,1934,0.303
cyp,Cyprus,1935,0.33
cyp,Cyprus,1936,0.352
cyp,Cyprus,1937,0.379
cyp,Cyprus,1938,0.395
cyp,Cyprus,1939,0.399
cyp,Cyprus,1940,0.418
cyp,Cyprus,1941,0.499
cyp,Cyprus,1942,0.451
cyp,Cyprus,1943,0.402
cyp,Cyprus,1944,0.439
cyp,Cyprus,1945,0.419
cyp,Cyprus,1946,0.369
cyp,Cyprus,1947,0.434
cyp,Cyprus,1948,0.464
cyp,Cyprus,1949,0.499
cyp,Cyprus,1950,0.542
cyp,Cyprus,1951,0.564
cyp,Cyprus,1952,0.622
cyp,Cyprus,1953,0.714
cyp,Cyprus,1954,0.851
cyp,Cyprus,1955,0.851
cyp,Cyprus,1956,1.251
cyp,Cyprus,1957,1.488
cyp,Cyprus,1958,1.371
cyp,Cyprus,1959,1.468
cyp,Cyprus,1960,1.548
cyp,Cyprus,1961,1.501
cyp,Cyprus,1962,1.568
cyp,Cyprus,1963,1.708
cyp,Cyprus,1964,1.733
cyp,Cyprus,1965,1.989
cyp,Cyprus,1966,2.139
cyp,Cyprus,1967,2.339
cyp,Cyprus,1968,2.781
cyp,Cyprus,1969,2.873
cyp,Cyprus,1970,2.961
cyp,Cyprus,1971,3.338
cyp,Cyprus,1972,4.379
cyp,Cyprus,1973,4.71
cyp,Cyprus,1974,3.765
cyp,Cyprus,1975,4.035
cyp,Cyprus,1976,5.222
cyp,Cyprus,1977,5.835
cyp,Cyprus,1978,6.284
cyp,Cyprus,1979,6.816
cyp,Cyprus,1980,7.325
cyp,Cyprus,1981,6.917
cyp,Cyprus,1982,6.531
cyp,Cyprus,1983,6.636
cyp,Cyprus,1984,6.601
cyp,Cyprus,1985,6.74
cyp,Cyprus,1986,6.498
cyp,Cyprus,1987,7.36
cyp,Cyprus,1988,8.411
cyp,Cyprus,1989,8.287
cyp,Cyprus,1990,8.575
cyp,Cyprus,1991,8.609
cyp,Cyprus,1992,10.258
cyp,Cyprus,1993,9.147
cyp,Cyprus,1994,8.941
cyp,Cyprus,1995,9.02
cyp,Cyprus,1996,10.194
cyp,Cyprus,1997,9.098
cyp,Cyprus,1998,10.781
cyp,Cyprus,1999,8.902
cyp,Cyprus,2000,7.975
cyp,Cyprus,2001,8.013
cyp,Cyprus,2002,8.369
cyp,Cyprus,2003,8.457
cyp,Cyprus,2004,9.043
cyp,Cyprus,2005,9.239
cyp,Cyprus,2006,9.294
cyp,Cyprus,2007,9.934
cyp,Cyprus,2008,10.745
cyp,Cyprus,2009,7.804
cyp,Cyprus,2010,7.6
cyp,Cyprus,2011,7.246
cyp,Cyprus,2012,7.024
cyp,Cyprus,2013,5.551
cyp,Cyprus,2014,6.008
cyp,Cyprus,2015,5.619
cyp,Cyprus,2016,5.722
cyp,Cyprus,2017,6.45
cyp,Cyprus,2018,6.445
cyp,Cyprus,2019,6.237
cyp,Cyprus,2020,5.448
cyp,Cyprus,2021,5.678
cyp,Cyprus,2022,5.621
cze,Czech Republic,1900,3.621
cze,Czech Republic,1901,3.755
cze,Czech Republic,1902,3.777
cze,Czech Republic,1903,3.819
cze,Czech Republic,1904,3.829
cze,Czech Republic,1905,3.913
cze,Czech Republic,1906,4.057
cze,Czech Republic,1907,4.233
cze,Czech Republic,1908,4.281
cze,Czech Republic,1909,4.225
cze,Czech Republic,1910,4.151
cze,Czech Republic,1911,4.178
cze,Czech Republic,1912,4.42
cze,Czech Republic,1913,4.594
cze,Czech Republic,1914,4.163
cze,Czech Republic,1915,4.152
cze,Czech Republic,1916,4.447
cze,Czech Republic,1917,4.221
cze,Czech Republic,1918,3.643
cze,Czech Republic,1919,3.47
cze,Czech Republic,1920,3.422
cze,Czech Republic,1921,3.279
cze,Czech Republic,1922,2.894
cze,Czech Republic,1923,3.034
cze,Czech Republic,1924,3.694
cze,Czech Republic,1925,3.446
cze,Czech Republic,1926,3.47
cze,Czech Republic,1927,3.705
cze,Czech Republic,1928,3.881
cze,Czech Republic,1929,4.321
cze,Czech Republic,1930,3.792
cze,Czech Republic,1931,3.53
cze,Czech Republic,1932,3.063
cze,Czech Republic,1933,2.79
cze,Czech Republic,1934,2.778
cze,Czech Republic,1935,2.853
cze,Czech Republic,1936,3.094
cze,Czech Republic,1937,3.742
cze,Czech Republic,1938,4.293
cze,Czech Republic,1939,4.619
cze,Czech Republic,1940,5.181
cze,Czech Republic,1941,5.229
cze,Czech Republic,1942,5.678
cze,Czech Republic,1943,6.28
cze,Czech Republic,1944,5.948
cze,Czech Republic,1945,3.279
cze,Czech Republic,1946,4.583
cze,Czech Republic,1947,5.651
cze,Czech Republic,1948,6.073
cze,Czech Republic,1949,6.355
cze,Czech Republic,1950,6.508
cze,Czech Republic,1951,6.854
cze,Czech Republic,1952,7.246
cze,Czech Republic,1953,7.432
cze,Czech Republic,1954,7.864
cze,Czech Republic,1955,8.101
cze,Czech Republic,1956,8.639
cze,Czech Republic,1957,8.978
cze,Czech Republic,1958,9.768
cze,Czech Republic,1959,9.735
cze,Czech Republic,1960,10.337
cze,Czech Republic,1961,11.163
cze,Czech Republic,1962,11.831
cze,Czech Republic,1963,12.378
cze,Czech Republic,1964,12.825
cze,Czech Republic,1965,12.456
cze,Czech Republic,1966,12.364
cze,Czech Republic,1967,12.326
cze,Czech Republic,1968,12.878
cze,Czech Republic,1969,13.627
cze,Czech Republic,1970,15.524
cze,Czech Republic,1971,16.12
cze,Czech Republic,1972,16.047
cze,Czech Republic,1973,15.843
cze,Czech Republic,1974,15.722
cze,Czech Republic,1975,16.118
cze,Czech Republic,1976,16.402
cze,Czech Republic,1977,16.559
cze,Czech Republic,1978,16.421
cze,Czech Republic,1979,15.782
cze,Czech Republic,1980,15.844
cze,Czech Republic,1981,15.644
cze,Czech Republic,1982,15.448
cze,Czech Republic,1983,15.296
cze,Czech Republic,1984,15.332
cze,Czech Republic,1985,15.869
cze,Czech Republic,1986,15.666
cze,Czech Republic,1987,15.778
cze,Czech Republic,1988,15.59
cze,Czech Republic,1989,15.326
cze,Czech Republic,1990,14.615
cze,Czech Republic,1991,12.612
cze,Czech Republic,1992,14.307
cze,Czech Republic,1993,12.767
cze,Czech Republic,1994,12.092
cze,Czech Republic,1995,11.926
cze,Czech Republic,1996,11.822
cze,Czech Republic,1997,11.48
cze,Czech Republic,1998,11.069
cze,Czech Republic,1999,10.697
cze,Czech Republic,2000,11.701
cze,Czech Republic,2001,11.854
cze,Czech Republic,2002,12.133
cze,Czech Republic,2003,11.729
cze,Czech Republic,2004,11.19
cze,Czech Republic,2005,10.674
cze,Czech Republic,2006,11.144
cze,Czech Republic,2007,11.721
cze,Czech Republic,2008,11.905
cze,Czech Republic,2009,10.903
cze,Czech Republic,2010,11.471
cze,Czech Republic,2011,10.984
cze,Czech Republic,2012,10.49
cze,Czech Republic,2013,10.307
cze,Czech Republic,2014,9.734
cze,Czech Republic,2015,9.9
cze,Czech Republic,2016,10.009
cze,Czech Republic,2017,10.492
cze,Czech Republic,2018,10.725
cze,Czech Republic,2019,10.303
cze,Czech Republic,2020,9.433
cze,Czech Republic,2021,9.935
cze,Czech Republic,2022,9.835
deu,Germany,1900,5.926
deu,Germany,1901,5.82
deu,Germany,1902,5.624
deu,Germany,1903,5.965
deu,Germany,1904,6.092
deu,Germany,1905,6.444
deu,Germany,1906,6.011
deu,Germany,1907,7.236
deu,Germany,1908,7.202
deu,Germany,1909,7.105
deu,Germany,1910,7.047
deu,Germany,1911,7.227
deu,Germany,1912,7.861
deu,Germany,1913,8.452
deu,Germany,1914,7.888
deu,Germany,1915,7.355
deu,Germany,1916,7.979
deu,Germany,1917,8.385
deu,Germany,1918,8.072
deu,Germany,1919,6.22
deu,Germany,1920,6.886
deu,Germany,1921,7.571
deu,Germany,1922,7.253
deu,Germany,1923,5.251
deu,Germany,1924,7.099
deu,Germany,1925,7.15
deu,Germany,1926,6.408
deu,Germany,1927,7.41
deu,Germany,1928,7.725
deu,Germany,1929,8.191
deu,Germany,1930,6.97
deu,Germany,1931,5.781
deu,Germany,1932,5.171
deu,Germany,1933,5.394
deu,Germany,1934,5.999
deu,Germany,1935,6.594
deu,Germany,1936,7.232
deu,Germany,1937,8.1
deu,Germany,1938,8.582
deu,Germany,1939,9.21
deu,Germany,1940,9.259
deu,Germany,1941,9.336
deu,Germany,1942,9.439
deu,Germany,1943,9.622
deu,Germany,1944,8.519
deu,Germany,1945,1.651
deu,Germany,1946,3.872
deu,Germany,1947,4.537
deu,Germany,1948,5.408
deu,Germany,1949,6.189
deu,Germany,1950,7.306
deu,Germany,1951,8.213
deu,Germany,1952,8.66
deu,Germany,1953,8.798
deu,Germany,1954,9.27
deu,Germany,1955,10.123
deu,Germany,1956,10.674
deu,Germany,1957,10.787
deu,Germany,1958,10.436
deu,Germany,1959,10.368
deu,Germany,1960,11.096
deu,Germany,1961,11.302
deu,Germany,1962,11.867
deu,Germany,1963,12.607
deu,Germany,1964,12.823
deu,Germany,1965,12.62
deu,Germany,1966,12.433
deu,Germany,1967,12.183
deu,Germany,1968,12.79
deu,Germany,1969,13.682
deu,Germany,1970,13.419
deu,Germany,1971,13.706
deu,Germany,1972,13.97
deu,Germany,1973,14.846
deu,Germany,1974,14.858
deu,Germany,1975,14.35
deu,Germany,1976,15.984
deu,Germany,1977,15.759
deu,Germany,1978,16.449
deu,Germany,1979,17.27
deu,Germany,1980,17.131
deu,Germany,1981,16.365
deu,Germany,1982,15.633
deu,Germany,1983,15.179
deu,Germany,1984,15.148
deu,Germany,1985,15.489
deu,Germany,1986,15.651
deu,Germany,1987,15.678
deu,Germany,1988,15.411
deu,Germany,1989,15.303
deu,Germany,1990,14.935
deu,Germany,1991,14.226
deu,Germany,1992,14.931
deu,Germany,1993,14.287
deu,Germany,1994,13.909
deu,Germany,1995,13.948
deu,Germany,1996,13.717
deu,Germany,1997,13.142
deu,Germany,1998,13.157
deu,Germany,1999,13.267
deu,Germany,2000,13.204
deu,Germany,2001,13.188
deu,Germany,2002,12.55
deu,Germany,2003,13.054
deu,Germany,2004,12.867
deu,Germany,2005,12.851
deu,Germany,2006,12.778
deu,Germany,2007,12.766
deu,Germany,2008,12.745
deu,Germany,2009,11.932
deu,Germany,2010,12.53
deu,Germany,2011,12.015
deu,Germany,2012,11.205
deu,Germany,2013,11.305
deu,Germany,2014,11.01
deu,Germany,2015,10.829
deu,Germany,2016,11.011
deu,Germany,2017,10.828
deu,Germany,2018,10.615
deu,Germany,2019,10.081
deu,Germany,2020,9.184
deu,Germany,2021,9.394
deu,Germany,2022,9.3
dji,Djibouti,1900,0.064
dji,Djibouti,1901,0.063
dji,Djibouti,1902,0.065
dji,Djibouti,1903,0.067
dji,Djibouti,1904,0.069
dji,Djibouti,1905,0.069
dji,Djibouti,1906,0.07
dji,Djibouti,1907,0.072
dji,Djibouti,1908,0.073
dji,Djibouti,1909,0.074
dji,Djibouti,1910,0.076
dji,Djibouti,1911,0.077
dji,Djibouti,1912,0.081
dji,Djibouti,1913,0.079
dji,Djibouti,1914,0.079
dji,Djibouti,1915,0.078
dji,Djibouti,1916,0.078
dji,Djibouti,1917,0.081
dji,Djibouti,1918,0.083
dji,Djibouti,1919,0.089
dji,Djibouti,1920,0.091
dji,Djibouti,1921,0.093
dji,Djibouti,1922,0.095
dji,Djibouti,1923,0.095
dji,Djibouti,1924,0.098
dji,Djibouti,1925,0.101
dji,Djibouti,1926,0.106
dji,Djibouti,1927,0.109
dji,Djibouti,1928,0.105
dji,Djibouti,1929,0.108
dji,Djibouti,1930,0.111
dji,Djibouti,1931,0.116
dji,Djibouti,1932,0.11
dji,Djibouti,1933,0.11
dji,Djibouti,1934,0.114
dji,Djibouti,1935,0.118
dji,Djibouti,1936,0.122
dji,Djibouti,1937,0.126
dji,Djibouti,1938,0.134
dji,Djibouti,1939,0.135
dji,Djibouti,1940,0.137
dji,Djibouti,1941,0.142
dji,Djibouti,1942,0.145
dji,Djibouti,1943,0.151
dji,Djibouti,1944,0.152
dji,Djibouti,1945,0.157
dji,Djibouti,1946,0.164
dji,Djibouti,1947,0.162
dji,Djibouti,1948,0.165
dji,Djibouti,1949,0.175
dji,Djibouti,1950,0.177
dji,Djibouti,1951,0.405
dji,Djibouti,1952,0.396
dji,Djibouti,1953,0.443
dji,Djibouti,1954,0.486
dji,Djibouti,1955,0.527
dji,Djibouti,1956,0.41
dji,Djibouti,1957,0.597
dji,Djibouti,1958,0.624
dji,Djibouti,1959,0.461
dji,Djibouti,1960,0.482
dji,Djibouti,1961,0.497
dji,Djibouti,1962,0.506
dji,Djibouti,1963,0.656
dji,Djibouti,1964,0.784
dji,Djibouti,1965,1.052
dji,Djibouti,1966,1.134
dji,Djibouti,1967,0.67
dji,Djibouti,1968,0.862
dji,Djibouti,1969,0.563
dji,Djibouti,1970,0.873
dji,Djibouti,1971,0.953
dji,Djibouti,1972,1.064
dji,Djibouti,1973,0.943
dji,Djibouti,1974,0.947
dji,Djibouti,1975,0.883
dji,Djibouti,1976,0.797
dji,Djibouti,1977,0.714
dji,Djibouti,1978,0.655
dji,Djibouti,1979,1.08
dji,Djibouti,1980,0.97
dji,Djibouti,1981,0.802
dji,Djibouti,1982,0.904
dji,Djibouti,1983,0.885
dji,Djibouti,1984,0.867
dji,Djibouti,1985,0.844
dji,Djibouti,1986,0.831
dji,Djibouti,1987,0.793
dji,Djibouti,1988,0.659
dji,Djibouti,1989,0.689
dji,Djibouti,1990,0.547
dji,Djibouti,1991,0.556
dji,Djibouti,1992,0.549
dji,Djibouti,1993,0.545
dji,Djibouti,1994,0.53
dji,Djibouti,1995,0.524
dji,Djibouti,1996,0.518
dji,Djibouti,1997,0.527
dji,Djibouti,1998,0.501
dji,Djibouti,1999,0.487
dji,Djibouti,2000,0.511
dji,Djibouti,2001,0.5
dji,Djibouti,2002,0.535
dji,Djibouti,2003,0.555
dji,Djibouti,2004,0.528
dji,Djibouti,2005,0.529
dji,Djibouti,2006,0.517
dji,Djibouti,2007,0.574
dji,Djibouti,2008,0.611
dji,Djibouti,2009,0.554
dji,Djibouti,2010,0.615
dji,Djibouti,2011,0.554
dji,Djibouti,2012,0.553
dji,Djibouti,2013,0.629
dji,Djibouti,2014,0.661
dji,Djibouti,2015,0.665
dji,Djibouti,2016,0.646
dji,Djibouti,2017,0.666
dji,Djibouti,2018,0.672
dji,Djibouti,2019,0.686
dji,Djibouti,2020,0.673
dji,Djibouti,2021,0.72
dji,Djibouti,2022,0.734
dma,Dominica,1900,0.017
dma,Dominica,1901,0.017
dma,Dominica,1902,0.018
dma,Dominica,1903,0.018
dma,Dominica,1904,0.019
dma,Dominica,1905,0.02
dma,Dominica,1906,0.021
dma,Dominica,1907,0.023
dma,Dominica,1908,0.024
dma,Dominica,1909,0.025
dma,Dominica,1910,0.026
dma,Dominica,1911,0.027
dma,Dominica,1912,0.029
dma,Dominica,1913,0.03
dma,Dominica,1914,0.03
dma,Dominica,1915,0.029
dma,Dominica,1916,0.029
dma,Dominica,1917,0.029
dma,Dominica,1918,0.028
dma,Dominica,1919,0.029
dma,Dominica,1920,0.029
dma,Dominica,1921,0.031
dma,Dominica,1922,0.03
dma,Dominica,1923,0.03
dma,Dominica,1924,0.031
dma,Dominica,1925,0.033
dma,Dominica,1926,0.035
dma,Dominica,1927,0.036
dma,Dominica,1928,0.038
dma,Dominica,1929,0.039
dma,Dominica,1930,0.04
dma,Dominica,1931,0.04
dma,Dominica,1932,0.039
dma,Dominica,1933,0.039
dma,Dominica,1934,0.041
dma,Dominica,1935,0.042
dma,Dominica,1936,0.043
dma,Dominica,1937,0.045
dma,Dominica,1938,0.047
dma,Dominica,1939,0.048
dma,Dominica,1940,0.049
dma,Dominica,1941,0.05
dma,Dominica,1942,0.049
dma,Dominica,1943,0.049
dma,Dominica,1944,0.05
dma,Dominica,1945,0.051
dma,Dominica,1946,0.053
dma,Dominica,1947,0.057
dma,Dominica,1948,0.06
dma,Dominica,1949,0.063
dma,Dominica,1950,0.065
dma,Dominica,1951,0.071
dma,Dominica,1952,0.14
dma,Dominica,1953,0.069
dma,Dominica,1954,0.068
dma,Dominica,1955,0.067
dma,Dominica,1956,0.066
dma,Dominica,1957,0.065
dma,Dominica,1958,0.127
dma,Dominica,1959,0.187
dma,Dominica,1960,0.183
dma,Dominica,1961,0.18
dma,Dominica,1962,0.178
dma,Dominica,1963,0.233
dma,Dominica,1964,0.229
dma,Dominica,1965,0.226
dma,Dominica,1966,0.221
dma,Dominica,1967,0.325
dma,Dominica,1968,0.319
dma,Dominica,1969,0.261
dma,Dominica,1970,0.361
dma,Dominica,1971,0.359
dma,Dominica,1972,0.358
dma,Dominica,1973,0.358
dma,Dominica,1974,0.409
dma,Dominica,1975,0.407
dma,Dominica,1976,0.404
dma,Dominica,1977,0.35
dma,Dominica,1978,0.346
dma,Dominica,1979,0.44
dma,Dominica,1980,0.487
dma,Dominica,1981,0.487
dma,Dominica,1982,0.538
dma,Dominica,1983,0.542
dma,Dominica,1984,0.596
dma,Dominica,1985,0.651
dma,Dominica,1986,0.657
dma,Dominica,1987,0.664
dma,Dominica,1988,0.772
dma,Dominica,1989,0.83
dma,Dominica,1990,0.833
dma,Dominica,1991,0.834
dma,Dominica,1992,0.832
dma,Dominica,1993,0.88
dma,Dominica,1994,0.929
dma,Dominica,1995,1.135
dma,Dominica,1996,1.034
dma,Dominica,1997,1.143
dma,Dominica,1998,1.097
dma,Dominica,1999,1.155
dma,Dominica,2000,1.474
dma,Dominica,2001,1.579
dma,Dominica,2002,1.47
dma,Dominica,2003,1.674
dma,Dominica,2004,2.032
dma,Dominica,2005,2.026
dma,Dominica,2006,2.022
dma,Dominica,2007,2.59
dma,Dominica,2008,2.33
dma,Dominica,2009,2.277
dma,Dominica,2010,2.432
dma,Dominica,2011,2.172
dma,Dominica,2012,2.326
dma,Dominica,2013,2.375
dma,Dominica,2014,2.476
dma,Dominica,2015,2.473
dma,Dominica,2016,2.52
dma,Dominica,2017,2.536
dma,Dominica,2018,2.549
dma,Dominica,2019,2.539
dma,Dominica,2020,2.358
dma,Dominica,2021,2.523
dma,Dominica,2022,2.574
dnk,Denmark,1900,2.008
dnk,Denmark,1901,2.067
dnk,Denmark,1902,2.098
dnk,Denmark,1903,2.157
dnk,Denmark,1904,2.299
dnk,Denmark,1905,2.21
dnk,Denmark,1906,2.379
dnk,Denmark,1907,2.096
dnk,Denmark,1908,2.569
dnk,Denmark,1909,2.809
dnk,Denmark,1910,2.548
dnk,Denmark,1911,2.683
dnk,Denmark,1912,3.144
dnk,Denmark,1913,3.188
dnk,Denmark,1914,3.23
dnk,Denmark,1915,3.417
dnk,Denmark,1916,3.3
dnk,Denmark,1917,2.373
dnk,Denmark,1918,2.738
dnk,Denmark,1919,2.57
dnk,Denmark,1920,2.22
dnk,Denmark,1921,2.076
dnk,Denmark,1922,2.922
dnk,Denmark,1923,3.159
dnk,Denmark,1924,3.671
dnk,Denmark,1925,3.161
dnk,Denmark,1926,3.059
dnk,Denmark,1927,3.86
dnk,Denmark,1928,3.606
dnk,Denmark,1929,4.306
dnk,Denmark,1930,3.898
dnk,Denmark,1931,4.009
dnk,Denmark,1932,3.729
dnk,Denmark,1933,3.685
dnk,Denmark,1934,4.003
dnk,Denmark,1935,4.137
dnk,Denmark,1936,4.246
dnk,Denmark,1937,4.351
dnk,Denmark,1938,3.876
dnk,Denmark,1939,4.282
dnk,Denmark,1940,3.858
dnk,Denmark,1941,4.485
dnk,Denmark,1942,4.203
dnk,Denmark,1943,5.205
dnk,Denmark,1944,5.064
dnk,Denmark,1945,3.468
dnk,Denmark,1946,4.311
dnk,Denmark,1947,5.185
dnk,Denmark,1948,4.082
dnk,Denmark,1949,3.996
dnk,Denmark,1950,5.156
dnk,Denmark,1951,5.093
dnk,Denmark,1952,5.274
dnk,Denmark,1953,5.291
dnk,Denmark,1954,5.803
dnk,Denmark,1955,6.101
dnk,Denmark,1956,5.908
dnk,Denmark,1957,5.545
dnk,Denmark,1958,5.93
dnk,Denmark,1959,5.726
dnk,Denmark,1960,6.5
dnk,Denmark,1961,6.877
dnk,Denmark,1962,7.943
dnk,Denmark,1963,8.691
dnk,Denmark,1964,9.156
dnk,Denmark,1965,9.343
dnk,Denmark,1966,10.519
dnk,Denmark,1967,10.282
dnk,Denmark,1968,11.198
dnk,Denmark,1969,12.567
dnk,Denmark,1970,13.32
dnk,Denmark,1971,12.497
dnk,Denmark,1972,13.433
dnk,Denmark,1973,13.811
dnk,Denmark,1974,13.336
dnk,Denmark,1975,14.058
dnk,Denmark,1976,15.754
dnk,Denmark,1977,16.771
dnk,Denmark,1978,17.042
dnk,Denmark,1979,17.909
dnk,Denmark,1980,17.328
dnk,Denmark,1981,14.862
dnk,Denmark,1982,12.747
dnk,Denmark,1983,13.222
dnk,Denmark,1984,12.365
dnk,Denmark,1985,12.543
dnk,Denmark,1986,14.82
dnk,Denmark,1987,14.533
dnk,Denmark,1988,14.387
dnk,Denmark,1989,13.576
dnk,Denmark,1990,12.005
dnk,Denmark,1991,12.691
dnk,Denmark,1992,13.361
dnk,Denmark,1993,12.867
dnk,Denmark,1994,13.144
dnk,Denmark,1995,12.954
dnk,Denmark,1996,13.825
dnk,Denmark,1997,12.712
dnk,Denmark,1998,12.311
dnk,Denmark,1999,12.973
dnk,Denmark,2000,12.212
dnk,Denmark,2001,12.314
dnk,Denmark,2002,12.294
dnk,Denmark,2003,12.468
dnk,Denmark,2004,12.921
dnk,Denmark,2005,12.233
dnk,Denmark,2006,13.225
dnk,Denmark,2007,12.734
dnk,Denmark,2008,12.355
dnk,Denmark,2009,11.212
dnk,Denmark,2010,11.192
dnk,Denmark,2011,10.68
dnk,Denmark,2012,9.392
dnk,Denmark,2013,9.257
dnk,Denmark,2014,8.984
dnk,Denmark,2015,8.622
dnk,Denmark,2016,8.651
dnk,Denmark,2017,8.55
dnk,Denmark,2018,8.666
dnk,Denmark,2019,7.963
dnk,Denmark,2020,7.269
dnk,Denmark,2021,7.762
dnk,Denmark,2022,7.685
dom,Dominican Republic,1900,0.001
dom,Dominican Republic,1901,0.001
dom,Dominican Republic,1902,0.001
dom,Dominican Republic,1903,0.001
dom,Dominican Republic,1904,0.001
dom,Dominican Republic,1905,0.001
dom,Dominican Republic,1906,0.001
dom,Dominican Republic,1907,0.001
dom,Dominican Republic,1908,0.001
dom,Dominican Republic,1909,0.002
dom,Dominican Republic,1910,0.002
dom,Dominican Republic,1911,0.002
dom,Dominican Republic,1912,0.002
dom,Dominican Republic,1913,0.002
dom,Dominican Republic,1914,0.002
dom,Dominican Republic,1915,0.002
dom,Dominican Republic,1916,0.002
dom,Dominican Republic,1917,0.002
dom,Dominican Republic,1918,0.002
dom,Dominican Republic,1919,0.002
dom,Dominican Republic,1920,0.002
dom,Dominican Republic,1921,0.002
dom,Dominican Republic,1922,0.002
dom,Dominican Republic,1923,0.002
dom,Dominican Republic,1924,0.002
dom,Dominican Republic,1925,0.002
dom,Dominican Republic,1926,0.002
dom,Dominican Republic,1927,0.002
dom,Dominican Republic,1928,0.002
dom,Dominican Republic,1929,0.002
dom,Dominican Republic,1930,0.002
dom,Dominican Republic,1931,0.002
dom,Dominican Republic,1932,0.002
dom,Dominican Republic,1933,0.002
dom,Dominican Republic,1934,0.002
dom,Dominican Republic,1935,0.003
dom,Dominican Republic,1936,0.003
dom,Dominican Republic,1937,0.003
dom,Dominican Republic,1938,0.003
dom,Dominican Republic,1939,0.003
dom,Dominican Republic,1940,0.003
dom,Dominican Republic,1941,0.003
dom,Dominican Republic,1942,0.003
dom,Dominican Republic,1943,0.003
dom,Dominican Republic,1944,0.003
dom,Dominican Republic,1945,0.003
dom,Dominican Republic,1946,0.003
dom,Dominican Republic,1947,0.003
dom,Dominican Republic,1948,0.01
dom,Dominican Republic,1949,0.011
dom,Dominican Republic,1950,0.147
dom,Dominican Republic,1951,0.147
dom,Dominican Republic,1952,0.236
dom,Dominican Republic,1953,0.238
dom,Dominican Republic,1954,0.233
dom,Dominican Republic,1955,0.33
dom,Dominican Republic,1956,0.343
dom,Dominican Republic,1957,0.347
dom,Dominican Republic,1958,0.347
dom,Dominican Republic,1959,0.35
dom,Dominican Republic,1960,0.316
dom,Dominican Republic,1961,0.302
dom,Dominican Republic,1962,0.353
dom,Dominican Republic,1963,0.343
dom,Dominican Republic,1964,0.465
dom,Dominican Republic,1965,0.399
dom,Dominican Republic,1966,0.418
dom,Dominican Republic,1967,0.38
dom,Dominican Republic,1968,0.552
dom,Dominican Republic,1969,0.605
dom,Dominican Republic,1970,0.687
dom,Dominican Republic,1971,0.755
dom,Dominican Republic,1972,0.971
dom,Dominican Republic,1973,1.201
dom,Dominican Republic,1974,1.252
dom,Dominican Republic,1975,1.199
dom,Dominican Republic,1976,1.161
dom,Dominican Republic,1977,0.998
dom,Dominican Republic,1978,0.941
dom,Dominican Republic,1979,1.144
dom,Dominican Republic,1980,1.058
dom,Dominican Republic,1981,0.987
dom,Dominican Republic,1982,0.921
dom,Dominican Republic,1983,0.926
dom,Dominican Republic,1984,1.131
dom,Dominican Republic,1985,1.04
dom,Dominican Republic,1986,0.999
dom,Dominican Republic,1987,1.097
dom,Dominican Republic,1988,1.283
dom,Dominican Republic,1989,1.265
dom,Dominican Republic,1990,1.307
dom,Dominican Republic,1991,1.358
dom,Dominican Republic,1992,1.455
dom,Dominican Republic,1993,1.505
dom,Dominican Republic,1994,1.562
dom,Dominican Republic,1995,1.887
dom,Dominican Republic,1996,2.03
dom,Dominican Republic,1997,2.157
dom,Dominican Republic,1998,2.346
dom,Dominican Republic,1999,2.463
dom,Dominican Republic,2000,1.427
dom,Dominican Republic,2001,4.351
dom,Dominican Republic,2002,3.386
dom,Dominican Republic,2003,2.892
dom,Dominican Republic,2004,2.662
dom,Dominican Republic,2005,3.557
dom,Dominican Republic,2006,3.599
dom,Dominican Republic,2007,2.971
dom,Dominican Republic,2008,2.865
dom,Dominican Republic,2009,6.009
dom,Dominican Republic,2010,7.43
dom,Dominican Republic,2011,5.321
dom,Dominican Republic,2012,5.771
dom,Dominican Republic,2013,4.727
dom,Dominican Republic,2014,3.566
dom,Dominican Republic,2015,3.455
dom,Dominican Republic,2016,2.875
dom,Dominican Republic,2017,2.862
dom,Dominican Republic,2018,2.943
dom,Dominican Republic,2019,3.066
dom,Dominican Republic,2020,2.847
dom,Dominican Republic,2021,3.047
dom,Dominican Republic,2022,3.108
dza,Algeria,1900,0.001
dza,Algeria,1901,0.001
dza,Algeria,1902,0.001
dza,Algeria,1903,0.001
dza,Algeria,1904,0.001
dza,Algeria,1905,0.001
dza,Algeria,1906,0.001
dza,Algeria,1907,0.001
dza,Algeria,1908,0.001
dza,Algeria,1909,0.001
dza,Algeria,1910,0.001
dza,Algeria,1911,0.001
dza,Algeria,1912,0.001
dza,Algeria,1913,0.001
dza,Algeria,1914,0.001
dza,Algeria,1915,0.001
dza,Algeria,1916,0.001
dza,Algeria,1917,0.001
dza,Algeria,1918,0.003
dza,Algeria,1919,0.003
dza,Algeria,1920,0.004
dza,Algeria,1921,0.004
dza,Algeria,1922,0.004
dza,Algeria,1923,0.002
dza,Algeria,1924,0.005
dza,Algeria,1925,0.005
dza,Algeria,1926,0.007
dza,Algeria,1927,0.009
dza,Algeria,1928,0.012
dza,Algeria,1929,0.013
dza,Algeria,1930,0.013
dza,Algeria,1931,0.015
dza,Algeria,1932,0.017
dza,Algeria,1933,0.018
dza,Algeria,1934,0.02
dza,Algeria,1935,0.019
dza,Algeria,1936,0.007
dza,Algeria,1937,0.01
dza,Algeria,1938,0.004
dza,Algeria,1939,0.022
dza,Algeria,1940,0.031
dza,Algeria,1941,0.04
dza,Algeria,1942,0.063
dza,Algeria,1943,0.059
dza,Algeria,1944,0.062
dza,Algeria,1945,0.075
dza,Algeria,1946,0.091
dza,Algeria,1947,0.088
dza,Algeria,1948,0.093
dza,Algeria,1949,0.104
dza,Algeria,1950,0.427
dza,Algeria,1951,0.458
dza,Algeria,1952,0.424
dza,Algeria,1953,0.428
dza,Algeria,1954,0.435
dza,Algeria,1955,0.472
dza,Algeria,1956,0.5
dza,Algeria,1957,0.541
dza,Algeria,1958,0.497
dza,Algeria,1959,0.525
dza,Algeria,1960,0.557
dza,Algeria,1961,0.535
dza,Algeria,1962,0.488
dza,Algeria,1963,0.455
dza,Algeria,1964,0.462
dza,Algeria,1965,0.525
dza,Algeria,1966,0.653
dza,Algeria,1967,0.636
dza,Algeria,1968,0.663
dza,Algeria,1969,0.802
dza,Algeria,1970,1.042
dza,Algeria,1971,1.255
dza,Algeria,1972,1.854
dza,Algeria,1973,2.439
dza,Algeria,1974,1.976
dza,Algeria,1975,1.928
dza,Algeria,1976,2.292
dza,Algeria,1977,2.382
dza,Algeria,1978,3.453
dza,Algeria,1979,2.444
dza,Algeria,1980,3.458
dza,Algeria,1981,2.34
dza,Algeria,1982,1.917
dza,Algeria,1983,2.49
dza,Algeria,1984,3.263
dza,Algeria,1985,3.24
dza,Algeria,1986,3.296
dza,Algeria,1987,3.531
dza,Algeria,1988,3.427
dza,Algeria,1989,3.181
dza,Algeria,1990,2.981
dza,Algeria,1991,2.987
dza,Algeria,1992,2.958
dza,Algeria,1993,2.968
dza,Algeria,1994,3.056
dza,Algeria,1995,3.306
dza,Algeria,1996,3.31
dza,Algeria,1997,2.928
dza,Algeria,1998,3.534
dza,Algeria,1999,2.996
dza,Algeria,2000,2.819
dza,Algeria,2001,2.666
dza,Algeria,2002,2.809
dza,Algeria,2003,2.824
dza,Algeria,2004,2.689
dza,Algeria,2005,3.215
dza,Algeria,2006,2.981
dza,Algeria,2007,3.175
dza,Algeria,2008,3.142
dza,Algeria,2009,3.404
dza,Algeria,2010,3.277
dza,Algeria,2011,3.271
dza,Algeria,2012,3.43
dza,Algeria,2013,3.475
dza,Algeria,2014,3.682
dza,Algeria,2015,3.797
dza,Algeria,2016,3.642
dza,Algeria,2017,3.56
dza,Algeria,2018,3.691
dza,Algeria,2019,3.768
dza,Algeria,2020,3.694
dza,Algeria,2021,3.804
dza,Algeria,2022,3.88
ecu,Ecuador,1900,0.008
ecu,Ecuador,1901,0.008
ecu,Ecuador,1902,0.009
ecu,Ecuador,1903,0.009
ecu,Ecuador,1904,0.01
ecu,Ecuador,1905,0.01
ecu,Ecuador,1906,0.011
ecu,Ecuador,1907,0.011
ecu,Ecuador,1908,0.012
ecu,Ecuador,1909,0.012
ecu,Ecuador,1910,0.013
ecu,Ecuador,1911,0.013
ecu,Ecuador,1912,0.015
ecu,Ecuador,1913,0.015
ecu,Ecuador,1914,0.015
ecu,Ecuador,1915,0.015
ecu,Ecuador,1916,0.014
ecu,Ecuador,1917,0.014
ecu,Ecuador,1918,0.014
ecu,Ecuador,1919,0.014
ecu,Ecuador,1920,0.014
ecu,Ecuador,1921,0.014
ecu,Ecuador,1922,0.014
ecu,Ecuador,1923,0.019
ecu,Ecuador,1924,0.023
ecu,Ecuador,1925,0.036
ecu,Ecuador,1926,0.047
ecu,Ecuador,1927,0.12
ecu,Ecuador,1928,0.24
ecu,Ecuador,1929,0.301
ecu,Ecuador,1930,0.335
ecu,Ecuador,1931,0.372
ecu,Ecuador,1932,0.338
ecu,Ecuador,1933,0.337
ecu,Ecuador,1934,0.332
ecu,Ecuador,1935,0.347
ecu,Ecuador,1936,0.379
ecu,Ecuador,1937,0.412
ecu,Ecuador,1938,0.425
ecu,Ecuador,1939,0.43
ecu,Ecuador,1940,0.426
ecu,Ecuador,1941,0.277
ecu,Ecuador,1942,0.388
ecu,Ecuador,1943,0.378
ecu,Ecuador,1944,0.46
ecu,Ecuador,1945,0.413
ecu,Ecuador,1946,0.359
ecu,Ecuador,1947,0.366
ecu,Ecuador,1948,0.394
ecu,Ecuador,1949,0.386
ecu,Ecuador,1950,0.213
ecu,Ecuador,1951,0.198
ecu,Ecuador,1952,0.245
ecu,Ecuador,1953,0.219
ecu,Ecuador,1954,0.25
ecu,Ecuador,1955,0.303
ecu,Ecuador,1956,0.319
ecu,Ecuador,1957,0.271
ecu,Ecuador,1958,0.308
ecu,Ecuador,1959,0.293
ecu,Ecuador,1960,0.388
ecu,Ecuador,1961,0.352
ecu,Ecuador,1962,0.325
ecu,Ecuador,1963,0.363
ecu,Ecuador,1964,0.42
ecu,Ecuador,1965,0.433
ecu,Ecuador,1966,0.446
ecu,Ecuador,1967,0.462
ecu,Ecuador,1968,0.535
ecu,Ecuador,1969,0.593
ecu,Ecuador,1970,0.676
ecu,Ecuador,1971,0.634
ecu,Ecuador,1972,0.65
ecu,Ecuador,1973,0.698
ecu,Ecuador,1974,0.753
ecu,Ecuador,1975,0.843
ecu,Ecuador,1976,0.859
ecu,Ecuador,1977,0.734
ecu,Ecuador,1978,0.953
ecu,Ecuador,1979,1.049
ecu,Ecuador,1980,1.11
ecu,Ecuador,1981,1.344
ecu,Ecuador,1982,1.627
ecu,Ecuador,1983,1.832
ecu,Ecuador,1984,1.811
ecu,Ecuador,1985,1.919
ecu,Ecuador,1986,1.709
ecu,Ecuador,1987,1.309
ecu,Ecuador,1988,1.263
ecu,Ecuador,1989,1.409
ecu,Ecuador,1990,1.615
ecu,Ecuador,1991,1.535
ecu,Ecuador,1992,1.911
ecu,Ecuador,1993,2.108
ecu,Ecuador,1994,1.323
ecu,Ecuador,1995,1.959
ecu,Ecuador,1996,1.973
ecu,Ecuador,1997,1.617
ecu,Ecuador,1998,2.014
ecu,Ecuador,1999,1.721
ecu,Ecuador,2000,1.544
ecu,Ecuador,2001,1.883
ecu,Ecuador,2002,2.048
ecu,Ecuador,2003,2.153
ecu,Ecuador,2004,2.275
ecu,Ecuador,2005,2.37
ecu,Ecuador,2006,2.409
ecu,Ecuador,2007,2.682
ecu,Ecuador,2008,2.439
ecu,Ecuador,2009,2.482
ecu,Ecuador,2010,2.619
ecu,Ecuador,2011,2.807
ecu,Ecuador,2012,2.735
ecu,Ecuador,2013,2.887
ecu,Ecuador,2014,3.085
ecu,Ecuador,2015,2.907
ecu,Ecuador,2016,2.657
ecu,Ecuador,2017,2.723
ecu,Ecuador,2018,2.642
ecu,Ecuador,2019,2.694
ecu,Ecuador,2020,2.306
ecu,Ecuador,2021,2.647
ecu,Ecuador,2022,2.7
egy,Egypt,1900,0.001
egy,Egypt,1901,0.001
egy,Egypt,1902,0.001
egy,Egypt,1903,0.001
egy,Egypt,1904,0.001
egy,Egypt,1905,0.001
egy,Egypt,1906,0.001
egy,Egypt,1907,0.001
egy,Egypt,1908,0.001
egy,Egypt,1909,0.001
egy,Egypt,1910,0.001
egy,Egypt,1911,0.001
egy,Egypt,1912,0.007
egy,Egypt,1913,0.004
egy,Egypt,1914,0.027
egy,Egypt,1915,0.008
egy,Egypt,1916,0.015
egy,Egypt,1917,0.035
egy,Egypt,1918,0.072
egy,Egypt,1919,0.057
egy,Egypt,1920,0.037
egy,Egypt,1921,0.045
egy,Egypt,1922,0.042
egy,Egypt,1923,0.037
egy,Egypt,1924,0.039
egy,Egypt,1925,0.043
egy,Egypt,1926,0.04
egy,Egypt,1927,0.043
egy,Egypt,1928,0.065
egy,Egypt,1929,0.068
egy,Egypt,1930,0.074
egy,Egypt,1931,0.072
egy,Egypt,1932,0.067
egy,Egypt,1933,0.061
egy,Egypt,1934,0.057
egy,Egypt,1935,0.051
egy,Egypt,1936,0.049
egy,Egypt,1937,0.046
egy,Egypt,1938,0.057
egy,Egypt,1939,0.143
egy,Egypt,1940,0.191
egy,Egypt,1941,0.244
egy,Egypt,1942,0.231
egy,Egypt,1943,0.241
egy,Egypt,1944,0.249
egy,Egypt,1945,0.243
egy,Egypt,1946,0.229
egy,Egypt,1947,0.233
egy,Egypt,1948,0.317
egy,Egypt,1949,0.375
egy,Egypt,1950,0.501
egy,Egypt,1951,0.505
egy,Egypt,1952,0.508
egy,Egypt,1953,0.49
egy,Egypt,1954,0.517
egy,Egypt,1955,0.459
egy,Egypt,1956,0.417
egy,Egypt,1957,0.487
egy,Egypt,1958,0.543
egy,Egypt,1959,0.491
egy,Egypt,1960,0.602
egy,Egypt,1961,0.624
egy,Egypt,1962,0.661
egy,Egypt,1963,0.746
egy,Egypt,1964,0.861
egy,Egypt,1965,0.908
egy,Egypt,1966,0.85
egy,Egypt,1967,0.613
egy,Egypt,1968,0.696
egy,Egypt,1969,0.583
egy,Egypt,1970,0.627
egy,Egypt,1971,0.651
egy,Egypt,1972,0.704
egy,Egypt,1973,0.641
egy,Egypt,1974,0.688
egy,Egypt,1975,0.8
egy,Egypt,1976,0.866
egy,Egypt,1977,0.928
egy,Egypt,1978,0.94
egy,Egypt,1979,1.002
egy,Egypt,1980,1.029
egy,Egypt,1981,1.131
egy,Egypt,1982,1.244
egy,Egypt,1983,1.344
egy,Egypt,1984,1.323
egy,Egypt,1985,1.441
egy,Egypt,1986,1.405
egy,Egypt,1987,1.595
egy,Egypt,1988,1.557
egy,Egypt,1989,1.509
egy,Egypt,1990,1.424
egy,Egypt,1991,1.329
egy,Egypt,1992,1.448
egy,Egypt,1993,1.525
egy,Egypt,1994,1.414
egy,Egypt,1995,1.53
egy,Egypt,1996,1.509
egy,Egypt,1997,1.656
egy,Egypt,1998,1.868
egy,Egypt,1999,1.885
egy,Egypt,2000,1.905
egy,Egypt,2001,1.646
egy,Egypt,2002,1.619
egy,Egypt,2003,1.77
egy,Egypt,2004,1.683
egy,Egypt,2005,1.855
egy,Egypt,2006,1.934
egy,Egypt,2007,2.066
egy,Egypt,2008,2.149
egy,Egypt,2009,2.296
egy,Egypt,2010,2.289
egy,Egypt,2011,2.351
egy,Egypt,2012,2.415
egy,Egypt,2013,2.278
egy,Egypt,2014,2.504
egy,Egypt,2015,2.515
egy,Egypt,2016,2.591
egy,Egypt,2017,2.493
egy,Egypt,2018,2.324
egy,Egypt,2019,2.384
egy,Egypt,2020,2.236
egy,Egypt,2021,2.352
egy,Egypt,2022,2.399
eri,Eritrea,1900,0.01
eri,Eritrea,1901,0.01
eri,Eritrea,1902,0.01
eri,Eritrea,1903,0.01
eri,Eritrea,1904,0.011
eri,Eritrea,1905,0.011
eri,Eritrea,1906,0.011
eri,Eritrea,1907,0.011
eri,Eritrea,1908,0.011
eri,Eritrea,1909,0.011
eri,Eritrea,1910,0.012
eri,Eritrea,1911,0.012
eri,Eritrea,1912,0.013
eri,Eritrea,1913,0.012
eri,Eritrea,1914,0.012
eri,Eritrea,1915,0.012
eri,Eritrea,1916,0.012
eri,Eritrea,1917,0.013
eri,Eritrea,1918,0.013
eri,Eritrea,1919,0.014
eri,Eritrea,1920,0.014
eri,Eritrea,1921,0.014
eri,Eritrea,1922,0.015
eri,Eritrea,1923,0.015
eri,Eritrea,1924,0.015
eri,Eritrea,1925,0.016
eri,Eritrea,1926,0.016
eri,Eritrea,1927,0.017
eri,Eritrea,1928,0.016
eri,Eritrea,1929,0.017
eri,Eritrea,1930,0.017
eri,Eritrea,1931,0.018
eri,Eritrea,1932,0.017
eri,Eritrea,1933,0.017
eri,Eritrea,1934,0.018
eri,Eritrea,1935,0.018
eri,Eritrea,1936,0.019
eri,Eritrea,1937,0.019
eri,Eritrea,1938,0.021
eri,Eritrea,1939,0.021
eri,Eritrea,1940,0.01
eri,Eritrea,1941,0.005
eri,Eritrea,1942,0.015
eri,Eritrea,1943,0.02
eri,Eritrea,1944,0.024
eri,Eritrea,1945,0.069
eri,Eritrea,1946,0.072
eri,Eritrea,1947,0.071
eri,Eritrea,1948,0.073
eri,Eritrea,1949,0.077
eri,Eritrea,1950,0.078
eri,Eritrea,1951,0.083
eri,Eritrea,1952,0.082
eri,Eritrea,1953,0.084
eri,Eritrea,1954,0.086
eri,Eritrea,1955,0.089
eri,Eritrea,1956,0.093
eri,Eritrea,1957,0.097
eri,Eritrea,1958,0.105
eri,Eritrea,1959,0.106
eri,Eritrea,1960,0.107
eri,Eritrea,1961,0.112
eri,Eritrea,1962,0.113
eri,Eritrea,1963,0.115
eri,Eritrea,1964,0.117
eri,Eritrea,1965,0.124
eri,Eritrea,1966,0.131
eri,Eritrea,1967,0.133
eri,Eritrea,1968,0.134
eri,Eritrea,1969,0.139
eri,Eritrea,1970,0.139
eri,Eritrea,1971,0.147
eri,Eritrea,1972,0.154
eri,Eritrea,1973,0.158
eri,Eritrea,1974,0.165
eri,Eritrea,1975,0.171
eri,Eritrea,1976,0.179
eri,Eritrea,1977,0.187
eri,Eritrea,1978,0.194
eri,Eritrea,1979,0.199
eri,Eritrea,1980,0.211
eri,Eritrea,1981,0.218
eri,Eritrea,1982,0.235
eri,Eritrea,1983,0.246
eri,Eritrea,1984,0.255
eri,Eritrea,1985,0.263
eri,Eritrea,1986,0.272
eri,Eritrea,1987,0.278
eri,Eritrea,1988,0.285
eri,Eritrea,1989,0.3
eri,Eritrea,1990,0.301
eri,Eritrea,1991,0.308
eri,Eritrea,1992,0.31
eri,Eritrea,1993,0.316
eri,Eritrea,1994,0.319
eri,Eritrea,1995,0.359
eri,Eritrea,1996,0.392
eri,Eritrea,1997,0.35
eri,Eritrea,1998,0.266
eri,Eritrea,1999,0.275
eri,Eritrea,2000,0.264
eri,Eritrea,2001,0.264
eri,Eritrea,2002,0.242
eri,Eritrea,2003,0.273
eri,Eritrea,2004,0.282
eri,Eritrea,2005,0.27
eri,Eritrea,2006,0.187
eri,Eritrea,2007,0.187
eri,Eritrea,2008,0.131
eri,Eritrea,2009,0.159
eri,Eritrea,2010,0.157
eri,Eritrea,2011,0.174
eri,Eritrea,2012,0.19
eri,Eritrea,2013,0.191
eri,Eritrea,2014,0.205
eri,Eritrea,2015,0.201
eri,Eritrea,2016,0.204
eri,Eritrea,2017,0.212
eri,Eritrea,2018,0.215
eri,Eritrea,2019,0.219
eri,Eritrea,2020,0.215
eri,Eritrea,2021,0.23
eri,Eritrea,2022,0.234
esp,Spain,1900,0.604
esp,Spain,1901,0.632
esp,Spain,1902,0.656
esp,Spain,1903,0.643
esp,Spain,1904,0.682
esp,Spain,1905,0.707
esp,Spain,1906,0.718
esp,Spain,1907,0.725
esp,Spain,1908,0.755
esp,Spain,1909,0.769
esp,Spain,1910,0.751
esp,Spain,1911,0.737
esp,Spain,1912,0.795
esp,Spain,1913,0.86
esp,Spain,1914,0.849
esp,Spain,1915,0.746
esp,Spain,1916,0.865
esp,Spain,1917,0.762
esp,Spain,1918,0.799
esp,Spain,1919,0.755
esp,Spain,1920,0.661
esp,Spain,1921,0.692
esp,Spain,1922,0.69
esp,Spain,1923,0.788
esp,Spain,1924,0.833
esp,Spain,1925,0.855
esp,Spain,1926,0.816
esp,Spain,1927,0.943
esp,Spain,1928,0.937
esp,Spain,1929,1.034
esp,Spain,1930,1.009
esp,Spain,1931,0.953
esp,Spain,1932,0.887
esp,Spain,1933,0.776
esp,Spain,1934,0.832
esp,Spain,1935,0.915
esp,Spain,1936,0.325
esp,Spain,1937,0.21
esp,Spain,1938,0.524
esp,Spain,1939,0.617
esp,Spain,1940,0.841
esp,Spain,1941,0.829
esp,Spain,1942,0.881
esp,Spain,1943,0.903
esp,Spain,1944,0.969
esp,Spain,1945,1.052
esp,Spain,1946,1.037
esp,Spain,1947,1.141
esp,Spain,1948,1.187
esp,Spain,1949,1.286
esp,Spain,1950,1.178
esp,Spain,1951,1.175
esp,Spain,1952,1.326
esp,Spain,1953,1.363
esp,Spain,1954,1.38
esp,Spain,1955,1.388
esp,Spain,1956,1.447
esp,Spain,1957,1.702
esp,Spain,1958,1.876
esp,Spain,1959,1.732
esp,Spain,1960,1.609
esp,Spain,1961,1.746
esp,Spain,1962,1.932
esp,Spain,1963,1.871
esp,Spain,1964,2.026
esp,Spain,1965,2.215
esp,Spain,1966,2.399
esp,Spain,1967,2.65
esp,Spain,1968,2.959
esp,Spain,1969,2.941
esp,Spain,1970,3.548
esp,Spain,1971,3.913
esp,Spain,1972,4.435
esp,Spain,1973,4.793
esp,Spain,1974,5.404
esp,Spain,1975,5.741
esp,Spain,1976,6.351
esp,Spain,1977,6.324
esp,Spain,1978,6.525
esp,Spain,1979,6.65
esp,Spain,1980,7.003
esp,Spain,1981,6.698
esp,Spain,1982,6.407
esp,Spain,1983,6.445
esp,Spain,1984,6.252
esp,Spain,1985,6.047
esp,Spain,1986,6.093
esp,Spain,1987,5.745
esp,Spain,1988,5.743
esp,Spain,1989,5.971
esp,Spain,1990,6.786
esp,Spain,1991,6.916
esp,Spain,1992,7.443
esp,Spain,1993,6.888
esp,Spain,1994,6.934
esp,Spain,1995,7.193
esp,Spain,1996,6.77
esp,Spain,1997,6.869
esp,Spain,1998,7.186
esp,Spain,1999,7.701
esp,Spain,2000,8.111
esp,Spain,2001,8.12
esp,Spain,2002,8.605
esp,Spain,2003,8.442
esp,Spain,2004,8.926
esp,Spain,2005,9.351
esp,Spain,2006,9.32
esp,Spain,2007,9.435
esp,Spain,2008,8.53
esp,Spain,2009,7.419
esp,Spain,2010,7.006
esp,Spain,2011,6.837
esp,Spain,2012,6.302
esp,Spain,2013,5.905
esp,Spain,2014,6.051
esp,Spain,2015,6.068
esp,Spain,2016,5.892
esp,Spain,2017,6.307
esp,Spain,2018,6.347
esp,Spain,2019,5.975
esp,Spain,2020,5.32
esp,Spain,2021,5.714
esp,Spain,2022,5.657
est,Estonia,1900,0.024
est,Estonia,1901,0.024
est,Estonia,1902,0.025
est,Estonia,1903,0.025
est,Estonia,1904,0.025
est,Estonia,1905,0.026
est,Estonia,1906,0.026
est,Estonia,1907,0.027
est,Estonia,1908,0.028
est,Estonia,1909,0.029
est,Estonia,1910,0.029
est,Estonia,1911,0.029
est,Estonia,1912,0.03
est,Estonia,1913,0.032
est,Estonia,1914,0.033
est,Estonia,1915,0.031
est,Estonia,1916,0.029
est,Estonia,1917,0.03
est,Estonia,1918,0.03
est,Estonia,1919,0.026
est,Estonia,1920,0.02
est,Estonia,1921,0.024
est,Estonia,1922,0.024
est,Estonia,1923,0.025
est,Estonia,1924,0.024
est,Estonia,1925,0.025
est,Estonia,1926,0.025
est,Estonia,1927,0.027
est,Estonia,1928,0.029
est,Estonia,1929,0.026
est,Estonia,1930,0.02
est,Estonia,1931,0.02
est,Estonia,1932,0.013
est,Estonia,1933,0.013
est,Estonia,1934,0.013
est,Estonia,1935,0.016
est,Estonia,1936,0.023
est,Estonia,1937,0.029
est,Estonia,1938,0.036
est,Estonia,1939,0.033
est,Estonia,1940,3.443
est,Estonia,1941,4.108
est,Estonia,1942,3.714
est,Estonia,1943,3.31
est,Estonia,1944,3.612
est,Estonia,1945,3.45
est,Estonia,1946,3.038
est,Estonia,1947,3.573
est,Estonia,1948,3.819
est,Estonia,1949,4.106
est,Estonia,1950,4.461
est,Estonia,1951,4.683
est,Estonia,1952,5.019
est,Estonia,1953,5.333
est,Estonia,1954,5.655
est,Estonia,1955,6.019
est,Estonia,1956,6.132
est,Estonia,1957,7.146
est,Estonia,1958,7.766
est,Estonia,1959,8.355
est,Estonia,1960,8.611
est,Estonia,1961,8.785
est,Estonia,1962,9.119
est,Estonia,1963,9.666
est,Estonia,1964,10.16
est,Estonia,1965,10.659
est,Estonia,1966,11.144
est,Estonia,1967,11.553
est,Estonia,1968,11.792
est,Estonia,1969,12.213
est,Estonia,1970,12.805
est,Estonia,1971,13.58
est,Estonia,1972,14.32
est,Estonia,1973,14.996
est,Estonia,1974,15.673
est,Estonia,1975,16.601
est,Estonia,1976,17.364
est,Estonia,1977,18.069
est,Estonia,1978,18.773
est,Estonia,1979,18.944
est,Estonia,1980,19.633
est,Estonia,1981,19.151
est,Estonia,1982,18.681
est,Estonia,1983,18.919
est,Estonia,1984,19.08
est,Estonia,1985,19.124
est,Estonia,1986,20.456
est,Estonia,1987,20.334
est,Estonia,1988,20.033
est,Estonia,1989,20.394
est,Estonia,1990,19.873
est,Estonia,1991,19.249
est,Estonia,1992,15.546
est,Estonia,1993,11.887
est,Estonia,1994,11.229
est,Estonia,1995,10.752
est,Estonia,1996,11.623
est,Estonia,1997,11.163
est,Estonia,1998,12.053
est,Estonia,1999,14.014
est,Estonia,2000,14.463
est,Estonia,2001,13.58
est,Estonia,2002,14.294
est,Estonia,2003,15.024
est,Estonia,2004,15.202
est,Estonia,2005,14.208
est,Estonia,2006,15.651
est,Estonia,2007,15.765
est,Estonia,2008,13.044
est,Estonia,2009,10.493
est,Estonia,2010,12.898
est,Estonia,2011,14.659
est,Estonia,2012,13.261
est,Estonia,2013,12.98
est,Estonia,2014,13.123
est,Estonia,2015,13.659
est,Estonia,2016,12.569
est,Estonia,2017,12.728
est,Estonia,2018,13.531
est,Estonia,2019,11.004
est,Estonia,2020,9.334
est,Estonia,2021,10.478
est,Estonia,2022,10.373
eth,Ethiopia,1935,0.001
eth,Ethiopia,1936,0.001
eth,Ethiopia,1937,0.001
eth,Ethiopia,1938,0.001
eth,Ethiopia,1939,0.001
eth,Ethiopia,1940,0.001
eth,Ethiopia,1941,0.001
eth,Ethiopia,1942,0.001
eth,Ethiopia,1943,0.001
eth,Ethiopia,1950,0.005
eth,Ethiopia,1951,0.003
eth,Ethiopia,1952,0.005
eth,Ethiopia,1953,0.01
eth,Ethiopia,1954,0.014
eth,Ethiopia,1955,0.011
eth,Ethiopia,1956,0.012
eth,Ethiopia,1957,0.016
eth,Ethiopia,1958,0.015
eth,Ethiopia,1959,0.016
eth,Ethiopia,1960,0.016
eth,Ethiopia,1961,0.015
eth,Ethiopia,1962,0.017
eth,Ethiopia,1963,0.018
eth,Ethiopia,1964,0.017
eth,Ethiopia,1965,0.026
eth,Ethiopia,1966,0.032
eth,Ethiopia,1967,0.041
eth,Ethiopia,1968,0.065
eth,Ethiopia,1969,0.062
eth,Ethiopia,1970,0.061
eth,Ethiopia,1971,0.067
eth,Ethiopia,1972,0.051
eth,Ethiopia,1973,0.064
eth,Ethiopia,1974,0.064
eth,Ethiopia,1975,0.045
eth,Ethiopia,1976,0.044
eth,Ethiopia,1977,0.04
eth,Ethiopia,1978,0.053
eth,Ethiopia,1979,0.072
eth,Ethiopia,1980,0.07
eth,Ethiopia,1981,0.07
eth,Ethiopia,1982,0.07
eth,Ethiopia,1983,0.054
eth,Ethiopia,1984,0.065
eth,Ethiopia,1985,0.057
eth,Ethiopia,1986,0.06
eth,Ethiopia,1987,0.071
eth,Ethiopia,1988,0.08
eth,Ethiopia,1989,0.08
eth,Ethiopia,1990,0.082
eth,Ethiopia,1991,0.079
eth,Ethiopia,1992,0.078
eth,Ethiopia,1993,0.075
eth,Ethiopia,1994,0.06
eth,Ethiopia,1995,0.064
eth,Ethiopia,1996,0.066
eth,Ethiopia,1997,0.071
eth,Ethiopia,1998,0.081
eth,Ethiopia,1999,0.077
eth,Ethiopia,2000,0.056
eth,Ethiopia,2001,0.063
eth,Ethiopia,2002,0.055
eth,Ethiopia,2003,0.055
eth,Ethiopia,2004,0.054
eth,Ethiopia,2005,0.052
eth,Ethiopia,2006,0.056
eth,Ethiopia,2007,0.059
eth,Ethiopia,2008,0.063
eth,Ethiopia,2009,0.064
eth,Ethiopia,2010,0.056
eth,Ethiopia,2011,0.06
eth,Ethiopia,2012,0.079
eth,Ethiopia,2013,0.085
eth,Ethiopia,2014,0.105
eth,Ethiopia,2015,0.111
eth,Ethiopia,2016,0.123
eth,Ethiopia,2017,0.185
eth,Ethiopia,2018,0.173
eth,Ethiopia,2019,0.188
eth,Ethiopia,2020,0.172
eth,Ethiopia,2021,0.184
eth,Ethiopia,2022,0.188
fin,Finland,1900,0.228
fin,Finland,1901,0.158
fin,Finland,1902,0.148
fin,Finland,1903,0.188
fin,Finland,1904,0.192
fin,Finland,1905,0.211
fin,Finland,1906,0.219
fin,Finland,1907,0.313
fin,Finland,1908,0.491
fin,Finland,1909,0.443
fin,Finland,1910,0.364
fin,Finland,1911,0.447
fin,Finland,1912,0.501
fin,Finland,1913,0.558
fin,Finland,1914,0.229
fin,Finland,1915,0.035
fin,Finland,1916,0.059
fin,Finland,1917,0.039
fin,Finland,1918,0.024
fin,Finland,1919,0.077
fin,Finland,1920,0.088
fin,Finland,1921,0.089
fin,Finland,1922,0.223
fin,Finland,1923,0.459
fin,Finland,1924,0.537
fin,Finland,1925,0.522
fin,Finland,1926,0.482
fin,Finland,1927,0.852
fin,Finland,1928,0.927
fin,Finland,1929,0.984
fin,Finland,1930,0.771
fin,Finland,1931,0.869
fin,Finland,1932,0.866
fin,Finland,1933,0.917
fin,Finland,1934,1.117
fin,Finland,1935,0.987
fin,Finland,1936,1.383
fin,Finland,1937,1.877
fin,Finland,1938,1.566
fin,Finland,1939,1.33
fin,Finland,1940,0.627
fin,Finland,1941,0.872
fin,Finland,1942,0.749
fin,Finland,1943,1.044
fin,Finland,1944,0.715
fin,Finland,1945,0.167
fin,Finland,1946,0.848
fin,Finland,1947,1.396
fin,Finland,1948,2.149
fin,Finland,1949,1.243
fin,Finland,1950,1.635
fin,Finland,1951,1.972
fin,Finland,1952,2.115
fin,Finland,1953,1.828
fin,Finland,1954,2.186
fin,Finland,1955,2.581
fin,Finland,1956,2.845
fin,Finland,1957,2.834
fin,Finland,1958,2.434
fin,Finland,1959,3.084
fin,Finland,1960,3.405
fin,Finland,1961,3.343
fin,Finland,1962,3.737
fin,Finland,1963,4.28
fin,Finland,1964,5.033
fin,Finland,1965,5.571
fin,Finland,1966,6.509
fin,Finland,1967,6.356
fin,Finland,1968,7.499
fin,Finland,1969,8.715
fin,Finland,1970,9.547
fin,Finland,1971,9.951
fin,Finland,1972,11.327
fin,Finland,1973,13.344
fin,Finland,1974,13.345
fin,Finland,1975,13.962
fin,Finland,1976,16.412
fin,Finland,1977,16.869
fin,Finland,1978,18.117
fin,Finland,1979,19.446
fin,Finland,1980,21.069
fin,Finland,1981,18.544
fin,Finland,1982,16.322
fin,Finland,1983,13.575
fin,Finland,1984,13.024
fin,Finland,1985,13.169
fin,Finland,1986,15.409
fin,Finland,1987,16.484
fin,Finland,1988,17.765
fin,Finland,1989,16.026
fin,Finland,1990,16.094
fin,Finland,1991,14.795
fin,Finland,1992,20.459
fin,Finland,1993,16.722
fin,Finland,1994,15.317
fin,Finland,1995,14.661
fin,Finland,1996,14.521
fin,Finland,1997,14.229
fin,Finland,1998,13.793
fin,Finland,1999,14.248
fin,Finland,2000,15.182
fin,Finland,2001,15.57
fin,Finland,2002,15.601
fin,Finland,2003,17.069
fin,Finland,2004,16.25
fin,Finland,2005,15.32
fin,Finland,2006,16.945
fin,Finland,2007,16.69
fin,Finland,2008,15.487
fin,Finland,2009,13.009
fin,Finland,2010,15.332
fin,Finland,2011,13.066
fin,Finland,2012,12.462
fin,Finland,2013,12.173
fin,Finland,2014,11.225
fin,Finland,2015,10.01
fin,Finland,2016,10.344
fin,Finland,2017,10.011
fin,Finland,2018,10.443
fin,Finland,2019,9.591
fin,Finland,2020,8.634
fin,Finland,2021,8.849
fin,Finland,2022,8.761
fji,Fiji,1900,0.218
fji,Fiji,1901,0.211
fji,Fiji,1902,0.22
fji,Fiji,1903,0.223
fji,Fiji,1904,0.222
fji,Fiji,1905,0.228
fji,Fiji,1906,0.232
fji,Fiji,1907,0.247
fji,Fiji,1908,0.255
fji,Fiji,1909,0.265
fji,Fiji,1910,0.259
fji,Fiji,1911,0.283
fji,Fiji,1912,0.287
fji,Fiji,1913,0.292
fji,Fiji,1914,0.292
fji,Fiji,1915,0.305
fji,Fiji,1916,0.285
fji,Fiji,1917,0.267
fji,Fiji,1918,0.267
fji,Fiji,1919,0.273
fji,Fiji,1920,0.263
fji,Fiji,1921,0.278
fji,Fiji,1922,0.261
fji,Fiji,1923,0.27
fji,Fiji,1924,0.272
fji,Fiji,1925,0.283
fji,Fiji,1926,0.29
fji,Fiji,1927,0.291
fji,Fiji,1928,0.297
fji,Fiji,1929,0.286
fji,Fiji,1930,0.278
fji,Fiji,1931,0.268
fji,Fiji,1932,0.25
fji,Fiji,1933,0.25
fji,Fiji,1934,0.255
fji,Fiji,1935,0.266
fji,Fiji,1936,0.282
fji,Fiji,1937,0.295
fji,Fiji,1938,0.314
fji,Fiji,1939,0.318
fji,Fiji,1940,0.341
fji,Fiji,1941,0.332
fji,Fiji,1942,0.363
fji,Fiji,1943,0.377
fji,Fiji,1944,0.375
fji,Fiji,1945,0.376
fji,Fiji,1946,0.373
fji,Fiji,1947,0.39
fji,Fiji,1948,0.407
fji,Fiji,1949,0.416
fji,Fiji,1950,0.419
fji,Fiji,1951,0.446
fji,Fiji,1952,0.517
fji,Fiji,1953,0.536
fji,Fiji,1954,0.486
fji,Fiji,1955,0.514
fji,Fiji,1956,0.562
fji,Fiji,1957,0.462
fji,Fiji,1958,0.478
fji,Fiji,1959,0.52
fji,Fiji,1960,0.494
fji,Fiji,1961,0.414
fji,Fiji,1962,0.548
fji,Fiji,1963,0.555
fji,Fiji,1964,0.944
fji,Fiji,1965,0.743
fji,Fiji,1966,0.677
fji,Fiji,1967,0.729
fji,Fiji,1968,0.793
fji,Fiji,1969,0.849
fji,Fiji,1970,1.0
fji,Fiji,1971,1.034
fji,Fiji,1972,1.067
fji,Fiji,1973,1.138
fji,Fiji,1974,1.186
fji,Fiji,1975,1.081
fji,Fiji,1976,0.823
fji,Fiji,1977,1.279
fji,Fiji,1978,1.165
fji,Fiji,1979,1.347
fji,Fiji,1980,1.248
fji,Fiji,1981,1.656
fji,Fiji,1982,1.251
fji,Fiji,1983,1.035
fji,Fiji,1984,0.825
fji,Fiji,1985,0.806
fji,Fiji,1986,0.833
fji,Fiji,1987,0.654
fji,Fiji,1988,0.761
fji,Fiji,1989,0.864
fji,Fiji,1990,1.107
fji,Fiji,1991,0.902
fji,Fiji,1992,0.995
fji,Fiji,1993,0.986
fji,Fiji,1994,0.966
fji,Fiji,1995,0.973
fji,Fiji,1996,1.038
fji,Fiji,1997,0.988
fji,Fiji,1998,0.952
fji,Fiji,1999,0.962
fji,Fiji,2000,1.029
fji,Fiji,2001,1.286
fji,Fiji,2002,1.08
fji,Fiji,2003,1.271
fji,Fiji,2004,1.64
fji,Fiji,2005,1.317
fji,Fiji,2006,1.452
fji,Fiji,2007,1.366
fji,Fiji,2008,1.039
fji,Fiji,2009,0.913
fji,Fiji,2010,1.398
fji,Fiji,2011,1.238
fji,Fiji,2012,1.204
fji,Fiji,2013,1.522
fji,Fiji,2014,1.875
fji,Fiji,2015,2.455
fji,Fiji,2016,2.316
fji,Fiji,2017,2.361
fji,Fiji,2018,2.407
fji,Fiji,2019,2.502
fji,Fiji,2020,2.385
fji,Fiji,2021,2.552
fji,Fiji,2022,2.603
fra,France,1900,3.234
fra,France,1901,3.123
fra,France,1902,2.936
fra,France,1903,3.223
fra,France,1904,3.136
fra,France,1905,3.168
fra,France,1906,3.391
fra,France,1907,3.61
fra,France,1908,3.634
fra,France,1909,3.718
fra,France,1910,3.737
fra,France,1911,3.905
fra,France,1912,3.964
fra,France,1913,4.302
fra,France,1914,2.993
fra,France,1915,2.626
fra,France,1916,2.807
fra,France,1917,3.13
fra,France,1918,2.807
fra,France,1919,3.015
fra,France,1920,3.943
fra,France,1921,3.577
fra,France,1922,4.214
fra,France,1923,4.727
fra,France,1924,5.269
fra,France,1925,5.417
fra,France,1926,5.38
fra,France,1927,5.328
fra,France,1928,5.258
fra,France,1929,5.793
fra,France,1930,5.857
fra,France,1931,5.351
fra,France,1932,4.718
fra,France,1933,4.913
fra,France,1934,4.968
fra,France,1935,4.828
fra,France,1936,4.902
fra,France,1937,5.396
fra,France,1938,5.008
fra,France,1939,4.832
fra,France,1940,3.418
fra,France,1941,2.971
fra,France,1942,3.027
fra,France,1943,3.084
fra,France,1944,1.962
fra,France,1945,2.62
fra,France,1946,4.025
fra,France,1947,4.456
fra,France,1948,4.752
fra,France,1949,5.513
fra,France,1950,4.84
fra,France,1951,5.447
fra,France,1952,5.369
fra,France,1953,5.035
fra,France,1954,5.266
fra,France,1955,5.511
fra,France,1956,6.135
fra,France,1957,6.281
fra,France,1958,5.966
fra,France,1959,5.816
fra,France,1960,5.946
fra,France,1961,6.087
fra,France,1962,6.378
fra,France,1963,7.037
fra,France,1964,7.186
fra,France,1965,7.249
fra,France,1966,7.105
fra,France,1967,7.586
fra,France,1968,7.845
fra,France,1969,8.469
fra,France,1970,9.085
fra,France,1971,9.714
fra,France,1972,10.31
fra,France,1973,11.367
fra,France,1974,11.311
fra,France,1975,10.456
fra,France,1976,12.207
fra,France,1977,11.943
fra,France,1978,12.843
fra,France,1979,13.635
fra,France,1980,13.08
fra,France,1981,11.717
fra,France,1982,10.497
fra,France,1983,10.041
fra,France,1984,9.668
fra,France,1985,9.239
fra,France,1986,9.081
fra,France,1987,8.696
fra,France,1988,8.477
fra,France,1989,8.321
fra,France,1990,8.684
fra,France,1991,8.858
fra,France,1992,9.53
fra,France,1993,8.787
fra,France,1994,8.546
fra,France,1995,8.673
fra,France,1996,8.666
fra,France,1997,8.383
fra,France,1998,8.696
fra,France,1999,8.692
fra,France,2000,8.755
fra,France,2001,8.709
fra,France,2002,8.557
fra,France,2003,8.668
fra,France,2004,8.966
fra,France,2005,9.055
fra,France,2006,8.987
fra,France,2007,8.933
fra,France,2008,8.783
fra,France,2009,8.08
fra,France,2010,8.021
fra,France,2011,7.939
fra,France,2012,7.577
fra,France,2013,7.339
fra,France,2014,6.826
fra,France,2015,6.607
fra,France,2016,6.71
fra,France,2017,6.652
fra,France,2018,6.619
fra,France,2019,6.416
fra,France,2020,5.789
fra,France,2021,6.134
fra,France,2022,6.073
fsm,"Micronesia, Fed. Sts.",1900,0.118
fsm,"Micronesia, Fed. Sts.",1901,0.115
fsm,"Micronesia, Fed. Sts.",1902,0.119
fsm,"Micronesia, Fed. Sts.",1903,0.121
fsm,"Micronesia, Fed. Sts.",1904,0.12
fsm,"Micronesia, Fed. Sts.",1905,0.123
fsm,"Micronesia, Fed. Sts.",1906,0.126
fsm,"Micronesia, Fed. Sts.",1907,0.134
fsm,"Micronesia, Fed. Sts.",1908,0.138
fsm,"Micronesia, Fed. Sts.",1909,0.144
fsm,"Micronesia, Fed. Sts.",1910,0.14
fsm,"Micronesia, Fed. Sts.",1911,0.153
fsm,"Micronesia, Fed. Sts.",1912,0.155
fsm,"Micronesia, Fed. Sts.",1913,0.158
fsm,"Micronesia, Fed. Sts.",1914,0.158
fsm,"Micronesia, Fed. Sts.",1915,0.165
fsm,"Micronesia, Fed. Sts.",1916,0.155
fsm,"Micronesia, Fed. Sts.",1917,0.145
fsm,"Micronesia, Fed. Sts.",1918,0.145
fsm,"Micronesia, Fed. Sts.",1919,0.148
fsm,"Micronesia, Fed. Sts.",1920,0.143
fsm,"Micronesia, Fed. Sts.",1921,0.151
fsm,"Micronesia, Fed. Sts.",1922,0.142
fsm,"Micronesia, Fed. Sts.",1923,0.146
fsm,"Micronesia, Fed. Sts.",1924,0.148
fsm,"Micronesia, Fed. Sts.",1925,0.153
fsm,"Micronesia, Fed. Sts.",1926,0.157
fsm,"Micronesia, Fed. Sts.",1927,0.158
fsm,"Micronesia, Fed. Sts.",1928,0.161
fsm,"Micronesia, Fed. Sts.",1929,0.155
fsm,"Micronesia, Fed. Sts.",1930,0.151
fsm,"Micronesia, Fed. Sts.",1931,0.145
fsm,"Micronesia, Fed. Sts.",1932,0.136
fsm,"Micronesia, Fed. Sts.",1933,0.135
fsm,"Micronesia, Fed. Sts.",1934,0.138
fsm,"Micronesia, Fed. Sts.",1935,0.144
fsm,"Micronesia, Fed. Sts.",1936,0.153
fsm,"Micronesia, Fed. Sts.",1937,0.16
fsm,"Micronesia, Fed. Sts.",1938,0.17
fsm,"Micronesia, Fed. Sts.",1939,0.172
fsm,"Micronesia, Fed. Sts.",1940,0.185
fsm,"Micronesia, Fed. Sts.",1941,0.18
fsm,"Micronesia, Fed. Sts.",1942,0.197
fsm,"Micronesia, Fed. Sts.",1943,0.204
fsm,"Micronesia, Fed. Sts.",1944,0.203
fsm,"Micronesia, Fed. Sts.",1945,0.204
fsm,"Micronesia, Fed. Sts.",1946,0.202
fsm,"Micronesia, Fed. Sts.",1947,0.212
fsm,"Micronesia, Fed. Sts.",1948,0.22
fsm,"Micronesia, Fed. Sts.",1949,0.225
fsm,"Micronesia, Fed. Sts.",1950,0.227
fsm,"Micronesia, Fed. Sts.",1951,0.242
fsm,"Micronesia, Fed. Sts.",1952,0.25
fsm,"Micronesia, Fed. Sts.",1953,0.264
fsm,"Micronesia, Fed. Sts.",1954,0.259
fsm,"Micronesia, Fed. Sts.",1955,0.284
fsm,"Micronesia, Fed. Sts.",1956,0.3
fsm,"Micronesia, Fed. Sts.",1957,0.309
fsm,"Micronesia, Fed. Sts.",1958,0.316
fsm,"Micronesia, Fed. Sts.",1959,0.327
fsm,"Micronesia, Fed. Sts.",1960,0.338
fsm,"Micronesia, Fed. Sts.",1961,0.361
fsm,"Micronesia, Fed. Sts.",1962,0.374
fsm,"Micronesia, Fed. Sts.",1963,0.37
fsm,"Micronesia, Fed. Sts.",1964,0.403
fsm,"Micronesia, Fed. Sts.",1965,0.429
fsm,"Micronesia, Fed. Sts.",1966,0.445
fsm,"Micronesia, Fed. Sts.",1967,0.464
fsm,"Micronesia, Fed. Sts.",1968,0.485
fsm,"Micronesia, Fed. Sts.",1969,0.506
fsm,"Micronesia, Fed. Sts.",1970,0.524
fsm,"Micronesia, Fed. Sts.",1971,0.567
fsm,"Micronesia, Fed. Sts.",1972,0.586
fsm,"Micronesia, Fed. Sts.",1973,0.612
fsm,"Micronesia, Fed. Sts.",1974,0.65
fsm,"Micronesia, Fed. Sts.",1975,0.681
fsm,"Micronesia, Fed. Sts.",1976,0.689
fsm,"Micronesia, Fed. Sts.",1977,0.718
fsm,"Micronesia, Fed. Sts.",1978,0.752
fsm,"Micronesia, Fed. Sts.",1979,0.766
fsm,"Micronesia, Fed. Sts.",1980,0.787
fsm,"Micronesia, Fed. Sts.",1981,0.791
fsm,"Micronesia, Fed. Sts.",1982,0.801
fsm,"Micronesia, Fed. Sts.",1983,0.802
fsm,"Micronesia, Fed. Sts.",1984,0.781
fsm,"Micronesia, Fed. Sts.",1985,0.811
fsm,"Micronesia, Fed. Sts.",1986,0.832
fsm,"Micronesia, Fed. Sts.",1987,0.856
fsm,"Micronesia, Fed. Sts.",1988,0.876
fsm,"Micronesia, Fed. Sts.",1989,0.914
fsm,"Micronesia, Fed. Sts.",1990,0.957
fsm,"Micronesia, Fed. Sts.",1991,0.981
fsm,"Micronesia, Fed. Sts.",1992,0.977
fsm,"Micronesia, Fed. Sts.",1993,0.953
fsm,"Micronesia, Fed. Sts.",1994,0.968
fsm,"Micronesia, Fed. Sts.",1995,0.989
fsm,"Micronesia, Fed. Sts.",1996,0.982
fsm,"Micronesia, Fed. Sts.",1997,1.014
fsm,"Micronesia, Fed. Sts.",1998,1.084
fsm,"Micronesia, Fed. Sts.",1999,1.021
fsm,"Micronesia, Fed. Sts.",2000,1.161
fsm,"Micronesia, Fed. Sts.",2001,1.574
fsm,"Micronesia, Fed. Sts.",2002,1.336
fsm,"Micronesia, Fed. Sts.",2003,1.338
fsm,"Micronesia, Fed. Sts.",2004,1.341
fsm,"Micronesia, Fed. Sts.",2005,1.14
fsm,"Micronesia, Fed. Sts.",2006,1.148
fsm,"Micronesia, Fed. Sts.",2007,1.264
fsm,"Micronesia, Fed. Sts.",2008,1.062
fsm,"Micronesia, Fed. Sts.",2009,1.424
fsm,"Micronesia, Fed. Sts.",2010,0.998
fsm,"Micronesia, Fed. Sts.",2011,1.134
fsm,"Micronesia, Fed. Sts.",2012,1.193
fsm,"Micronesia, Fed. Sts.",2013,1.281
fsm,"Micronesia, Fed. Sts.",2014,1.263
fsm,"Micronesia, Fed. Sts.",2015,1.313
fsm,"Micronesia, Fed. Sts.",2016,1.298
fsm,"Micronesia, Fed. Sts.",2017,1.317
fsm,"Micronesia, Fed. Sts.",2018,1.339
fsm,"Micronesia, Fed. Sts.",2019,1.392
fsm,"Micronesia, Fed. Sts.",2020,1.327
fsm,"Micronesia, Fed. Sts.",2021,1.42
fsm,"Micronesia, Fed. Sts.",2022,1.449
gab,Gabon,1900,0.012
gab,Gabon,1901,0.012
gab,Gabon,1902,0.012
gab,Gabon,1903,0.012
gab,Gabon,1904,0.013
gab,Gabon,1905,0.013
gab,Gabon,1906,0.013
gab,Gabon,1907,0.013
gab,Gabon,1908,0.013
gab,Gabon,1909,0.014
gab,Gabon,1910,0.014
gab,Gabon,1911,0.014
gab,Gabon,1912,0.015
gab,Gabon,1913,0.015
gab,Gabon,1914,0.015
gab,Gabon,1915,0.014
gab,Gabon,1916,0.014
gab,Gabon,1917,0.015
gab,Gabon,1918,0.015
gab,Gabon,1919,0.016
gab,Gabon,1920,0.017
gab,Gabon,1921,0.017
gab,Gabon,1922,0.017
gab,Gabon,1923,0.017
gab,Gabon,1924,0.018
gab,Gabon,1925,0.019
gab,Gabon,1926,0.019
gab,Gabon,1927,0.02
gab,Gabon,1928,0.019
gab,Gabon,1929,0.02
gab,Gabon,1930,0.02
gab,Gabon,1931,0.021
gab,Gabon,1932,0.02
gab,Gabon,1933,0.02
gab,Gabon,1934,0.021
gab,Gabon,1935,0.022
gab,Gabon,1936,0.022
gab,Gabon,1937,0.023
gab,Gabon,1938,0.025
gab,Gabon,1939,0.025
gab,Gabon,1940,0.025
gab,Gabon,1941,0.026
gab,Gabon,1942,0.027
gab,Gabon,1943,0.028
gab,Gabon,1944,0.028
gab,Gabon,1945,0.029
gab,Gabon,1946,0.03
gab,Gabon,1947,0.03
gab,Gabon,1948,0.03
gab,Gabon,1949,0.032
gab,Gabon,1950,0.033
gab,Gabon,1951,0.035
gab,Gabon,1952,0.034
gab,Gabon,1953,0.035
gab,Gabon,1954,0.036
gab,Gabon,1955,0.037
gab,Gabon,1956,0.039
gab,Gabon,1957,0.041
gab,Gabon,1958,0.044
gab,Gabon,1959,0.044
gab,Gabon,1960,0.264
gab,Gabon,1961,0.326
gab,Gabon,1962,0.172
gab,Gabon,1963,0.142
gab,Gabon,1964,0.363
gab,Gabon,1965,0.406
gab,Gabon,1966,0.702
gab,Gabon,1967,1.827
gab,Gabon,1968,3.468
gab,Gabon,1969,2.482
gab,Gabon,1970,3.534
gab,Gabon,1971,4.738
gab,Gabon,1972,4.478
gab,Gabon,1973,8.53
gab,Gabon,1974,8.591
gab,Gabon,1975,8.291
gab,Gabon,1976,8.631
gab,Gabon,1977,9.333
gab,Gabon,1978,10.925
gab,Gabon,1979,9.527
gab,Gabon,1980,9.128
gab,Gabon,1981,8.822
gab,Gabon,1982,8.573
gab,Gabon,1983,7.032
gab,Gabon,1984,7.433
gab,Gabon,1985,7.621
gab,Gabon,1986,5.829
gab,Gabon,1987,4.592
gab,Gabon,1988,4.813
gab,Gabon,1989,6.238
gab,Gabon,1990,4.728
gab,Gabon,1991,4.638
gab,Gabon,1992,4.909
gab,Gabon,1993,4.835
gab,Gabon,1994,4.141
gab,Gabon,1995,4.249
gab,Gabon,1996,4.275
gab,Gabon,1997,4.186
gab,Gabon,1998,4.24
gab,Gabon,1999,3.996
gab,Gabon,2000,3.805
gab,Gabon,2001,3.797
gab,Gabon,2002,3.53
gab,Gabon,2003,3.498
gab,Gabon,2004,3.443
gab,Gabon,2005,3.496
gab,Gabon,2006,2.899
gab,Gabon,2007,2.779
gab,Gabon,2008,2.736
gab,Gabon,2009,2.693
gab,Gabon,2010,2.94
gab,Gabon,2011,2.923
gab,Gabon,2012,2.877
gab,Gabon,2013,2.896
gab,Gabon,2014,2.817
gab,Gabon,2015,2.693
gab,Gabon,2016,2.637
gab,Gabon,2017,2.575
gab,Gabon,2018,2.53
gab,Gabon,2019,2.583
gab,Gabon,2020,2.532
gab,Gabon,2021,2.71
gab,Gabon,2022,2.764
gbr,UK,1900,10.139
gbr,UK,1901,9.83
gbr,UK,1902,10.12
gbr,UK,1903,10.11
gbr,UK,1904,10.067
gbr,UK,1905,10.109
gbr,UK,1906,10.379
gbr,UK,1907,10.746
gbr,UK,1908,10.39
gbr,UK,1909,10.399
gbr,UK,1910,10.407
gbr,UK,1911,10.6
gbr,UK,1912,9.987
gbr,UK,1913,10.87
gbr,UK,1914,10.494
gbr,UK,1915,10.585
gbr,UK,1916,10.919
gbr,UK,1917,10.746
gbr,UK,1918,9.968
gbr,UK,1919,9.711
gbr,UK,1920,9.99
gbr,UK,1921,6.795
gbr,UK,1922,9.105
gbr,UK,1923,9.692
gbr,UK,1924,10.163
gbr,UK,1925,9.62
gbr,UK,1926,5.282
gbr,UK,1927,10.027
gbr,UK,1928,9.422
gbr,UK,1929,9.924
gbr,UK,1930,9.495
gbr,UK,1931,8.854
gbr,UK,1932,8.473
gbr,UK,1933,8.351
gbr,UK,1934,8.967
gbr,UK,1935,9.046
gbr,UK,1936,9.519
gbr,UK,1937,9.771
gbr,UK,1938,9.323
gbr,UK,1939,9.351
gbr,UK,1940,9.775
gbr,UK,1941,9.621
gbr,UK,1942,9.566
gbr,UK,1943,9.243
gbr,UK,1944,8.948
gbr,UK,1945,8.422
gbr,UK,1946,8.761
gbr,UK,1947,9.23
gbr,UK,1948,9.48
gbr,UK,1949,9.632
gbr,UK,1950,9.895
gbr,UK,1951,10.776
gbr,UK,1952,10.441
gbr,UK,1953,10.651
gbr,UK,1954,10.87
gbr,UK,1955,11.302
gbr,UK,1956,11.206
gbr,UK,1957,11.086
gbr,UK,1958,10.751
gbr,UK,1959,10.511
gbr,UK,1960,11.161
gbr,UK,1961,11.173
gbr,UK,1962,11.175
gbr,UK,1963,11.29
gbr,UK,1964,11.297
gbr,UK,1965,11.493
gbr,UK,1966,11.364
gbr,UK,1967,10.85
gbr,UK,1968,11.1
gbr,UK,1969,11.515
gbr,UK,1970,12.008
gbr,UK,1971,12.242
gbr,UK,1972,12.144
gbr,UK,1973,12.535
gbr,UK,1974,11.924
gbr,UK,1975,11.865
gbr,UK,1976,11.985
gbr,UK,1977,12.304
gbr,UK,1978,12.482
gbr,UK,1979,13.434
gbr,UK,1980,12.129
gbr,UK,1981,11.74
gbr,UK,1982,11.363
gbr,UK,1983,11.109
gbr,UK,1984,11.046
gbr,UK,1985,10.704
gbr,UK,1986,11.305
gbr,UK,1987,11.463
gbr,UK,1988,11.498
gbr,UK,1989,11.44
gbr,UK,1990,11.633
gbr,UK,1991,11.729
gbr,UK,1992,11.98
gbr,UK,1993,11.345
gbr,UK,1994,11.184
gbr,UK,1995,11.084
gbr,UK,1996,11.543
gbr,UK,1997,11.489
gbr,UK,1998,11.861
gbr,UK,1999,11.584
gbr,UK,2000,12.617
gbr,UK,2001,12.254
gbr,UK,2002,12.352
gbr,UK,2003,12.505
gbr,UK,2004,12.635
gbr,UK,2005,12.377
gbr,UK,2006,12.364
gbr,UK,2007,12.244
gbr,UK,2008,11.638
gbr,UK,2009,10.082
gbr,UK,2010,10.779
gbr,UK,2011,9.657
gbr,UK,2012,9.951
gbr,UK,2013,9.596
gbr,UK,2014,9.187
gbr,UK,2015,9.012
gbr,UK,2016,8.717
gbr,UK,2017,8.252
gbr,UK,2018,8.021
gbr,UK,2019,7.657
gbr,UK,2020,6.891
gbr,UK,2021,6.996
gbr,UK,2022,6.926
geo,Georgia,1900,0.155
geo,Georgia,1901,0.158
geo,Georgia,1902,0.151
geo,Georgia,1903,0.147
geo,Georgia,1904,0.162
geo,Georgia,1905,0.143
geo,Georgia,1906,0.162
geo,Georgia,1907,0.179
geo,Georgia,1908,0.179
geo,Georgia,1909,0.187
geo,Georgia,1910,0.182
geo,Georgia,1911,0.187
geo,Georgia,1912,0.21
geo,Georgia,1913,0.226
geo,Georgia,1914,0.202
geo,Georgia,1915,0.183
geo,Georgia,1916,0.194
geo,Georgia,1917,0.177
geo,Georgia,1918,0.07
geo,Georgia,1919,0.059
geo,Georgia,1920,0.053
geo,Georgia,1921,0.057
geo,Georgia,1922,0.069
geo,Georgia,1923,0.076
geo,Georgia,1924,0.09
geo,Georgia,1925,0.088
geo,Georgia,1926,0.126
geo,Georgia,1927,0.155
geo,Georgia,1928,0.171
geo,Georgia,1929,0.182
geo,Georgia,1930,0.245
geo,Georgia,1931,0.292
geo,Georgia,1932,0.326
geo,Georgia,1933,0.361
geo,Georgia,1934,0.433
geo,Georgia,1935,0.485
geo,Georgia,1936,0.552
geo,Georgia,1937,0.559
geo,Georgia,1938,0.585
geo,Georgia,1939,0.586
geo,Georgia,1940,0.697
geo,Georgia,1941,0.606
geo,Georgia,1942,0.414
geo,Georgia,1943,0.523
geo,Georgia,1944,0.485
geo,Georgia,1945,0.509
geo,Georgia,1946,0.567
geo,Georgia,1947,0.677
geo,Georgia,1948,0.714
geo,Georgia,1949,0.803
geo,Georgia,1950,0.884
geo,Georgia,1951,0.95
geo,Georgia,1952,1.008
geo,Georgia,1953,1.056
geo,Georgia,1954,1.14
geo,Georgia,1955,1.277
geo,Georgia,1956,1.381
geo,Georgia,1957,1.489
geo,Georgia,1958,1.565
geo,Georgia,1959,2.691
geo,Georgia,1960,2.755
geo,Georgia,1961,2.793
geo,Georgia,1962,2.881
geo,Georgia,1963,3.035
geo,Georgia,1964,3.169
geo,Georgia,1965,3.296
geo,Georgia,1966,3.406
geo,Georgia,1967,3.475
geo,Georgia,1968,3.47
geo,Georgia,1969,3.489
geo,Georgia,1970,3.514
geo,Georgia,1971,3.532
geo,Georgia,1972,3.472
geo,Georgia,1973,3.324
geo,Georgia,1974,3.11
geo,Georgia,1975,2.89
geo,Georgia,1976,2.609
geo,Georgia,1977,2.327
geo,Georgia,1978,2.088
geo,Georgia,1979,1.874
geo,Georgia,1980,1.819
geo,Georgia,1981,1.773
geo,Georgia,1982,1.728
geo,Georgia,1983,1.749
geo,Georgia,1984,1.761
geo,Georgia,1985,1.762
geo,Georgia,1986,1.882
geo,Georgia,1987,1.867
geo,Georgia,1988,1.837
geo,Georgia,1989,1.867
geo,Georgia,1990,1.815
geo,Georgia,1991,2.113
geo,Georgia,1992,1.777
geo,Georgia,1993,1.562
geo,Georgia,1994,0.976
geo,Georgia,1995,0.463
geo,Georgia,1996,1.627
geo,Georgia,1997,1.49
geo,Georgia,1998,1.655
geo,Georgia,1999,1.381
geo,Georgia,2000,1.426
geo,Georgia,2001,1.384
geo,Georgia,2002,1.325
geo,Georgia,2003,1.442
geo,Georgia,2004,1.849
geo,Georgia,2005,2.204
geo,Georgia,2006,2.301
geo,Georgia,2007,2.588
geo,Georgia,2008,2.396
geo,Georgia,2009,1.98
geo,Georgia,2010,2.079
geo,Georgia,2011,2.678
geo,Georgia,2012,2.875
geo,Georgia,2013,2.757
geo,Georgia,2014,2.993
geo,Georgia,2015,3.113
geo,Georgia,2016,3.078
geo,Georgia,2017,2.985
geo,Georgia,2018,3.313
geo,Georgia,2019,3.188
geo,Georgia,2020,3.453
geo,Georgia,2021,3.695
geo,Georgia,2022,3.769
gha,Ghana,1900,0.046
gha,Ghana,1901,0.045
gha,Ghana,1902,0.046
gha,Ghana,1903,0.048
gha,Ghana,1904,0.049
gha,Ghana,1905,0.05
gha,Ghana,1906,0.05
gha,Ghana,1907,0.051
gha,Ghana,1908,0.052
gha,Ghana,1909,0.053
gha,Ghana,1910,0.054
gha,Ghana,1911,0.055
gha,Ghana,1912,0.058
gha,Ghana,1913,0.057
gha,Ghana,1914,0.057
gha,Ghana,1915,0.056
gha,Ghana,1916,0.056
gha,Ghana,1917,0.058
gha,Ghana,1918,0.06
gha,Ghana,1919,0.063
gha,Ghana,1920,0.065
gha,Ghana,1921,0.067
gha,Ghana,1922,0.068
gha,Ghana,1923,0.068
gha,Ghana,1924,0.07
gha,Ghana,1925,0.072
gha,Ghana,1926,0.076
gha,Ghana,1927,0.078
gha,Ghana,1928,0.075
gha,Ghana,1929,0.077
gha,Ghana,1930,0.079
gha,Ghana,1931,0.083
gha,Ghana,1932,0.078
gha,Ghana,1933,0.078
gha,Ghana,1934,0.081
gha,Ghana,1935,0.084
gha,Ghana,1936,0.087
gha,Ghana,1937,0.09
gha,Ghana,1938,0.096
gha,Ghana,1939,0.096
gha,Ghana,1940,0.098
gha,Ghana,1941,0.101
gha,Ghana,1942,0.104
gha,Ghana,1943,0.108
gha,Ghana,1944,0.109
gha,Ghana,1945,0.112
gha,Ghana,1946,0.117
gha,Ghana,1947,0.116
gha,Ghana,1948,0.118
gha,Ghana,1949,0.125
gha,Ghana,1950,0.127
gha,Ghana,1951,0.171
gha,Ghana,1952,0.165
gha,Ghana,1953,0.188
gha,Ghana,1954,0.18
gha,Ghana,1955,0.207
gha,Ghana,1956,0.183
gha,Ghana,1957,0.213
gha,Ghana,1958,0.218
gha,Ghana,1959,0.206
gha,Ghana,1960,0.221
gha,Ghana,1961,0.197
gha,Ghana,1962,0.203
gha,Ghana,1963,0.236
gha,Ghana,1964,0.219
gha,Ghana,1965,0.221
gha,Ghana,1966,0.182
gha,Ghana,1967,0.185
gha,Ghana,1968,0.214
gha,Ghana,1969,0.201
gha,Ghana,1970,0.307
gha,Ghana,1971,0.264
gha,Ghana,1972,0.274
gha,Ghana,1973,0.277
gha,Ghana,1974,0.326
gha,Ghana,1975,0.303
gha,Ghana,1976,0.267
gha,Ghana,1977,0.329
gha,Ghana,1978,0.323
gha,Ghana,1979,0.287
gha,Ghana,1980,0.271
gha,Ghana,1981,0.314
gha,Ghana,1982,0.363
gha,Ghana,1983,0.353
gha,Ghana,1984,0.412
gha,Ghana,1985,0.282
gha,Ghana,1986,0.352
gha,Ghana,1987,0.313
gha,Ghana,1988,0.328
gha,Ghana,1989,0.333
gha,Ghana,1990,0.312
gha,Ghana,1991,0.332
gha,Ghana,1992,0.294
gha,Ghana,1993,0.324
gha,Ghana,1994,0.364
gha,Ghana,1995,0.364
gha,Ghana,1996,0.42
gha,Ghana,1997,0.491
gha,Ghana,1998,0.459
gha,Ghana,1999,0.471
gha,Ghana,2000,0.403
gha,Ghana,2001,0.44
gha,Ghana,2002,0.43
gha,Ghana,2003,0.482
gha,Ghana,2004,0.461
gha,Ghana,2005,0.484
gha,Ghana,2006,0.586
gha,Ghana,2007,0.595
gha,Ghana,2008,0.596
gha,Ghana,2009,0.495
gha,Ghana,2010,0.575
gha,Ghana,2011,0.697
gha,Ghana,2012,0.882
gha,Ghana,2013,0.792
gha,Ghana,2014,0.799
gha,Ghana,2015,0.808
gha,Ghana,2016,0.72
gha,Ghana,2017,0.672
gha,Ghana,2018,0.698
gha,Ghana,2019,0.699
gha,Ghana,2020,0.709
gha,Ghana,2021,0.758
gha,Ghana,2022,0.773
gin,Guinea,1900,0.013
gin,Guinea,1901,0.013
gin,Guinea,1902,0.013
gin,Guinea,1903,0.014
gin,Guinea,1904,0.014
gin,Guinea,1905,0.014
gin,Guinea,1906,0.014
gin,Guinea,1907,0.015
gin,Guinea,1908,0.015
gin,Guinea,1909,0.015
gin,Guinea,1910,0.015
gin,Guinea,1911,0.016
gin,Guinea,1912,0.017
gin,Guinea,1913,0.016
gin,Guinea,1914,0.016
gin,Guinea,1915,0.016
gin,Guinea,1916,0.016
gin,Guinea,1917,0.017
gin,Guinea,1918,0.017
gin,Guinea,1919,0.018
gin,Guinea,1920,0.019
gin,Guinea,1921,0.019
gin,Guinea,1922,0.019
gin,Guinea,1923,0.019
gin,Guinea,1924,0.02
gin,Guinea,1925,0.021
gin,Guinea,1926,0.022
gin,Guinea,1927,0.022
gin,Guinea,1928,0.021
gin,Guinea,1929,0.022
gin,Guinea,1930,0.023
gin,Guinea,1931,0.024
gin,Guinea,1932,0.022
gin,Guinea,1933,0.022
gin,Guinea,1934,0.023
gin,Guinea,1935,0.024
gin,Guinea,1936,0.025
gin,Guinea,1937,0.026
gin,Guinea,1938,0.027
gin,Guinea,1939,0.028
gin,Guinea,1940,0.028
gin,Guinea,1941,0.029
gin,Guinea,1942,0.03
gin,Guinea,1943,0.031
gin,Guinea,1944,0.031
gin,Guinea,1945,0.032
gin,Guinea,1946,0.033
gin,Guinea,1947,0.033
gin,Guinea,1948,0.034
gin,Guinea,1949,0.036
gin,Guinea,1950,0.036
gin,Guinea,1951,0.038
gin,Guinea,1952,0.038
gin,Guinea,1953,0.039
gin,Guinea,1954,0.04
gin,Guinea,1955,0.041
gin,Guinea,1956,0.043
gin,Guinea,1957,0.045
gin,Guinea,1958,0.049
gin,Guinea,1959,0.046
gin,Guinea,1960,0.118
gin,Guinea,1961,0.173
gin,Guinea,1962,0.183
gin,Guinea,1963,0.19
gin,Guinea,1964,0.187
gin,Guinea,1965,0.183
gin,Guinea,1966,0.186
gin,Guinea,1967,0.184
gin,Guinea,1968,0.186
gin,Guinea,1969,0.182
gin,Guinea,1970,0.189
gin,Guinea,1971,0.19
gin,Guinea,1972,0.19
gin,Guinea,1973,0.179
gin,Guinea,1974,0.183
gin,Guinea,1975,0.179
gin,Guinea,1976,0.184
gin,Guinea,1977,0.182
gin,Guinea,1978,0.178
gin,Guinea,1979,0.183
gin,Guinea,1980,0.182
gin,Guinea,1981,0.184
gin,Guinea,1982,0.185
gin,Guinea,1983,0.179
gin,Guinea,1984,0.17
gin,Guinea,1985,0.17
gin,Guinea,1986,0.168
gin,Guinea,1987,0.164
gin,Guinea,1988,0.159
gin,Guinea,1989,0.159
gin,Guinea,1990,0.157
gin,Guinea,1991,0.154
gin,Guinea,1992,0.154
gin,Guinea,1993,0.154
gin,Guinea,1994,0.154
gin,Guinea,1995,0.155
gin,Guinea,1996,0.16
gin,Guinea,1997,0.164
gin,Guinea,1998,0.17
gin,Guinea,1999,0.174
gin,Guinea,2000,0.16
gin,Guinea,2001,0.154
gin,Guinea,2002,0.156
gin,Guinea,2003,0.314
gin,Guinea,2004,0.188
gin,Guinea,2005,0.187
gin,Guinea,2006,0.19
gin,Guinea,2007,0.194
gin,Guinea,2008,0.198
gin,Guinea,2009,0.327
gin,Guinea,2010,0.419
gin,Guinea,2011,0.449
gin,Guinea,2012,0.426
gin,Guinea,2013,0.185
gin,Guinea,2014,0.181
gin,Guinea,2015,0.206
gin,Guinea,2016,0.429
gin,Guinea,2017,0.423
gin,Guinea,2018,0.446
gin,Guinea,2019,0.496
gin,Guinea,2020,0.433
gin,Guinea,2021,0.463
gin,Guinea,2022,0.472
gmb,Gambia,1900,0.017
gmb,Gambia,1901,0.017
gmb,Gambia,1902,0.018
gmb,Gambia,1903,0.018
gmb,Gambia,1904,0.019
gmb,Gambia,1905,0.019
gmb,Gambia,1906,0.019
gmb,Gambia,1907,0.019
gmb,Gambia,1908,0.02
gmb,Gambia,1909,0.02
gmb,Gambia,1910,0.021
gmb,Gambia,1911,0.021
gmb,Gambia,1912,0.022
gmb,Gambia,1913,0.022
gmb,Gambia,1914,0.021
gmb,Gambia,1915,0.021
gmb,Gambia,1916,0.021
gmb,Gambia,1917,0.022
gmb,Gambia,1918,0.023
gmb,Gambia,1919,0.024
gmb,Gambia,1920,0.025
gmb,Gambia,1921,0.025
gmb,Gambia,1922,0.026
gmb,Gambia,1923,0.026
gmb,Gambia,1924,0.027
gmb,Gambia,1925,0.028
gmb,Gambia,1926,0.029
gmb,Gambia,1927,0.03
gmb,Gambia,1928,0.029
gmb,Gambia,1929,0.029
gmb,Gambia,1930,0.03
gmb,Gambia,1931,0.031
gmb,Gambia,1932,0.03
gmb,Gambia,1933,0.03
gmb,Gambia,1934,0.031
gmb,Gambia,1935,0.032
gmb,Gambia,1936,0.033
gmb,Gambia,1937,0.034
gmb,Gambia,1938,0.036
gmb,Gambia,1939,0.037
gmb,Gambia,1940,0.037
gmb,Gambia,1941,0.038
gmb,Gambia,1942,0.039
gmb,Gambia,1943,0.041
gmb,Gambia,1944,0.041
gmb,Gambia,1945,0.043
gmb,Gambia,1946,0.044
gmb,Gambia,1947,0.044
gmb,Gambia,1948,0.045
gmb,Gambia,1949,0.047
gmb,Gambia,1950,0.048
gmb,Gambia,1951,0.047
gmb,Gambia,1952,0.035
gmb,Gambia,1953,0.035
gmb,Gambia,1954,0.045
gmb,Gambia,1955,0.044
gmb,Gambia,1956,0.055
gmb,Gambia,1957,0.064
gmb,Gambia,1958,0.073
gmb,Gambia,1959,0.051
gmb,Gambia,1960,0.05
gmb,Gambia,1961,0.059
gmb,Gambia,1962,0.068
gmb,Gambia,1963,0.076
gmb,Gambia,1964,0.074
gmb,Gambia,1965,0.072
gmb,Gambia,1966,0.079
gmb,Gambia,1967,0.077
gmb,Gambia,1968,0.084
gmb,Gambia,1969,0.106
gmb,Gambia,1970,0.103
gmb,Gambia,1971,0.115
gmb,Gambia,1972,0.134
gmb,Gambia,1973,0.123
gmb,Gambia,1974,0.119
gmb,Gambia,1975,0.183
gmb,Gambia,1976,0.178
gmb,Gambia,1977,0.197
gmb,Gambia,1978,0.234
gmb,Gambia,1979,0.238
gmb,Gambia,1980,0.247
gmb,Gambia,1981,0.24
gmb,Gambia,1982,0.238
gmb,Gambia,1983,0.23
gmb,Gambia,1984,0.238
gmb,Gambia,1985,0.228
gmb,Gambia,1986,0.204
gmb,Gambia,1987,0.216
gmb,Gambia,1988,0.21
gmb,Gambia,1989,0.196
gmb,Gambia,1990,0.207
gmb,Gambia,1991,0.199
gmb,Gambia,1992,0.193
gmb,Gambia,1993,0.197
gmb,Gambia,1994,0.191
gmb,Gambia,1995,0.192
gmb,Gambia,1996,0.189
gmb,Gambia,1997,0.186
gmb,Gambia,1998,0.195
gmb,Gambia,1999,0.215
gmb,Gambia,2000,0.209
gmb,Gambia,2001,0.221
gmb,Gambia,2002,0.214
gmb,Gambia,2003,0.207
gmb,Gambia,2004,0.216
gmb,Gambia,2005,0.211
gmb,Gambia,2006,0.221
gmb,Gambia,2007,0.215
gmb,Gambia,2008,0.217
gmb,Gambia,2009,0.219
gmb,Gambia,2010,0.241
gmb,Gambia,2011,0.242
gmb,Gambia,2012,0.239
gmb,Gambia,2013,0.22
gmb,Gambia,2014,0.254
gmb,Gambia,2015,0.251
gmb,Gambia,2016,0.247
gmb,Gambia,2017,0.266
gmb,Gambia,2018,0.268
gmb,Gambia,2019,0.274
gmb,Gambia,2020,0.268
gmb,Gambia,2021,0.287
gmb,Gambia,2022,0.293
gnb,Guinea-Bissau,1900,0.005
gnb,Guinea-Bissau,1901,0.005
gnb,Guinea-Bissau,1902,0.005
gnb,Guinea-Bissau,1903,0.005
gnb,Guinea-Bissau,1904,0.005
gnb,Guinea-Bissau,1905,0.005
gnb,Guinea-Bissau,1906,0.005
gnb,Guinea-Bissau,1907,0.006
gnb,Guinea-Bissau,1908,0.006
gnb,Guinea-Bissau,1909,0.006
gnb,Guinea-Bissau,1910,0.006
gnb,Guinea-Bissau,1911,0.006
gnb,Guinea-Bissau,1912,0.006
gnb,Guinea-Bissau,1913,0.006
gnb,Guinea-Bissau,1914,0.006
gnb,Guinea-Bissau,1915,0.006
gnb,Guinea-Bissau,1916,0.006
gnb,Guinea-Bissau,1917,0.006
gnb,Guinea-Bissau,1918,0.006
gnb,Guinea-Bissau,1919,0.007
gnb,Guinea-Bissau,1920,0.007
gnb,Guinea-Bissau,1921,0.007
gnb,Guinea-Bissau,1922,0.007
gnb,Guinea-Bissau,1923,0.007
gnb,Guinea-Bissau,1924,0.008
gnb,Guinea-Bissau,1925,0.008
gnb,Guinea-Bissau,1926,0.008
gnb,Guinea-Bissau,1927,0.008
gnb,Guinea-Bissau,1928,0.008
gnb,Guinea-Bissau,1929,0.008
gnb,Guinea-Bissau,1930,0.009
gnb,Guinea-Bissau,1931,0.009
gnb,Guinea-Bissau,1932,0.008
gnb,Guinea-Bissau,1933,0.008
gnb,Guinea-Bissau,1934,0.009
gnb,Guinea-Bissau,1935,0.009
gnb,Guinea-Bissau,1936,0.009
gnb,Guinea-Bissau,1937,0.01
gnb,Guinea-Bissau,1938,0.01
gnb,Guinea-Bissau,1939,0.01
gnb,Guinea-Bissau,1940,0.011
gnb,Guinea-Bissau,1941,0.011
gnb,Guinea-Bissau,1942,0.011
gnb,Guinea-Bissau,1943,0.012
gnb,Guinea-Bissau,1944,0.012
gnb,Guinea-Bissau,1945,0.012
gnb,Guinea-Bissau,1946,0.013
gnb,Guinea-Bissau,1947,0.013
gnb,Guinea-Bissau,1948,0.013
gnb,Guinea-Bissau,1949,0.014
gnb,Guinea-Bissau,1950,0.014
gnb,Guinea-Bissau,1951,0.007
gnb,Guinea-Bissau,1952,0.02
gnb,Guinea-Bissau,1953,0.013
gnb,Guinea-Bissau,1954,0.013
gnb,Guinea-Bissau,1955,0.019
gnb,Guinea-Bissau,1956,0.019
gnb,Guinea-Bissau,1957,0.019
gnb,Guinea-Bissau,1958,0.018
gnb,Guinea-Bissau,1959,0.024
gnb,Guinea-Bissau,1960,0.03
gnb,Guinea-Bissau,1961,0.047
gnb,Guinea-Bissau,1962,0.064
gnb,Guinea-Bissau,1963,0.075
gnb,Guinea-Bissau,1964,0.091
gnb,Guinea-Bissau,1965,0.102
gnb,Guinea-Bissau,1966,0.1
gnb,Guinea-Bissau,1967,0.071
gnb,Guinea-Bissau,1968,0.092
gnb,Guinea-Bissau,1969,0.085
gnb,Guinea-Bissau,1970,0.099
gnb,Guinea-Bissau,1971,0.102
gnb,Guinea-Bissau,1972,0.09
gnb,Guinea-Bissau,1973,0.147
gnb,Guinea-Bissau,1974,0.136
gnb,Guinea-Bissau,1975,0.148
gnb,Guinea-Bissau,1976,0.124
gnb,Guinea-Bissau,1977,0.133
gnb,Guinea-Bissau,1978,0.133
gnb,Guinea-Bissau,1979,0.142
gnb,Guinea-Bissau,1980,0.188
gnb,Guinea-Bissau,1981,0.18
gnb,Guinea-Bissau,1982,0.176
gnb,Guinea-Bissau,1983,0.172
gnb,Guinea-Bissau,1984,0.19
gnb,Guinea-Bissau,1985,0.198
gnb,Guinea-Bissau,1986,0.205
gnb,Guinea-Bissau,1987,0.213
gnb,Guinea-Bissau,1988,0.232
gnb,Guinea-Bissau,1989,0.242
gnb,Guinea-Bissau,1990,0.177
gnb,Guinea-Bissau,1991,0.176
gnb,Guinea-Bissau,1992,0.176
gnb,Guinea-Bissau,1993,0.176
gnb,Guinea-Bissau,1994,0.172
gnb,Guinea-Bissau,1995,0.168
gnb,Guinea-Bissau,1996,0.165
gnb,Guinea-Bissau,1997,0.178
gnb,Guinea-Bissau,1998,0.149
gnb,Guinea-Bissau,1999,0.165
gnb,Guinea-Bissau,2000,0.122
gnb,Guinea-Bissau,2001,0.123
gnb,Guinea-Bissau,2002,0.123
gnb,Guinea-Bissau,2003,0.151
gnb,Guinea-Bissau,2004,0.154
gnb,Guinea-Bissau,2005,0.158
gnb,Guinea-Bissau,2006,0.157
gnb,Guinea-Bissau,2007,0.164
gnb,Guinea-Bissau,2008,0.157
gnb,Guinea-Bissau,2009,0.158
gnb,Guinea-Bissau,2010,0.157
gnb,Guinea-Bissau,2011,0.157
gnb,Guinea-Bissau,2012,0.158
gnb,Guinea-Bissau,2013,0.156
gnb,Guinea-Bissau,2014,0.16
gnb,Guinea-Bissau,2015,0.16
gnb,Guinea-Bissau,2016,0.165
gnb,Guinea-Bissau,2017,0.179
gnb,Guinea-Bissau,2018,0.181
gnb,Guinea-Bissau,2019,0.185
gnb,Guinea-Bissau,2020,0.181
gnb,Guinea-Bissau,2021,0.194
gnb,Guinea-Bissau,2022,0.198
gnq,Equatorial Guinea,1900,0.018
gnq,Equatorial Guinea,1901,0.017
gnq,Equatorial Guinea,1902,0.018
gnq,Equatorial Guinea,1903,0.018
gnq,Equatorial Guinea,1904,0.019
gnq,Equatorial Guinea,1905,0.019
gnq,Equatorial Guinea,1906,0.019
gnq,Equatorial Guinea,1907,0.02
gnq,Equatorial Guinea,1908,0.02
gnq,Equatorial Guinea,1909,0.02
gnq,Equatorial Guinea,1910,0.021
gnq,Equatorial Guinea,1911,0.021
gnq,Equatorial Guinea,1912,0.022
gnq,Equatorial Guinea,1913,0.022
gnq,Equatorial Guinea,1914,0.022
gnq,Equatorial Guinea,1915,0.021
gnq,Equatorial Guinea,1916,0.021
gnq,Equatorial Guinea,1917,0.022
gnq,Equatorial Guinea,1918,0.023
gnq,Equatorial Guinea,1919,0.024
gnq,Equatorial Guinea,1920,0.025
gnq,Equatorial Guinea,1921,0.026
gnq,Equatorial Guinea,1922,0.026
gnq,Equatorial Guinea,1923,0.026
gnq,Equatorial Guinea,1924,0.027
gnq,Equatorial Guinea,1925,0.028
gnq,Equatorial Guinea,1926,0.029
gnq,Equatorial Guinea,1927,0.03
gnq,Equatorial Guinea,1928,0.029
gnq,Equatorial Guinea,1929,0.03
gnq,Equatorial Guinea,1930,0.031
gnq,Equatorial Guinea,1931,0.032
gnq,Equatorial Guinea,1932,0.03
gnq,Equatorial Guinea,1933,0.03
gnq,Equatorial Guinea,1934,0.031
gnq,Equatorial Guinea,1935,0.032
gnq,Equatorial Guinea,1936,0.033
gnq,Equatorial Guinea,1937,0.035
gnq,Equatorial Guinea,1938,0.037
gnq,Equatorial Guinea,1939,0.037
gnq,Equatorial Guinea,1940,0.038
gnq,Equatorial Guinea,1941,0.039
gnq,Equatorial Guinea,1942,0.04
gnq,Equatorial Guinea,1943,0.041
gnq,Equatorial Guinea,1944,0.042
gnq,Equatorial Guinea,1945,0.043
gnq,Equatorial Guinea,1946,0.045
gnq,Equatorial Guinea,1947,0.045
gnq,Equatorial Guinea,1948,0.045
gnq,Equatorial Guinea,1949,0.048
gnq,Equatorial Guinea,1950,0.049
gnq,Equatorial Guinea,1951,0.048
gnq,Equatorial Guinea,1952,0.047
gnq,Equatorial Guinea,1953,0.047
gnq,Equatorial Guinea,1954,0.123
gnq,Equatorial Guinea,1955,0.153
gnq,Equatorial Guinea,1956,0.151
gnq,Equatorial Guinea,1957,0.135
gnq,Equatorial Guinea,1958,0.192
gnq,Equatorial Guinea,1959,0.189
gnq,Equatorial Guinea,1960,0.086
gnq,Equatorial Guinea,1961,0.085
gnq,Equatorial Guinea,1962,0.084
gnq,Equatorial Guinea,1963,0.097
gnq,Equatorial Guinea,1964,0.095
gnq,Equatorial Guinea,1965,0.106
gnq,Equatorial Guinea,1966,0.091
gnq,Equatorial Guinea,1967,0.088
gnq,Equatorial Guinea,1968,0.098
gnq,Equatorial Guinea,1969,0.145
gnq,Equatorial Guinea,1970,0.121
gnq,Equatorial Guinea,1971,0.221
gnq,Equatorial Guinea,1972,0.304
gnq,Equatorial Guinea,1973,0.106
gnq,Equatorial Guinea,1974,0.193
gnq,Equatorial Guinea,1975,0.244
gnq,Equatorial Guinea,1976,0.251
gnq,Equatorial Guinea,1977,0.257
gnq,Equatorial Guinea,1978,0.291
gnq,Equatorial Guinea,1979,0.258
gnq,Equatorial Guinea,1980,0.235
gnq,Equatorial Guinea,1981,0.264
gnq,Equatorial Guinea,1982,0.258
gnq,Equatorial Guinea,1983,0.202
gnq,Equatorial Guinea,1984,0.243
gnq,Equatorial Guinea,1985,0.187
gnq,Equatorial Guinea,1986,0.219
gnq,Equatorial Guinea,1987,0.259
gnq,Equatorial Guinea,1988,0.269
gnq,Equatorial Guinea,1989,0.289
gnq,Equatorial Guinea,1990,0.149
gnq,Equatorial Guinea,1991,0.152
gnq,Equatorial Guinea,1992,0.148
gnq,Equatorial Guinea,1993,0.151
gnq,Equatorial Guinea,1994,0.161
gnq,Equatorial Guinea,1995,0.17
gnq,Equatorial Guinea,1996,0.249
gnq,Equatorial Guinea,1997,0.567
gnq,Equatorial Guinea,1998,0.328
gnq,Equatorial Guinea,1999,0.838
gnq,Equatorial Guinea,2000,0.756
gnq,Equatorial Guinea,2001,6.862
gnq,Equatorial Guinea,2002,9.652
gnq,Equatorial Guinea,2003,11.204
gnq,Equatorial Guinea,2004,9.846
gnq,Equatorial Guinea,2005,10.049
gnq,Equatorial Guinea,2006,10.428
gnq,Equatorial Guinea,2007,9.573
gnq,Equatorial Guinea,2008,7.467
gnq,Equatorial Guinea,2009,7.516
gnq,Equatorial Guinea,2010,7.306
gnq,Equatorial Guinea,2011,9.524
gnq,Equatorial Guinea,2012,6.774
gnq,Equatorial Guinea,2013,7.154
gnq,Equatorial Guinea,2014,6.512
gnq,Equatorial Guinea,2015,5.159
gnq,Equatorial Guinea,2016,4.653
gnq,Equatorial Guinea,2017,4.54
gnq,Equatorial Guinea,2018,4.349
gnq,Equatorial Guinea,2019,4.44
gnq,Equatorial Guinea,2020,4.352
gnq,Equatorial Guinea,2021,4.657
gnq,Equatorial Guinea,2022,4.75
grc,Greece,1900,0.084
grc,Greece,1901,0.083
grc,Greece,1902,0.066
grc,Greece,1903,0.078
grc,Greece,1904,0.069
grc,Greece,1905,0.054
grc,Greece,1906,0.05
grc,Greece,1907,0.082
grc,Greece,1908,0.138
grc,Greece,1909,0.105
grc,Greece,1910,0.134
grc,Greece,1911,0.168
grc,Greece,1912,0.241
grc,Greece,1913,0.244
grc,Greece,1914,0.002
grc,Greece,1915,0.004
grc,Greece,1916,0.012
grc,Greece,1917,0.016
grc,Greece,1918,0.022
grc,Greece,1919,0.019
grc,Greece,1920,0.118
grc,Greece,1921,0.128
grc,Greece,1922,0.115
grc,Greece,1923,0.155
grc,Greece,1924,0.216
grc,Greece,1925,0.326
grc,Greece,1926,0.297
grc,Greece,1927,0.373
grc,Greece,1928,0.378
grc,Greece,1929,0.426
grc,Greece,1930,0.444
grc,Greece,1931,0.42
grc,Greece,1932,0.407
grc,Greece,1933,0.345
grc,Greece,1934,0.418
grc,Greece,1935,0.424
grc,Greece,1936,0.484
grc,Greece,1937,0.509
grc,Greece,1938,0.398
grc,Greece,1939,0.035
grc,Greece,1940,0.033
grc,Greece,1941,0.018
grc,Greece,1942,0.031
grc,Greece,1943,0.029
grc,Greece,1944,0.015
grc,Greece,1945,0.009
grc,Greece,1946,0.017
grc,Greece,1947,0.022
grc,Greece,1948,0.178
grc,Greece,1949,0.216
grc,Greece,1950,0.539
grc,Greece,1951,0.592
grc,Greece,1952,0.615
grc,Greece,1953,0.621
grc,Greece,1954,0.64
grc,Greece,1955,0.744
grc,Greece,1956,0.78
grc,Greece,1957,0.84
grc,Greece,1958,0.912
grc,Greece,1959,0.988
grc,Greece,1960,1.136
grc,Greece,1961,1.181
grc,Greece,1962,1.217
grc,Greece,1963,1.461
grc,Greece,1964,1.571
grc,Greece,1965,2.017
grc,Greece,1966,2.205
grc,Greece,1967,2.308
grc,Greece,1968,2.642
grc,Greece,1969,3.029
grc,Greece,1970,2.897
grc,Greece,1971,3.375
grc,Greece,1972,3.895
grc,Greece,1973,4.69
grc,Greece,1974,4.657
grc,Greece,1975,5.103
grc,Greece,1976,5.735
grc,Greece,1977,6.362
grc,Greece,1978,6.556
grc,Greece,1979,7.005
grc,Greece,1980,6.99
grc,Greece,1981,6.82
grc,Greece,1982,6.653
grc,Greece,1983,6.783
grc,Greece,1984,7.168
grc,Greece,1985,7.323
grc,Greece,1986,7.736
grc,Greece,1987,7.507
grc,Greece,1988,8.027
grc,Greece,1989,8.564
grc,Greece,1990,9.303
grc,Greece,1991,9.121
grc,Greece,1992,9.921
grc,Greece,1993,9.35
grc,Greece,1994,9.26
grc,Greece,1995,9.302
grc,Greece,1996,9.079
grc,Greece,1997,9.14
grc,Greece,1998,9.742
grc,Greece,1999,9.34
grc,Greece,2000,9.389
grc,Greece,2001,9.538
grc,Greece,2002,9.798
grc,Greece,2003,8.696
grc,Greece,2004,8.386
grc,Greece,2005,8.36
grc,Greece,2006,8.591
grc,Greece,2007,8.702
grc,Greece,2008,8.736
grc,Greece,2009,9.563
grc,Greece,2010,8.306
grc,Greece,2011,7.465
grc,Greece,2012,6.821
grc,Greece,2013,5.826
grc,Greece,2014,5.534
grc,Greece,2015,5.206
grc,Greece,2016,5.351
grc,Greece,2017,5.367
grc,Greece,2018,5.491
grc,Greece,2019,5.005
grc,Greece,2020,5.025
grc,Greece,2021,5.327
grc,Greece,2022,5.274
grd,Grenada,1900,0.024
grd,Grenada,1901,0.025
grd,Grenada,1902,0.026
grd,Grenada,1903,0.027
grd,Grenada,1904,0.028
grd,Grenada,1905,0.03
grd,Grenada,1906,0.032
grd,Grenada,1907,0.034
grd,Grenada,1908,0.035
grd,Grenada,1909,0.037
grd,Grenada,1910,0.038
grd,Grenada,1911,0.04
grd,Grenada,1912,0.043
grd,Grenada,1913,0.045
grd,Grenada,1914,0.045
grd,Grenada,1915,0.043
grd,Grenada,1916,0.042
grd,Grenada,1917,0.042
grd,Grenada,1918,0.042
grd,Grenada,1919,0.043
grd,Grenada,1920,0.044
grd,Grenada,1921,0.045
grd,Grenada,1922,0.045
grd,Grenada,1923,0.045
grd,Grenada,1924,0.046
grd,Grenada,1925,0.048
grd,Grenada,1926,0.051
grd,Grenada,1927,0.054
grd,Grenada,1928,0.056
grd,Grenada,1929,0.058
grd,Grenada,1930,0.06
grd,Grenada,1931,0.059
grd,Grenada,1932,0.058
grd,Grenada,1933,0.058
grd,Grenada,1934,0.06
grd,Grenada,1935,0.062
grd,Grenada,1936,0.064
grd,Grenada,1937,0.066
grd,Grenada,1938,0.07
grd,Grenada,1939,0.072
grd,Grenada,1940,0.072
grd,Grenada,1941,0.073
grd,Grenada,1942,0.073
grd,Grenada,1943,0.073
grd,Grenada,1944,0.073
grd,Grenada,1945,0.075
grd,Grenada,1946,0.078
grd,Grenada,1947,0.084
grd,Grenada,1948,0.088
grd,Grenada,1949,0.093
grd,Grenada,1950,0.096
grd,Grenada,1951,0.144
grd,Grenada,1952,0.143
grd,Grenada,1953,0.141
grd,Grenada,1954,0.138
grd,Grenada,1955,0.136
grd,Grenada,1956,0.133
grd,Grenada,1957,0.13
grd,Grenada,1958,0.169
grd,Grenada,1959,0.166
grd,Grenada,1960,0.245
grd,Grenada,1961,0.201
grd,Grenada,1962,0.278
grd,Grenada,1963,0.157
grd,Grenada,1964,0.234
grd,Grenada,1965,0.233
grd,Grenada,1966,0.309
grd,Grenada,1967,0.386
grd,Grenada,1968,0.425
grd,Grenada,1969,0.503
grd,Grenada,1970,0.466
grd,Grenada,1971,0.506
grd,Grenada,1972,0.507
grd,Grenada,1973,0.587
grd,Grenada,1974,0.394
grd,Grenada,1975,0.515
grd,Grenada,1976,0.521
grd,Grenada,1977,0.528
grd,Grenada,1978,0.576
grd,Grenada,1979,0.538
grd,Grenada,1980,0.535
grd,Grenada,1981,0.648
grd,Grenada,1982,0.669
grd,Grenada,1983,0.649
grd,Grenada,1984,0.633
grd,Grenada,1985,0.624
grd,Grenada,1986,0.659
grd,Grenada,1987,0.738
grd,Grenada,1988,0.972
grd,Grenada,1989,1.059
grd,Grenada,1990,1.104
grd,Grenada,1991,1.14
grd,Grenada,1992,1.208
grd,Grenada,1993,1.232
grd,Grenada,1994,1.44
grd,Grenada,1995,1.499
grd,Grenada,1996,1.525
grd,Grenada,1997,1.661
grd,Grenada,1998,1.725
grd,Grenada,1999,1.897
grd,Grenada,2000,1.854
grd,Grenada,2001,1.882
grd,Grenada,2002,1.981
grd,Grenada,2003,2.08
grd,Grenada,2004,1.968
grd,Grenada,2005,2.067
grd,Grenada,2006,2.202
grd,Grenada,2007,2.266
grd,Grenada,2008,2.399
grd,Grenada,2009,2.392
grd,Grenada,2010,2.451
grd,Grenada,2011,2.369
grd,Grenada,2012,2.525
grd,Grenada,2013,2.814
grd,Grenada,2014,2.155
grd,Grenada,2015,2.375
grd,Grenada,2016,2.428
grd,Grenada,2017,2.408
grd,Grenada,2018,2.43
grd,Grenada,2019,2.421
grd,Grenada,2020,2.248
grd,Grenada,2021,2.405
grd,Grenada,2022,2.454
gtm,Guatemala,1900,0.002
gtm,Guatemala,1901,0.002
gtm,Guatemala,1902,0.002
gtm,Guatemala,1903,0.002
gtm,Guatemala,1904,0.002
gtm,Guatemala,1905,0.002
gtm,Guatemala,1906,0.002
gtm,Guatemala,1907,0.002
gtm,Guatemala,1908,0.002
gtm,Guatemala,1909,0.002
gtm,Guatemala,1910,0.002
gtm,Guatemala,1911,0.002
gtm,Guatemala,1912,0.003
gtm,Guatemala,1913,0.003
gtm,Guatemala,1914,0.003
gtm,Guatemala,1915,0.003
gtm,Guatemala,1916,0.003
gtm,Guatemala,1917,0.003
gtm,Guatemala,1918,0.003
gtm,Guatemala,1919,0.003
gtm,Guatemala,1920,0.003
gtm,Guatemala,1921,0.003
gtm,Guatemala,1922,0.003
gtm,Guatemala,1923,0.003
gtm,Guatemala,1924,0.003
gtm,Guatemala,1925,0.003
gtm,Guatemala,1926,0.003
gtm,Guatemala,1927,0.003
gtm,Guatemala,1928,0.004
gtm,Guatemala,1929,0.004
gtm,Guatemala,1930,0.004
gtm,Guatemala,1931,0.004
gtm,Guatemala,1932,0.004
gtm,Guatemala,1933,0.004
gtm,Guatemala,1934,0.004
gtm,Guatemala,1935,0.004
gtm,Guatemala,1936,0.004
gtm,Guatemala,1937,0.004
gtm,Guatemala,1938,0.004
gtm,Guatemala,1939,0.005
gtm,Guatemala,1940,0.005
gtm,Guatemala,1941,0.005
gtm,Guatemala,1942,0.005
gtm,Guatemala,1943,0.004
gtm,Guatemala,1944,0.004
gtm,Guatemala,1945,0.005
gtm,Guatemala,1946,0.005
gtm,Guatemala,1947,0.005
gtm,Guatemala,1948,0.005
gtm,Guatemala,1949,0.006
gtm,Guatemala,1950,0.199
gtm,Guatemala,1951,0.199
gtm,Guatemala,1952,0.195
gtm,Guatemala,1953,0.2
gtm,Guatemala,1954,0.212
gtm,Guatemala,1955,0.253
gtm,Guatemala,1956,0.262
gtm,Guatemala,1957,0.256
gtm,Guatemala,1958,0.285
gtm,Guatemala,1959,0.303
gtm,Guatemala,1960,0.32
gtm,Guatemala,1961,0.325
gtm,Guatemala,1962,0.31
gtm,Guatemala,1963,0.331
gtm,Guatemala,1964,0.375
gtm,Guatemala,1965,0.408
gtm,Guatemala,1966,0.352
gtm,Guatemala,1967,0.393
gtm,Guatemala,1968,0.419
gtm,Guatemala,1969,0.446
gtm,Guatemala,1970,0.453
gtm,Guatemala,1971,0.49
gtm,Guatemala,1972,0.561
gtm,Guatemala,1973,0.632
gtm,Guatemala,1974,0.69
gtm,Guatemala,1975,0.828
gtm,Guatemala,1976,0.809
gtm,Guatemala,1977,0.961
gtm,Guatemala,1978,1.062
gtm,Guatemala,1979,1.214
gtm,Guatemala,1980,1.156
gtm,Guatemala,1981,0.991
gtm,Guatemala,1982,0.85
gtm,Guatemala,1983,0.757
gtm,Guatemala,1984,0.647
gtm,Guatemala,1985,0.68
gtm,Guatemala,1986,0.682
gtm,Guatemala,1987,0.698
gtm,Guatemala,1988,0.729
gtm,Guatemala,1989,0.741
gtm,Guatemala,1990,0.744
gtm,Guatemala,1991,0.725
gtm,Guatemala,1992,0.84
gtm,Guatemala,1993,0.767
gtm,Guatemala,1994,0.851
gtm,Guatemala,1995,0.881
gtm,Guatemala,1996,0.825
gtm,Guatemala,1997,0.932
gtm,Guatemala,1998,1.077
gtm,Guatemala,1999,1.059
gtm,Guatemala,2000,1.986
gtm,Guatemala,2001,0.727
gtm,Guatemala,2002,0.754
gtm,Guatemala,2003,0.721
gtm,Guatemala,2004,0.733
gtm,Guatemala,2005,0.77
gtm,Guatemala,2006,0.831
gtm,Guatemala,2007,0.793
gtm,Guatemala,2008,0.716
gtm,Guatemala,2009,0.702
gtm,Guatemala,2010,0.707
gtm,Guatemala,2011,0.641
gtm,Guatemala,2012,0.633
gtm,Guatemala,2013,0.692
gtm,Guatemala,2014,0.722
gtm,Guatemala,2015,0.835
gtm,Guatemala,2016,0.87
gtm,Guatemala,2017,0.919
gtm,Guatemala,2018,1.375
gtm,Guatemala,2019,1.401
gtm,Guatemala,2020,1.228
gtm,Guatemala,2021,1.314
gtm,Guatemala,2022,1.34
guy,Guyana,1900,0.164
guy,Guyana,1901,0.166
guy,Guyana,1902,0.173
guy,Guyana,1903,0.179
guy,Guyana,1904,0.191
guy,Guyana,1905,0.202
guy,Guyana,1906,0.212
guy,Guyana,1907,0.225
guy,Guyana,1908,0.237
guy,Guyana,1909,0.247
guy,Guyana,1910,0.254
guy,Guyana,1911,0.266
guy,Guyana,1912,0.29
guy,Guyana,1913,0.299
guy,Guyana,1914,0.299
guy,Guyana,1915,0.291
guy,Guyana,1916,0.284
guy,Guyana,1917,0.284
guy,Guyana,1918,0.282
guy,Guyana,1919,0.288
guy,Guyana,1920,0.291
guy,Guyana,1921,0.302
guy,Guyana,1922,0.299
guy,Guyana,1923,0.299
guy,Guyana,1924,0.31
guy,Guyana,1925,0.322
guy,Guyana,1926,0.343
guy,Guyana,1927,0.359
guy,Guyana,1928,0.373
guy,Guyana,1929,0.388
guy,Guyana,1930,0.399
guy,Guyana,1931,0.397
guy,Guyana,1932,0.39
guy,Guyana,1933,0.389
guy,Guyana,1934,0.401
guy,Guyana,1935,0.412
guy,Guyana,1936,0.428
guy,Guyana,1937,0.444
guy,Guyana,1938,0.467
guy,Guyana,1939,0.48
guy,Guyana,1940,0.483
guy,Guyana,1941,0.492
guy,Guyana,1942,0.489
guy,Guyana,1943,0.486
guy,Guyana,1944,0.491
guy,Guyana,1945,0.505
guy,Guyana,1946,0.524
guy,Guyana,1947,0.563
guy,Guyana,1948,0.592
guy,Guyana,1949,0.621
guy,Guyana,1950,0.64
guy,Guyana,1951,0.683
guy,Guyana,1952,0.779
guy,Guyana,1953,1.006
guy,Guyana,1954,1.017
guy,Guyana,1955,1.071
guy,Guyana,1956,1.099
guy,Guyana,1957,1.033
guy,Guyana,1958,0.855
guy,Guyana,1959,0.999
guy,Guyana,1960,1.154
guy,Guyana,1961,1.251
guy,Guyana,1962,1.119
guy,Guyana,1963,0.99
guy,Guyana,1964,1.018
guy,Guyana,1965,1.654
guy,Guyana,1966,1.777
guy,Guyana,1967,1.959
guy,Guyana,1968,1.94
guy,Guyana,1969,1.966
guy,Guyana,1970,2.242
guy,Guyana,1971,2.101
guy,Guyana,1972,2.164
guy,Guyana,1973,2.472
guy,Guyana,1974,2.107
guy,Guyana,1975,2.448
guy,Guyana,1976,2.324
guy,Guyana,1977,2.491
guy,Guyana,1978,2.671
guy,Guyana,1979,1.96
guy,Guyana,1980,2.294
guy,Guyana,1981,2.303
guy,Guyana,1982,1.798
guy,Guyana,1983,1.601
guy,Guyana,1984,1.812
guy,Guyana,1985,1.842
guy,Guyana,1986,1.367
guy,Guyana,1987,1.728
guy,Guyana,1988,1.871
guy,Guyana,1989,1.589
guy,Guyana,1990,1.534
guy,Guyana,1991,1.507
guy,Guyana,1992,1.401
guy,Guyana,1993,1.391
guy,Guyana,1994,1.827
guy,Guyana,1995,1.922
guy,Guyana,1996,1.995
guy,Guyana,1997,2.1
guy,Guyana,1998,2.199
guy,Guyana,1999,2.24
guy,Guyana,2000,2.156
guy,Guyana,2001,2.141
guy,Guyana,2002,2.122
guy,Guyana,2003,2.101
guy,Guyana,2004,2.183
guy,Guyana,2005,1.926
guy,Guyana,2006,1.73
guy,Guyana,2007,2.093
guy,Guyana,2008,2.087
guy,Guyana,2009,2.094
guy,Guyana,2010,2.295
guy,Guyana,2011,2.37
guy,Guyana,2012,2.641
guy,Guyana,2013,2.55
guy,Guyana,2014,2.632
guy,Guyana,2015,2.614
guy,Guyana,2016,3.036
guy,Guyana,2017,3.03
guy,Guyana,2018,3.123
guy,Guyana,2019,3.112
guy,Guyana,2020,2.889
guy,Guyana,2021,3.092
guy,Guyana,2022,3.153
hnd,Honduras,1900,0.05
hnd,Honduras,1901,0.05
hnd,Honduras,1902,0.053
hnd,Honduras,1903,0.054
hnd,Honduras,1904,0.058
hnd,Honduras,1905,0.061
hnd,Honduras,1906,0.064
hnd,Honduras,1907,0.068
hnd,Honduras,1908,0.072
hnd,Honduras,1909,0.075
hnd,Honduras,1910,0.077
hnd,Honduras,1911,0.081
hnd,Honduras,1912,0.088
hnd,Honduras,1913,0.091
hnd,Honduras,1914,0.091
hnd,Honduras,1915,0.088
hnd,Honduras,1916,0.086
hnd,Honduras,1917,0.086
hnd,Honduras,1918,0.085
hnd,Honduras,1919,0.087
hnd,Honduras,1920,0.088
hnd,Honduras,1921,0.092
hnd,Honduras,1922,0.091
hnd,Honduras,1923,0.091
hnd,Honduras,1924,0.094
hnd,Honduras,1925,0.098
hnd,Honduras,1926,0.104
hnd,Honduras,1927,0.109
hnd,Honduras,1928,0.113
hnd,Honduras,1929,0.118
hnd,Honduras,1930,0.121
hnd,Honduras,1931,0.12
hnd,Honduras,1932,0.118
hnd,Honduras,1933,0.118
hnd,Honduras,1934,0.122
hnd,Honduras,1935,0.125
hnd,Honduras,1936,0.13
hnd,Honduras,1937,0.135
hnd,Honduras,1938,0.142
hnd,Honduras,1939,0.146
hnd,Honduras,1940,0.146
hnd,Honduras,1941,0.149
hnd,Honduras,1942,0.148
hnd,Honduras,1943,0.147
hnd,Honduras,1944,0.149
hnd,Honduras,1945,0.153
hnd,Honduras,1946,0.159
hnd,Honduras,1947,0.171
hnd,Honduras,1948,0.18
hnd,Honduras,1949,0.189
hnd,Honduras,1950,0.194
hnd,Honduras,1951,0.219
hnd,Honduras,1952,0.22
hnd,Honduras,1953,0.199
hnd,Honduras,1954,0.219
hnd,Honduras,1955,0.246
hnd,Honduras,1956,0.25
hnd,Honduras,1957,0.307
hnd,Honduras,1958,0.304
hnd,Honduras,1959,0.296
hnd,Honduras,1960,0.302
hnd,Honduras,1961,0.352
hnd,Honduras,1962,0.325
hnd,Honduras,1963,0.321
hnd,Honduras,1964,0.317
hnd,Honduras,1965,0.321
hnd,Honduras,1966,0.336
hnd,Honduras,1967,0.356
hnd,Honduras,1968,0.486
hnd,Honduras,1969,0.459
hnd,Honduras,1970,0.534
hnd,Honduras,1971,0.507
hnd,Honduras,1972,0.584
hnd,Honduras,1973,0.575
hnd,Honduras,1974,0.596
hnd,Honduras,1975,0.642
hnd,Honduras,1976,0.686
hnd,Honduras,1977,0.773
hnd,Honduras,1978,0.786
hnd,Honduras,1979,0.731
hnd,Honduras,1980,0.759
hnd,Honduras,1981,0.652
hnd,Honduras,1982,0.561
hnd,Honduras,1983,0.526
hnd,Honduras,1984,0.577
hnd,Honduras,1985,0.555
hnd,Honduras,1986,0.518
hnd,Honduras,1987,0.487
hnd,Honduras,1988,0.555
hnd,Honduras,1989,0.62
hnd,Honduras,1990,0.655
hnd,Honduras,1991,0.651
hnd,Honduras,1992,0.711
hnd,Honduras,1993,0.691
hnd,Honduras,1994,0.707
hnd,Honduras,1995,0.763
hnd,Honduras,1996,0.795
hnd,Honduras,1997,0.874
hnd,Honduras,1998,0.988
hnd,Honduras,1999,1.044
hnd,Honduras,2000,0.59
hnd,Honduras,2001,0.609
hnd,Honduras,2002,0.614
hnd,Honduras,2003,0.734
hnd,Honduras,2004,0.754
hnd,Honduras,2005,0.704
hnd,Honduras,2006,0.82
hnd,Honduras,2007,0.853
hnd,Honduras,2008,1.712
hnd,Honduras,2009,0.839
hnd,Honduras,2010,0.788
hnd,Honduras,2011,0.792
hnd,Honduras,2012,0.79
hnd,Honduras,2013,1.946
hnd,Honduras,2014,0.797
hnd,Honduras,2015,0.871
hnd,Honduras,2016,0.808
hnd,Honduras,2017,0.839
hnd,Honduras,2018,0.811
hnd,Honduras,2019,0.909
hnd,Honduras,2020,0.803
hnd,Honduras,2021,0.859
hnd,Honduras,2022,0.876
hrv,Croatia,1900,0.252
hrv,Croatia,1901,0.262
hrv,Croatia,1902,0.266
hrv,Croatia,1903,0.265
hrv,Croatia,1904,0.267
hrv,Croatia,1905,0.275
hrv,Croatia,1906,0.276
hrv,Croatia,1907,0.288
hrv,Croatia,1908,0.303
hrv,Croatia,1909,0.309
hrv,Croatia,1910,0.316
hrv,Croatia,1911,0.314
hrv,Croatia,1912,0.322
hrv,Croatia,1913,0.34
hrv,Croatia,1914,0.35
hrv,Croatia,1915,0.328
hrv,Croatia,1916,0.313
hrv,Croatia,1917,0.326
hrv,Croatia,1918,0.325
hrv,Croatia,1919,0.281
hrv,Croatia,1920,0.212
hrv,Croatia,1921,0.262
hrv,Croatia,1922,0.262
hrv,Croatia,1923,0.265
hrv,Croatia,1924,0.26
hrv,Croatia,1925,0.272
hrv,Croatia,1926,0.272
hrv,Croatia,1927,0.291
hrv,Croatia,1928,0.316
hrv,Croatia,1929,0.328
hrv,Croatia,1930,0.347
hrv,Croatia,1931,0.351
hrv,Croatia,1932,0.366
hrv,Croatia,1933,0.361
hrv,Croatia,1934,0.376
hrv,Croatia,1935,0.41
hrv,Croatia,1936,0.436
hrv,Croatia,1937,0.47
hrv,Croatia,1938,0.49
hrv,Croatia,1939,0.495
hrv,Croatia,1940,0.519
hrv,Croatia,1941,0.619
hrv,Croatia,1942,0.56
hrv,Croatia,1943,0.499
hrv,Croatia,1944,0.544
hrv,Croatia,1945,0.52
hrv,Croatia,1946,0.458
hrv,Croatia,1947,0.538
hrv,Croatia,1948,0.575
hrv,Croatia,1949,0.619
hrv,Croatia,1950,0.672
hrv,Croatia,1951,0.705
hrv,Croatia,1952,0.756
hrv,Croatia,1953,0.803
hrv,Croatia,1954,0.852
hrv,Croatia,1955,0.907
hrv,Croatia,1956,0.924
hrv,Croatia,1957,1.076
hrv,Croatia,1958,1.17
hrv,Croatia,1959,1.259
hrv,Croatia,1960,1.365
hrv,Croatia,1961,1.421
hrv,Croatia,1962,1.448
hrv,Croatia,1963,1.6
hrv,Croatia,1964,1.802
hrv,Croatia,1965,1.843
hrv,Croatia,1966,1.816
hrv,Croatia,1967,1.823
hrv,Croatia,1968,1.937
hrv,Croatia,1969,1.994
hrv,Croatia,1970,2.583
hrv,Croatia,1971,2.754
hrv,Croatia,1972,2.548
hrv,Croatia,1973,3.001
hrv,Croatia,1974,2.964
hrv,Croatia,1975,3.039
hrv,Croatia,1976,3.08
hrv,Croatia,1977,2.943
hrv,Croatia,1978,3.239
hrv,Croatia,1979,3.479
hrv,Croatia,1980,3.389
hrv,Croatia,1981,3.668
hrv,Croatia,1982,3.969
hrv,Croatia,1983,3.626
hrv,Croatia,1984,3.884
hrv,Croatia,1985,4.075
hrv,Croatia,1986,4.137
hrv,Croatia,1987,4.301
hrv,Croatia,1988,4.18
hrv,Croatia,1989,4.3
hrv,Croatia,1990,4.28
hrv,Croatia,1991,3.206
hrv,Croatia,1992,3.766
hrv,Croatia,1993,3.773
hrv,Croatia,1994,3.669
hrv,Croatia,1995,4.06
hrv,Croatia,1996,4.102
hrv,Croatia,1997,4.396
hrv,Croatia,1998,4.365
hrv,Croatia,1999,4.753
hrv,Croatia,2000,4.733
hrv,Croatia,2001,5.422
hrv,Croatia,2002,5.835
hrv,Croatia,2003,5.653
hrv,Croatia,2004,5.816
hrv,Croatia,2005,5.824
hrv,Croatia,2006,6.389
hrv,Croatia,2007,6.702
hrv,Croatia,2008,7.634
hrv,Croatia,2009,5.823
hrv,Croatia,2010,5.512
hrv,Croatia,2011,5.313
hrv,Croatia,2012,5.399
hrv,Croatia,2013,5.431
hrv,Croatia,2014,4.442
hrv,Croatia,2015,5.026
hrv,Croatia,2016,5.325
hrv,Croatia,2017,5.216
hrv,Croatia,2018,5.821
hrv,Croatia,2019,5.668
hrv,Croatia,2020,5.485
hrv,Croatia,2021,6.004
hrv,Croatia,2022,5.944
hti,Haiti,1900,0.009
hti,Haiti,1901,0.009
hti,Haiti,1902,0.01
hti,Haiti,1903,0.01
hti,Haiti,1904,0.011
hti,Haiti,1905,0.011
hti,Haiti,1906,0.012
hti,Haiti,1907,0.012
hti,Haiti,1908,0.013
hti,Haiti,1909,0.014
hti,Haiti,1910,0.014
hti,Haiti,1911,0.015
hti,Haiti,1912,0.016
hti,Haiti,1913,0.016
hti,Haiti,1914,0.016
hti,Haiti,1915,0.016
hti,Haiti,1916,0.016
hti,Haiti,1917,0.016
hti,Haiti,1918,0.016
hti,Haiti,1919,0.016
hti,Haiti,1920,0.016
hti,Haiti,1921,0.017
hti,Haiti,1922,0.016
hti,Haiti,1923,0.016
hti,Haiti,1924,0.017
hti,Haiti,1925,0.018
hti,Haiti,1926,0.019
hti,Haiti,1927,0.02
hti,Haiti,1928,0.021
hti,Haiti,1929,0.021
hti,Haiti,1930,0.022
hti,Haiti,1931,0.022
hti,Haiti,1932,0.021
hti,Haiti,1933,0.021
hti,Haiti,1934,0.022
hti,Haiti,1935,0.023
hti,Haiti,1936,0.024
hti,Haiti,1937,0.024
hti,Haiti,1938,0.026
hti,Haiti,1939,0.026
hti,Haiti,1940,0.027
hti,Haiti,1941,0.027
hti,Haiti,1942,0.027
hti,Haiti,1943,0.027
hti,Haiti,1944,0.027
hti,Haiti,1945,0.028
hti,Haiti,1946,0.029
hti,Haiti,1947,0.031
hti,Haiti,1948,0.033
hti,Haiti,1949,0.034
hti,Haiti,1950,0.035
hti,Haiti,1951,0.04
hti,Haiti,1952,0.044
hti,Haiti,1953,0.047
hti,Haiti,1954,0.063
hti,Haiti,1955,0.076
hti,Haiti,1956,0.074
hti,Haiti,1957,0.069
hti,Haiti,1958,0.074
hti,Haiti,1959,0.067
hti,Haiti,1960,0.074
hti,Haiti,1961,0.075
hti,Haiti,1962,0.076
hti,Haiti,1963,0.061
hti,Haiti,1964,0.072
hti,Haiti,1965,0.071
hti,Haiti,1966,0.07
hti,Haiti,1967,0.059
hti,Haiti,1968,0.059
hti,Haiti,1969,0.069
hti,Haiti,1970,0.082
hti,Haiti,1971,0.085
hti,Haiti,1972,0.081
hti,Haiti,1973,0.086
hti,Haiti,1974,0.094
hti,Haiti,1975,0.095
hti,Haiti,1976,0.13
hti,Haiti,1977,0.133
hti,Haiti,1978,0.139
hti,Haiti,1979,0.136
hti,Haiti,1980,0.132
hti,Haiti,1981,0.132
hti,Haiti,1982,0.138
hti,Haiti,1983,0.147
hti,Haiti,1984,0.146
hti,Haiti,1985,0.147
hti,Haiti,1986,0.128
hti,Haiti,1987,0.136
hti,Haiti,1988,0.149
hti,Haiti,1989,0.148
hti,Haiti,1990,0.141
hti,Haiti,1991,0.136
hti,Haiti,1992,0.121
hti,Haiti,1993,0.092
hti,Haiti,1994,0.024
hti,Haiti,1995,0.113
hti,Haiti,1996,0.129
hti,Haiti,1997,0.168
hti,Haiti,1998,0.151
hti,Haiti,1999,0.158
hti,Haiti,2000,0.159
hti,Haiti,2001,0.181
hti,Haiti,2002,0.206
hti,Haiti,2003,0.192
hti,Haiti,2004,0.217
hti,Haiti,2005,0.223
hti,Haiti,2006,0.223
hti,Haiti,2007,0.249
hti,Haiti,2008,0.245
hti,Haiti,2009,0.228
hti,Haiti,2010,0.211
hti,Haiti,2011,0.207
hti,Haiti,2012,0.214
hti,Haiti,2013,0.221
hti,Haiti,2014,0.264
hti,Haiti,2015,0.272
hti,Haiti,2016,0.273
hti,Haiti,2017,0.271
hti,Haiti,2018,0.27
hti,Haiti,2019,0.269
hti,Haiti,2020,0.25
hti,Haiti,2021,0.267
hti,Haiti,2022,0.272
hun,Hungary,1900,1.35
hun,Hungary,1901,1.345
hun,Hungary,1902,1.229
hun,Hungary,1903,1.265
hun,Hungary,1904,1.271
hun,Hungary,1905,1.283
hun,Hungary,1906,1.373
hun,Hungary,1907,1.369
hun,Hungary,1908,1.435
hun,Hungary,1909,1.569
hun,Hungary,1910,1.537
hun,Hungary,1911,1.571
hun,Hungary,1912,1.604
hun,Hungary,1913,1.691
hun,Hungary,1914,1.5
hun,Hungary,1915,1.516
hun,Hungary,1916,1.519
hun,Hungary,1917,1.498
hun,Hungary,1918,1.356
hun,Hungary,1919,0.603
hun,Hungary,1920,0.704
hun,Hungary,1921,1.156
hun,Hungary,1922,1.368
hun,Hungary,1923,1.461
hun,Hungary,1924,1.376
hun,Hungary,1925,1.227
hun,Hungary,1926,1.414
hun,Hungary,1927,1.559
hun,Hungary,1928,1.624
hun,Hungary,1929,1.771
hun,Hungary,1930,1.455
hun,Hungary,1931,1.291
hun,Hungary,1932,1.169
hun,Hungary,1933,1.138
hun,Hungary,1934,1.194
hun,Hungary,1935,1.242
hun,Hungary,1936,1.324
hun,Hungary,1937,1.505
hun,Hungary,1938,1.621
hun,Hungary,1939,1.576
hun,Hungary,1940,1.718
hun,Hungary,1941,1.933
hun,Hungary,1942,2.036
hun,Hungary,1943,2.075
hun,Hungary,1944,1.712
hun,Hungary,1945,0.885
hun,Hungary,1946,1.164
hun,Hungary,1947,1.491
hun,Hungary,1948,1.764
hun,Hungary,1949,2.194
hun,Hungary,1950,1.971
hun,Hungary,1951,2.342
hun,Hungary,1952,2.838
hun,Hungary,1953,3.28
hun,Hungary,1954,3.485
hun,Hungary,1955,3.636
hun,Hungary,1956,3.361
hun,Hungary,1957,3.882
hun,Hungary,1958,3.95
hun,Hungary,1959,4.205
hun,Hungary,1960,4.536
hun,Hungary,1961,4.882
hun,Hungary,1962,5.025
hun,Hungary,1963,5.575
hun,Hungary,1964,6.162
hun,Hungary,1965,6.035
hun,Hungary,1966,6.064
hun,Hungary,1967,5.77
hun,Hungary,1968,5.999
hun,Hungary,1969,6.139
hun,Hungary,1970,6.923
hun,Hungary,1971,6.914
hun,Hungary,1972,7.019
hun,Hungary,1973,7.504
hun,Hungary,1974,7.745
hun,Hungary,1975,8.021
hun,Hungary,1976,8.654
hun,Hungary,1977,9.122
hun,Hungary,1978,9.77
hun,Hungary,1979,9.621
hun,Hungary,1980,9.729
hun,Hungary,1981,9.709
hun,Hungary,1982,9.688
hun,Hungary,1983,9.744
hun,Hungary,1984,10.042
hun,Hungary,1985,10.285
hun,Hungary,1986,9.794
hun,Hungary,1987,9.528
hun,Hungary,1988,9.672
hun,Hungary,1989,9.007
hun,Hungary,1990,8.788
hun,Hungary,1991,8.019
hun,Hungary,1992,9.115
hun,Hungary,1993,8.369
hun,Hungary,1994,7.658
hun,Hungary,1995,7.337
hun,Hungary,1996,6.789
hun,Hungary,1997,6.753
hun,Hungary,1998,6.887
hun,Hungary,1999,6.992
hun,Hungary,2000,7.13
hun,Hungary,2001,7.499
hun,Hungary,2002,7.359
hun,Hungary,2003,8.002
hun,Hungary,2004,7.841
hun,Hungary,2005,7.718
hun,Hungary,2006,7.787
hun,Hungary,2007,8.138
hun,Hungary,2008,8.276
hun,Hungary,2009,6.877
hun,Hungary,2010,7.186
hun,Hungary,2011,6.921
hun,Hungary,2012,6.194
hun,Hungary,2013,6.091
hun,Hungary,2014,5.831
hun,Hungary,2015,5.991
hun,Hungary,2016,6.141
hun,Hungary,2017,6.682
hun,Hungary,2018,6.825
hun,Hungary,2019,6.654
hun,Hungary,2020,6.201
hun,Hungary,2021,6.475
hun,Hungary,2022,6.41
idn,Indonesia,1900,0.032
idn,Indonesia,1901,0.058
idn,Indonesia,1902,0.039
idn,Indonesia,1903,0.076
idn,Indonesia,1904,0.084
idn,Indonesia,1905,0.102
idn,Indonesia,1906,0.109
idn,Indonesia,1907,0.128
idn,Indonesia,1908,0.131
idn,Indonesia,1909,0.141
idn,Indonesia,1910,0.143
idn,Indonesia,1911,0.156
idn,Indonesia,1912,0.134
idn,Indonesia,1913,0.134
idn,Indonesia,1914,0.135
idn,Indonesia,1915,0.134
idn,Indonesia,1916,0.149
idn,Indonesia,1917,0.156
idn,Indonesia,1918,0.154
idn,Indonesia,1919,0.164
idn,Indonesia,1920,0.175
idn,Indonesia,1921,0.183
idn,Indonesia,1922,0.171
idn,Indonesia,1923,0.196
idn,Indonesia,1924,0.213
idn,Indonesia,1925,0.221
idn,Indonesia,1926,0.219
idn,Indonesia,1927,0.251
idn,Indonesia,1928,0.285
idn,Indonesia,1929,0.352
idn,Indonesia,1930,0.339
idn,Indonesia,1931,0.312
idn,Indonesia,1932,0.302
idn,Indonesia,1933,0.321
idn,Indonesia,1934,0.34
idn,Indonesia,1935,0.349
idn,Indonesia,1936,0.374
idn,Indonesia,1937,0.429
idn,Indonesia,1938,0.446
idn,Indonesia,1939,0.48
idn,Indonesia,1940,0.465
idn,Indonesia,1941,0.422
idn,Indonesia,1942,0.149
idn,Indonesia,1943,0.296
idn,Indonesia,1944,0.136
idn,Indonesia,1945,0.059
idn,Indonesia,1946,0.021
idn,Indonesia,1947,0.061
idn,Indonesia,1948,0.231
idn,Indonesia,1949,0.321
idn,Indonesia,1950,0.141
idn,Indonesia,1951,0.133
idn,Indonesia,1952,0.176
idn,Indonesia,1953,0.177
idn,Indonesia,1954,0.196
idn,Indonesia,1955,0.27
idn,Indonesia,1956,0.276
idn,Indonesia,1957,0.276
idn,Indonesia,1958,0.267
idn,Indonesia,1959,0.279
idn,Indonesia,1960,0.244
idn,Indonesia,1961,0.289
idn,Indonesia,1962,0.249
idn,Indonesia,1963,0.24
idn,Indonesia,1964,0.229
idn,Indonesia,1965,0.246
idn,Indonesia,1966,0.227
idn,Indonesia,1967,0.232
idn,Indonesia,1968,0.254
idn,Indonesia,1969,0.299
idn,Indonesia,1970,0.312
idn,Indonesia,1971,0.331
idn,Indonesia,1972,0.358
idn,Indonesia,1973,0.395
idn,Indonesia,1974,0.402
idn,Indonesia,1975,0.413
idn,Indonesia,1976,0.461
idn,Indonesia,1977,0.6
idn,Indonesia,1978,0.668
idn,Indonesia,1979,0.66
idn,Indonesia,1980,0.643
idn,Indonesia,1981,0.664
idn,Indonesia,1982,0.686
idn,Indonesia,1983,0.705
idn,Indonesia,1984,0.687
idn,Indonesia,1985,0.719
idn,Indonesia,1986,0.761
idn,Indonesia,1987,0.749
idn,Indonesia,1988,0.745
idn,Indonesia,1989,0.783
idn,Indonesia,1990,0.763
idn,Indonesia,1991,0.865
idn,Indonesia,1992,0.979
idn,Indonesia,1993,1.013
idn,Indonesia,1994,1.02
idn,Indonesia,1995,1.031
idn,Indonesia,1996,1.133
idn,Indonesia,1997,1.198
idn,Indonesia,1998,0.664
idn,Indonesia,1999,0.981
idn,Indonesia,2000,1.096
idn,Indonesia,2001,1.172
idn,Indonesia,2002,1.251
idn,Indonesia,2003,1.416
idn,Indonesia,2004,1.423
idn,Indonesia,2005,1.429
idn,Indonesia,2006,1.415
idn,Indonesia,2007,1.566
idn,Indonesia,2008,1.547
idn,Indonesia,2009,1.639
idn,Indonesia,2010,1.835
idn,Indonesia,2011,2.037
idn,Indonesia,2012,2.138
idn,Indonesia,2013,2.015
idn,Indonesia,2014,1.981
idn,Indonesia,2015,2.094
idn,Indonesia,2016,2.127
idn,Indonesia,2017,2.152
idn,Indonesia,2018,2.283
idn,Indonesia,2019,2.465
idn,Indonesia,2020,2.284
idn,Indonesia,2021,2.314
idn,Indonesia,2022,2.361
ind,India,1900,0.045
ind,India,1901,0.049
ind,India,1902,0.054
ind,India,1903,0.054
ind,India,1904,0.061
ind,India,1905,0.061
ind,India,1906,0.071
ind,India,1907,0.078
ind,India,1908,0.089
ind,India,1909,0.085
ind,India,1910,0.083
ind,India,1911,0.087
ind,India,1912,0.1
ind,India,1913,0.11
ind,India,1914,0.111
ind,India,1915,0.116
ind,India,1916,0.117
ind,India,1917,0.122
ind,India,1918,0.137
ind,India,1919,0.15
ind,India,1920,0.121
ind,India,1921,0.129
ind,India,1922,0.126
ind,India,1923,0.128
ind,India,1924,0.136
ind,India,1925,0.133
ind,India,1926,0.131
ind,India,1927,0.136
ind,India,1928,0.13
ind,India,1929,0.134
ind,India,1930,0.134
ind,India,1931,0.122
ind,India,1932,0.112
ind,India,1933,0.108
ind,India,1934,0.119
ind,India,1935,0.123
ind,India,1936,0.119
ind,India,1937,0.13
ind,India,1938,0.143
ind,India,1939,0.139
ind,India,1940,0.147
ind,India,1941,0.15
ind,India,1942,0.15
ind,India,1943,0.132
ind,India,1944,0.136
ind,India,1945,0.151
ind,India,1946,0.151
ind,India,1947,0.155
ind,India,1948,0.156
ind,India,1949,0.165
ind,India,1950,0.177
ind,India,1951,0.182
ind,India,1952,0.189
ind,India,1953,0.189
ind,India,1954,0.196
ind,India,1955,0.209
ind,India,1956,0.212
ind,India,1957,0.234
ind,India,1958,0.24
ind,India,1959,0.249
ind,India,1960,0.268
ind,India,1961,0.284
ind,India,1962,0.306
ind,India,1963,0.322
ind,India,1964,0.308
ind,India,1965,0.333
ind,India,1966,0.337
ind,India,1967,0.33
ind,India,1968,0.351
ind,India,1969,0.349
ind,India,1970,0.348
ind,India,1971,0.357
ind,India,1972,0.367
ind,India,1973,0.366
ind,India,1974,0.367
ind,India,1975,0.386
ind,India,1976,0.39
ind,India,1977,0.4
ind,India,1978,0.393
ind,India,1979,0.401
ind,India,1980,0.414
ind,India,1981,0.436
ind,India,1982,0.46
ind,India,1983,0.463
ind,India,1984,0.49
ind,India,1985,0.491
ind,India,1986,0.528
ind,India,1987,0.553
ind,India,1988,0.578
ind,India,1989,0.611
ind,India,1990,0.657
ind,India,1991,0.668
ind,India,1992,0.708
ind,India,1993,0.7
ind,India,1994,0.721
ind,India,1995,0.742
ind,India,1996,0.778
ind,India,1997,0.798
ind,India,1998,0.799
ind,India,1999,0.863
ind,India,2000,0.85
ind,India,2001,0.842
ind,India,2002,0.841
ind,India,2003,0.873
ind,India,2004,0.906
ind,India,2005,0.944
ind,India,2006,0.977
ind,India,2007,1.061
ind,India,2008,1.122
ind,India,2009,1.24
ind,India,2010,1.265
ind,India,2011,1.299
ind,India,2012,1.421
ind,India,2013,1.399
ind,India,2014,1.516
ind,India,2015,1.598
ind,India,2016,1.641
ind,India,2017,1.681
ind,India,2018,1.767
ind,India,2019,1.774
ind,India,2020,1.622
ind,India,2021,1.768
ind,India,2022,1.874
irl,Ireland,1900,0.041
irl,Ireland,1901,0.042
irl,Ireland,1902,0.041
irl,Ireland,1903,0.042
irl,Ireland,1904,0.043
irl,Ireland,1905,0.044
irl,Ireland,1906,0.044
irl,Ireland,1907,0.047
irl,Ireland,1908,0.05
irl,Ireland,1909,0.049
irl,Ireland,1910,0.05
irl,Ireland,1911,0.05
irl,Ireland,1912,0.051
irl,Ireland,1913,0.052
irl,Ireland,1914,0.058
irl,Ireland,1915,0.053
irl,Ireland,1916,0.056
irl,Ireland,1917,0.06
irl,Ireland,1918,0.057
irl,Ireland,1919,0.058
irl,Ireland,1920,0.07
irl,Ireland,1921,0.058
irl,Ireland,1922,1.625
irl,Ireland,1923,1.882
irl,Ireland,1924,1.823
irl,Ireland,1925,1.712
irl,Ireland,1926,2.391
irl,Ireland,1927,2.068
irl,Ireland,1928,2.074
irl,Ireland,1929,3.302
irl,Ireland,1930,3.231
irl,Ireland,1931,3.382
irl,Ireland,1932,2.224
irl,Ireland,1933,3.204
irl,Ireland,1934,3.275
irl,Ireland,1935,3.289
irl,Ireland,1936,3.497
irl,Ireland,1937,3.565
irl,Ireland,1938,3.428
irl,Ireland,1939,3.962
irl,Ireland,1940,3.957
irl,Ireland,1941,2.9
irl,Ireland,1942,2.407
irl,Ireland,1943,2.44
irl,Ireland,1944,2.18
irl,Ireland,1945,2.343
irl,Ireland,1946,2.81
irl,Ireland,1947,3.021
irl,Ireland,1948,2.895
irl,Ireland,1949,2.863
irl,Ireland,1950,3.343
irl,Ireland,1951,3.611
irl,Ireland,1952,3.31
irl,Ireland,1953,3.29
irl,Ireland,1954,3.15
irl,Ireland,1955,4.081
irl,Ireland,1956,3.83
irl,Ireland,1957,3.432
irl,Ireland,1958,3.183
irl,Ireland,1959,4.399
irl,Ireland,1960,4.004
irl,Ireland,1961,4.434
irl,Ireland,1962,4.699
irl,Ireland,1963,4.807
irl,Ireland,1964,5.065
irl,Ireland,1965,4.874
irl,Ireland,1966,5.355
irl,Ireland,1967,5.817
irl,Ireland,1968,6.327
irl,Ireland,1969,6.597
irl,Ireland,1970,6.955
irl,Ireland,1971,8.123
irl,Ireland,1972,8.051
irl,Ireland,1973,8.462
irl,Ireland,1974,8.769
irl,Ireland,1975,8.444
irl,Ireland,1976,8.678
irl,Ireland,1977,9.294
irl,Ireland,1978,9.374
irl,Ireland,1979,10.919
irl,Ireland,1980,10.425
irl,Ireland,1981,10.229
irl,Ireland,1982,10.036
irl,Ireland,1983,9.755
irl,Ireland,1984,9.745
irl,Ireland,1985,9.624
irl,Ireland,1986,10.041
irl,Ireland,1987,10.7
irl,Ireland,1988,11.33
irl,Ireland,1989,11.213
irl,Ireland,1990,11.288
irl,Ireland,1991,11.735
irl,Ireland,1992,12.171
irl,Ireland,1993,11.407
irl,Ireland,1994,11.53
irl,Ireland,1995,11.732
irl,Ireland,1996,13.784
irl,Ireland,1997,13.414
irl,Ireland,1998,13.25
irl,Ireland,1999,14.774
irl,Ireland,2000,14.345
irl,Ireland,2001,14.702
irl,Ireland,2002,14.807
irl,Ireland,2003,18.126
irl,Ireland,2004,16.442
irl,Ireland,2005,17.523
irl,Ireland,2006,16.941
irl,Ireland,2007,16.575
irl,Ireland,2008,14.572
irl,Ireland,2009,11.673
irl,Ireland,2010,11.001
irl,Ireland,2011,10.471
irl,Ireland,2012,10.185
irl,Ireland,2013,10.087
irl,Ireland,2014,10.154
irl,Ireland,2015,9.896
irl,Ireland,2016,10.336
irl,Ireland,2017,10.364
irl,Ireland,2018,10.382
irl,Ireland,2019,10.151
irl,Ireland,2020,8.767
irl,Ireland,2021,8.677
irl,Ireland,2022,8.59
irn,Iran,1900,0.009
irn,Iran,1901,0.009
irn,Iran,1902,0.009
irn,Iran,1903,0.009
irn,Iran,1904,0.009
irn,Iran,1905,0.01
irn,Iran,1906,0.01
irn,Iran,1907,0.01
irn,Iran,1908,0.01
irn,Iran,1909,0.01
irn,Iran,1910,0.01
irn,Iran,1911,0.01
irn,Iran,1912,0.01
irn,Iran,1913,0.01
irn,Iran,1914,0.013
irn,Iran,1915,0.017
irn,Iran,1916,0.023
irn,Iran,1917,0.03
irn,Iran,1918,0.039
irn,Iran,1919,0.051
irn,Iran,1920,0.067
irn,Iran,1921,0.088
irn,Iran,1922,0.101
irn,Iran,1923,0.116
irn,Iran,1924,0.147
irn,Iran,1925,0.168
irn,Iran,1926,0.181
irn,Iran,1927,0.185
irn,Iran,1928,0.208
irn,Iran,1929,0.225
irn,Iran,1930,0.216
irn,Iran,1931,0.235
irn,Iran,1932,0.228
irn,Iran,1933,0.255
irn,Iran,1934,0.281
irn,Iran,1935,0.298
irn,Iran,1936,0.297
irn,Iran,1937,0.325
irn,Iran,1938,0.403
irn,Iran,1939,0.404
irn,Iran,1940,0.404
irn,Iran,1941,0.406
irn,Iran,1942,0.409
irn,Iran,1943,0.411
irn,Iran,1944,0.413
irn,Iran,1945,0.416
irn,Iran,1946,0.418
irn,Iran,1947,0.42
irn,Iran,1948,0.423
irn,Iran,1949,0.425
irn,Iran,1950,0.428
irn,Iran,1951,0.462
irn,Iran,1952,0.102
irn,Iran,1953,0.022
irn,Iran,1954,0.022
irn,Iran,1955,0.079
irn,Iran,1956,0.282
irn,Iran,1957,0.361
irn,Iran,1958,0.462
irn,Iran,1959,0.591
irn,Iran,1960,0.662
irn,Iran,1961,0.741
irn,Iran,1962,0.83
irn,Iran,1963,0.884
irn,Iran,1964,0.941
irn,Iran,1965,1.003
irn,Iran,1966,1.068
irn,Iran,1967,1.136
irn,Iran,1968,1.22
irn,Iran,1969,1.304
irn,Iran,1970,1.396
irn,Iran,1971,1.602
irn,Iran,1972,1.708
irn,Iran,1973,1.884
irn,Iran,1974,2.189
irn,Iran,1975,2.418
irn,Iran,1976,2.731
irn,Iran,1977,2.982
irn,Iran,1978,3.272
irn,Iran,1979,3.097
irn,Iran,1980,3.226
irn,Iran,1981,2.883
irn,Iran,1982,2.784
irn,Iran,1983,3.013
irn,Iran,1984,3.44
irn,Iran,1985,3.562
irn,Iran,1986,3.737
irn,Iran,1987,3.364
irn,Iran,1988,3.47
irn,Iran,1989,3.409
irn,Iran,1990,3.608
irn,Iran,1991,3.661
irn,Iran,1992,3.675
irn,Iran,1993,3.554
irn,Iran,1994,3.891
irn,Iran,1995,4.092
irn,Iran,1996,4.267
irn,Iran,1997,4.244
irn,Iran,1998,4.83
irn,Iran,1999,5.093
irn,Iran,2000,4.459
irn,Iran,2001,4.772
irn,Iran,2002,4.509
irn,Iran,2003,5.334
irn,Iran,2004,5.577
irn,Iran,2005,5.607
irn,Iran,2006,6.052
irn,Iran,2007,6.747
irn,Iran,2008,6.997
irn,Iran,2009,7.098
irn,Iran,2010,6.466
irn,Iran,2011,6.394
irn,Iran,2012,7.003
irn,Iran,2013,6.429
irn,Iran,2014,6.8
irn,Iran,2015,7.228
irn,Iran,2016,6.602
irn,Iran,2017,6.985
irn,Iran,2018,6.907
irn,Iran,2019,7.206
irn,Iran,2020,7.502
irn,Iran,2021,7.523
irn,Iran,2022,7.673
irq,Iraq,1900,0.027
irq,Iraq,1901,0.027
irq,Iraq,1902,0.028
irq,Iraq,1903,0.028
irq,Iraq,1904,0.028
irq,Iraq,1905,0.028
irq,Iraq,1906,0.029
irq,Iraq,1907,0.029
irq,Iraq,1908,0.029
irq,Iraq,1909,0.029
irq,Iraq,1910,0.029
irq,Iraq,1911,0.029
irq,Iraq,1912,0.03
irq,Iraq,1913,0.03
irq,Iraq,1914,0.03
irq,Iraq,1915,0.03
irq,Iraq,1916,0.031
irq,Iraq,1917,0.031
irq,Iraq,1918,0.032
irq,Iraq,1919,0.031
irq,Iraq,1920,0.032
irq,Iraq,1921,0.034
irq,Iraq,1922,0.033
irq,Iraq,1923,0.033
irq,Iraq,1924,0.037
irq,Iraq,1925,0.036
irq,Iraq,1926,0.037
irq,Iraq,1927,0.036
irq,Iraq,1928,0.074
irq,Iraq,1929,0.094
irq,Iraq,1930,0.093
irq,Iraq,1931,0.092
irq,Iraq,1932,0.093
irq,Iraq,1933,0.087
irq,Iraq,1934,0.709
irq,Iraq,1935,1.413
irq,Iraq,1936,1.426
irq,Iraq,1937,1.533
irq,Iraq,1938,1.449
irq,Iraq,1939,2.951
irq,Iraq,1940,1.839
irq,Iraq,1941,1.125
irq,Iraq,1942,1.813
irq,Iraq,1943,2.413
irq,Iraq,1944,2.72
irq,Iraq,1945,2.911
irq,Iraq,1946,2.86
irq,Iraq,1947,2.78
irq,Iraq,1948,0.218
irq,Iraq,1949,0.204
irq,Iraq,1950,0.289
irq,Iraq,1951,0.412
irq,Iraq,1952,0.323
irq,Iraq,1953,0.407
irq,Iraq,1954,0.48
irq,Iraq,1955,0.631
irq,Iraq,1956,0.963
irq,Iraq,1957,0.88
irq,Iraq,1958,0.96
irq,Iraq,1959,1.029
irq,Iraq,1960,1.134
irq,Iraq,1961,1.166
irq,Iraq,1962,1.176
irq,Iraq,1963,1.19
irq,Iraq,1964,1.117
irq,Iraq,1965,2.305
irq,Iraq,1966,3.202
irq,Iraq,1967,2.055
irq,Iraq,1968,2.129
irq,Iraq,1969,2.36
irq,Iraq,1970,2.41
irq,Iraq,1971,2.814
irq,Iraq,1972,2.787
irq,Iraq,1973,2.798
irq,Iraq,1974,2.735
irq,Iraq,1975,2.837
irq,Iraq,1976,4.041
irq,Iraq,1977,3.504
irq,Iraq,1978,3.283
irq,Iraq,1979,3.987
irq,Iraq,1980,3.325
irq,Iraq,1981,2.273
irq,Iraq,1982,2.106
irq,Iraq,1983,2.598
irq,Iraq,1984,2.62
irq,Iraq,1985,2.843
irq,Iraq,1986,2.971
irq,Iraq,1987,3.213
irq,Iraq,1988,4.044
irq,Iraq,1989,4.254
irq,Iraq,1990,2.819
irq,Iraq,1991,2.528
irq,Iraq,1992,3.203
irq,Iraq,1993,3.333
irq,Iraq,1994,3.641
irq,Iraq,1995,3.68
irq,Iraq,1996,3.336
irq,Iraq,1997,3.178
irq,Iraq,1998,3.263
irq,Iraq,1999,3.146
irq,Iraq,2000,3.055
irq,Iraq,2001,3.496
irq,Iraq,2002,3.465
irq,Iraq,2003,3.543
irq,Iraq,2004,4.322
irq,Iraq,2005,4.2
irq,Iraq,2006,3.58
irq,Iraq,2007,2.205
irq,Iraq,2008,3.25
irq,Iraq,2009,3.575
irq,Iraq,2010,3.735
irq,Iraq,2011,4.406
irq,Iraq,2012,4.796
irq,Iraq,2013,4.94
irq,Iraq,2014,4.803
irq,Iraq,2015,4.66
irq,Iraq,2016,5.151
irq,Iraq,2017,4.995
irq,Iraq,2018,5.317
irq,Iraq,2019,5.452
irq,Iraq,2020,5.402
irq,Iraq,2021,5.643
irq,Iraq,2022,5.756
isl,Iceland,1900,0.141
isl,Iceland,1901,0.147
isl,Iceland,1902,0.144
isl,Iceland,1903,0.146
isl,Iceland,1904,0.151
isl,Iceland,1905,0.152
isl,Iceland,1906,0.155
isl,Iceland,1907,0.165
isl,Iceland,1908,0.173
isl,Iceland,1909,0.173
isl,Iceland,1910,0.174
isl,Iceland,1911,0.177
isl,Iceland,1912,0.181
isl,Iceland,1913,0.183
isl,Iceland,1914,0.196
isl,Iceland,1915,0.179
isl,Iceland,1916,0.174
isl,Iceland,1917,0.182
isl,Iceland,1918,0.18
isl,Iceland,1919,0.173
isl,Iceland,1920,0.162
isl,Iceland,1921,0.173
isl,Iceland,1922,0.156
isl,Iceland,1923,0.18
isl,Iceland,1924,0.174
isl,Iceland,1925,0.198
isl,Iceland,1926,0.196
isl,Iceland,1927,0.168
isl,Iceland,1928,0.204
isl,Iceland,1929,0.205
isl,Iceland,1930,0.218
isl,Iceland,1931,0.207
isl,Iceland,1932,0.19
isl,Iceland,1933,0.177
isl,Iceland,1934,0.18
isl,Iceland,1935,0.191
isl,Iceland,1936,0.19
isl,Iceland,1937,0.157
isl,Iceland,1938,0.268
isl,Iceland,1939,0.267
isl,Iceland,1940,0.273
isl,Iceland,1941,0.209
isl,Iceland,1942,0.143
isl,Iceland,1943,0.145
isl,Iceland,1944,0.142
isl,Iceland,1945,0.112
isl,Iceland,1946,0.083
isl,Iceland,1947,0.027
isl,Iceland,1948,0.027
isl,Iceland,1949,0.026
isl,Iceland,1950,5.192
isl,Iceland,1951,4.453
isl,Iceland,1952,5.263
isl,Iceland,1953,6.079
isl,Iceland,1954,5.067
isl,Iceland,1955,5.792
isl,Iceland,1956,5.892
isl,Iceland,1957,5.853
isl,Iceland,1958,6.489
isl,Iceland,1959,7.205
isl,Iceland,1960,6.911
isl,Iceland,1961,6.097
isl,Iceland,1962,6.561
isl,Iceland,1963,7.012
isl,Iceland,1964,6.912
isl,Iceland,1965,7.262
isl,Iceland,1966,7.67
isl,Iceland,1967,7.317
isl,Iceland,1968,7.987
isl,Iceland,1969,6.262
isl,Iceland,1970,6.797
isl,Iceland,1971,7.114
isl,Iceland,1972,7.068
isl,Iceland,1973,8.229
isl,Iceland,1974,8.069
isl,Iceland,1975,7.402
isl,Iceland,1976,7.727
isl,Iceland,1977,8.564
isl,Iceland,1978,8.573
isl,Iceland,1979,8.774
isl,Iceland,1980,8.159
isl,Iceland,1981,7.58
isl,Iceland,1982,6.833
isl,Iceland,1983,6.536
isl,Iceland,1984,7.579
isl,Iceland,1985,6.717
isl,Iceland,1986,7.287
isl,Iceland,1987,7.468
isl,Iceland,1988,7.371
isl,Iceland,1989,7.513
isl,Iceland,1990,8.78
isl,Iceland,1991,8.227
isl,Iceland,1992,8.706
isl,Iceland,1993,9.225
isl,Iceland,1994,8.915
isl,Iceland,1995,9.219
isl,Iceland,1996,9.337
isl,Iceland,1997,9.599
isl,Iceland,1998,9.581
isl,Iceland,1999,10.234
isl,Iceland,2000,10.471
isl,Iceland,2001,10.127
isl,Iceland,2002,10.48
isl,Iceland,2003,10.356
isl,Iceland,2004,10.662
isl,Iceland,2005,10.073
isl,Iceland,2006,10.508
isl,Iceland,2007,11.458
isl,Iceland,2008,12.218
isl,Iceland,2009,11.815
isl,Iceland,2010,11.313
isl,Iceland,2011,10.787
isl,Iceland,2012,10.722
isl,Iceland,2013,10.65
isl,Iceland,2014,10.544
isl,Iceland,2015,10.708
isl,Iceland,2016,10.514
isl,Iceland,2017,10.818
isl,Iceland,2018,10.791
isl,Iceland,2019,10.682
isl,Iceland,2020,9.929
isl,Iceland,2021,10.092
isl,Iceland,2022,9.991
isr,Israel,1900,0.049
isr,Israel,1901,0.049
isr,Israel,1902,0.05
isr,Israel,1903,0.05
isr,Israel,1904,0.05
isr,Israel,1905,0.051
isr,Israel,1906,0.051
isr,Israel,1907,0.052
isr,Israel,1908,0.052
isr,Israel,1909,0.053
isr,Israel,1910,0.053
isr,Israel,1911,0.053
isr,Israel,1912,0.053
isr,Israel,1913,0.054
isr,Israel,1914,0.054
isr,Israel,1915,0.055
isr,Israel,1916,0.056
isr,Israel,1917,0.055
isr,Israel,1918,0.057
isr,Israel,1919,0.056
isr,Israel,1920,0.057
isr,Israel,1921,0.06
isr,Israel,1922,0.059
isr,Israel,1923,0.06
isr,Israel,1924,0.066
isr,Israel,1925,0.065
isr,Israel,1926,0.067
isr,Israel,1927,0.065
isr,Israel,1928,0.073
isr,Israel,1929,0.069
isr,Israel,1930,0.07
isr,Israel,1931,0.068
isr,Israel,1932,0.083
isr,Israel,1933,0.102
isr,Israel,1934,0.103
isr,Israel,1935,0.131
isr,Israel,1936,0.105
isr,Israel,1937,0.106
isr,Israel,1938,0.06
isr,Israel,1939,0.067
isr,Israel,1940,0.085
isr,Israel,1941,0.066
isr,Israel,1942,0.118
isr,Israel,1943,0.088
isr,Israel,1944,0.088
isr,Israel,1945,0.071
isr,Israel,1946,0.123
isr,Israel,1947,0.148
isr,Israel,1948,0.07
isr,Israel,1949,0.1
isr,Israel,1950,1.329
isr,Israel,1951,2.172
isr,Israel,1952,2.551
isr,Israel,1953,2.652
isr,Israel,1954,2.688
isr,Israel,1955,2.85
isr,Israel,1956,2.716
isr,Israel,1957,2.815
isr,Israel,1958,2.903
isr,Israel,1959,2.828
isr,Israel,1960,3.138
isr,Israel,1961,3.295
isr,Israel,1962,3.554
isr,Israel,1963,3.532
isr,Israel,1964,3.797
isr,Israel,1965,5.212
isr,Israel,1966,5.345
isr,Israel,1967,5.23
isr,Israel,1968,5.263
isr,Israel,1969,5.592
isr,Israel,1970,6.209
isr,Israel,1971,6.053
isr,Israel,1972,6.297
isr,Israel,1973,7.207
isr,Israel,1974,7.309
isr,Israel,1975,7.464
isr,Israel,1976,7.547
isr,Israel,1977,7.736
isr,Israel,1978,8.281
isr,Israel,1979,8.206
isr,Israel,1980,8.175
isr,Israel,1981,8.036
isr,Israel,1982,7.9
isr,Israel,1983,8.809
isr,Israel,1984,8.608
isr,Israel,1985,8.391
isr,Israel,1986,8.645
isr,Israel,1987,9.107
isr,Israel,1988,9.207
isr,Israel,1989,9.925
isr,Israel,1990,10.268
isr,Israel,1991,10.091
isr,Israel,1992,11.382
isr,Israel,1993,11.135
isr,Israel,1994,11.411
isr,Israel,1995,11.773
isr,Israel,1996,11.847
isr,Israel,1997,12.025
isr,Israel,1998,12.035
isr,Israel,1999,10.579
isr,Israel,2000,11.159
isr,Israel,2001,11.201
isr,Israel,2002,10.657
isr,Israel,2003,11.795
isr,Israel,2004,11.511
isr,Israel,2005,10.94
isr,Israel,2006,11.802
isr,Israel,2007,11.64
isr,Israel,2008,12.829
isr,Israel,2009,11.096
isr,Israel,2010,11.625
isr,Israel,2011,11.689
isr,Israel,2012,11.57
isr,Israel,2013,10.256
isr,Israel,2014,10.361
isr,Israel,2015,10.016
isr,Israel,2016,9.857
isr,Israel,2017,9.303
isr,Israel,2018,9.681
isr,Israel,2019,9.217
isr,Israel,2020,8.373
isr,Israel,2021,8.43
isr,Israel,2022,8.598
ita,Italy,1900,0.416
ita,Italy,1901,0.402
ita,Italy,1902,0.443
ita,Italy,1903,0.448
ita,Italy,1904,0.47
ita,Italy,1905,0.513
ita,Italy,1906,0.602
ita,Italy,1907,0.646
ita,Italy,1908,0.653
ita,Italy,1909,0.717
ita,Italy,1910,0.714
ita,Italy,1911,0.733
ita,Italy,1912,0.767
ita,Italy,1913,0.823
ita,Italy,1914,0.747
ita,Italy,1915,0.65
ita,Italy,1916,0.642
ita,Italy,1917,0.439
ita,Italy,1918,0.516
ita,Italy,1919,0.504
ita,Italy,1920,0.482
ita,Italy,1921,0.586
ita,Italy,1922,0.683
ita,Italy,1923,0.707
ita,Italy,1924,0.841
ita,Italy,1925,0.802
ita,Italy,1926,0.92
ita,Italy,1927,1.028
ita,Italy,1928,0.963
ita,Italy,1929,1.102
ita,Italy,1930,0.982
ita,Italy,1931,0.841
ita,Italy,1932,0.685
ita,Italy,1933,0.738
ita,Italy,1934,0.952
ita,Italy,1935,1.08
ita,Italy,1936,0.755
ita,Italy,1937,1.057
ita,Italy,1938,1.044
ita,Italy,1939,1.062
ita,Italy,1940,1.121
ita,Italy,1941,0.974
ita,Italy,1942,0.945
ita,Italy,1943,0.16
ita,Italy,1944,0.08
ita,Italy,1945,0.096
ita,Italy,1946,0.488
ita,Italy,1947,0.805
ita,Italy,1948,0.773
ita,Italy,1949,0.86
ita,Italy,1950,0.89
ita,Italy,1951,1.04
ita,Italy,1952,1.07
ita,Italy,1953,1.175
ita,Italy,1954,1.353
ita,Italy,1955,1.518
ita,Italy,1956,1.72
ita,Italy,1957,1.785
ita,Italy,1958,1.786
ita,Italy,1959,1.907
ita,Italy,1960,2.199
ita,Italy,1961,2.487
ita,Italy,1962,2.903
ita,Italy,1963,3.24
ita,Italy,1964,3.435
ita,Italy,1965,3.682
ita,Italy,1966,4.139
ita,Italy,1967,4.522
ita,Italy,1968,4.822
ita,Italy,1969,5.253
ita,Italy,1970,5.845
ita,Italy,1971,6.25
ita,Italy,1972,6.764
ita,Italy,1973,7.509
ita,Italy,1974,7.883
ita,Italy,1975,7.785
ita,Italy,1976,8.652
ita,Italy,1977,8.653
ita,Italy,1978,9.296
ita,Italy,1979,9.81
ita,Italy,1980,9.912
ita,Italy,1981,9.599
ita,Italy,1982,9.297
ita,Italy,1983,9.066
ita,Italy,1984,8.838
ita,Italy,1985,8.975
ita,Italy,1986,9.071
ita,Italy,1987,8.922
ita,Italy,1988,9.333
ita,Italy,1989,9.475
ita,Italy,1990,9.934
ita,Italy,1991,9.833
ita,Italy,1992,10.713
ita,Italy,1993,9.786
ita,Italy,1994,9.48
ita,Italy,1995,9.836
ita,Italy,1996,9.25
ita,Italy,1997,9.331
ita,Italy,1998,9.512
ita,Italy,1999,9.76
ita,Italy,2000,9.942
ita,Italy,2001,9.766
ita,Italy,2002,9.995
ita,Italy,2003,10.212
ita,Italy,2004,10.436
ita,Italy,2005,10.533
ita,Italy,2006,10.884
ita,Italy,2007,10.624
ita,Italy,2008,10.344
ita,Italy,2009,9.428
ita,Italy,2010,10.023
ita,Italy,2011,9.633
ita,Italy,2012,8.734
ita,Italy,2013,8.101
ita,Italy,2014,7.823
ita,Italy,2015,7.522
ita,Italy,2016,7.311
ita,Italy,2017,7.402
ita,Italy,2018,7.493
ita,Italy,2019,7.226
ita,Italy,2020,6.499
ita,Italy,2021,6.995
ita,Italy,2022,6.925
jam,Jamaica,1900,0.049
jam,Jamaica,1901,0.05
jam,Jamaica,1902,0.052
jam,Jamaica,1903,0.054
jam,Jamaica,1904,0.058
jam,Jamaica,1905,0.061
jam,Jamaica,1906,0.064
jam,Jamaica,1907,0.068
jam,Jamaica,1908,0.072
jam,Jamaica,1909,0.074
jam,Jamaica,1910,0.077
jam,Jamaica,1911,0.08
jam,Jamaica,1912,0.088
jam,Jamaica,1913,0.09
jam,Jamaica,1914,0.09
jam,Jamaica,1915,0.088
jam,Jamaica,1916,0.086
jam,Jamaica,1917,0.086
jam,Jamaica,1918,0.085
jam,Jamaica,1919,0.087
jam,Jamaica,1920,0.088
jam,Jamaica,1921,0.091
jam,Jamaica,1922,0.09
jam,Jamaica,1923,0.09
jam,Jamaica,1924,0.093
jam,Jamaica,1925,0.097
jam,Jamaica,1926,0.104
jam,Jamaica,1927,0.109
jam,Jamaica,1928,0.113
jam,Jamaica,1929,0.117
jam,Jamaica,1930,0.12
jam,Jamaica,1931,0.12
jam,Jamaica,1932,0.118
jam,Jamaica,1933,0.117
jam,Jamaica,1934,0.121
jam,Jamaica,1935,0.125
jam,Jamaica,1936,0.129
jam,Jamaica,1937,0.134
jam,Jamaica,1938,0.141
jam,Jamaica,1939,0.145
jam,Jamaica,1940,0.146
jam,Jamaica,1941,0.148
jam,Jamaica,1942,0.148
jam,Jamaica,1943,0.147
jam,Jamaica,1944,0.148
jam,Jamaica,1945,0.153
jam,Jamaica,1946,0.158
jam,Jamaica,1947,0.17
jam,Jamaica,1948,0.179
jam,Jamaica,1949,0.188
jam,Jamaica,1950,0.193
jam,Jamaica,1951,0.362
jam,Jamaica,1952,0.385
jam,Jamaica,1953,0.412
jam,Jamaica,1954,0.521
jam,Jamaica,1955,0.64
jam,Jamaica,1956,0.809
jam,Jamaica,1957,1.019
jam,Jamaica,1958,0.852
jam,Jamaica,1959,1.144
jam,Jamaica,1960,0.902
jam,Jamaica,1961,1.29
jam,Jamaica,1962,1.264
jam,Jamaica,1963,1.408
jam,Jamaica,1964,2.351
jam,Jamaica,1965,1.706
jam,Jamaica,1966,1.984
jam,Jamaica,1967,2.161
jam,Jamaica,1968,2.154
jam,Jamaica,1969,2.359
jam,Jamaica,1970,2.754
jam,Jamaica,1971,3.177
jam,Jamaica,1972,3.49
jam,Jamaica,1973,4.645
jam,Jamaica,1974,4.305
jam,Jamaica,1975,4.703
jam,Jamaica,1976,4.244
jam,Jamaica,1977,4.396
jam,Jamaica,1978,5.429
jam,Jamaica,1979,5.091
jam,Jamaica,1980,5.007
jam,Jamaica,1981,4.324
jam,Jamaica,1982,3.735
jam,Jamaica,1983,3.08
jam,Jamaica,1984,3.142
jam,Jamaica,1985,2.468
jam,Jamaica,1986,2.391
jam,Jamaica,1987,2.136
jam,Jamaica,1988,2.508
jam,Jamaica,1989,2.098
jam,Jamaica,1990,3.099
jam,Jamaica,1991,3.063
jam,Jamaica,1992,2.901
jam,Jamaica,1993,3.152
jam,Jamaica,1994,3.054
jam,Jamaica,1995,3.46
jam,Jamaica,1996,2.858
jam,Jamaica,1997,3.088
jam,Jamaica,1998,3.837
jam,Jamaica,1999,3.714
jam,Jamaica,2000,2.52
jam,Jamaica,2001,2.721
jam,Jamaica,2002,2.708
jam,Jamaica,2003,2.746
jam,Jamaica,2004,2.535
jam,Jamaica,2005,2.59
jam,Jamaica,2006,2.798
jam,Jamaica,2007,2.796
jam,Jamaica,2008,2.577
jam,Jamaica,2009,2.013
jam,Jamaica,2010,2.026
jam,Jamaica,2011,2.132
jam,Jamaica,2012,2.028
jam,Jamaica,2013,2.154
jam,Jamaica,2014,2.158
jam,Jamaica,2015,2.297
jam,Jamaica,2016,2.482
jam,Jamaica,2017,2.242
jam,Jamaica,2018,2.598
jam,Jamaica,2019,2.531
jam,Jamaica,2020,2.23
jam,Jamaica,2021,2.386
jam,Jamaica,2022,2.434
jor,Jordan,1900,0.104
jor,Jordan,1901,0.105
jor,Jordan,1902,0.106
jor,Jordan,1903,0.106
jor,Jordan,1904,0.107
jor,Jordan,1905,0.108
jor,Jordan,1906,0.109
jor,Jordan,1907,0.11
jor,Jordan,1908,0.111
jor,Jordan,1909,0.112
jor,Jordan,1910,0.112
jor,Jordan,1911,0.113
jor,Jordan,1912,0.114
jor,Jordan,1913,0.115
jor,Jordan,1914,0.116
jor,Jordan,1915,0.116
jor,Jordan,1916,0.119
jor,Jordan,1917,0.117
jor,Jordan,1918,0.121
jor,Jordan,1919,0.119
jor,Jordan,1920,0.121
jor,Jordan,1921,0.128
jor,Jordan,1922,0.125
jor,Jordan,1923,0.127
jor,Jordan,1924,0.141
jor,Jordan,1925,0.138
jor,Jordan,1926,0.143
jor,Jordan,1927,0.139
jor,Jordan,1928,0.155
jor,Jordan,1929,0.147
jor,Jordan,1930,0.149
jor,Jordan,1931,0.154
jor,Jordan,1932,0.162
jor,Jordan,1933,0.159
jor,Jordan,1934,0.153
jor,Jordan,1935,0.175
jor,Jordan,1936,0.197
jor,Jordan,1937,0.201
jor,Jordan,1938,0.213
jor,Jordan,1939,0.21
jor,Jordan,1940,0.252
jor,Jordan,1941,0.245
jor,Jordan,1942,0.235
jor,Jordan,1943,0.234
jor,Jordan,1944,0.26
jor,Jordan,1945,0.292
jor,Jordan,1946,0.317
jor,Jordan,1947,0.348
jor,Jordan,1948,0.364
jor,Jordan,1949,0.341
jor,Jordan,1950,0.358
jor,Jordan,1951,0.301
jor,Jordan,1952,0.337
jor,Jordan,1953,0.349
jor,Jordan,1954,0.393
jor,Jordan,1955,0.558
jor,Jordan,1956,0.619
jor,Jordan,1957,0.635
jor,Jordan,1958,0.63
jor,Jordan,1959,0.741
jor,Jordan,1960,0.797
jor,Jordan,1961,1.004
jor,Jordan,1962,1.037
jor,Jordan,1963,1.162
jor,Jordan,1964,1.128
jor,Jordan,1965,1.215
jor,Jordan,1966,1.257
jor,Jordan,1967,1.038
jor,Jordan,1968,1.024
jor,Jordan,1969,1.125
jor,Jordan,1970,0.954
jor,Jordan,1971,0.99
jor,Jordan,1972,1.136
jor,Jordan,1973,1.311
jor,Jordan,1974,1.341
jor,Jordan,1975,1.52
jor,Jordan,1976,1.822
jor,Jordan,1977,1.971
jor,Jordan,1978,2.273
jor,Jordan,1979,2.347
jor,Jordan,1980,2.855
jor,Jordan,1981,3.417
jor,Jordan,1982,4.09
jor,Jordan,1983,4.223
jor,Jordan,1984,4.729
jor,Jordan,1985,5.125
jor,Jordan,1986,5.025
jor,Jordan,1987,5.26
jor,Jordan,1988,5.252
jor,Jordan,1989,4.876
jor,Jordan,1990,4.622
jor,Jordan,1991,3.934
jor,Jordan,1992,4.399
jor,Jordan,1993,4.006
jor,Jordan,1994,4.169
jor,Jordan,1995,4.097
jor,Jordan,1996,3.248
jor,Jordan,1997,3.663
jor,Jordan,1998,3.684
jor,Jordan,1999,3.416
jor,Jordan,2000,3.414
jor,Jordan,2001,3.699
jor,Jordan,2002,3.788
jor,Jordan,2003,3.624
jor,Jordan,2004,3.915
jor,Jordan,2005,4.243
jor,Jordan,2006,3.952
jor,Jordan,2007,3.934
jor,Jordan,2008,4.245
jor,Jordan,2009,4.393
jor,Jordan,2010,3.863
jor,Jordan,2011,4.167
jor,Jordan,2012,4.777
jor,Jordan,2013,4.638
jor,Jordan,2014,4.136
jor,Jordan,2015,3.737
jor,Jordan,2016,3.162
jor,Jordan,2017,3.052
jor,Jordan,2018,2.963
jor,Jordan,2019,2.924
jor,Jordan,2020,2.653
jor,Jordan,2021,2.839
jor,Jordan,2022,2.896
jpn,Japan,1900,0.444
jpn,Japan,1901,0.526
jpn,Japan,1902,0.558
jpn,Japan,1903,0.57
jpn,Japan,1904,0.635
jpn,Japan,1905,0.647
jpn,Japan,1906,0.702
jpn,Japan,1907,0.741
jpn,Japan,1908,0.786
jpn,Japan,1909,0.79
jpn,Japan,1910,0.803
jpn,Japan,1911,0.891
jpn,Japan,1912,0.982
jpn,Japan,1913,1.07
jpn,Japan,1914,1.129
jpn,Japan,1915,1.016
jpn,Japan,1916,1.114
jpn,Japan,1917,1.268
jpn,Japan,1918,1.328
jpn,Japan,1919,1.452
jpn,Japan,1920,1.345
jpn,Japan,1921,1.193
jpn,Japan,1922,1.259
jpn,Japan,1923,1.319
jpn,Japan,1924,1.36
jpn,Japan,1925,1.386
jpn,Japan,1926,1.376
jpn,Japan,1927,1.47
jpn,Japan,1928,1.497
jpn,Japan,1929,1.517
jpn,Japan,1930,1.359
jpn,Japan,1931,1.212
jpn,Japan,1932,1.198
jpn,Japan,1933,1.385
jpn,Japan,1934,1.515
jpn,Japan,1935,1.573
jpn,Japan,1936,1.705
jpn,Japan,1937,1.807
jpn,Japan,1938,1.874
jpn,Japan,1939,1.794
jpn,Japan,1940,2.123
jpn,Japan,1941,2.114
jpn,Japan,1942,1.993
jpn,Japan,1943,2.003
jpn,Japan,1944,1.82
jpn,Japan,1945,0.991
jpn,Japan,1946,0.672
jpn,Japan,1947,0.881
jpn,Japan,1948,1.093
jpn,Japan,1949,1.205
jpn,Japan,1950,1.24
jpn,Japan,1951,1.466
jpn,Japan,1952,1.524
jpn,Japan,1953,1.68
jpn,Japan,1954,1.622
jpn,Japan,1955,1.596
jpn,Japan,1956,1.787
jpn,Japan,1957,2.07
jpn,Japan,1958,1.974
jpn,Japan,1959,2.078
jpn,Japan,1960,2.484
jpn,Japan,1961,2.993
jpn,Japan,1962,3.071
jpn,Japan,1963,3.374
jpn,Japan,1964,3.692
jpn,Japan,1965,3.938
jpn,Japan,1966,4.232
jpn,Japan,1967,4.898
jpn,Japan,1968,5.589
jpn,Japan,1969,6.475
jpn,Japan,1970,7.614
jpn,Japan,1971,7.934
jpn,Japan,1972,8.567
jpn,Japan,1973,9.318
jpn,Japan,1974,9.482
jpn,Japan,1975,9.186
jpn,Japan,1976,9.789
jpn,Japan,1977,10.252
jpn,Japan,1978,10.04
jpn,Japan,1979,10.692
jpn,Japan,1980,10.6
jpn,Japan,1981,10.318
jpn,Japan,1982,10.043
jpn,Japan,1983,9.653
jpn,Japan,1984,9.411
jpn,Japan,1985,9.948
jpn,Japan,1986,9.631
jpn,Japan,1987,9.58
jpn,Japan,1988,9.434
jpn,Japan,1989,10.259
jpn,Japan,1990,10.595
jpn,Japan,1991,10.712
jpn,Japan,1992,11.377
jpn,Japan,1993,11.121
jpn,Japan,1994,11.67
jpn,Japan,1995,11.893
jpn,Japan,1996,11.812
jpn,Japan,1997,11.588
jpn,Japan,1998,10.804
jpn,Japan,1999,11.488
jpn,Japan,2000,12.132
jpn,Japan,2001,11.825
jpn,Japan,2002,11.729
jpn,Japan,2003,11.903
jpn,Japan,2004,11.958
jpn,Japan,2005,12.015
jpn,Japan,2006,11.811
jpn,Japan,2007,11.87
jpn,Japan,2008,11.688
jpn,Japan,2009,10.85
jpn,Japan,2010,11.255
jpn,Japan,2011,11.885
jpn,Japan,2012,12.35
jpn,Japan,2013,11.956
jpn,Japan,2014,11.291
jpn,Japan,2015,10.641
jpn,Japan,2016,10.446
jpn,Japan,2017,10.293
jpn,Japan,2018,10.085
jpn,Japan,2019,9.879
jpn,Japan,2020,9.427
jpn,Japan,2021,9.796
jpn,Japan,2022,9.991
kaz,Kazakhstan,1900,1.411
kaz,Kazakhstan,1901,1.435
kaz,Kazakhstan,1902,1.374
kaz,Kazakhstan,1903,1.332
kaz,Kazakhstan,1904,1.469
kaz,Kazakhstan,1905,1.3
kaz,Kazakhstan,1906,1.469
kaz,Kazakhstan,1907,1.631
kaz,Kazakhstan,1908,1.627
kaz,Kazakhstan,1909,1.702
kaz,Kazakhstan,1910,1.655
kaz,Kazakhstan,1911,1.7
kaz,Kazakhstan,1912,1.909
kaz,Kazakhstan,1913,2.056
kaz,Kazakhstan,1914,1.839
kaz,Kazakhstan,1915,1.673
kaz,Kazakhstan,1916,1.767
kaz,Kazakhstan,1917,1.612
kaz,Kazakhstan,1918,0.637
kaz,Kazakhstan,1919,0.539
kaz,Kazakhstan,1920,0.487
kaz,Kazakhstan,1921,0.524
kaz,Kazakhstan,1922,0.633
kaz,Kazakhstan,1923,0.693
kaz,Kazakhstan,1924,0.818
kaz,Kazakhstan,1925,0.8
kaz,Kazakhstan,1926,1.148
kaz,Kazakhstan,1927,1.414
kaz,Kazakhstan,1928,1.557
kaz,Kazakhstan,1929,1.662
kaz,Kazakhstan,1930,2.238
kaz,Kazakhstan,1931,2.665
kaz,Kazakhstan,1932,2.975
kaz,Kazakhstan,1933,3.295
kaz,Kazakhstan,1934,3.949
kaz,Kazakhstan,1935,4.429
kaz,Kazakhstan,1936,5.033
kaz,Kazakhstan,1937,5.099
kaz,Kazakhstan,1938,5.333
kaz,Kazakhstan,1939,5.35
kaz,Kazakhstan,1940,6.355
kaz,Kazakhstan,1941,5.532
kaz,Kazakhstan,1942,3.773
kaz,Kazakhstan,1943,4.772
kaz,Kazakhstan,1944,4.429
kaz,Kazakhstan,1945,4.646
kaz,Kazakhstan,1946,5.174
kaz,Kazakhstan,1947,6.174
kaz,Kazakhstan,1948,6.51
kaz,Kazakhstan,1949,7.287
kaz,Kazakhstan,1950,7.947
kaz,Kazakhstan,1951,8.476
kaz,Kazakhstan,1952,8.823
kaz,Kazakhstan,1953,8.998
kaz,Kazakhstan,1954,9.421
kaz,Kazakhstan,1955,10.211
kaz,Kazakhstan,1956,10.689
kaz,Kazakhstan,1957,11.168
kaz,Kazakhstan,1958,11.391
kaz,Kazakhstan,1959,9.412
kaz,Kazakhstan,1960,9.393
kaz,Kazakhstan,1961,9.3
kaz,Kazakhstan,1962,9.391
kaz,Kazakhstan,1963,9.716
kaz,Kazakhstan,1964,10.006
kaz,Kazakhstan,1965,10.325
kaz,Kazakhstan,1966,10.656
kaz,Kazakhstan,1967,10.934
kaz,Kazakhstan,1968,11.073
kaz,Kazakhstan,1969,11.394
kaz,Kazakhstan,1970,11.88
kaz,Kazakhstan,1971,12.522
kaz,Kazakhstan,1972,13.128
kaz,Kazakhstan,1973,13.675
kaz,Kazakhstan,1974,14.229
kaz,Kazakhstan,1975,15.028
kaz,Kazakhstan,1976,15.693
kaz,Kazakhstan,1977,16.308
kaz,Kazakhstan,1978,16.913
kaz,Kazakhstan,1979,17.034
kaz,Kazakhstan,1980,17.6
kaz,Kazakhstan,1981,17.065
kaz,Kazakhstan,1982,16.547
kaz,Kazakhstan,1983,16.666
kaz,Kazakhstan,1984,16.704
kaz,Kazakhstan,1985,16.651
kaz,Kazakhstan,1986,17.752
kaz,Kazakhstan,1987,17.59
kaz,Kazakhstan,1988,17.308
kaz,Kazakhstan,1989,17.582
kaz,Kazakhstan,1990,17.055
kaz,Kazakhstan,1991,12.434
kaz,Kazakhstan,1992,7.559
kaz,Kazakhstan,1993,9.948
kaz,Kazakhstan,1994,8.762
kaz,Kazakhstan,1995,8.126
kaz,Kazakhstan,1996,7.342
kaz,Kazakhstan,1997,7.022
kaz,Kazakhstan,1998,7.445
kaz,Kazakhstan,1999,6.562
kaz,Kazakhstan,2000,6.871
kaz,Kazakhstan,2001,7.714
kaz,Kazakhstan,2002,8.153
kaz,Kazakhstan,2003,7.975
kaz,Kazakhstan,2004,8.245
kaz,Kazakhstan,2005,8.885
kaz,Kazakhstan,2006,10.044
kaz,Kazakhstan,2007,10.662
kaz,Kazakhstan,2008,9.621
kaz,Kazakhstan,2009,9.181
kaz,Kazakhstan,2010,8.21
kaz,Kazakhstan,2011,7.337
kaz,Kazakhstan,2012,7.434
kaz,Kazakhstan,2013,8.711
kaz,Kazakhstan,2014,9.318
kaz,Kazakhstan,2015,11.622
kaz,Kazakhstan,2016,10.638
kaz,Kazakhstan,2017,10.941
kaz,Kazakhstan,2018,9.783
kaz,Kazakhstan,2019,9.108
kaz,Kazakhstan,2020,9.721
kaz,Kazakhstan,2021,9.468
kaz,Kazakhstan,2022,9.658
ken,Kenya,1900,0.054
ken,Kenya,1901,0.053
ken,Kenya,1902,0.055
ken,Kenya,1903,0.056
ken,Kenya,1904,0.058
ken,Kenya,1905,0.059
ken,Kenya,1906,0.059
ken,Kenya,1907,0.06
ken,Kenya,1908,0.062
ken,Kenya,1909,0.063
ken,Kenya,1910,0.064
ken,Kenya,1911,0.065
ken,Kenya,1912,0.069
ken,Kenya,1913,0.067
ken,Kenya,1914,0.067
ken,Kenya,1915,0.066
ken,Kenya,1916,0.066
ken,Kenya,1917,0.069
ken,Kenya,1918,0.07
ken,Kenya,1919,0.075
ken,Kenya,1920,0.077
ken,Kenya,1921,0.079
ken,Kenya,1922,0.08
ken,Kenya,1923,0.08
ken,Kenya,1924,0.083
ken,Kenya,1925,0.086
ken,Kenya,1926,0.089
ken,Kenya,1927,0.092
ken,Kenya,1928,0.089
ken,Kenya,1929,0.091
ken,Kenya,1930,0.094
ken,Kenya,1931,0.098
ken,Kenya,1932,0.092
ken,Kenya,1933,0.093
ken,Kenya,1934,0.096
ken,Kenya,1935,0.099
ken,Kenya,1936,0.103
ken,Kenya,1937,0.106
ken,Kenya,1938,0.113
ken,Kenya,1939,0.114
ken,Kenya,1940,0.116
ken,Kenya,1941,0.119
ken,Kenya,1942,0.122
ken,Kenya,1943,0.127
ken,Kenya,1944,0.129
ken,Kenya,1945,0.133
ken,Kenya,1946,0.138
ken,Kenya,1947,0.137
ken,Kenya,1948,0.14
ken,Kenya,1949,0.148
ken,Kenya,1950,0.15
ken,Kenya,1951,0.223
ken,Kenya,1952,0.248
ken,Kenya,1953,0.23
ken,Kenya,1954,0.251
ken,Kenya,1955,0.284
ken,Kenya,1956,0.309
ken,Kenya,1957,0.308
ken,Kenya,1958,0.274
ken,Kenya,1959,0.281
ken,Kenya,1960,0.299
ken,Kenya,1961,0.287
ken,Kenya,1962,0.304
ken,Kenya,1963,0.32
ken,Kenya,1964,0.307
ken,Kenya,1965,0.26
ken,Kenya,1966,0.274
ken,Kenya,1967,0.269
ken,Kenya,1968,0.274
ken,Kenya,1969,0.299
ken,Kenya,1970,0.291
ken,Kenya,1971,0.346
ken,Kenya,1972,0.364
ken,Kenya,1973,0.371
ken,Kenya,1974,0.474
ken,Kenya,1975,0.482
ken,Kenya,1976,0.45
ken,Kenya,1977,0.495
ken,Kenya,1978,0.518
ken,Kenya,1979,0.483
ken,Kenya,1980,0.577
ken,Kenya,1981,0.584
ken,Kenya,1982,0.592
ken,Kenya,1983,0.407
ken,Kenya,1984,0.389
ken,Kenya,1985,0.346
ken,Kenya,1986,0.292
ken,Kenya,1987,0.308
ken,Kenya,1988,0.37
ken,Kenya,1989,0.33
ken,Kenya,1990,0.346
ken,Kenya,1991,0.3
ken,Kenya,1992,0.337
ken,Kenya,1993,0.341
ken,Kenya,1994,0.344
ken,Kenya,1995,0.38
ken,Kenya,1996,0.336
ken,Kenya,1997,0.328
ken,Kenya,1998,0.443
ken,Kenya,1999,0.382
ken,Kenya,2000,0.395
ken,Kenya,2001,0.385
ken,Kenya,2002,0.313
ken,Kenya,2003,0.276
ken,Kenya,2004,0.286
ken,Kenya,2005,0.319
ken,Kenya,2006,0.352
ken,Kenya,2007,0.368
ken,Kenya,2008,0.378
ken,Kenya,2009,0.419
ken,Kenya,2010,0.402
ken,Kenya,2011,0.448
ken,Kenya,2012,0.459
ken,Kenya,2013,0.514
ken,Kenya,2014,0.594
ken,Kenya,2015,0.577
ken,Kenya,2016,0.559
ken,Kenya,2017,0.521
ken,Kenya,2018,0.538
ken,Kenya,2019,0.544
ken,Kenya,2020,0.515
ken,Kenya,2021,0.551
ken,Kenya,2022,0.562
kgz,Kyrgyz Republic,1900,0.231
kgz,Kyrgyz Republic,1901,0.235
kgz,Kyrgyz Republic,1902,0.225
kgz,Kyrgyz Republic,1903,0.218
kgz,Kyrgyz Republic,1904,0.24
kgz,Kyrgyz Republic,1905,0.212
kgz,Kyrgyz Republic,1906,0.24
kgz,Kyrgyz Republic,1907,0.266
kgz,Kyrgyz Republic,1908,0.266
kgz,Kyrgyz Republic,1909,0.278
kgz,Kyrgyz Republic,1910,0.27
kgz,Kyrgyz Republic,1911,0.278
kgz,Kyrgyz Republic,1912,0.312
kgz,Kyrgyz Republic,1913,0.335
kgz,Kyrgyz Republic,1914,0.3
kgz,Kyrgyz Republic,1915,0.273
kgz,Kyrgyz Republic,1916,0.288
kgz,Kyrgyz Republic,1917,0.263
kgz,Kyrgyz Republic,1918,0.104
kgz,Kyrgyz Republic,1919,0.088
kgz,Kyrgyz Republic,1920,0.079
kgz,Kyrgyz Republic,1921,0.085
kgz,Kyrgyz Republic,1922,0.103
kgz,Kyrgyz Republic,1923,0.113
kgz,Kyrgyz Republic,1924,0.133
kgz,Kyrgyz Republic,1925,0.13
kgz,Kyrgyz Republic,1926,0.187
kgz,Kyrgyz Republic,1927,0.231
kgz,Kyrgyz Republic,1928,0.254
kgz,Kyrgyz Republic,1929,0.271
kgz,Kyrgyz Republic,1930,0.365
kgz,Kyrgyz Republic,1931,0.435
kgz,Kyrgyz Republic,1932,0.485
kgz,Kyrgyz Republic,1933,0.537
kgz,Kyrgyz Republic,1934,0.644
kgz,Kyrgyz Republic,1935,0.722
kgz,Kyrgyz Republic,1936,0.821
kgz,Kyrgyz Republic,1937,0.832
kgz,Kyrgyz Republic,1938,0.87
kgz,Kyrgyz Republic,1939,0.872
kgz,Kyrgyz Republic,1940,1.036
kgz,Kyrgyz Republic,1941,0.902
kgz,Kyrgyz Republic,1942,0.615
kgz,Kyrgyz Republic,1943,0.778
kgz,Kyrgyz Republic,1944,0.722
kgz,Kyrgyz Republic,1945,0.758
kgz,Kyrgyz Republic,1946,0.844
kgz,Kyrgyz Republic,1947,1.007
kgz,Kyrgyz Republic,1948,1.062
kgz,Kyrgyz Republic,1949,1.193
kgz,Kyrgyz Republic,1950,1.31
kgz,Kyrgyz Republic,1951,1.4
kgz,Kyrgyz Republic,1952,1.474
kgz,Kyrgyz Republic,1953,1.531
kgz,Kyrgyz Republic,1954,1.64
kgz,Kyrgyz Republic,1955,1.821
kgz,Kyrgyz Republic,1956,1.952
kgz,Kyrgyz Republic,1957,2.086
kgz,Kyrgyz Republic,1958,2.169
kgz,Kyrgyz Republic,1959,3.918
kgz,Kyrgyz Republic,1960,3.96
kgz,Kyrgyz Republic,1961,3.953
kgz,Kyrgyz Republic,1962,4.01
kgz,Kyrgyz Republic,1963,4.151
kgz,Kyrgyz Republic,1964,4.263
kgz,Kyrgyz Republic,1965,4.372
kgz,Kyrgyz Republic,1966,4.469
kgz,Kyrgyz Republic,1967,4.524
kgz,Kyrgyz Republic,1968,4.506
kgz,Kyrgyz Republic,1969,4.549
kgz,Kyrgyz Republic,1970,4.645
kgz,Kyrgyz Republic,1971,4.784
kgz,Kyrgyz Republic,1972,4.885
kgz,Kyrgyz Republic,1973,4.939
kgz,Kyrgyz Republic,1974,4.969
kgz,Kyrgyz Republic,1975,5.059
kgz,Kyrgyz Republic,1976,5.083
kgz,Kyrgyz Republic,1977,5.093
kgz,Kyrgyz Republic,1978,5.114
kgz,Kyrgyz Republic,1979,5.018
kgz,Kyrgyz Republic,1980,5.094
kgz,Kyrgyz Republic,1981,4.898
kgz,Kyrgyz Republic,1982,4.709
kgz,Kyrgyz Republic,1983,4.701
kgz,Kyrgyz Republic,1984,4.671
kgz,Kyrgyz Republic,1985,4.615
kgz,Kyrgyz Republic,1986,4.876
kgz,Kyrgyz Republic,1987,4.791
kgz,Kyrgyz Republic,1988,4.672
kgz,Kyrgyz Republic,1989,4.704
kgz,Kyrgyz Republic,1990,4.52
kgz,Kyrgyz Republic,1991,3.949
kgz,Kyrgyz Republic,1992,3.991
kgz,Kyrgyz Republic,1993,2.946
kgz,Kyrgyz Republic,1994,2.349
kgz,Kyrgyz Republic,1995,2.334
kgz,Kyrgyz Republic,1996,1.874
kgz,Kyrgyz Republic,1997,1.12
kgz,Kyrgyz Republic,1998,2.225
kgz,Kyrgyz Republic,1999,1.184
kgz,Kyrgyz Republic,2000,1.242
kgz,Kyrgyz Republic,2001,0.939
kgz,Kyrgyz Republic,2002,1.112
kgz,Kyrgyz Republic,2003,1.022
kgz,Kyrgyz Republic,2004,1.287
kgz,Kyrgyz Republic,2005,1.416
kgz,Kyrgyz Republic,2006,1.632
kgz,Kyrgyz Republic,2007,1.799
kgz,Kyrgyz Republic,2008,3.028
kgz,Kyrgyz Republic,2009,2.395
kgz,Kyrgyz Republic,2010,2.047
kgz,Kyrgyz Republic,2011,2.292
kgz,Kyrgyz Republic,2012,3.191
kgz,Kyrgyz Republic,2013,2.974
kgz,Kyrgyz Republic,2014,3.094
kgz,Kyrgyz Republic,2015,2.741
kgz,Kyrgyz Republic,2016,2.877
kgz,Kyrgyz Republic,2017,2.753
kgz,Kyrgyz Republic,2018,3.221
kgz,Kyrgyz Republic,2019,2.793
kgz,Kyrgyz Republic,2020,2.573
kgz,Kyrgyz Republic,2021,2.753
kgz,Kyrgyz Republic,2022,2.808
khm,Cambodia,1900,0.009
khm,Cambodia,1901,0.009
khm,Cambodia,1902,0.009
khm,Cambodia,1903,0.009
khm,Cambodia,1904,0.009
khm,Cambodia,1905,0.009
khm,Cambodia,1906,0.01
khm,Cambodia,1907,0.01
khm,Cambodia,1908,0.01
khm,Cambodia,1909,0.01
khm,Cambodia,1910,0.01
khm,Cambodia,1911,0.01
khm,Cambodia,1912,0.01
khm,Cambodia,1913,0.011
khm,Cambodia,1914,0.011
khm,Cambodia,1915,0.011
khm,Cambodia,1916,0.011
khm,Cambodia,1917,0.011
khm,Cambodia,1918,0.012
khm,Cambodia,1919,0.012
khm,Cambodia,1920,0.012
khm,Cambodia,1921,0.012
khm,Cambodia,1922,0.012
khm,Cambodia,1923,0.012
khm,Cambodia,1924,0.013
khm,Cambodia,1925,0.013
khm,Cambodia,1926,0.013
khm,Cambodia,1927,0.013
khm,Cambodia,1928,0.013
khm,Cambodia,1929,0.013
khm,Cambodia,1930,0.014
khm,Cambodia,1931,0.014
khm,Cambodia,1932,0.014
khm,Cambodia,1933,0.014
khm,Cambodia,1934,0.014
khm,Cambodia,1935,0.014
khm,Cambodia,1936,0.014
khm,Cambodia,1937,0.015
khm,Cambodia,1938,0.015
khm,Cambodia,1939,0.015
khm,Cambodia,1940,0.015
khm,Cambodia,1941,0.016
khm,Cambodia,1942,0.016
khm,Cambodia,1943,0.016
khm,Cambodia,1944,0.016
khm,Cambodia,1945,0.016
khm,Cambodia,1946,0.015
khm,Cambodia,1947,0.015
khm,Cambodia,1948,0.016
khm,Cambodia,1949,0.016
khm,Cambodia,1950,0.017
khm,Cambodia,1951,0.017
khm,Cambodia,1952,0.018
khm,Cambodia,1953,0.019
khm,Cambodia,1954,0.02
khm,Cambodia,1955,0.02
khm,Cambodia,1956,0.026
khm,Cambodia,1957,0.03
khm,Cambodia,1958,0.036
khm,Cambodia,1959,0.038
khm,Cambodia,1960,0.041
khm,Cambodia,1961,0.049
khm,Cambodia,1962,0.051
khm,Cambodia,1963,0.063
khm,Cambodia,1964,0.054
khm,Cambodia,1965,0.064
khm,Cambodia,1966,0.074
khm,Cambodia,1967,0.067
khm,Cambodia,1968,0.082
khm,Cambodia,1969,0.238
khm,Cambodia,1970,0.226
khm,Cambodia,1971,0.053
khm,Cambodia,1972,0.028
khm,Cambodia,1973,0.035
khm,Cambodia,1974,0.023
khm,Cambodia,1975,0.026
khm,Cambodia,1976,0.029
khm,Cambodia,1977,0.033
khm,Cambodia,1978,0.026
khm,Cambodia,1979,0.016
khm,Cambodia,1980,0.163
khm,Cambodia,1981,0.17
khm,Cambodia,1982,0.177
khm,Cambodia,1983,0.194
khm,Cambodia,1984,0.203
khm,Cambodia,1985,0.219
khm,Cambodia,1986,0.215
khm,Cambodia,1987,0.216
khm,Cambodia,1988,0.211
khm,Cambodia,1989,0.212
khm,Cambodia,1990,0.206
khm,Cambodia,1991,0.207
khm,Cambodia,1992,0.207
khm,Cambodia,1993,0.192
khm,Cambodia,1994,0.193
khm,Cambodia,1995,0.184
khm,Cambodia,1996,0.2
khm,Cambodia,1997,0.193
khm,Cambodia,1998,0.236
khm,Cambodia,1999,0.226
khm,Cambodia,2000,0.387
khm,Cambodia,2001,0.442
khm,Cambodia,2002,0.545
khm,Cambodia,2003,0.489
khm,Cambodia,2004,0.589
khm,Cambodia,2005,0.704
khm,Cambodia,2006,0.777
khm,Cambodia,2007,0.801
khm,Cambodia,2008,0.934
khm,Cambodia,2009,0.818
khm,Cambodia,2010,1.118
khm,Cambodia,2011,1.505
khm,Cambodia,2012,1.468
khm,Cambodia,2013,1.664
khm,Cambodia,2014,1.549
khm,Cambodia,2015,1.848
khm,Cambodia,2016,1.763
khm,Cambodia,2017,1.841
khm,Cambodia,2018,2.138
khm,Cambodia,2019,2.416
khm,Cambodia,2020,2.338
khm,Cambodia,2021,2.501
khm,Cambodia,2022,2.551
kir,Kiribati,1900,0.057
kir,Kiribati,1901,0.055
kir,Kiribati,1902,0.057
kir,Kiribati,1903,0.058
kir,Kiribati,1904,0.058
kir,Kiribati,1905,0.059
kir,Kiribati,1906,0.06
kir,Kiribati,1907,0.064
kir,Kiribati,1908,0.067
kir,Kiribati,1909,0.069
kir,Kiribati,1910,0.068
kir,Kiribati,1911,0.074
kir,Kiribati,1912,0.075
kir,Kiribati,1913,0.076
kir,Kiribati,1914,0.076
kir,Kiribati,1915,0.08
kir,Kiribati,1916,0.074
kir,Kiribati,1917,0.07
kir,Kiribati,1918,0.07
kir,Kiribati,1919,0.071
kir,Kiribati,1920,0.069
kir,Kiribati,1921,0.072
kir,Kiribati,1922,0.068
kir,Kiribati,1923,0.07
kir,Kiribati,1924,0.071
kir,Kiribati,1925,0.074
kir,Kiribati,1926,0.076
kir,Kiribati,1927,0.076
kir,Kiribati,1928,0.077
kir,Kiribati,1929,0.075
kir,Kiribati,1930,0.073
kir,Kiribati,1931,0.07
kir,Kiribati,1932,0.065
kir,Kiribati,1933,0.065
kir,Kiribati,1934,0.066
kir,Kiribati,1935,0.069
kir,Kiribati,1936,0.074
kir,Kiribati,1937,0.077
kir,Kiribati,1938,0.082
kir,Kiribati,1939,0.083
kir,Kiribati,1940,0.089
kir,Kiribati,1941,0.087
kir,Kiribati,1942,0.095
kir,Kiribati,1943,0.098
kir,Kiribati,1944,0.098
kir,Kiribati,1945,0.098
kir,Kiribati,1946,0.097
kir,Kiribati,1947,0.102
kir,Kiribati,1948,0.106
kir,Kiribati,1949,0.108
kir,Kiribati,1950,0.109
kir,Kiribati,1951,0.117
kir,Kiribati,1952,0.12
kir,Kiribati,1953,0.127
kir,Kiribati,1954,0.125
kir,Kiribati,1955,0.137
kir,Kiribati,1956,0.144
kir,Kiribati,1957,0.149
kir,Kiribati,1958,0.152
kir,Kiribati,1959,0.157
kir,Kiribati,1960,0.163
kir,Kiribati,1961,0.174
kir,Kiribati,1962,0.254
kir,Kiribati,1963,0.413
kir,Kiribati,1964,0.404
kir,Kiribati,1965,0.237
kir,Kiribati,1966,0.232
kir,Kiribati,1967,0.455
kir,Kiribati,1968,0.669
kir,Kiribati,1969,0.219
kir,Kiribati,1970,0.43
kir,Kiribati,1971,0.564
kir,Kiribati,1972,0.486
kir,Kiribati,1973,0.685
kir,Kiribati,1974,0.607
kir,Kiribati,1975,0.599
kir,Kiribati,1976,0.59
kir,Kiribati,1977,0.388
kir,Kiribati,1978,0.382
kir,Kiribati,1979,0.439
kir,Kiribati,1980,0.495
kir,Kiribati,1981,0.488
kir,Kiribati,1982,0.422
kir,Kiribati,1983,0.356
kir,Kiribati,1984,0.351
kir,Kiribati,1985,0.344
kir,Kiribati,1986,0.28
kir,Kiribati,1987,0.327
kir,Kiribati,1988,0.318
kir,Kiribati,1989,0.311
kir,Kiribati,1990,0.304
kir,Kiribati,1991,0.299
kir,Kiribati,1992,0.343
kir,Kiribati,1993,0.387
kir,Kiribati,1994,0.383
kir,Kiribati,1995,0.377
kir,Kiribati,1996,0.372
kir,Kiribati,1997,0.366
kir,Kiribati,1998,0.36
kir,Kiribati,1999,0.354
kir,Kiribati,2000,0.391
kir,Kiribati,2001,0.342
kir,Kiribati,2002,0.462
kir,Kiribati,2003,0.495
kir,Kiribati,2004,0.527
kir,Kiribati,2005,0.636
kir,Kiribati,2006,0.7
kir,Kiribati,2007,0.608
kir,Kiribati,2008,0.668
kir,Kiribati,2009,0.545
kir,Kiribati,2010,0.57
kir,Kiribati,2011,0.525
kir,Kiribati,2012,0.483
kir,Kiribati,2013,0.476
kir,Kiribati,2014,0.536
kir,Kiribati,2015,0.562
kir,Kiribati,2016,0.587
kir,Kiribati,2017,0.594
kir,Kiribati,2018,0.601
kir,Kiribati,2019,0.625
kir,Kiribati,2020,0.596
kir,Kiribati,2021,0.637
kir,Kiribati,2022,0.65
kna,St. Kitts and Nevis,1900,0.086
kna,St. Kitts and Nevis,1901,0.087
kna,St. Kitts and Nevis,1902,0.091
kna,St. Kitts and Nevis,1903,0.094
kna,St. Kitts and Nevis,1904,0.1
kna,St. Kitts and Nevis,1905,0.106
kna,St. Kitts and Nevis,1906,0.111
kna,St. Kitts and Nevis,1907,0.118
kna,St. Kitts and Nevis,1908,0.124
kna,St. Kitts and Nevis,1909,0.129
kna,St. Kitts and Nevis,1910,0.133
kna,St. Kitts and Nevis,1911,0.139
kna,St. Kitts and Nevis,1912,0.152
kna,St. Kitts and Nevis,1913,0.157
kna,St. Kitts and Nevis,1914,0.157
kna,St. Kitts and Nevis,1915,0.153
kna,St. Kitts and Nevis,1916,0.149
kna,St. Kitts and Nevis,1917,0.149
kna,St. Kitts and Nevis,1918,0.148
kna,St. Kitts and Nevis,1919,0.151
kna,St. Kitts and Nevis,1920,0.153
kna,St. Kitts and Nevis,1921,0.159
kna,St. Kitts and Nevis,1922,0.157
kna,St. Kitts and Nevis,1923,0.157
kna,St. Kitts and Nevis,1924,0.162
kna,St. Kitts and Nevis,1925,0.169
kna,St. Kitts and Nevis,1926,0.18
kna,St. Kitts and Nevis,1927,0.188
kna,St. Kitts and Nevis,1928,0.196
kna,St. Kitts and Nevis,1929,0.203
kna,St. Kitts and Nevis,1930,0.209
kna,St. Kitts and Nevis,1931,0.208
kna,St. Kitts and Nevis,1932,0.204
kna,St. Kitts and Nevis,1933,0.204
kna,St. Kitts and Nevis,1934,0.21
kna,St. Kitts and Nevis,1935,0.216
kna,St. Kitts and Nevis,1936,0.224
kna,St. Kitts and Nevis,1937,0.233
kna,St. Kitts and Nevis,1938,0.245
kna,St. Kitts and Nevis,1939,0.251
kna,St. Kitts and Nevis,1940,0.253
kna,St. Kitts and Nevis,1941,0.258
kna,St. Kitts and Nevis,1942,0.256
kna,St. Kitts and Nevis,1943,0.255
kna,St. Kitts and Nevis,1944,0.258
kna,St. Kitts and Nevis,1945,0.265
kna,St. Kitts and Nevis,1946,0.275
kna,St. Kitts and Nevis,1947,0.295
kna,St. Kitts and Nevis,1948,0.311
kna,St. Kitts and Nevis,1949,0.326
kna,St. Kitts and Nevis,1950,0.336
kna,St. Kitts and Nevis,1951,0.368
kna,St. Kitts and Nevis,1952,0.385
kna,St. Kitts and Nevis,1953,0.396
kna,St. Kitts and Nevis,1954,0.401
kna,St. Kitts and Nevis,1955,0.411
kna,St. Kitts and Nevis,1956,0.434
kna,St. Kitts and Nevis,1957,0.476
kna,St. Kitts and Nevis,1958,0.521
kna,St. Kitts and Nevis,1959,0.534
kna,St. Kitts and Nevis,1960,0.56
kna,St. Kitts and Nevis,1961,0.57
kna,St. Kitts and Nevis,1962,0.591
kna,St. Kitts and Nevis,1963,0.614
kna,St. Kitts and Nevis,1964,0.621
kna,St. Kitts and Nevis,1965,0.641
kna,St. Kitts and Nevis,1966,0.649
kna,St. Kitts and Nevis,1967,0.681
kna,St. Kitts and Nevis,1968,0.696
kna,St. Kitts and Nevis,1969,0.73
kna,St. Kitts and Nevis,1970,0.759
kna,St. Kitts and Nevis,1971,0.783
kna,St. Kitts and Nevis,1972,0.811
kna,St. Kitts and Nevis,1973,0.857
kna,St. Kitts and Nevis,1974,0.912
kna,St. Kitts and Nevis,1975,0.961
kna,St. Kitts and Nevis,1976,0.982
kna,St. Kitts and Nevis,1977,1.033
kna,St. Kitts and Nevis,1978,1.084
kna,St. Kitts and Nevis,1979,1.154
kna,St. Kitts and Nevis,1980,1.224
kna,St. Kitts and Nevis,1981,1.28
kna,St. Kitts and Nevis,1982,1.545
kna,St. Kitts and Nevis,1983,1.209
kna,St. Kitts and Nevis,1984,1.217
kna,St. Kitts and Nevis,1985,1.226
kna,St. Kitts and Nevis,1986,1.415
kna,St. Kitts and Nevis,1987,1.34
kna,St. Kitts and Nevis,1988,1.624
kna,St. Kitts and Nevis,1989,1.636
kna,St. Kitts and Nevis,1990,2.641
kna,St. Kitts and Nevis,1991,2.633
kna,St. Kitts and Nevis,1992,2.704
kna,St. Kitts and Nevis,1993,2.763
kna,St. Kitts and Nevis,1994,2.908
kna,St. Kitts and Nevis,1995,3.05
kna,St. Kitts and Nevis,1996,3.108
kna,St. Kitts and Nevis,1997,3.337
kna,St. Kitts and Nevis,1998,3.478
kna,St. Kitts and Nevis,1999,3.699
kna,St. Kitts and Nevis,2000,3.91
kna,St. Kitts and Nevis,2001,3.946
kna,St. Kitts and Nevis,2002,4.384
kna,St. Kitts and Nevis,2003,4.328
kna,St. Kitts and Nevis,2004,4.591
kna,St. Kitts and Nevis,2005,4.226
kna,St. Kitts and Nevis,2006,4.261
kna,St. Kitts and Nevis,2007,4.529
kna,St. Kitts and Nevis,2008,4.491
kna,St. Kitts and Nevis,2009,4.603
kna,St. Kitts and Nevis,2010,4.489
kna,St. Kitts and Nevis,2011,4.673
kna,St. Kitts and Nevis,2012,4.411
kna,St. Kitts and Nevis,2013,4.445
kna,St. Kitts and Nevis,2014,4.55
kna,St. Kitts and Nevis,2015,4.583
kna,St. Kitts and Nevis,2016,4.617
kna,St. Kitts and Nevis,2017,4.621
kna,St. Kitts and Nevis,2018,4.618
kna,St. Kitts and Nevis,2019,4.601
kna,St. Kitts and Nevis,2020,4.273
kna,St. Kitts and Nevis,2021,4.572
kna,St. Kitts and Nevis,2022,4.663
kor,South Korea,1946,0.028
kor,South Korea,1947,0.051
kor,South Korea,1948,0.092
kor,South Korea,1949,0.116
kor,South Korea,1950,0.114
kor,South Korea,1951,0.15
kor,South Korea,1952,0.175
kor,South Korea,1953,0.231
kor,South Korea,1954,0.247
kor,South Korea,1955,0.3
kor,South Korea,1956,0.34
kor,South Korea,1957,0.358
kor,South Korea,1958,0.379
kor,South Korea,1959,0.457
kor,South Korea,1960,0.495
kor,South Korea,1961,0.554
kor,South Korea,1962,0.644
kor,South Korea,1963,0.767
kor,South Korea,1964,0.788
kor,South Korea,1965,0.867
kor,South Korea,1966,1.019
kor,South Korea,1967,1.171
kor,South Korea,1968,1.22
kor,South Korea,1969,1.376
kor,South Korea,1970,1.725
kor,South Korea,1971,1.873
kor,South Korea,1972,1.929
kor,South Korea,1973,2.348
kor,South Korea,1974,2.452
kor,South Korea,1975,2.68
kor,South Korea,1976,3.091
kor,South Korea,1977,3.536
kor,South Korea,1978,3.815
kor,South Korea,1979,4.482
kor,South Korea,1980,4.506
kor,South Korea,1981,4.602
kor,South Korea,1982,4.7
kor,South Korea,1983,4.705
kor,South Korea,1984,4.933
kor,South Korea,1985,5.285
kor,South Korea,1986,5.678
kor,South Korea,1987,5.746
kor,South Korea,1988,6.008
kor,South Korea,1989,6.857
kor,South Korea,1990,7.217
kor,South Korea,1991,7.641
kor,South Korea,1992,8.789
kor,South Korea,1993,8.934
kor,South Korea,1994,9.362
kor,South Korea,1995,9.884
kor,South Korea,1996,10.679
kor,South Korea,1997,10.764
kor,South Korea,1998,7.737
kor,South Korea,1999,9.269
kor,South Korea,2000,10.252
kor,South Korea,2001,10.205
kor,South Korea,2002,11.003
kor,South Korea,2003,11.319
kor,South Korea,2004,11.506
kor,South Korea,2005,12.058
kor,South Korea,2006,12.561
kor,South Korea,2007,13.072
kor,South Korea,2008,13.116
kor,South Korea,2009,11.76
kor,South Korea,2010,13.257
kor,South Korea,2011,13.648
kor,South Korea,2012,13.152
kor,South Korea,2013,13.049
kor,South Korea,2014,13.254
kor,South Korea,2015,13.026
kor,South Korea,2016,12.713
kor,South Korea,2017,13.328
kor,South Korea,2018,13.908
kor,South Korea,2019,13.581
kor,South Korea,2020,12.651
kor,South Korea,2021,13.263
kor,South Korea,2022,13.528
kwt,Kuwait,1900,1.806
kwt,Kuwait,1901,1.819
kwt,Kuwait,1902,1.846
kwt,Kuwait,1903,1.85
kwt,Kuwait,1904,1.867
kwt,Kuwait,1905,1.883
kwt,Kuwait,1906,1.901
kwt,Kuwait,1907,1.912
kwt,Kuwait,1908,1.936
kwt,Kuwait,1909,1.948
kwt,Kuwait,1910,1.945
kwt,Kuwait,1911,1.957
kwt,Kuwait,1912,1.975
kwt,Kuwait,1913,1.992
kwt,Kuwait,1914,2.01
kwt,Kuwait,1915,2.02
kwt,Kuwait,1916,2.073
kwt,Kuwait,1917,2.037
kwt,Kuwait,1918,2.102
kwt,Kuwait,1919,2.062
kwt,Kuwait,1920,2.099
kwt,Kuwait,1921,2.232
kwt,Kuwait,1922,2.179
kwt,Kuwait,1923,2.206
kwt,Kuwait,1924,2.444
kwt,Kuwait,1925,2.399
kwt,Kuwait,1926,2.479
kwt,Kuwait,1927,2.41
kwt,Kuwait,1928,2.694
kwt,Kuwait,1929,2.55
kwt,Kuwait,1930,2.591
kwt,Kuwait,1931,2.672
kwt,Kuwait,1932,2.808
kwt,Kuwait,1933,2.756
kwt,Kuwait,1934,2.655
kwt,Kuwait,1935,3.049
kwt,Kuwait,1936,3.423
kwt,Kuwait,1937,3.485
kwt,Kuwait,1938,3.705
kwt,Kuwait,1939,3.645
kwt,Kuwait,1940,4.377
kwt,Kuwait,1941,4.255
kwt,Kuwait,1942,4.091
kwt,Kuwait,1943,4.063
kwt,Kuwait,1944,4.517
kwt,Kuwait,1945,5.083
kwt,Kuwait,1946,5.517
kwt,Kuwait,1947,6.047
kwt,Kuwait,1948,6.329
kwt,Kuwait,1949,5.92
kwt,Kuwait,1950,6.224
kwt,Kuwait,1951,7.335
kwt,Kuwait,1952,8.644
kwt,Kuwait,1953,10.187
kwt,Kuwait,1954,12.005
kwt,Kuwait,1955,14.148
kwt,Kuwait,1956,16.673
kwt,Kuwait,1957,19.65
kwt,Kuwait,1958,23.157
kwt,Kuwait,1959,27.291
kwt,Kuwait,1960,32.162
kwt,Kuwait,1961,37.903
kwt,Kuwait,1962,38.866
kwt,Kuwait,1963,43.862
kwt,Kuwait,1964,46.953
kwt,Kuwait,1965,51.545
kwt,Kuwait,1966,52.62
kwt,Kuwait,1967,49.668
kwt,Kuwait,1968,45.827
kwt,Kuwait,1969,43.981
kwt,Kuwait,1970,41.385
kwt,Kuwait,1971,30.917
kwt,Kuwait,1972,28.722
kwt,Kuwait,1973,29.794
kwt,Kuwait,1974,27.921
kwt,Kuwait,1975,25.23
kwt,Kuwait,1976,21.172
kwt,Kuwait,1977,23.758
kwt,Kuwait,1978,22.87
kwt,Kuwait,1979,23.671
kwt,Kuwait,1980,27.268
kwt,Kuwait,1981,19.404
kwt,Kuwait,1982,23.68
kwt,Kuwait,1983,22.234
kwt,Kuwait,1984,23.471
kwt,Kuwait,1985,23.871
kwt,Kuwait,1986,21.781
kwt,Kuwait,1987,23.619
kwt,Kuwait,1988,20.623
kwt,Kuwait,1989,22.182
kwt,Kuwait,1990,23.227
kwt,Kuwait,1991,16.697
kwt,Kuwait,1992,20.657
kwt,Kuwait,1993,28.994
kwt,Kuwait,1994,31.969
kwt,Kuwait,1995,31.204
kwt,Kuwait,1996,25.502
kwt,Kuwait,1997,27.017
kwt,Kuwait,1998,29.174
kwt,Kuwait,1999,23.14
kwt,Kuwait,2000,16.951
kwt,Kuwait,2001,19.477
kwt,Kuwait,2002,21.577
kwt,Kuwait,2003,24.073
kwt,Kuwait,2004,24.237
kwt,Kuwait,2005,29.206
kwt,Kuwait,2006,26.586
kwt,Kuwait,2007,26.731
kwt,Kuwait,2008,26.829
kwt,Kuwait,2009,27.038
kwt,Kuwait,2010,26.366
kwt,Kuwait,2011,23.936
kwt,Kuwait,2012,23.355
kwt,Kuwait,2013,20.944
kwt,Kuwait,2014,20.01
kwt,Kuwait,2015,24.385
kwt,Kuwait,2016,24.945
kwt,Kuwait,2017,22.618
kwt,Kuwait,2018,22.179
kwt,Kuwait,2019,23.063
kwt,Kuwait,2020,22.11
kwt,Kuwait,2021,23.543
kwt,Kuwait,2022,24.014
lao,Lao,1900,0.006
lao,Lao,1901,0.006
lao,Lao,1902,0.006
lao,Lao,1903,0.006
lao,Lao,1904,0.006
lao,Lao,1905,0.006
lao,Lao,1906,0.006
lao,Lao,1907,0.006
lao,Lao,1908,0.007
lao,Lao,1909,0.007
lao,Lao,1910,0.007
lao,Lao,1911,0.007
lao,Lao,1912,0.007
lao,Lao,1913,0.007
lao,Lao,1914,0.007
lao,Lao,1915,0.007
lao,Lao,1916,0.007
lao,Lao,1917,0.008
lao,Lao,1918,0.008
lao,Lao,1919,0.008
lao,Lao,1920,0.008
lao,Lao,1921,0.008
lao,Lao,1922,0.008
lao,Lao,1923,0.008
lao,Lao,1924,0.008
lao,Lao,1925,0.009
lao,Lao,1926,0.009
lao,Lao,1927,0.009
lao,Lao,1928,0.009
lao,Lao,1929,0.009
lao,Lao,1930,0.009
lao,Lao,1931,0.009
lao,Lao,1932,0.009
lao,Lao,1933,0.009
lao,Lao,1934,0.009
lao,Lao,1935,0.009
lao,Lao,1936,0.01
lao,Lao,1937,0.01
lao,Lao,1938,0.01
lao,Lao,1939,0.01
lao,Lao,1940,0.01
lao,Lao,1941,0.01
lao,Lao,1942,0.011
lao,Lao,1943,0.011
lao,Lao,1944,0.011
lao,Lao,1945,0.011
lao,Lao,1946,0.01
lao,Lao,1947,0.01
lao,Lao,1948,0.011
lao,Lao,1949,0.011
lao,Lao,1950,0.011
lao,Lao,1951,0.011
lao,Lao,1952,0.012
lao,Lao,1953,0.013
lao,Lao,1954,0.013
lao,Lao,1955,0.014
lao,Lao,1956,0.03
lao,Lao,1957,0.03
lao,Lao,1958,0.036
lao,Lao,1959,0.037
lao,Lao,1960,0.038
lao,Lao,1961,0.052
lao,Lao,1962,0.06
lao,Lao,1963,0.065
lao,Lao,1964,0.075
lao,Lao,1965,0.077
lao,Lao,1966,0.101
lao,Lao,1967,0.139
lao,Lao,1968,0.076
lao,Lao,1969,0.152
lao,Lao,1970,0.297
lao,Lao,1971,0.243
lao,Lao,1972,0.317
lao,Lao,1973,0.382
lao,Lao,1974,0.246
lao,Lao,1975,0.239
lao,Lao,1976,0.235
lao,Lao,1977,0.266
lao,Lao,1978,0.284
lao,Lao,1979,0.286
lao,Lao,1980,0.242
lao,Lao,1981,0.19
lao,Lao,1982,0.15
lao,Lao,1983,0.154
lao,Lao,1984,0.171
lao,Lao,1985,0.17
lao,Lao,1986,0.185
lao,Lao,1987,0.183
lao,Lao,1988,0.181
lao,Lao,1989,0.176
lao,Lao,1990,0.185
lao,Lao,1991,0.194
lao,Lao,1992,0.2
lao,Lao,1993,0.201
lao,Lao,1994,0.214
lao,Lao,1995,0.233
lao,Lao,1996,0.239
lao,Lao,1997,0.231
lao,Lao,1998,0.238
lao,Lao,1999,0.229
lao,Lao,2000,0.436
lao,Lao,2001,0.456
lao,Lao,2002,0.465
lao,Lao,2003,0.352
lao,Lao,2004,0.406
lao,Lao,2005,0.393
lao,Lao,2006,0.511
lao,Lao,2007,0.539
lao,Lao,2008,0.63
lao,Lao,2009,0.807
lao,Lao,2010,0.355
lao,Lao,2011,0.343
lao,Lao,2012,0.397
lao,Lao,2013,0.49
lao,Lao,2014,0.493
lao,Lao,2015,1.055
lao,Lao,2016,1.832
lao,Lao,2017,3.019
lao,Lao,2018,3.119
lao,Lao,2019,3.044
lao,Lao,2020,3.024
lao,Lao,2021,3.236
lao,Lao,2022,3.3
lbn,Lebanon,1900,0.003
lbn,Lebanon,1901,0.003
lbn,Lebanon,1902,0.003
lbn,Lebanon,1903,0.003
lbn,Lebanon,1904,0.003
lbn,Lebanon,1905,0.003
lbn,Lebanon,1906,0.003
lbn,Lebanon,1907,0.003
lbn,Lebanon,1908,0.003
lbn,Lebanon,1909,0.003
lbn,Lebanon,1910,0.003
lbn,Lebanon,1911,0.003
lbn,Lebanon,1912,0.003
lbn,Lebanon,1913,0.003
lbn,Lebanon,1914,0.003
lbn,Lebanon,1915,0.003
lbn,Lebanon,1916,0.003
lbn,Lebanon,1917,0.003
lbn,Lebanon,1918,0.003
lbn,Lebanon,1919,0.003
lbn,Lebanon,1920,0.003
lbn,Lebanon,1921,0.003
lbn,Lebanon,1922,0.003
lbn,Lebanon,1923,0.003
lbn,Lebanon,1924,0.004
lbn,Lebanon,1925,0.004
lbn,Lebanon,1926,0.004
lbn,Lebanon,1927,0.004
lbn,Lebanon,1928,0.004
lbn,Lebanon,1929,0.004
lbn,Lebanon,1930,0.004
lbn,Lebanon,1931,0.004
lbn,Lebanon,1932,0.012
lbn,Lebanon,1933,0.015
lbn,Lebanon,1934,0.044
lbn,Lebanon,1935,0.051
lbn,Lebanon,1936,0.057
lbn,Lebanon,1937,0.06
lbn,Lebanon,1938,0.059
lbn,Lebanon,1939,0.054
lbn,Lebanon,1940,0.02
lbn,Lebanon,1941,0.02
lbn,Lebanon,1942,0.308
lbn,Lebanon,1943,0.031
lbn,Lebanon,1944,0.056
lbn,Lebanon,1945,0.061
lbn,Lebanon,1946,0.06
lbn,Lebanon,1947,0.067
lbn,Lebanon,1948,0.08
lbn,Lebanon,1949,0.09
lbn,Lebanon,1950,1.135
lbn,Lebanon,1951,1.075
lbn,Lebanon,1952,0.845
lbn,Lebanon,1953,0.871
lbn,Lebanon,1954,0.883
lbn,Lebanon,1955,1.06
lbn,Lebanon,1956,1.192
lbn,Lebanon,1957,1.263
lbn,Lebanon,1958,1.173
lbn,Lebanon,1959,1.402
lbn,Lebanon,1960,1.428
lbn,Lebanon,1961,1.438
lbn,Lebanon,1962,1.482
lbn,Lebanon,1963,1.524
lbn,Lebanon,1964,1.599
lbn,Lebanon,1965,1.584
lbn,Lebanon,1966,1.697
lbn,Lebanon,1967,1.64
lbn,Lebanon,1968,1.672
lbn,Lebanon,1969,1.932
lbn,Lebanon,1970,1.717
lbn,Lebanon,1971,2.254
lbn,Lebanon,1972,2.34
lbn,Lebanon,1973,2.85
lbn,Lebanon,1974,2.796
lbn,Lebanon,1975,2.434
lbn,Lebanon,1976,2.284
lbn,Lebanon,1977,2.072
lbn,Lebanon,1978,2.118
lbn,Lebanon,1979,2.235
lbn,Lebanon,1980,2.277
lbn,Lebanon,1981,2.255
lbn,Lebanon,1982,2.196
lbn,Lebanon,1983,2.65
lbn,Lebanon,1984,2.547
lbn,Lebanon,1985,2.93
lbn,Lebanon,1986,2.813
lbn,Lebanon,1987,2.877
lbn,Lebanon,1988,2.738
lbn,Lebanon,1989,2.834
lbn,Lebanon,1990,2.809
lbn,Lebanon,1991,2.78
lbn,Lebanon,1992,3.165
lbn,Lebanon,1993,3.193
lbn,Lebanon,1994,3.267
lbn,Lebanon,1995,3.476
lbn,Lebanon,1996,3.535
lbn,Lebanon,1997,4.131
lbn,Lebanon,1998,4.413
lbn,Lebanon,1999,4.387
lbn,Lebanon,2000,4.028
lbn,Lebanon,2001,4.114
lbn,Lebanon,2002,3.887
lbn,Lebanon,2003,4.225
lbn,Lebanon,2004,3.769
lbn,Lebanon,2005,3.547
lbn,Lebanon,2006,3.11
lbn,Lebanon,2007,2.887
lbn,Lebanon,2008,3.659
lbn,Lebanon,2009,4.358
lbn,Lebanon,2010,4.041
lbn,Lebanon,2011,3.899
lbn,Lebanon,2012,4.041
lbn,Lebanon,2013,3.757
lbn,Lebanon,2014,3.789
lbn,Lebanon,2015,3.692
lbn,Lebanon,2016,3.642
lbn,Lebanon,2017,3.531
lbn,Lebanon,2018,3.535
lbn,Lebanon,2019,3.625
lbn,Lebanon,2020,3.592
lbn,Lebanon,2021,3.843
lbn,Lebanon,2022,3.92
lbr,Liberia,1900,0.019
lbr,Liberia,1901,0.018
lbr,Liberia,1902,0.019
lbr,Liberia,1903,0.019
lbr,Liberia,1904,0.02
lbr,Liberia,1905,0.02
lbr,Liberia,1906,0.02
lbr,Liberia,1907,0.021
lbr,Liberia,1908,0.021
lbr,Liberia,1909,0.021
lbr,Liberia,1910,0.022
lbr,Liberia,1911,0.022
lbr,Liberia,1912,0.024
lbr,Liberia,1913,0.023
lbr,Liberia,1914,0.023
lbr,Liberia,1915,0.023
lbr,Liberia,1916,0.023
lbr,Liberia,1917,0.024
lbr,Liberia,1918,0.024
lbr,Liberia,1919,0.026
lbr,Liberia,1920,0.026
lbr,Liberia,1921,0.027
lbr,Liberia,1922,0.027
lbr,Liberia,1923,0.027
lbr,Liberia,1924,0.028
lbr,Liberia,1925,0.029
lbr,Liberia,1926,0.031
lbr,Liberia,1927,0.031
lbr,Liberia,1928,0.03
lbr,Liberia,1929,0.031
lbr,Liberia,1930,0.032
lbr,Liberia,1931,0.033
lbr,Liberia,1932,0.032
lbr,Liberia,1933,0.032
lbr,Liberia,1934,0.033
lbr,Liberia,1935,0.034
lbr,Liberia,1936,0.035
lbr,Liberia,1937,0.036
lbr,Liberia,1938,0.039
lbr,Liberia,1939,0.039
lbr,Liberia,1940,0.04
lbr,Liberia,1941,0.041
lbr,Liberia,1942,0.042
lbr,Liberia,1943,0.044
lbr,Liberia,1944,0.044
lbr,Liberia,1945,0.045
lbr,Liberia,1946,0.047
lbr,Liberia,1947,0.047
lbr,Liberia,1948,0.048
lbr,Liberia,1949,0.051
lbr,Liberia,1950,0.051
lbr,Liberia,1951,0.047
lbr,Liberia,1952,0.057
lbr,Liberia,1953,0.06
lbr,Liberia,1954,0.103
lbr,Liberia,1955,0.058
lbr,Liberia,1956,0.046
lbr,Liberia,1957,0.08
lbr,Liberia,1958,0.15
lbr,Liberia,1959,0.131
lbr,Liberia,1960,0.148
lbr,Liberia,1961,0.141
lbr,Liberia,1962,0.217
lbr,Liberia,1963,0.298
lbr,Liberia,1964,0.397
lbr,Liberia,1965,0.448
lbr,Liberia,1966,0.481
lbr,Liberia,1967,0.47
lbr,Liberia,1968,0.662
lbr,Liberia,1969,0.931
lbr,Liberia,1970,1.036
lbr,Liberia,1971,1.062
lbr,Liberia,1972,1.022
lbr,Liberia,1973,0.978
lbr,Liberia,1974,1.107
lbr,Liberia,1975,0.928
lbr,Liberia,1976,0.897
lbr,Liberia,1977,0.87
lbr,Liberia,1978,0.864
lbr,Liberia,1979,1.083
lbr,Liberia,1980,1.101
lbr,Liberia,1981,1.009
lbr,Liberia,1982,0.301
lbr,Liberia,1983,0.344
lbr,Liberia,1984,0.33
lbr,Liberia,1985,0.334
lbr,Liberia,1986,0.335
lbr,Liberia,1987,0.353
lbr,Liberia,1988,0.379
lbr,Liberia,1989,0.313
lbr,Liberia,1990,0.226
lbr,Liberia,1991,0.182
lbr,Liberia,1992,0.194
lbr,Liberia,1993,0.215
lbr,Liberia,1994,0.212
lbr,Liberia,1995,0.208
lbr,Liberia,1996,0.201
lbr,Liberia,1997,0.195
lbr,Liberia,1998,0.192
lbr,Liberia,1999,0.145
lbr,Liberia,2000,0.148
lbr,Liberia,2001,0.152
lbr,Liberia,2002,0.144
lbr,Liberia,2003,0.152
lbr,Liberia,2004,0.174
lbr,Liberia,2005,0.204
lbr,Liberia,2006,0.202
lbr,Liberia,2007,0.181
lbr,Liberia,2008,0.148
lbr,Liberia,2009,0.127
lbr,Liberia,2010,0.196
lbr,Liberia,2011,0.212
lbr,Liberia,2012,0.233
lbr,Liberia,2013,0.207
lbr,Liberia,2014,0.273
lbr,Liberia,2015,0.27
lbr,Liberia,2016,0.296
lbr,Liberia,2017,0.32
lbr,Liberia,2018,0.324
lbr,Liberia,2019,0.33
lbr,Liberia,2020,0.324
lbr,Liberia,2021,0.347
lbr,Liberia,2022,0.354
lby,Libya,1900,0.046
lby,Libya,1901,0.045
lby,Libya,1902,0.047
lby,Libya,1903,0.048
lby,Libya,1904,0.049
lby,Libya,1905,0.05
lby,Libya,1906,0.051
lby,Libya,1907,0.051
lby,Libya,1908,0.053
lby,Libya,1909,0.053
lby,Libya,1910,0.054
lby,Libya,1911,0.055
lby,Libya,1912,0.058
lby,Libya,1913,0.057
lby,Libya,1914,0.057
lby,Libya,1915,0.056
lby,Libya,1916,0.056
lby,Libya,1917,0.058
lby,Libya,1918,0.06
lby,Libya,1919,0.063
lby,Libya,1920,0.065
lby,Libya,1921,0.067
lby,Libya,1922,0.068
lby,Libya,1923,0.068
lby,Libya,1924,0.07
lby,Libya,1925,0.073
lby,Libya,1926,0.076
lby,Libya,1927,0.078
lby,Libya,1928,0.076
lby,Libya,1929,0.077
lby,Libya,1930,0.08
lby,Libya,1931,0.083
lby,Libya,1932,0.079
lby,Libya,1933,0.079
lby,Libya,1934,0.081
lby,Libya,1935,0.084
lby,Libya,1936,0.087
lby,Libya,1937,0.09
lby,Libya,1938,0.096
lby,Libya,1939,0.097
lby,Libya,1940,0.098
lby,Libya,1941,0.102
lby,Libya,1942,0.104
lby,Libya,1943,0.108
lby,Libya,1944,0.109
lby,Libya,1945,0.113
lby,Libya,1946,0.117
lby,Libya,1947,0.116
lby,Libya,1948,0.119
lby,Libya,1949,0.125
lby,Libya,1950,0.127
lby,Libya,1951,0.148
lby,Libya,1952,0.142
lby,Libya,1953,0.21
lby,Libya,1954,0.248
lby,Libya,1955,0.345
lby,Libya,1956,0.258
lby,Libya,1957,0.237
lby,Libya,1958,0.259
lby,Libya,1959,0.309
lby,Libya,1960,0.479
lby,Libya,1961,0.798
lby,Libya,1962,0.676
lby,Libya,1963,0.91
lby,Libya,1964,0.398
lby,Libya,1965,0.586
lby,Libya,1966,1.458
lby,Libya,1967,9.85
lby,Libya,1968,15.386
lby,Libya,1969,17.395
lby,Libya,1970,15.154
lby,Libya,1971,9.715
lby,Libya,1972,6.545
lby,Libya,1973,6.001
lby,Libya,1974,3.684
lby,Libya,1975,4.377
lby,Libya,1976,6.499
lby,Libya,1977,7.003
lby,Libya,1978,7.107
lby,Libya,1979,8.379
lby,Libya,1980,8.325
lby,Libya,1981,8.57
lby,Libya,1982,8.789
lby,Libya,1983,8.347
lby,Libya,1984,7.553
lby,Libya,1985,8.01
lby,Libya,1986,8.492
lby,Libya,1987,7.878
lby,Libya,1988,8.575
lby,Libya,1989,8.57
lby,Libya,1990,8.237
lby,Libya,1991,9.386
lby,Libya,1992,7.967
lby,Libya,1993,8.147
lby,Libya,1994,9.02
lby,Libya,1995,9.24
lby,Libya,1996,8.704
lby,Libya,1997,8.742
lby,Libya,1998,8.697
lby,Libya,1999,8.404
lby,Libya,2000,8.741
lby,Libya,2001,8.784
lby,Libya,2002,8.59
lby,Libya,2003,8.686
lby,Libya,2004,8.756
lby,Libya,2005,8.923
lby,Libya,2006,8.954
lby,Libya,2007,8.265
lby,Libya,2008,9.142
lby,Libya,2009,9.332
lby,Libya,2010,9.87
lby,Libya,2011,6.29
lby,Libya,2012,8.345
lby,Libya,2013,8.868
lby,Libya,2014,9.229
lby,Libya,2015,8.794
lby,Libya,2016,7.715
lby,Libya,2017,7.959
lby,Libya,2018,8.095
lby,Libya,2019,8.264
lby,Libya,2020,8.101
lby,Libya,2021,8.668
lby,Libya,2022,8.842
lca,St. Lucia,1900,0.011
lca,St. Lucia,1901,0.012
lca,St. Lucia,1902,0.012
lca,St. Lucia,1903,0.012
lca,St. Lucia,1904,0.013
lca,St. Lucia,1905,0.014
lca,St. Lucia,1906,0.015
lca,St. Lucia,1907,0.016
lca,St. Lucia,1908,0.016
lca,St. Lucia,1909,0.017
lca,St. Lucia,1910,0.018
lca,St. Lucia,1911,0.018
lca,St. Lucia,1912,0.02
lca,St. Lucia,1913,0.021
lca,St. Lucia,1914,0.021
lca,St. Lucia,1915,0.02
lca,St. Lucia,1916,0.02
lca,St. Lucia,1917,0.02
lca,St. Lucia,1918,0.019
lca,St. Lucia,1919,0.02
lca,St. Lucia,1920,0.02
lca,St. Lucia,1921,0.021
lca,St. Lucia,1922,0.021
lca,St. Lucia,1923,0.021
lca,St. Lucia,1924,0.021
lca,St. Lucia,1925,0.022
lca,St. Lucia,1926,0.024
lca,St. Lucia,1927,0.025
lca,St. Lucia,1928,0.026
lca,St. Lucia,1929,0.027
lca,St. Lucia,1930,0.028
lca,St. Lucia,1931,0.027
lca,St. Lucia,1932,0.027
lca,St. Lucia,1933,0.027
lca,St. Lucia,1934,0.028
lca,St. Lucia,1935,0.029
lca,St. Lucia,1936,0.03
lca,St. Lucia,1937,0.031
lca,St. Lucia,1938,0.032
lca,St. Lucia,1939,0.033
lca,St. Lucia,1940,0.033
lca,St. Lucia,1941,0.034
lca,St. Lucia,1942,0.034
lca,St. Lucia,1943,0.034
lca,St. Lucia,1944,0.034
lca,St. Lucia,1945,0.035
lca,St. Lucia,1946,0.036
lca,St. Lucia,1947,0.039
lca,St. Lucia,1948,0.041
lca,St. Lucia,1949,0.043
lca,St. Lucia,1950,0.044
lca,St. Lucia,1951,0.131
lca,St. Lucia,1952,0.087
lca,St. Lucia,1953,0.129
lca,St. Lucia,1954,0.085
lca,St. Lucia,1955,0.127
lca,St. Lucia,1956,0.126
lca,St. Lucia,1957,0.126
lca,St. Lucia,1958,0.125
lca,St. Lucia,1959,0.124
lca,St. Lucia,1960,0.164
lca,St. Lucia,1961,0.202
lca,St. Lucia,1962,0.2
lca,St. Lucia,1963,0.236
lca,St. Lucia,1964,0.232
lca,St. Lucia,1965,0.267
lca,St. Lucia,1966,0.3
lca,St. Lucia,1967,0.332
lca,St. Lucia,1968,0.363
lca,St. Lucia,1969,0.608
lca,St. Lucia,1970,0.635
lca,St. Lucia,1971,0.662
lca,St. Lucia,1972,0.724
lca,St. Lucia,1973,0.752
lca,St. Lucia,1974,0.677
lca,St. Lucia,1975,0.702
lca,St. Lucia,1976,0.759
lca,St. Lucia,1977,0.618
lca,St. Lucia,1978,0.865
lca,St. Lucia,1979,1.294
lca,St. Lucia,1980,0.965
lca,St. Lucia,1981,0.798
lca,St. Lucia,1982,0.94
lca,St. Lucia,1983,0.838
lca,St. Lucia,1984,0.915
lca,St. Lucia,1985,1.017
lca,St. Lucia,1986,1.028
lca,St. Lucia,1987,1.121
lca,St. Lucia,1988,1.237
lca,St. Lucia,1989,1.215
lca,St. Lucia,1990,1.169
lca,St. Lucia,1991,1.205
lca,St. Lucia,1992,1.061
lca,St. Lucia,1993,1.611
lca,St. Lucia,1994,1.769
lca,St. Lucia,1995,2.097
lca,St. Lucia,1996,2.168
lca,St. Lucia,1997,2.017
lca,St. Lucia,1998,1.917
lca,St. Lucia,1999,2.153
lca,St. Lucia,2000,2.223
lca,St. Lucia,2001,2.202
lca,St. Lucia,2002,1.817
lca,St. Lucia,2003,2.239
lca,St. Lucia,2004,2.198
lca,St. Lucia,2005,2.244
lca,St. Lucia,2006,2.217
lca,St. Lucia,2007,2.297
lca,St. Lucia,2008,2.329
lca,St. Lucia,2009,2.236
lca,St. Lucia,2010,2.317
lca,St. Lucia,2011,2.319
lca,St. Lucia,2012,2.304
lca,St. Lucia,2013,2.293
lca,St. Lucia,2014,2.283
lca,St. Lucia,2015,2.293
lca,St. Lucia,2016,2.302
lca,St. Lucia,2017,2.31
lca,St. Lucia,2018,2.315
lca,St. Lucia,2019,2.306
lca,St. Lucia,2020,2.141
lca,St. Lucia,2021,2.291
lca,St. Lucia,2022,2.337
lie,Liechtenstein,1900,1.671
lie,Liechtenstein,1901,1.732
lie,Liechtenstein,1902,1.707
lie,Liechtenstein,1903,1.724
lie,Liechtenstein,1904,1.781
lie,Liechtenstein,1905,1.802
lie,Liechtenstein,1906,1.831
lie,Liechtenstein,1907,1.951
lie,Liechtenstein,1908,2.043
lie,Liechtenstein,1909,2.04
lie,Liechtenstein,1910,2.059
lie,Liechtenstein,1911,2.087
lie,Liechtenstein,1912,2.137
lie,Liechtenstein,1913,2.166
lie,Liechtenstein,1914,2.314
lie,Liechtenstein,1915,2.118
lie,Liechtenstein,1916,2.055
lie,Liechtenstein,1917,2.149
lie,Liechtenstein,1918,2.132
lie,Liechtenstein,1919,2.044
lie,Liechtenstein,1920,1.911
lie,Liechtenstein,1921,2.046
lie,Liechtenstein,1922,1.838
lie,Liechtenstein,1923,2.129
lie,Liechtenstein,1924,2.062
lie,Liechtenstein,1925,2.34
lie,Liechtenstein,1926,2.315
lie,Liechtenstein,1927,1.98
lie,Liechtenstein,1928,2.412
lie,Liechtenstein,1929,2.423
lie,Liechtenstein,1930,2.581
lie,Liechtenstein,1931,2.447
lie,Liechtenstein,1932,2.242
lie,Liechtenstein,1933,2.09
lie,Liechtenstein,1934,2.125
lie,Liechtenstein,1935,2.255
lie,Liechtenstein,1936,2.251
lie,Liechtenstein,1937,2.344
lie,Liechtenstein,1938,2.504
lie,Liechtenstein,1939,2.491
lie,Liechtenstein,1940,2.548
lie,Liechtenstein,1941,2.504
lie,Liechtenstein,1942,2.439
lie,Liechtenstein,1943,2.465
lie,Liechtenstein,1944,2.428
lie,Liechtenstein,1945,2.164
lie,Liechtenstein,1946,1.741
lie,Liechtenstein,1947,1.999
lie,Liechtenstein,1948,2.219
lie,Liechtenstein,1949,2.376
lie,Liechtenstein,1950,2.5
lie,Liechtenstein,1951,2.554
lie,Liechtenstein,1952,2.823
lie,Liechtenstein,1953,2.907
lie,Liechtenstein,1954,2.859
lie,Liechtenstein,1955,2.983
lie,Liechtenstein,1956,3.137
lie,Liechtenstein,1957,3.288
lie,Liechtenstein,1958,3.398
lie,Liechtenstein,1959,3.39
lie,Liechtenstein,1960,3.388
lie,Liechtenstein,1961,3.441
lie,Liechtenstein,1962,3.545
lie,Liechtenstein,1963,3.79
lie,Liechtenstein,1964,4.003
lie,Liechtenstein,1965,4.193
lie,Liechtenstein,1966,4.328
lie,Liechtenstein,1967,4.415
lie,Liechtenstein,1968,4.558
lie,Liechtenstein,1969,4.813
lie,Liechtenstein,1970,5.089
lie,Liechtenstein,1971,5.409
lie,Liechtenstein,1972,5.587
lie,Liechtenstein,1973,5.811
lie,Liechtenstein,1974,6.152
lie,Liechtenstein,1975,6.0
lie,Liechtenstein,1976,5.878
lie,Liechtenstein,1977,6.204
lie,Liechtenstein,1978,6.181
lie,Liechtenstein,1979,6.373
lie,Liechtenstein,1980,6.578
lie,Liechtenstein,1981,6.536
lie,Liechtenstein,1982,6.349
lie,Liechtenstein,1983,6.208
lie,Liechtenstein,1984,6.236
lie,Liechtenstein,1985,6.282
lie,Liechtenstein,1986,6.611
lie,Liechtenstein,1987,6.791
lie,Liechtenstein,1988,6.805
lie,Liechtenstein,1989,6.89
lie,Liechtenstein,1990,6.917
lie,Liechtenstein,1991,7.08
lie,Liechtenstein,1992,7.009
lie,Liechtenstein,1993,7.177
lie,Liechtenstein,1994,6.618
lie,Liechtenstein,1995,6.617
lie,Liechtenstein,1996,6.574
lie,Liechtenstein,1997,6.866
lie,Liechtenstein,1998,7.101
lie,Liechtenstein,1999,6.92
lie,Liechtenstein,2000,6.54
lie,Liechtenstein,2001,6.405
lie,Liechtenstein,2002,6.498
lie,Liechtenstein,2003,6.717
lie,Liechtenstein,2004,6.665
lie,Liechtenstein,2005,6.601
lie,Liechtenstein,2006,6.613
lie,Liechtenstein,2007,5.706
lie,Liechtenstein,2008,6.194
lie,Liechtenstein,2009,5.753
lie,Liechtenstein,2010,5.305
lie,Liechtenstein,2011,4.874
lie,Liechtenstein,2012,5.065
lie,Liechtenstein,2013,5.216
lie,Liechtenstein,2014,4.332
lie,Liechtenstein,2015,4.246
lie,Liechtenstein,2016,3.957
lie,Liechtenstein,2017,4.107
lie,Liechtenstein,2018,4.031
lie,Liechtenstein,2019,3.99
lie,Liechtenstein,2020,3.708
lie,Liechtenstein,2021,3.931
lie,Liechtenstein,2022,3.892
lka,Sri Lanka,1900,0.108
lka,Sri Lanka,1901,0.11
lka,Sri Lanka,1902,0.112
lka,Sri Lanka,1903,0.113
lka,Sri Lanka,1904,0.114
lka,Sri Lanka,1905,0.116
lka,Sri Lanka,1906,0.117
lka,Sri Lanka,1907,0.118
lka,Sri Lanka,1908,0.12
lka,Sri Lanka,1909,0.122
lka,Sri Lanka,1910,0.123
lka,Sri Lanka,1911,0.126
lka,Sri Lanka,1912,0.127
lka,Sri Lanka,1913,0.13
lka,Sri Lanka,1914,0.134
lka,Sri Lanka,1915,0.136
lka,Sri Lanka,1916,0.137
lka,Sri Lanka,1917,0.139
lka,Sri Lanka,1918,0.143
lka,Sri Lanka,1919,0.145
lka,Sri Lanka,1920,0.149
lka,Sri Lanka,1921,0.149
lka,Sri Lanka,1922,0.15
lka,Sri Lanka,1923,0.151
lka,Sri Lanka,1924,0.154
lka,Sri Lanka,1925,0.157
lka,Sri Lanka,1926,0.159
lka,Sri Lanka,1927,0.159
lka,Sri Lanka,1928,0.159
lka,Sri Lanka,1929,0.164
lka,Sri Lanka,1930,0.166
lka,Sri Lanka,1931,0.168
lka,Sri Lanka,1932,0.167
lka,Sri Lanka,1933,0.167
lka,Sri Lanka,1934,0.172
lka,Sri Lanka,1935,0.174
lka,Sri Lanka,1936,0.178
lka,Sri Lanka,1937,0.179
lka,Sri Lanka,1938,0.18
lka,Sri Lanka,1939,0.182
lka,Sri Lanka,1940,0.186
lka,Sri Lanka,1941,0.192
lka,Sri Lanka,1942,0.196
lka,Sri Lanka,1943,0.198
lka,Sri Lanka,1944,0.197
lka,Sri Lanka,1945,0.198
lka,Sri Lanka,1946,0.188
lka,Sri Lanka,1947,0.183
lka,Sri Lanka,1948,0.195
lka,Sri Lanka,1949,0.198
lka,Sri Lanka,1950,0.204
lka,Sri Lanka,1951,0.191
lka,Sri Lanka,1952,0.235
lka,Sri Lanka,1953,0.246
lka,Sri Lanka,1954,0.208
lka,Sri Lanka,1955,0.19
lka,Sri Lanka,1956,0.158
lka,Sri Lanka,1957,0.253
lka,Sri Lanka,1958,0.207
lka,Sri Lanka,1959,0.213
lka,Sri Lanka,1960,0.229
lka,Sri Lanka,1961,0.231
lka,Sri Lanka,1962,0.248
lka,Sri Lanka,1963,0.239
lka,Sri Lanka,1964,0.21
lka,Sri Lanka,1965,0.24
lka,Sri Lanka,1966,0.236
lka,Sri Lanka,1967,0.257
lka,Sri Lanka,1968,0.279
lka,Sri Lanka,1969,0.369
lka,Sri Lanka,1970,0.308
lka,Sri Lanka,1971,0.276
lka,Sri Lanka,1972,0.312
lka,Sri Lanka,1973,0.334
lka,Sri Lanka,1974,0.274
lka,Sri Lanka,1975,0.279
lka,Sri Lanka,1976,0.278
lka,Sri Lanka,1977,0.296
lka,Sri Lanka,1978,0.355
lka,Sri Lanka,1979,0.396
lka,Sri Lanka,1980,0.351
lka,Sri Lanka,1981,0.408
lka,Sri Lanka,1982,0.475
lka,Sri Lanka,1983,0.522
lka,Sri Lanka,1984,0.56
lka,Sri Lanka,1985,0.438
lka,Sri Lanka,1986,0.439
lka,Sri Lanka,1987,0.404
lka,Sri Lanka,1988,0.438
lka,Sri Lanka,1989,0.371
lka,Sri Lanka,1990,0.365
lka,Sri Lanka,1991,0.398
lka,Sri Lanka,1992,0.448
lka,Sri Lanka,1993,0.445
lka,Sri Lanka,1994,0.48
lka,Sri Lanka,1995,0.508
lka,Sri Lanka,1996,0.552
lka,Sri Lanka,1997,0.555
lka,Sri Lanka,1998,0.592
lka,Sri Lanka,1999,0.743
lka,Sri Lanka,2000,0.981
lka,Sri Lanka,2001,1.007
lka,Sri Lanka,2002,1.096
lka,Sri Lanka,2003,0.912
lka,Sri Lanka,2004,1.027
lka,Sri Lanka,2005,1.03
lka,Sri Lanka,2006,1.047
lka,Sri Lanka,2007,0.962
lka,Sri Lanka,2008,1.018
lka,Sri Lanka,2009,0.932
lka,Sri Lanka,2010,1.072
lka,Sri Lanka,2011,1.422
lka,Sri Lanka,2012,1.407
lka,Sri Lanka,2013,1.447
lka,Sri Lanka,2014,1.521
lka,Sri Lanka,2015,1.631
lka,Sri Lanka,2016,1.795
lka,Sri Lanka,2017,1.716
lka,Sri Lanka,2018,1.676
lka,Sri Lanka,2019,1.698
lka,Sri Lanka,2020,1.684
lka,Sri Lanka,2021,1.723
lka,Sri Lanka,2022,1.758
lso,Lesotho,1900,0.081
lso,Lesotho,1901,0.08
lso,Lesotho,1902,0.082
lso,Lesotho,1903,0.084
lso,Lesotho,1904,0.087
lso,Lesotho,1905,0.088
lso,Lesotho,1906,0.089
lso,Lesotho,1907,0.091
lso,Lesotho,1908,0.093
lso,Lesotho,1909,0.094
lso,Lesotho,1910,0.096
lso,Lesotho,1911,0.098
lso,Lesotho,1912,0.103
lso,Lesotho,1913,0.1
lso,Lesotho,1914,0.1
lso,Lesotho,1915,0.099
lso,Lesotho,1916,0.099
lso,Lesotho,1917,0.103
lso,Lesotho,1918,0.106
lso,Lesotho,1919,0.112
lso,Lesotho,1920,0.115
lso,Lesotho,1921,0.118
lso,Lesotho,1922,0.12
lso,Lesotho,1923,0.12
lso,Lesotho,1924,0.124
lso,Lesotho,1925,0.128
lso,Lesotho,1926,0.134
lso,Lesotho,1927,0.138
lso,Lesotho,1928,0.133
lso,Lesotho,1929,0.136
lso,Lesotho,1930,0.141
lso,Lesotho,1931,0.146
lso,Lesotho,1932,0.139
lso,Lesotho,1933,0.139
lso,Lesotho,1934,0.144
lso,Lesotho,1935,0.149
lso,Lesotho,1936,0.154
lso,Lesotho,1937,0.159
lso,Lesotho,1938,0.17
lso,Lesotho,1939,0.171
lso,Lesotho,1940,0.174
lso,Lesotho,1941,0.179
lso,Lesotho,1942,0.183
lso,Lesotho,1943,0.191
lso,Lesotho,1944,0.193
lso,Lesotho,1945,0.199
lso,Lesotho,1946,0.207
lso,Lesotho,1947,0.205
lso,Lesotho,1948,0.209
lso,Lesotho,1949,0.221
lso,Lesotho,1950,0.224
lso,Lesotho,1951,0.238
lso,Lesotho,1952,0.234
lso,Lesotho,1953,0.241
lso,Lesotho,1954,0.247
lso,Lesotho,1955,0.257
lso,Lesotho,1956,0.267
lso,Lesotho,1957,0.28
lso,Lesotho,1958,0.303
lso,Lesotho,1959,0.305
lso,Lesotho,1960,0.308
lso,Lesotho,1961,0.321
lso,Lesotho,1962,0.325
lso,Lesotho,1963,0.331
lso,Lesotho,1964,0.335
lso,Lesotho,1965,0.357
lso,Lesotho,1966,0.377
lso,Lesotho,1967,0.383
lso,Lesotho,1968,0.386
lso,Lesotho,1969,0.399
lso,Lesotho,1970,0.399
lso,Lesotho,1971,0.421
lso,Lesotho,1972,0.441
lso,Lesotho,1973,0.454
lso,Lesotho,1974,0.473
lso,Lesotho,1975,0.49
lso,Lesotho,1976,0.515
lso,Lesotho,1977,0.538
lso,Lesotho,1978,0.556
lso,Lesotho,1979,0.571
lso,Lesotho,1980,0.604
lso,Lesotho,1981,0.625
lso,Lesotho,1982,0.675
lso,Lesotho,1983,0.706
lso,Lesotho,1984,0.733
lso,Lesotho,1985,0.756
lso,Lesotho,1986,0.78
lso,Lesotho,1987,0.799
lso,Lesotho,1988,0.819
lso,Lesotho,1989,0.861
lso,Lesotho,1990,0.865
lso,Lesotho,1991,0.878
lso,Lesotho,1992,0.891
lso,Lesotho,1993,0.898
lso,Lesotho,1994,0.9
lso,Lesotho,1995,0.9
lso,Lesotho,1996,0.899
lso,Lesotho,1997,0.9
lso,Lesotho,1998,0.903
lso,Lesotho,1999,0.904
lso,Lesotho,2000,0.911
lso,Lesotho,2001,0.922
lso,Lesotho,2002,0.939
lso,Lesotho,2003,0.957
lso,Lesotho,2004,0.989
lso,Lesotho,2005,1.009
lso,Lesotho,2006,1.025
lso,Lesotho,2007,1.045
lso,Lesotho,2008,1.07
lso,Lesotho,2009,1.115
lso,Lesotho,2010,1.141
lso,Lesotho,2011,1.162
lso,Lesotho,2012,1.19
lso,Lesotho,2013,1.195
lso,Lesotho,2014,1.19
lso,Lesotho,2015,1.14
lso,Lesotho,2016,1.211
lso,Lesotho,2017,1.333
lso,Lesotho,2018,1.262
lso,Lesotho,2019,1.289
lso,Lesotho,2020,1.263
lso,Lesotho,2021,1.352
lso,Lesotho,2022,1.379
ltu,Lithuania,1900,0.198
ltu,Lithuania,1901,0.2
ltu,Lithuania,1902,0.19
ltu,Lithuania,1903,0.183
ltu,Lithuania,1904,0.201
ltu,Lithuania,1905,0.177
ltu,Lithuania,1906,0.199
ltu,Lithuania,1907,0.219
ltu,Lithuania,1908,0.217
ltu,Lithuania,1909,0.228
ltu,Lithuania,1910,0.224
ltu,Lithuania,1911,0.235
ltu,Lithuania,1912,0.271
ltu,Lithuania,1913,0.302
ltu,Lithuania,1914,0.28
ltu,Lithuania,1915,0.264
ltu,Lithuania,1916,0.289
ltu,Lithuania,1917,0.273
ltu,Lithuania,1918,0.112
ltu,Lithuania,1919,0.098
ltu,Lithuania,1920,0.09
ltu,Lithuania,1921,0.098
ltu,Lithuania,1922,0.12
ltu,Lithuania,1923,0.131
ltu,Lithuania,1924,0.155
ltu,Lithuania,1925,0.152
ltu,Lithuania,1926,0.218
ltu,Lithuania,1927,0.269
ltu,Lithuania,1928,0.296
ltu,Lithuania,1929,0.317
ltu,Lithuania,1930,0.428
ltu,Lithuania,1931,0.513
ltu,Lithuania,1932,0.576
ltu,Lithuania,1933,0.644
ltu,Lithuania,1934,0.778
ltu,Lithuania,1935,0.88
ltu,Lithuania,1936,1.008
ltu,Lithuania,1937,1.03
ltu,Lithuania,1938,1.086
ltu,Lithuania,1939,1.098
ltu,Lithuania,1940,1.313
ltu,Lithuania,1941,1.15
ltu,Lithuania,1942,0.788
ltu,Lithuania,1943,1.002
ltu,Lithuania,1944,0.934
ltu,Lithuania,1945,0.985
ltu,Lithuania,1946,1.102
ltu,Lithuania,1947,1.321
ltu,Lithuania,1948,1.399
ltu,Lithuania,1949,1.583
ltu,Lithuania,1950,1.754
ltu,Lithuania,1951,1.899
ltu,Lithuania,1952,2.027
ltu,Lithuania,1953,2.133
ltu,Lithuania,1954,2.315
ltu,Lithuania,1955,2.604
ltu,Lithuania,1956,2.831
ltu,Lithuania,1957,3.069
ltu,Lithuania,1958,3.241
ltu,Lithuania,1959,4.373
ltu,Lithuania,1960,4.498
ltu,Lithuania,1961,4.581
ltu,Lithuania,1962,4.747
ltu,Lithuania,1963,5.024
ltu,Lithuania,1964,5.275
ltu,Lithuania,1965,5.529
ltu,Lithuania,1966,5.78
ltu,Lithuania,1967,6.0
ltu,Lithuania,1968,6.139
ltu,Lithuania,1969,6.381
ltu,Lithuania,1970,6.719
ltu,Lithuania,1971,7.18
ltu,Lithuania,1972,7.638
ltu,Lithuania,1973,8.081
ltu,Lithuania,1974,8.544
ltu,Lithuania,1975,9.158
ltu,Lithuania,1976,9.685
ltu,Lithuania,1977,10.181
ltu,Lithuania,1978,10.665
ltu,Lithuania,1979,10.821
ltu,Lithuania,1980,11.243
ltu,Lithuania,1981,10.975
ltu,Lithuania,1982,10.713
ltu,Lithuania,1983,10.839
ltu,Lithuania,1984,10.929
ltu,Lithuania,1985,10.953
ltu,Lithuania,1986,11.703
ltu,Lithuania,1987,11.646
ltu,Lithuania,1988,11.494
ltu,Lithuania,1989,11.708
ltu,Lithuania,1990,11.393
ltu,Lithuania,1991,12.075
ltu,Lithuania,1992,13.826
ltu,Lithuania,1993,8.56
ltu,Lithuania,1994,7.611
ltu,Lithuania,1995,7.469
ltu,Lithuania,1996,6.121
ltu,Lithuania,1997,5.863
ltu,Lithuania,1998,6.037
ltu,Lithuania,1999,5.448
ltu,Lithuania,2000,5.587
ltu,Lithuania,2001,5.627
ltu,Lithuania,2002,5.482
ltu,Lithuania,2003,6.488
ltu,Lithuania,2004,6.276
ltu,Lithuania,2005,6.359
ltu,Lithuania,2006,6.96
ltu,Lithuania,2007,7.462
ltu,Lithuania,2008,6.998
ltu,Lithuania,2009,6.675
ltu,Lithuania,2010,6.565
ltu,Lithuania,2011,7.629
ltu,Lithuania,2012,6.947
ltu,Lithuania,2013,6.961
ltu,Lithuania,2014,7.124
ltu,Lithuania,2015,6.917
ltu,Lithuania,2016,7.334
ltu,Lithuania,2017,7.735
ltu,Lithuania,2018,8.038
ltu,Lithuania,2019,7.696
ltu,Lithuania,2020,7.158
ltu,Lithuania,2021,7.285
ltu,Lithuania,2022,7.212
lux,Luxembourg,1900,0.067
lux,Luxembourg,1901,0.069
lux,Luxembourg,1902,0.068
lux,Luxembourg,1903,0.069
lux,Luxembourg,1904,0.071
lux,Luxembourg,1905,0.072
lux,Luxembourg,1906,0.073
lux,Luxembourg,1907,0.078
lux,Luxembourg,1908,0.082
lux,Luxembourg,1909,0.081
lux,Luxembourg,1910,0.082
lux,Luxembourg,1911,0.083
lux,Luxembourg,1912,0.085
lux,Luxembourg,1913,0.086
lux,Luxembourg,1914,0.092
lux,Luxembourg,1915,0.085
lux,Luxembourg,1916,0.082
lux,Luxembourg,1917,0.086
lux,Luxembourg,1918,0.085
lux,Luxembourg,1919,0.082
lux,Luxembourg,1920,0.076
lux,Luxembourg,1921,0.082
lux,Luxembourg,1922,0.073
lux,Luxembourg,1923,0.085
lux,Luxembourg,1924,0.082
lux,Luxembourg,1925,0.093
lux,Luxembourg,1926,0.092
lux,Luxembourg,1927,0.079
lux,Luxembourg,1928,0.096
lux,Luxembourg,1929,0.097
lux,Luxembourg,1930,0.103
lux,Luxembourg,1931,0.098
lux,Luxembourg,1932,0.089
lux,Luxembourg,1933,0.083
lux,Luxembourg,1934,0.085
lux,Luxembourg,1935,0.09
lux,Luxembourg,1936,0.09
lux,Luxembourg,1937,0.094
lux,Luxembourg,1938,0.1
lux,Luxembourg,1939,0.099
lux,Luxembourg,1940,0.102
lux,Luxembourg,1941,0.1
lux,Luxembourg,1942,0.097
lux,Luxembourg,1943,0.098
lux,Luxembourg,1944,0.097
lux,Luxembourg,1945,0.086
lux,Luxembourg,1946,0.124
lux,Luxembourg,1947,0.149
lux,Luxembourg,1948,0.174
lux,Luxembourg,1949,0.198
lux,Luxembourg,1950,25.086
lux,Luxembourg,1951,30.3
lux,Luxembourg,1952,31.417
lux,Luxembourg,1953,28.727
lux,Luxembourg,1954,28.966
lux,Luxembourg,1955,32.41
lux,Luxembourg,1956,33.81
lux,Luxembourg,1957,35.153
lux,Luxembourg,1958,32.538
lux,Luxembourg,1959,33.4
lux,Luxembourg,1960,36.612
lux,Luxembourg,1961,36.515
lux,Luxembourg,1962,36.023
lux,Luxembourg,1963,35.337
lux,Luxembourg,1964,37.637
lux,Luxembourg,1965,37.059
lux,Luxembourg,1966,35.142
lux,Luxembourg,1967,34.328
lux,Luxembourg,1968,37.18
lux,Luxembourg,1969,40.235
lux,Luxembourg,1970,42.354
lux,Luxembourg,1971,41.281
lux,Luxembourg,1972,43.04
lux,Luxembourg,1973,46.299
lux,Luxembourg,1974,48.412
lux,Luxembourg,1975,40.998
lux,Luxembourg,1976,42.173
lux,Luxembourg,1977,39.94
lux,Luxembourg,1978,44.192
lux,Luxembourg,1979,45.846
lux,Luxembourg,1980,41.989
lux,Luxembourg,1981,35.908
lux,Luxembourg,1982,30.707
lux,Luxembourg,1983,28.868
lux,Luxembourg,1984,27.047
lux,Luxembourg,1985,29.076
lux,Luxembourg,1986,29.735
lux,Luxembourg,1987,29.205
lux,Luxembourg,1988,28.085
lux,Luxembourg,1989,28.776
lux,Luxembourg,1990,30.841
lux,Luxembourg,1991,32.027
lux,Luxembourg,1992,31.016
lux,Luxembourg,1993,30.974
lux,Luxembourg,1994,28.553
lux,Luxembourg,1995,22.328
lux,Luxembourg,1996,22.147
lux,Luxembourg,1997,20.332
lux,Luxembourg,1998,18.023
lux,Luxembourg,1999,20.047
lux,Luxembourg,2000,19.119
lux,Luxembourg,2001,19.405
lux,Luxembourg,2002,21.92
lux,Luxembourg,2003,25.421
lux,Luxembourg,2004,28.529
lux,Luxembourg,2005,30.85
lux,Luxembourg,2006,31.342
lux,Luxembourg,2007,24.655
lux,Luxembourg,2008,32.344
lux,Luxembourg,2009,18.825
lux,Luxembourg,2010,21.163
lux,Luxembourg,2011,23.385
lux,Luxembourg,2012,22.558
lux,Luxembourg,2013,21.246
lux,Luxembourg,2014,20.261
lux,Luxembourg,2015,19.213
lux,Luxembourg,2016,16.766
lux,Luxembourg,2017,16.202
lux,Luxembourg,2018,15.699
lux,Luxembourg,2019,14.897
lux,Luxembourg,2020,12.574
lux,Luxembourg,2021,12.82
lux,Luxembourg,2022,12.691
lva,Latvia,1900,0.005
lva,Latvia,1901,0.005
lva,Latvia,1902,0.005
lva,Latvia,1903,0.005
lva,Latvia,1904,0.005
lva,Latvia,1905,0.005
lva,Latvia,1906,0.005
lva,Latvia,1907,0.005
lva,Latvia,1908,0.006
lva,Latvia,1909,0.006
lva,Latvia,1910,0.006
lva,Latvia,1911,0.006
lva,Latvia,1912,0.006
lva,Latvia,1913,0.006
lva,Latvia,1914,0.007
lva,Latvia,1915,0.006
lva,Latvia,1916,0.006
lva,Latvia,1917,0.006
lva,Latvia,1918,0.006
lva,Latvia,1919,0.005
lva,Latvia,1920,0.004
lva,Latvia,1921,0.005
lva,Latvia,1922,0.005
lva,Latvia,1923,0.005
lva,Latvia,1924,0.005
lva,Latvia,1925,0.005
lva,Latvia,1926,0.005
lva,Latvia,1927,0.005
lva,Latvia,1928,0.006
lva,Latvia,1929,0.01
lva,Latvia,1930,0.02
lva,Latvia,1931,0.019
lva,Latvia,1932,0.014
lva,Latvia,1933,0.014
lva,Latvia,1934,0.019
lva,Latvia,1935,0.019
lva,Latvia,1936,0.027
lva,Latvia,1937,0.031
lva,Latvia,1938,0.04
lva,Latvia,1939,0.042
lva,Latvia,1940,1.261
lva,Latvia,1941,1.505
lva,Latvia,1942,1.361
lva,Latvia,1943,1.212
lva,Latvia,1944,1.323
lva,Latvia,1945,1.264
lva,Latvia,1946,1.113
lva,Latvia,1947,1.309
lva,Latvia,1948,1.399
lva,Latvia,1949,1.504
lva,Latvia,1950,1.634
lva,Latvia,1951,1.715
lva,Latvia,1952,1.838
lva,Latvia,1953,1.953
lva,Latvia,1954,2.071
lva,Latvia,1955,2.205
lva,Latvia,1956,2.246
lva,Latvia,1957,2.618
lva,Latvia,1958,2.845
lva,Latvia,1959,3.061
lva,Latvia,1960,3.145
lva,Latvia,1961,3.202
lva,Latvia,1962,3.319
lva,Latvia,1963,3.516
lva,Latvia,1964,3.696
lva,Latvia,1965,3.879
lva,Latvia,1966,4.059
lva,Latvia,1967,4.214
lva,Latvia,1968,4.312
lva,Latvia,1969,4.48
lva,Latvia,1970,4.716
lva,Latvia,1971,5.028
lva,Latvia,1972,5.335
lva,Latvia,1973,5.627
lva,Latvia,1974,5.93
lva,Latvia,1975,6.339
lva,Latvia,1976,6.694
lva,Latvia,1977,7.03
lva,Latvia,1978,7.363
lva,Latvia,1979,7.482
lva,Latvia,1980,7.791
lva,Latvia,1981,7.62
lva,Latvia,1982,7.452
lva,Latvia,1983,7.565
lva,Latvia,1984,7.644
lva,Latvia,1985,7.674
lva,Latvia,1986,8.219
lva,Latvia,1987,8.176
lva,Latvia,1988,8.065
lva,Latvia,1989,8.21
lva,Latvia,1990,7.988
lva,Latvia,1991,7.385
lva,Latvia,1992,6.889
lva,Latvia,1993,5.53
lva,Latvia,1994,5.259
lva,Latvia,1995,4.923
lva,Latvia,1996,5.603
lva,Latvia,1997,5.448
lva,Latvia,1998,5.434
lva,Latvia,1999,5.053
lva,Latvia,2000,6.114
lva,Latvia,2001,5.788
lva,Latvia,2002,5.807
lva,Latvia,2003,6.324
lva,Latvia,2004,6.124
lva,Latvia,2005,5.975
lva,Latvia,2006,6.866
lva,Latvia,2007,8.112
lva,Latvia,2008,7.512
lva,Latvia,2009,5.623
lva,Latvia,2010,6.319
lva,Latvia,2011,6.453
lva,Latvia,2012,6.452
lva,Latvia,2013,6.244
lva,Latvia,2014,5.89
lva,Latvia,2015,5.992
lva,Latvia,2016,6.084
lva,Latvia,2017,7.324
lva,Latvia,2018,8.332
lva,Latvia,2019,8.037
lva,Latvia,2020,7.308
lva,Latvia,2021,7.647
lva,Latvia,2022,7.571
mar,Morocco,1900,0.003
mar,Morocco,1901,0.003
mar,Morocco,1902,0.003
mar,Morocco,1903,0.003
mar,Morocco,1904,0.003
mar,Morocco,1905,0.003
mar,Morocco,1906,0.003
mar,Morocco,1907,0.003
mar,Morocco,1908,0.003
mar,Morocco,1909,0.003
mar,Morocco,1910,0.003
mar,Morocco,1911,0.003
mar,Morocco,1912,0.004
mar,Morocco,1913,0.004
mar,Morocco,1914,0.003
mar,Morocco,1915,0.003
mar,Morocco,1916,0.003
mar,Morocco,1917,0.004
mar,Morocco,1918,0.004
mar,Morocco,1919,0.004
mar,Morocco,1920,0.004
mar,Morocco,1921,0.004
mar,Morocco,1922,0.004
mar,Morocco,1923,0.004
mar,Morocco,1924,0.004
mar,Morocco,1925,0.004
mar,Morocco,1926,0.005
mar,Morocco,1927,0.005
mar,Morocco,1928,0.005
mar,Morocco,1929,0.005
mar,Morocco,1930,0.006
mar,Morocco,1931,0.014
mar,Morocco,1932,0.023
mar,Morocco,1933,0.026
mar,Morocco,1934,0.028
mar,Morocco,1935,0.033
mar,Morocco,1936,0.03
mar,Morocco,1937,0.051
mar,Morocco,1938,0.063
mar,Morocco,1939,0.042
mar,Morocco,1940,0.052
mar,Morocco,1941,0.05
mar,Morocco,1942,0.042
mar,Morocco,1943,0.044
mar,Morocco,1944,0.052
mar,Morocco,1945,0.063
mar,Morocco,1946,0.082
mar,Morocco,1947,0.098
mar,Morocco,1948,0.109
mar,Morocco,1949,0.124
mar,Morocco,1950,0.285
mar,Morocco,1951,0.317
mar,Morocco,1952,0.374
mar,Morocco,1953,0.425
mar,Morocco,1954,0.353
mar,Morocco,1955,0.339
mar,Morocco,1956,0.325
mar,Morocco,1957,0.273
mar,Morocco,1958,0.283
mar,Morocco,1959,0.282
mar,Morocco,1960,0.295
mar,Morocco,1961,0.297
mar,Morocco,1962,0.235
mar,Morocco,1963,0.294
mar,Morocco,1964,0.319
mar,Morocco,1965,0.3
mar,Morocco,1966,0.376
mar,Morocco,1967,0.365
mar,Morocco,1968,0.374
mar,Morocco,1969,0.382
mar,Morocco,1970,0.475
mar,Morocco,1971,0.534
mar,Morocco,1972,0.526
mar,Morocco,1973,0.637
mar,Morocco,1974,0.745
mar,Morocco,1975,0.753
mar,Morocco,1976,0.791
mar,Morocco,1977,0.876
mar,Morocco,1978,0.903
mar,Morocco,1979,1.095
mar,Morocco,1980,1.077
mar,Morocco,1981,1.045
mar,Morocco,1982,1.015
mar,Morocco,1983,1.066
mar,Morocco,1984,1.085
mar,Morocco,1985,1.061
mar,Morocco,1986,1.041
mar,Morocco,1987,1.077
mar,Morocco,1988,1.125
mar,Morocco,1989,1.161
mar,Morocco,1990,1.234
mar,Morocco,1991,1.225
mar,Morocco,1992,1.402
mar,Morocco,1993,1.352
mar,Morocco,1994,1.352
mar,Morocco,1995,1.361
mar,Morocco,1996,1.229
mar,Morocco,1997,1.165
mar,Morocco,1998,1.246
mar,Morocco,1999,1.338
mar,Morocco,2000,1.325
mar,Morocco,2001,1.411
mar,Morocco,2002,1.454
mar,Morocco,2003,1.324
mar,Morocco,2004,1.503
mar,Morocco,2005,1.534
mar,Morocco,2006,1.593
mar,Morocco,2007,1.724
mar,Morocco,2008,1.87
mar,Morocco,2009,1.752
mar,Morocco,2010,1.787
mar,Morocco,2011,1.87
mar,Morocco,2012,1.882
mar,Morocco,2013,1.838
mar,Morocco,2014,1.801
mar,Morocco,2015,1.782
mar,Morocco,2016,1.819
mar,Morocco,2017,1.831
mar,Morocco,2018,1.856
mar,Morocco,2019,1.925
mar,Morocco,2020,1.793
mar,Morocco,2021,1.962
mar,Morocco,2022,2.001
mda,Moldova,1900,0.321
mda,Moldova,1901,0.327
mda,Moldova,1902,0.313
mda,Moldova,1903,0.303
mda,Moldova,1904,0.334
mda,Moldova,1905,0.296
mda,Moldova,1906,0.334
mda,Moldova,1907,0.371
mda,Moldova,1908,0.37
mda,Moldova,1909,0.387
mda,Moldova,1910,0.376
mda,Moldova,1911,0.386
mda,Moldova,1912,0.434
mda,Moldova,1913,0.467
mda,Moldova,1914,0.418
mda,Moldova,1915,0.38
mda,Moldova,1916,0.401
mda,Moldova,1917,0.366
mda,Moldova,1918,0.145
mda,Moldova,1919,0.122
mda,Moldova,1920,0.111
mda,Moldova,1921,0.119
mda,Moldova,1922,0.144
mda,Moldova,1923,0.157
mda,Moldova,1924,0.186
mda,Moldova,1925,0.182
mda,Moldova,1926,0.261
mda,Moldova,1927,0.321
mda,Moldova,1928,0.353
mda,Moldova,1929,0.377
mda,Moldova,1930,0.508
mda,Moldova,1931,0.605
mda,Moldova,1932,0.675
mda,Moldova,1933,0.748
mda,Moldova,1934,0.896
mda,Moldova,1935,1.006
mda,Moldova,1936,1.143
mda,Moldova,1937,1.158
mda,Moldova,1938,1.211
mda,Moldova,1939,1.214
mda,Moldova,1940,1.443
mda,Moldova,1941,1.256
mda,Moldova,1942,0.857
mda,Moldova,1943,1.083
mda,Moldova,1944,1.005
mda,Moldova,1945,1.055
mda,Moldova,1946,1.175
mda,Moldova,1947,1.402
mda,Moldova,1948,1.478
mda,Moldova,1949,1.659
mda,Moldova,1950,1.821
mda,Moldova,1951,1.94
mda,Moldova,1952,2.035
mda,Moldova,1953,2.101
mda,Moldova,1954,2.236
mda,Moldova,1955,2.468
mda,Moldova,1956,2.631
mda,Moldova,1957,2.801
mda,Moldova,1958,2.909
mda,Moldova,1959,3.615
mda,Moldova,1960,3.675
mda,Moldova,1961,3.705
mda,Moldova,1962,3.807
mda,Moldova,1963,4.0
mda,Moldova,1964,4.173
mda,Moldova,1965,4.351
mda,Moldova,1966,4.524
mda,Moldova,1967,4.661
mda,Moldova,1968,4.726
mda,Moldova,1969,4.855
mda,Moldova,1970,5.04
mda,Moldova,1971,5.274
mda,Moldova,1972,5.474
mda,Moldova,1973,5.631
mda,Moldova,1974,5.776
mda,Moldova,1975,6.007
mda,Moldova,1976,6.176
mda,Moldova,1977,6.331
mda,Moldova,1978,6.494
mda,Moldova,1979,6.491
mda,Moldova,1980,6.686
mda,Moldova,1981,6.502
mda,Moldova,1982,6.554
mda,Moldova,1983,6.582
mda,Moldova,1984,6.575
mda,Moldova,1985,7.014
mda,Moldova,1986,6.974
mda,Moldova,1987,6.888
mda,Moldova,1988,7.019
mda,Moldova,1989,6.828
mda,Moldova,1990,6.361
mda,Moldova,1991,5.121
mda,Moldova,1992,4.797
mda,Moldova,1993,3.628
mda,Moldova,1994,2.853
mda,Moldova,1995,2.63
mda,Moldova,1996,2.71
mda,Moldova,1997,1.705
mda,Moldova,1998,1.516
mda,Moldova,1999,1.109
mda,Moldova,2000,0.851
mda,Moldova,2001,0.905
mda,Moldova,2002,0.971
mda,Moldova,2003,1.056
mda,Moldova,2004,1.108
mda,Moldova,2005,1.188
mda,Moldova,2006,1.214
mda,Moldova,2007,1.206
mda,Moldova,2008,1.263
mda,Moldova,2009,1.109
mda,Moldova,2010,1.183
mda,Moldova,2011,1.213
mda,Moldova,2012,1.17
mda,Moldova,2013,1.203
mda,Moldova,2014,1.165
mda,Moldova,2015,1.176
mda,Moldova,2016,1.205
mda,Moldova,2017,1.184
mda,Moldova,2018,1.266
mda,Moldova,2019,1.251
mda,Moldova,2020,1.193
mda,Moldova,2021,1.265
mda,Moldova,2022,1.252
mdg,Madagascar,1900,0.001
mdg,Madagascar,1901,0.001
mdg,Madagascar,1902,0.001
mdg,Madagascar,1903,0.001
mdg,Madagascar,1904,0.001
mdg,Madagascar,1905,0.001
mdg,Madagascar,1906,0.001
mdg,Madagascar,1907,0.001
mdg,Madagascar,1908,0.001
mdg,Madagascar,1909,0.001
mdg,Madagascar,1910,0.001
mdg,Madagascar,1911,0.001
mdg,Madagascar,1912,0.001
mdg,Madagascar,1913,0.001
mdg,Madagascar,1914,0.001
mdg,Madagascar,1915,0.001
mdg,Madagascar,1916,0.001
mdg,Madagascar,1917,0.001
mdg,Madagascar,1918,0.001
mdg,Madagascar,1919,0.001
mdg,Madagascar,1920,0.001
mdg,Madagascar,1921,0.001
mdg,Madagascar,1922,0.001
mdg,Madagascar,1923,0.001
mdg,Madagascar,1924,0.001
mdg,Madagascar,1925,0.001
mdg,Madagascar,1926,0.001
mdg,Madagascar,1927,0.001
mdg,Madagascar,1928,0.001
mdg,Madagascar,1929,0.001
mdg,Madagascar,1930,0.001
mdg,Madagascar,1931,0.001
mdg,Madagascar,1932,0.001
mdg,Madagascar,1933,0.001
mdg,Madagascar,1934,0.002
mdg,Madagascar,1935,0.001
mdg,Madagascar,1936,0.002
mdg,Madagascar,1937,0.002
mdg,Madagascar,1938,0.002
mdg,Madagascar,1939,0.002
mdg,Madagascar,1940,0.002
mdg,Madagascar,1941,0.002
mdg,Madagascar,1942,0.002
mdg,Madagascar,1943,0.002
mdg,Madagascar,1944,0.002
mdg,Madagascar,1945,0.002
mdg,Madagascar,1946,0.001
mdg,Madagascar,1947,0.001
mdg,Madagascar,1948,0.001
mdg,Madagascar,1949,0.001
mdg,Madagascar,1950,0.075
mdg,Madagascar,1951,0.059
mdg,Madagascar,1952,0.072
mdg,Madagascar,1953,0.058
mdg,Madagascar,1954,0.065
mdg,Madagascar,1955,0.067
mdg,Madagascar,1956,0.069
mdg,Madagascar,1957,0.066
mdg,Madagascar,1958,0.077
mdg,Madagascar,1959,0.075
mdg,Madagascar,1960,0.078
mdg,Madagascar,1961,0.068
mdg,Madagascar,1962,0.074
mdg,Madagascar,1963,0.084
mdg,Madagascar,1964,0.086
mdg,Madagascar,1965,0.097
mdg,Madagascar,1966,0.1
mdg,Madagascar,1967,0.144
mdg,Madagascar,1968,0.155
mdg,Madagascar,1969,0.146
mdg,Madagascar,1970,0.171
mdg,Madagascar,1971,0.188
mdg,Madagascar,1972,0.248
mdg,Madagascar,1973,0.22
mdg,Madagascar,1974,0.26
mdg,Madagascar,1975,0.394
mdg,Madagascar,1976,0.244
mdg,Madagascar,1977,0.217
mdg,Madagascar,1978,0.268
mdg,Madagascar,1979,0.3
mdg,Madagascar,1980,0.424
mdg,Madagascar,1981,0.262
mdg,Madagascar,1982,0.161
mdg,Madagascar,1983,0.155
mdg,Madagascar,1984,0.097
mdg,Madagascar,1985,0.125
mdg,Madagascar,1986,0.148
mdg,Madagascar,1987,0.155
mdg,Madagascar,1988,0.17
mdg,Madagascar,1989,0.166
mdg,Madagascar,1990,0.116
mdg,Madagascar,1991,0.118
mdg,Madagascar,1992,0.115
mdg,Madagascar,1993,0.117
mdg,Madagascar,1994,0.13
mdg,Madagascar,1995,0.129
mdg,Madagascar,1996,0.105
mdg,Madagascar,1997,0.127
mdg,Madagascar,1998,0.149
mdg,Madagascar,1999,0.162
mdg,Madagascar,2000,0.161
mdg,Madagascar,2001,0.154
mdg,Madagascar,2002,0.115
mdg,Madagascar,2003,0.16
mdg,Madagascar,2004,0.154
mdg,Madagascar,2005,0.155
mdg,Madagascar,2006,0.141
mdg,Madagascar,2007,0.146
mdg,Madagascar,2008,0.205
mdg,Madagascar,2009,0.167
mdg,Madagascar,2010,0.148
mdg,Madagascar,2011,0.168
mdg,Madagascar,2012,0.177
mdg,Madagascar,2013,0.201
mdg,Madagascar,2014,0.204
mdg,Madagascar,2015,0.195
mdg,Madagascar,2016,0.187
mdg,Madagascar,2017,0.215
mdg,Madagascar,2018,0.191
mdg,Madagascar,2019,0.202
mdg,Madagascar,2020,0.192
mdg,Madagascar,2021,0.205
mdg,Madagascar,2022,0.209
mdv,Maldives,1900,0.007
mdv,Maldives,1901,0.007
mdv,Maldives,1902,0.007
mdv,Maldives,1903,0.007
mdv,Maldives,1904,0.007
mdv,Maldives,1905,0.007
mdv,Maldives,1906,0.007
mdv,Maldives,1907,0.007
mdv,Maldives,1908,0.007
mdv,Maldives,1909,0.007
mdv,Maldives,1910,0.007
mdv,Maldives,1911,0.008
mdv,Maldives,1912,0.008
mdv,Maldives,1913,0.008
mdv,Maldives,1914,0.008
mdv,Maldives,1915,0.008
mdv,Maldives,1916,0.008
mdv,Maldives,1917,0.008
mdv,Maldives,1918,0.009
mdv,Maldives,1919,0.009
mdv,Maldives,1920,0.009
mdv,Maldives,1921,0.009
mdv,Maldives,1922,0.009
mdv,Maldives,1923,0.009
mdv,Maldives,1924,0.009
mdv,Maldives,1925,0.009
mdv,Maldives,1926,0.01
mdv,Maldives,1927,0.01
mdv,Maldives,1928,0.01
mdv,Maldives,1929,0.01
mdv,Maldives,1930,0.01
mdv,Maldives,1931,0.01
mdv,Maldives,1932,0.01
mdv,Maldives,1933,0.01
mdv,Maldives,1934,0.01
mdv,Maldives,1935,0.01
mdv,Maldives,1936,0.011
mdv,Maldives,1937,0.011
mdv,Maldives,1938,0.011
mdv,Maldives,1939,0.011
mdv,Maldives,1940,0.011
mdv,Maldives,1941,0.012
mdv,Maldives,1942,0.012
mdv,Maldives,1943,0.012
mdv,Maldives,1944,0.012
mdv,Maldives,1945,0.012
mdv,Maldives,1946,0.011
mdv,Maldives,1947,0.011
mdv,Maldives,1948,0.012
mdv,Maldives,1949,0.012
mdv,Maldives,1950,0.012
mdv,Maldives,1951,0.013
mdv,Maldives,1952,0.014
mdv,Maldives,1953,0.014
mdv,Maldives,1954,0.015
mdv,Maldives,1955,0.015
mdv,Maldives,1956,0.016
mdv,Maldives,1957,0.017
mdv,Maldives,1958,0.017
mdv,Maldives,1959,0.018
mdv,Maldives,1960,0.018
mdv,Maldives,1961,0.019
mdv,Maldives,1962,0.02
mdv,Maldives,1963,0.02
mdv,Maldives,1964,0.021
mdv,Maldives,1965,0.022
mdv,Maldives,1966,0.023
mdv,Maldives,1967,0.024
mdv,Maldives,1968,0.025
mdv,Maldives,1969,0.026
mdv,Maldives,1970,0.028
mdv,Maldives,1971,0.031
mdv,Maldives,1972,0.03
mdv,Maldives,1973,0.029
mdv,Maldives,1974,0.028
mdv,Maldives,1975,0.054
mdv,Maldives,1976,0.078
mdv,Maldives,1977,0.101
mdv,Maldives,1978,0.148
mdv,Maldives,1979,0.191
mdv,Maldives,1980,0.278
mdv,Maldives,1981,0.291
mdv,Maldives,1982,0.281
mdv,Maldives,1983,0.291
mdv,Maldives,1984,0.321
mdv,Maldives,1985,0.348
mdv,Maldives,1986,0.411
mdv,Maldives,1987,0.397
mdv,Maldives,1988,0.454
mdv,Maldives,1989,0.576
mdv,Maldives,1990,0.772
mdv,Maldives,1991,0.67
mdv,Maldives,1992,0.978
mdv,Maldives,1993,0.816
mdv,Maldives,1994,0.797
mdv,Maldives,1995,0.981
mdv,Maldives,1996,1.118
mdv,Maldives,1997,1.251
mdv,Maldives,1998,1.12
mdv,Maldives,1999,1.542
mdv,Maldives,2000,1.614
mdv,Maldives,2001,1.614
mdv,Maldives,2002,2.019
mdv,Maldives,2003,1.672
mdv,Maldives,2004,2.144
mdv,Maldives,2005,1.882
mdv,Maldives,2006,2.318
mdv,Maldives,2007,2.33
mdv,Maldives,2008,2.456
mdv,Maldives,2009,2.501
mdv,Maldives,2010,2.557
mdv,Maldives,2011,2.592
mdv,Maldives,2012,2.797
mdv,Maldives,2013,2.629
mdv,Maldives,2014,3.026
mdv,Maldives,2015,2.862
mdv,Maldives,2016,3.038
mdv,Maldives,2017,2.988
mdv,Maldives,2018,2.956
mdv,Maldives,2019,3.032
mdv,Maldives,2020,3.03
mdv,Maldives,2021,3.242
mdv,Maldives,2022,3.307
mex,Mexico,1900,0.075
mex,Mexico,1901,0.097
mex,Mexico,1902,0.104
mex,Mexico,1903,0.113
mex,Mexico,1904,0.123
mex,Mexico,1905,0.121
mex,Mexico,1906,0.135
mex,Mexico,1907,0.158
mex,Mexico,1908,0.261
mex,Mexico,1909,0.253
mex,Mexico,1910,0.284
mex,Mexico,1911,0.572
mex,Mexico,1912,0.587
mex,Mexico,1913,0.799
mex,Mexico,1914,0.69
mex,Mexico,1915,0.976
mex,Mexico,1916,1.172
mex,Mexico,1917,1.784
mex,Mexico,1918,2.093
mex,Mexico,1919,2.8
mex,Mexico,1920,5.169
mex,Mexico,1921,6.071
mex,Mexico,1922,5.687
mex,Mexico,1923,4.722
mex,Mexico,1924,4.386
mex,Mexico,1925,3.637
mex,Mexico,1926,2.807
mex,Mexico,1927,1.969
mex,Mexico,1928,1.47
mex,Mexico,1929,1.332
mex,Mexico,1930,1.207
mex,Mexico,1931,0.976
mex,Mexico,1932,0.928
mex,Mexico,1933,0.943
mex,Mexico,1934,1.046
mex,Mexico,1935,1.167
mex,Mexico,1936,1.175
mex,Mexico,1937,1.31
mex,Mexico,1938,1.255
mex,Mexico,1939,1.148
mex,Mexico,1940,1.148
mex,Mexico,1941,1.085
mex,Mexico,1942,0.886
mex,Mexico,1943,0.861
mex,Mexico,1944,0.879
mex,Mexico,1945,0.956
mex,Mexico,1946,1.047
mex,Mexico,1947,1.16
mex,Mexico,1948,1.166
mex,Mexico,1949,1.071
mex,Mexico,1950,1.093
mex,Mexico,1951,1.215
mex,Mexico,1952,1.259
mex,Mexico,1953,1.206
mex,Mexico,1954,1.157
mex,Mexico,1955,1.227
mex,Mexico,1956,1.265
mex,Mexico,1957,1.434
mex,Mexico,1958,1.523
mex,Mexico,1959,1.593
mex,Mexico,1960,1.671
mex,Mexico,1961,1.676
mex,Mexico,1962,1.587
mex,Mexico,1963,1.6
mex,Mexico,1964,1.735
mex,Mexico,1965,1.703
mex,Mexico,1966,1.774
mex,Mexico,1967,1.911
mex,Mexico,1968,1.928
mex,Mexico,1969,2.025
mex,Mexico,1970,2.177
mex,Mexico,1971,2.319
mex,Mexico,1972,2.332
mex,Mexico,1973,2.433
mex,Mexico,1974,2.499
mex,Mexico,1975,2.533
mex,Mexico,1976,2.711
mex,Mexico,1977,2.72
mex,Mexico,1978,3.018
mex,Mexico,1979,3.151
mex,Mexico,1980,3.409
mex,Mexico,1981,3.527
mex,Mexico,1982,3.648
mex,Mexico,1983,3.818
mex,Mexico,1984,3.408
mex,Mexico,1985,3.321
mex,Mexico,1986,3.376
mex,Mexico,1987,3.376
mex,Mexico,1988,3.45
mex,Mexico,1989,3.378
mex,Mexico,1990,3.906
mex,Mexico,1991,4.037
mex,Mexico,1992,4.048
mex,Mexico,1993,4.041
mex,Mexico,1994,4.099
mex,Mexico,1995,3.564
mex,Mexico,1996,3.706
mex,Mexico,1997,4.047
mex,Mexico,1998,4.236
mex,Mexico,1999,4.235
mex,Mexico,2000,4.492
mex,Mexico,2001,4.503
mex,Mexico,2002,4.466
mex,Mexico,2003,4.398
mex,Mexico,2004,4.501
mex,Mexico,2005,4.631
mex,Mexico,2006,4.685
mex,Mexico,2007,4.591
mex,Mexico,2008,4.697
mex,Mexico,2009,4.462
mex,Mexico,2010,4.429
mex,Mexico,2011,4.691
mex,Mexico,2012,4.715
mex,Mexico,2013,4.726
mex,Mexico,2014,4.597
mex,Mexico,2015,4.467
mex,Mexico,2016,4.331
mex,Mexico,2017,4.182
mex,Mexico,2018,4.219
mex,Mexico,2019,4.108
mex,Mexico,2020,3.413
mex,Mexico,2021,3.571
mex,Mexico,2022,3.642
mhl,Marshall Islands,1900,0.189
mhl,Marshall Islands,1901,0.184
mhl,Marshall Islands,1902,0.191
mhl,Marshall Islands,1903,0.194
mhl,Marshall Islands,1904,0.192
mhl,Marshall Islands,1905,0.198
mhl,Marshall Islands,1906,0.201
mhl,Marshall Islands,1907,0.214
mhl,Marshall Islands,1908,0.222
mhl,Marshall Islands,1909,0.23
mhl,Marshall Islands,1910,0.225
mhl,Marshall Islands,1911,0.245
mhl,Marshall Islands,1912,0.249
mhl,Marshall Islands,1913,0.253
mhl,Marshall Islands,1914,0.254
mhl,Marshall Islands,1915,0.265
mhl,Marshall Islands,1916,0.248
mhl,Marshall Islands,1917,0.232
mhl,Marshall Islands,1918,0.232
mhl,Marshall Islands,1919,0.237
mhl,Marshall Islands,1920,0.228
mhl,Marshall Islands,1921,0.241
mhl,Marshall Islands,1922,0.227
mhl,Marshall Islands,1923,0.234
mhl,Marshall Islands,1924,0.236
mhl,Marshall Islands,1925,0.245
mhl,Marshall Islands,1926,0.252
mhl,Marshall Islands,1927,0.253
mhl,Marshall Islands,1928,0.258
mhl,Marshall Islands,1929,0.249
mhl,Marshall Islands,1930,0.242
mhl,Marshall Islands,1931,0.232
mhl,Marshall Islands,1932,0.217
mhl,Marshall Islands,1933,0.217
mhl,Marshall Islands,1934,0.221
mhl,Marshall Islands,1935,0.231
mhl,Marshall Islands,1936,0.245
mhl,Marshall Islands,1937,0.256
mhl,Marshall Islands,1938,0.273
mhl,Marshall Islands,1939,0.276
mhl,Marshall Islands,1940,0.296
mhl,Marshall Islands,1941,0.288
mhl,Marshall Islands,1942,0.315
mhl,Marshall Islands,1943,0.327
mhl,Marshall Islands,1944,0.325
mhl,Marshall Islands,1945,0.326
mhl,Marshall Islands,1946,0.324
mhl,Marshall Islands,1947,0.339
mhl,Marshall Islands,1948,0.353
mhl,Marshall Islands,1949,0.361
mhl,Marshall Islands,1950,0.363
mhl,Marshall Islands,1951,0.388
mhl,Marshall Islands,1952,0.4
mhl,Marshall Islands,1953,0.423
mhl,Marshall Islands,1954,0.415
mhl,Marshall Islands,1955,0.455
mhl,Marshall Islands,1956,0.48
mhl,Marshall Islands,1957,0.495
mhl,Marshall Islands,1958,0.506
mhl,Marshall Islands,1959,0.523
mhl,Marshall Islands,1960,0.542
mhl,Marshall Islands,1961,0.578
mhl,Marshall Islands,1962,0.599
mhl,Marshall Islands,1963,0.593
mhl,Marshall Islands,1964,0.645
mhl,Marshall Islands,1965,0.687
mhl,Marshall Islands,1966,0.712
mhl,Marshall Islands,1967,0.743
mhl,Marshall Islands,1968,0.777
mhl,Marshall Islands,1969,0.811
mhl,Marshall Islands,1970,0.839
mhl,Marshall Islands,1971,0.908
mhl,Marshall Islands,1972,0.939
mhl,Marshall Islands,1973,0.981
mhl,Marshall Islands,1974,1.041
mhl,Marshall Islands,1975,1.091
mhl,Marshall Islands,1976,1.103
mhl,Marshall Islands,1977,1.15
mhl,Marshall Islands,1978,1.205
mhl,Marshall Islands,1979,1.226
mhl,Marshall Islands,1980,1.261
mhl,Marshall Islands,1981,1.267
mhl,Marshall Islands,1982,1.283
mhl,Marshall Islands,1983,1.284
mhl,Marshall Islands,1984,1.25
mhl,Marshall Islands,1985,1.298
mhl,Marshall Islands,1986,1.333
mhl,Marshall Islands,1987,1.37
mhl,Marshall Islands,1988,1.403
mhl,Marshall Islands,1989,1.464
mhl,Marshall Islands,1990,1.533
mhl,Marshall Islands,1991,1.571
mhl,Marshall Islands,1992,1.564
mhl,Marshall Islands,1993,1.693
mhl,Marshall Islands,1994,1.68
mhl,Marshall Islands,1995,1.744
mhl,Marshall Islands,1996,1.742
mhl,Marshall Islands,1997,1.744
mhl,Marshall Islands,1998,1.821
mhl,Marshall Islands,1999,1.746
mhl,Marshall Islands,2000,1.951
mhl,Marshall Islands,2001,1.997
mhl,Marshall Islands,2002,2.101
mhl,Marshall Islands,2003,1.989
mhl,Marshall Islands,2004,2.154
mhl,Marshall Islands,2005,2.057
mhl,Marshall Islands,2006,2.17
mhl,Marshall Islands,2007,2.225
mhl,Marshall Islands,2008,2.285
mhl,Marshall Islands,2009,2.347
mhl,Marshall Islands,2010,2.407
mhl,Marshall Islands,2011,2.465
mhl,Marshall Islands,2012,2.392
mhl,Marshall Islands,2013,2.448
mhl,Marshall Islands,2014,2.501
mhl,Marshall Islands,2015,2.49
mhl,Marshall Islands,2016,2.478
mhl,Marshall Islands,2017,2.529
mhl,Marshall Islands,2018,2.583
mhl,Marshall Islands,2019,2.685
mhl,Marshall Islands,2020,2.559
mhl,Marshall Islands,2021,2.739
mhl,Marshall Islands,2022,2.793
mkd,North Macedonia,1900,0.481
mkd,North Macedonia,1901,0.499
mkd,North Macedonia,1902,0.508
mkd,North Macedonia,1903,0.504
mkd,North Macedonia,1904,0.51
mkd,North Macedonia,1905,0.525
mkd,North Macedonia,1906,0.525
mkd,North Macedonia,1907,0.549
mkd,North Macedonia,1908,0.577
mkd,North Macedonia,1909,0.589
mkd,North Macedonia,1910,0.601
mkd,North Macedonia,1911,0.598
mkd,North Macedonia,1912,0.613
mkd,North Macedonia,1913,0.647
mkd,North Macedonia,1914,0.668
mkd,North Macedonia,1915,0.625
mkd,North Macedonia,1916,0.597
mkd,North Macedonia,1917,0.622
mkd,North Macedonia,1918,0.62
mkd,North Macedonia,1919,0.536
mkd,North Macedonia,1920,0.405
mkd,North Macedonia,1921,0.499
mkd,North Macedonia,1922,0.499
mkd,North Macedonia,1923,0.506
mkd,North Macedonia,1924,0.495
mkd,North Macedonia,1925,0.519
mkd,North Macedonia,1926,0.519
mkd,North Macedonia,1927,0.555
mkd,North Macedonia,1928,0.602
mkd,North Macedonia,1929,0.624
mkd,North Macedonia,1930,0.661
mkd,North Macedonia,1931,0.669
mkd,North Macedonia,1932,0.698
mkd,North Macedonia,1933,0.688
mkd,North Macedonia,1934,0.717
mkd,North Macedonia,1935,0.781
mkd,North Macedonia,1936,0.831
mkd,North Macedonia,1937,0.897
mkd,North Macedonia,1938,0.934
mkd,North Macedonia,1939,0.944
mkd,North Macedonia,1940,0.989
mkd,North Macedonia,1941,1.179
mkd,North Macedonia,1942,1.066
mkd,North Macedonia,1943,0.95
mkd,North Macedonia,1944,1.037
mkd,North Macedonia,1945,0.991
mkd,North Macedonia,1946,0.872
mkd,North Macedonia,1947,1.026
mkd,North Macedonia,1948,1.097
mkd,North Macedonia,1949,1.179
mkd,North Macedonia,1950,1.281
mkd,North Macedonia,1951,1.345
mkd,North Macedonia,1952,1.441
mkd,North Macedonia,1953,1.531
mkd,North Macedonia,1954,1.624
mkd,North Macedonia,1955,1.728
mkd,North Macedonia,1956,1.761
mkd,North Macedonia,1957,2.052
mkd,North Macedonia,1958,2.23
mkd,North Macedonia,1959,2.399
mkd,North Macedonia,1960,2.587
mkd,North Macedonia,1961,2.678
mkd,North Macedonia,1962,2.713
mkd,North Macedonia,1963,2.978
mkd,North Macedonia,1964,3.328
mkd,North Macedonia,1965,3.374
mkd,North Macedonia,1966,3.291
mkd,North Macedonia,1967,3.269
mkd,North Macedonia,1968,3.439
mkd,North Macedonia,1969,3.511
mkd,North Macedonia,1970,4.528
mkd,North Macedonia,1971,4.828
mkd,North Macedonia,1972,4.485
mkd,North Macedonia,1973,5.315
mkd,North Macedonia,1974,5.293
mkd,North Macedonia,1975,5.466
mkd,North Macedonia,1976,5.572
mkd,North Macedonia,1977,5.344
mkd,North Macedonia,1978,5.887
mkd,North Macedonia,1979,6.319
mkd,North Macedonia,1980,6.144
mkd,North Macedonia,1981,6.627
mkd,North Macedonia,1982,6.045
mkd,North Macedonia,1983,6.475
mkd,North Macedonia,1984,6.798
mkd,North Macedonia,1985,6.91
mkd,North Macedonia,1986,7.195
mkd,North Macedonia,1987,7.008
mkd,North Macedonia,1988,7.219
mkd,North Macedonia,1989,7.192
mkd,North Macedonia,1990,7.156
mkd,North Macedonia,1991,5.079
mkd,North Macedonia,1992,5.55
mkd,North Macedonia,1993,5.129
mkd,North Macedonia,1994,5.198
mkd,North Macedonia,1995,5.392
mkd,North Macedonia,1996,5.902
mkd,North Macedonia,1997,5.318
mkd,North Macedonia,1998,6.275
mkd,North Macedonia,1999,5.791
mkd,North Macedonia,2000,5.929
mkd,North Macedonia,2001,5.873
mkd,North Macedonia,2002,5.337
mkd,North Macedonia,2003,5.507
mkd,North Macedonia,2004,5.441
mkd,North Macedonia,2005,5.475
mkd,North Macedonia,2006,5.302
mkd,North Macedonia,2007,4.597
mkd,North Macedonia,2008,4.548
mkd,North Macedonia,2009,4.204
mkd,North Macedonia,2010,4.154
mkd,North Macedonia,2011,4.491
mkd,North Macedonia,2012,4.25
mkd,North Macedonia,2013,3.785
mkd,North Macedonia,2014,3.629
mkd,North Macedonia,2015,3.414
mkd,North Macedonia,2016,3.389
mkd,North Macedonia,2017,3.533
mkd,North Macedonia,2018,3.492
mkd,North Macedonia,2019,3.449
mkd,North Macedonia,2020,3.29
mkd,North Macedonia,2021,3.544
mkd,North Macedonia,2022,3.509
mli,Mali,1900,0.002
mli,Mali,1901,0.002
mli,Mali,1902,0.002
mli,Mali,1903,0.003
mli,Mali,1904,0.003
mli,Mali,1905,0.003
mli,Mali,1906,0.003
mli,Mali,1907,0.003
mli,Mali,1908,0.003
mli,Mali,1909,0.003
mli,Mali,1910,0.003
mli,Mali,1911,0.003
mli,Mali,1912,0.003
mli,Mali,1913,0.003
mli,Mali,1914,0.003
mli,Mali,1915,0.003
mli,Mali,1916,0.003
mli,Mali,1917,0.003
mli,Mali,1918,0.003
mli,Mali,1919,0.003
mli,Mali,1920,0.003
mli,Mali,1921,0.004
mli,Mali,1922,0.004
mli,Mali,1923,0.004
mli,Mali,1924,0.004
mli,Mali,1925,0.004
mli,Mali,1926,0.004
mli,Mali,1927,0.004
mli,Mali,1928,0.004
mli,Mali,1929,0.004
mli,Mali,1930,0.004
mli,Mali,1931,0.004
mli,Mali,1932,0.004
mli,Mali,1933,0.004
mli,Mali,1934,0.004
mli,Mali,1935,0.004
mli,Mali,1936,0.005
mli,Mali,1937,0.005
mli,Mali,1938,0.005
mli,Mali,1939,0.005
mli,Mali,1940,0.005
mli,Mali,1941,0.005
mli,Mali,1942,0.006
mli,Mali,1943,0.006
mli,Mali,1944,0.006
mli,Mali,1945,0.006
mli,Mali,1946,0.006
mli,Mali,1947,0.006
mli,Mali,1948,0.006
mli,Mali,1949,0.007
mli,Mali,1950,0.007
mli,Mali,1951,0.007
mli,Mali,1952,0.007
mli,Mali,1953,0.007
mli,Mali,1954,0.007
mli,Mali,1955,0.008
mli,Mali,1956,0.008
mli,Mali,1957,0.008
mli,Mali,1958,0.009
mli,Mali,1959,0.009
mli,Mali,1960,0.023
mli,Mali,1961,0.022
mli,Mali,1962,0.026
mli,Mali,1963,0.032
mli,Mali,1964,0.032
mli,Mali,1965,0.036
mli,Mali,1966,0.034
mli,Mali,1967,0.039
mli,Mali,1968,0.034
mli,Mali,1969,0.028
mli,Mali,1970,0.034
mli,Mali,1971,0.038
mli,Mali,1972,0.04
mli,Mali,1973,0.043
mli,Mali,1974,0.048
mli,Mali,1975,0.053
mli,Mali,1976,0.052
mli,Mali,1977,0.062
mli,Mali,1978,0.058
mli,Mali,1979,0.062
mli,Mali,1980,0.055
mli,Mali,1981,0.055
mli,Mali,1982,0.049
mli,Mali,1983,0.055
mli,Mali,1984,0.057
mli,Mali,1985,0.052
mli,Mali,1986,0.048
mli,Mali,1987,0.044
mli,Mali,1988,0.047
mli,Mali,1989,0.05
mli,Mali,1990,0.05
mli,Mali,1991,0.05
mli,Mali,1992,0.051
mli,Mali,1993,0.051
mli,Mali,1994,0.05
mli,Mali,1995,0.049
mli,Mali,1996,0.05
mli,Mali,1997,0.052
mli,Mali,1998,0.074
mli,Mali,1999,0.075
mli,Mali,2000,0.076
mli,Mali,2001,0.075
mli,Mali,2002,0.074
mli,Mali,2003,0.072
mli,Mali,2004,0.072
mli,Mali,2005,0.072
mli,Mali,2006,0.082
mli,Mali,2007,0.095
mli,Mali,2008,0.11
mli,Mali,2009,0.122
mli,Mali,2010,0.131
mli,Mali,2011,0.139
mli,Mali,2012,0.144
mli,Mali,2013,0.161
mli,Mali,2014,0.172
mli,Mali,2015,0.178
mli,Mali,2016,0.173
mli,Mali,2017,0.186
mli,Mali,2018,0.187
mli,Mali,2019,0.191
mli,Mali,2020,0.187
mli,Mali,2021,0.2
mli,Mali,2022,0.204
mlt,Malta,1900,0.526
mlt,Malta,1901,0.545
mlt,Malta,1902,0.538
mlt,Malta,1903,0.543
mlt,Malta,1904,0.561
mlt,Malta,1905,0.568
mlt,Malta,1906,0.577
mlt,Malta,1907,0.615
mlt,Malta,1908,0.644
mlt,Malta,1909,0.643
mlt,Malta,1910,0.649
mlt,Malta,1911,0.657
mlt,Malta,1912,0.673
mlt,Malta,1913,0.682
mlt,Malta,1914,0.729
mlt,Malta,1915,0.667
mlt,Malta,1916,0.647
mlt,Malta,1917,0.677
mlt,Malta,1918,0.672
mlt,Malta,1919,0.644
mlt,Malta,1920,0.602
mlt,Malta,1921,0.644
mlt,Malta,1922,0.579
mlt,Malta,1923,0.671
mlt,Malta,1924,0.65
mlt,Malta,1925,0.737
mlt,Malta,1926,0.729
mlt,Malta,1927,0.624
mlt,Malta,1928,0.76
mlt,Malta,1929,0.763
mlt,Malta,1930,0.813
mlt,Malta,1931,0.771
mlt,Malta,1932,0.706
mlt,Malta,1933,0.658
mlt,Malta,1934,0.669
mlt,Malta,1935,0.71
mlt,Malta,1936,0.709
mlt,Malta,1937,0.738
mlt,Malta,1938,0.789
mlt,Malta,1939,0.785
mlt,Malta,1940,0.803
mlt,Malta,1941,0.789
mlt,Malta,1942,0.768
mlt,Malta,1943,0.776
mlt,Malta,1944,0.765
mlt,Malta,1945,0.682
mlt,Malta,1946,0.549
mlt,Malta,1947,0.63
mlt,Malta,1948,0.699
mlt,Malta,1949,0.749
mlt,Malta,1950,0.787
mlt,Malta,1951,0.822
mlt,Malta,1952,0.774
mlt,Malta,1953,0.737
mlt,Malta,1954,0.982
mlt,Malta,1955,1.088
mlt,Malta,1956,0.948
mlt,Malta,1957,0.997
mlt,Malta,1958,1.057
mlt,Malta,1959,1.245
mlt,Malta,1960,1.09
mlt,Malta,1961,0.933
mlt,Malta,1962,1.043
mlt,Malta,1963,1.289
mlt,Malta,1964,1.556
mlt,Malta,1965,1.472
mlt,Malta,1966,1.291
mlt,Malta,1967,1.63
mlt,Malta,1968,2.017
mlt,Malta,1969,2.091
mlt,Malta,1970,2.164
mlt,Malta,1971,2.2
mlt,Malta,1972,2.874
mlt,Malta,1973,2.846
mlt,Malta,1974,2.713
mlt,Malta,1975,2.515
mlt,Malta,1976,2.964
mlt,Malta,1977,3.204
mlt,Malta,1978,3.804
mlt,Malta,1979,3.726
mlt,Malta,1980,4.216
mlt,Malta,1981,4.677
mlt,Malta,1982,5.19
mlt,Malta,1983,5.904
mlt,Malta,1984,4.446
mlt,Malta,1985,6.026
mlt,Malta,1986,5.248
mlt,Malta,1987,6.441
mlt,Malta,1988,7.975
mlt,Malta,1989,8.575
mlt,Malta,1990,9.166
mlt,Malta,1991,8.688
mlt,Malta,1992,9.265
mlt,Malta,1993,9.856
mlt,Malta,1994,9.561
mlt,Malta,1995,9.633
mlt,Malta,1996,9.938
mlt,Malta,1997,9.181
mlt,Malta,1998,12.008
mlt,Malta,1999,10.493
mlt,Malta,2000,11.459
mlt,Malta,2001,11.696
mlt,Malta,2002,12.337
mlt,Malta,2003,10.864
mlt,Malta,2004,10.356
mlt,Malta,2005,7.969
mlt,Malta,2006,9.351
mlt,Malta,2007,11.381
mlt,Malta,2008,14.218
mlt,Malta,2009,11.063
mlt,Malta,2010,14.004
mlt,Malta,2011,19.278
mlt,Malta,2012,18.289
mlt,Malta,2013,14.725
mlt,Malta,2014,16.955
mlt,Malta,2015,18.345
mlt,Malta,2016,19.708
mlt,Malta,2017,18.359
mlt,Malta,2018,21.025
mlt,Malta,2019,19.507
mlt,Malta,2020,16.522
mlt,Malta,2021,17.513
mlt,Malta,2022,17.338
mmr,Myanmar,1900,0.166
mmr,Myanmar,1901,0.169
mmr,Myanmar,1902,0.172
mmr,Myanmar,1903,0.173
mmr,Myanmar,1904,0.175
mmr,Myanmar,1905,0.177
mmr,Myanmar,1906,0.179
mmr,Myanmar,1907,0.182
mmr,Myanmar,1908,0.184
mmr,Myanmar,1909,0.187
mmr,Myanmar,1910,0.189
mmr,Myanmar,1911,0.193
mmr,Myanmar,1912,0.195
mmr,Myanmar,1913,0.199
mmr,Myanmar,1914,0.206
mmr,Myanmar,1915,0.208
mmr,Myanmar,1916,0.21
mmr,Myanmar,1917,0.214
mmr,Myanmar,1918,0.219
mmr,Myanmar,1919,0.223
mmr,Myanmar,1920,0.229
mmr,Myanmar,1921,0.228
mmr,Myanmar,1922,0.229
mmr,Myanmar,1923,0.232
mmr,Myanmar,1924,0.236
mmr,Myanmar,1925,0.241
mmr,Myanmar,1926,0.243
mmr,Myanmar,1927,0.244
mmr,Myanmar,1928,0.244
mmr,Myanmar,1929,0.233
mmr,Myanmar,1930,0.233
mmr,Myanmar,1931,0.219
mmr,Myanmar,1932,0.219
mmr,Myanmar,1933,0.218
mmr,Myanmar,1934,0.219
mmr,Myanmar,1935,0.214
mmr,Myanmar,1936,0.217
mmr,Myanmar,1937,0.221
mmr,Myanmar,1938,0.21
mmr,Myanmar,1939,0.216
mmr,Myanmar,1940,0.209
mmr,Myanmar,1941,0.207
mmr,Myanmar,1942,0.066
mmr,Myanmar,1943,0.026
mmr,Myanmar,1944,0.019
mmr,Myanmar,1945,0.018
mmr,Myanmar,1947,0.002
mmr,Myanmar,1948,0.009
mmr,Myanmar,1949,0.006
mmr,Myanmar,1950,0.045
mmr,Myanmar,1951,0.051
mmr,Myanmar,1952,0.061
mmr,Myanmar,1953,0.069
mmr,Myanmar,1954,0.076
mmr,Myanmar,1955,0.073
mmr,Myanmar,1956,0.083
mmr,Myanmar,1957,0.103
mmr,Myanmar,1958,0.116
mmr,Myanmar,1959,0.131
mmr,Myanmar,1960,0.125
mmr,Myanmar,1961,0.117
mmr,Myanmar,1962,0.127
mmr,Myanmar,1963,0.114
mmr,Myanmar,1964,0.121
mmr,Myanmar,1965,0.112
mmr,Myanmar,1966,0.113
mmr,Myanmar,1967,0.142
mmr,Myanmar,1968,0.113
mmr,Myanmar,1969,0.121
mmr,Myanmar,1970,0.169
mmr,Myanmar,1971,0.183
mmr,Myanmar,1972,0.171
mmr,Myanmar,1973,0.141
mmr,Myanmar,1974,0.156
mmr,Myanmar,1975,0.15
mmr,Myanmar,1976,0.156
mmr,Myanmar,1977,0.161
mmr,Myanmar,1978,0.157
mmr,Myanmar,1979,0.152
mmr,Myanmar,1980,0.161
mmr,Myanmar,1981,0.161
mmr,Myanmar,1982,0.156
mmr,Myanmar,1983,0.158
mmr,Myanmar,1984,0.176
mmr,Myanmar,1985,0.176
mmr,Myanmar,1986,0.175
mmr,Myanmar,1987,0.126
mmr,Myanmar,1988,0.102
mmr,Myanmar,1989,0.109
mmr,Myanmar,1990,0.103
mmr,Myanmar,1991,0.099
mmr,Myanmar,1992,0.114
mmr,Myanmar,1993,0.124
mmr,Myanmar,1994,0.143
mmr,Myanmar,1995,0.157
mmr,Myanmar,1996,0.162
mmr,Myanmar,1997,0.165
mmr,Myanmar,1998,0.176
mmr,Myanmar,1999,0.194
mmr,Myanmar,2000,0.215
mmr,Myanmar,2001,0.184
mmr,Myanmar,2002,0.192
mmr,Myanmar,2003,0.203
mmr,Myanmar,2004,0.255
mmr,Myanmar,2005,0.236
mmr,Myanmar,2006,0.259
mmr,Myanmar,2007,0.258
mmr,Myanmar,2008,0.195
mmr,Myanmar,2009,0.202
mmr,Myanmar,2010,0.259
mmr,Myanmar,2011,0.296
mmr,Myanmar,2012,0.232
mmr,Myanmar,2013,0.25
mmr,Myanmar,2014,0.31
mmr,Myanmar,2015,0.421
mmr,Myanmar,2016,0.471
mmr,Myanmar,2017,0.476
mmr,Myanmar,2018,0.491
mmr,Myanmar,2019,0.503
mmr,Myanmar,2020,0.503
mmr,Myanmar,2021,0.538
mmr,Myanmar,2022,0.549
mne,Montenegro,1900,0.199
mne,Montenegro,1901,0.206
mne,Montenegro,1902,0.21
mne,Montenegro,1903,0.208
mne,Montenegro,1904,0.211
mne,Montenegro,1905,0.217
mne,Montenegro,1906,0.217
mne,Montenegro,1907,0.227
mne,Montenegro,1908,0.238
mne,Montenegro,1909,0.243
mne,Montenegro,1910,0.248
mne,Montenegro,1911,0.247
mne,Montenegro,1912,0.253
mne,Montenegro,1913,0.267
mne,Montenegro,1914,0.276
mne,Montenegro,1915,0.258
mne,Montenegro,1916,0.247
mne,Montenegro,1917,0.257
mne,Montenegro,1918,0.256
mne,Montenegro,1919,0.221
mne,Montenegro,1920,0.167
mne,Montenegro,1921,0.206
mne,Montenegro,1922,0.206
mne,Montenegro,1923,0.209
mne,Montenegro,1924,0.204
mne,Montenegro,1925,0.214
mne,Montenegro,1926,0.214
mne,Montenegro,1927,0.229
mne,Montenegro,1928,0.249
mne,Montenegro,1929,0.258
mne,Montenegro,1930,0.273
mne,Montenegro,1931,0.276
mne,Montenegro,1932,0.288
mne,Montenegro,1933,0.284
mne,Montenegro,1934,0.296
mne,Montenegro,1935,0.323
mne,Montenegro,1936,0.343
mne,Montenegro,1937,0.37
mne,Montenegro,1938,0.386
mne,Montenegro,1939,0.39
mne,Montenegro,1940,0.408
mne,Montenegro,1941,0.487
mne,Montenegro,1942,0.441
mne,Montenegro,1943,0.393
mne,Montenegro,1944,0.428
mne,Montenegro,1945,0.409
mne,Montenegro,1946,0.36
mne,Montenegro,1947,0.424
mne,Montenegro,1948,0.453
mne,Montenegro,1949,0.487
mne,Montenegro,1950,0.529
mne,Montenegro,1951,0.555
mne,Montenegro,1952,0.595
mne,Montenegro,1953,0.633
mne,Montenegro,1954,0.671
mne,Montenegro,1955,0.714
mne,Montenegro,1956,0.727
mne,Montenegro,1957,0.848
mne,Montenegro,1958,0.921
mne,Montenegro,1959,0.991
mne,Montenegro,1960,1.062
mne,Montenegro,1961,1.089
mne,Montenegro,1962,1.092
mne,Montenegro,1963,1.189
mne,Montenegro,1964,1.326
mne,Montenegro,1965,1.352
mne,Montenegro,1966,1.34
mne,Montenegro,1967,1.363
mne,Montenegro,1968,1.472
mne,Montenegro,1969,1.539
mne,Montenegro,1970,2.015
mne,Montenegro,1971,2.158
mne,Montenegro,1972,1.998
mne,Montenegro,1973,2.349
mne,Montenegro,1974,2.322
mne,Montenegro,1975,2.389
mne,Montenegro,1976,2.439
mne,Montenegro,1977,2.35
mne,Montenegro,1978,2.605
mne,Montenegro,1979,2.81
mne,Montenegro,1980,2.735
mne,Montenegro,1981,2.942
mne,Montenegro,1982,2.668
mne,Montenegro,1983,2.836
mne,Montenegro,1984,2.959
mne,Montenegro,1985,2.996
mne,Montenegro,1986,3.117
mne,Montenegro,1987,3.041
mne,Montenegro,1988,3.142
mne,Montenegro,1989,3.137
mne,Montenegro,1990,3.121
mne,Montenegro,1991,2.209
mne,Montenegro,1992,2.403
mne,Montenegro,1993,2.087
mne,Montenegro,1994,2.026
mne,Montenegro,1995,2.139
mne,Montenegro,1996,2.507
mne,Montenegro,1997,2.7
mne,Montenegro,1998,2.851
mne,Montenegro,1999,1.971
mne,Montenegro,2000,2.479
mne,Montenegro,2001,2.721
mne,Montenegro,2002,2.88
mne,Montenegro,2003,3.075
mne,Montenegro,2004,3.32
mne,Montenegro,2005,2.844
mne,Montenegro,2006,3.341
mne,Montenegro,2007,3.32
mne,Montenegro,2008,4.196
mne,Montenegro,2009,2.702
mne,Montenegro,2010,3.883
mne,Montenegro,2011,3.853
mne,Montenegro,2012,3.539
mne,Montenegro,2013,3.437
mne,Montenegro,2014,3.365
mne,Montenegro,2015,3.574
mne,Montenegro,2016,3.215
mne,Montenegro,2017,3.234
mne,Montenegro,2018,3.202
mne,Montenegro,2019,3.162
mne,Montenegro,2020,3.017
mne,Montenegro,2021,3.197
mne,Montenegro,2022,3.166
mng,Mongolia,1900,0.194
mng,Mongolia,1901,0.197
mng,Mongolia,1902,0.201
mng,Mongolia,1903,0.203
mng,Mongolia,1904,0.205
mng,Mongolia,1905,0.208
mng,Mongolia,1906,0.21
mng,Mongolia,1907,0.213
mng,Mongolia,1908,0.216
mng,Mongolia,1909,0.219
mng,Mongolia,1910,0.221
mng,Mongolia,1911,0.226
mng,Mongolia,1912,0.228
mng,Mongolia,1913,0.233
mng,Mongolia,1914,0.241
mng,Mongolia,1915,0.243
mng,Mongolia,1916,0.246
mng,Mongolia,1917,0.25
mng,Mongolia,1918,0.257
mng,Mongolia,1919,0.261
mng,Mongolia,1920,0.268
mng,Mongolia,1921,0.267
mng,Mongolia,1922,0.268
mng,Mongolia,1923,0.271
mng,Mongolia,1924,0.277
mng,Mongolia,1925,0.282
mng,Mongolia,1926,0.285
mng,Mongolia,1927,0.286
mng,Mongolia,1928,0.285
mng,Mongolia,1929,0.295
mng,Mongolia,1930,0.299
mng,Mongolia,1931,0.301
mng,Mongolia,1932,0.3
mng,Mongolia,1933,0.3
mng,Mongolia,1934,0.309
mng,Mongolia,1935,0.312
mng,Mongolia,1936,0.319
mng,Mongolia,1937,0.321
mng,Mongolia,1938,0.323
mng,Mongolia,1939,0.327
mng,Mongolia,1940,0.335
mng,Mongolia,1941,0.344
mng,Mongolia,1942,0.351
mng,Mongolia,1943,0.356
mng,Mongolia,1944,0.353
mng,Mongolia,1945,0.356
mng,Mongolia,1946,0.337
mng,Mongolia,1947,0.328
mng,Mongolia,1948,0.35
mng,Mongolia,1949,0.355
mng,Mongolia,1950,0.367
mng,Mongolia,1951,0.37
mng,Mongolia,1952,0.372
mng,Mongolia,1953,0.37
mng,Mongolia,1954,0.581
mng,Mongolia,1955,0.69
mng,Mongolia,1956,0.79
mng,Mongolia,1957,0.857
mng,Mongolia,1958,1.249
mng,Mongolia,1959,1.445
mng,Mongolia,1960,1.355
mng,Mongolia,1961,1.419
mng,Mongolia,1962,1.951
mng,Mongolia,1963,1.537
mng,Mongolia,1964,1.904
mng,Mongolia,1965,1.767
mng,Mongolia,1966,1.712
mng,Mongolia,1967,1.808
mng,Mongolia,1968,2.046
mng,Mongolia,1969,2.142
mng,Mongolia,1970,2.198
mng,Mongolia,1971,2.258
mng,Mongolia,1972,2.348
mng,Mongolia,1973,2.39
mng,Mongolia,1974,2.471
mng,Mongolia,1975,2.569
mng,Mongolia,1976,2.669
mng,Mongolia,1977,2.899
mng,Mongolia,1978,3.246
mng,Mongolia,1979,3.417
mng,Mongolia,1980,3.622
mng,Mongolia,1981,3.406
mng,Mongolia,1982,3.204
mng,Mongolia,1983,3.17
mng,Mongolia,1984,3.209
mng,Mongolia,1985,2.883
mng,Mongolia,1986,3.931
mng,Mongolia,1987,4.076
mng,Mongolia,1988,4.328
mng,Mongolia,1989,4.617
mng,Mongolia,1990,4.101
mng,Mongolia,1991,3.954
mng,Mongolia,1992,4.083
mng,Mongolia,1993,2.653
mng,Mongolia,1994,2.521
mng,Mongolia,1995,2.537
mng,Mongolia,1996,3.157
mng,Mongolia,1997,2.536
mng,Mongolia,1998,2.645
mng,Mongolia,1999,2.71
mng,Mongolia,2000,2.861
mng,Mongolia,2001,3.013
mng,Mongolia,2002,3.106
mng,Mongolia,2003,3.275
mng,Mongolia,2004,3.332
mng,Mongolia,2005,3.39
mng,Mongolia,2006,3.689
mng,Mongolia,2007,4.677
mng,Mongolia,2008,4.939
mng,Mongolia,2009,5.015
mng,Mongolia,2010,5.402
mng,Mongolia,2011,8.443
mng,Mongolia,2012,13.063
mng,Mongolia,2013,15.195
mng,Mongolia,2014,9.998
mng,Mongolia,2015,7.838
mng,Mongolia,2016,7.802
mng,Mongolia,2017,9.763
mng,Mongolia,2018,12.817
mng,Mongolia,2019,12.899
mng,Mongolia,2020,13.043
mng,Mongolia,2021,13.956
mng,Mongolia,2022,14.235
moz,Mozambique,1900,0.006
moz,Mozambique,1901,0.006
moz,Mozambique,1902,0.006
moz,Mozambique,1903,0.006
moz,Mozambique,1904,0.007
moz,Mozambique,1905,0.007
moz,Mozambique,1906,0.007
moz,Mozambique,1907,0.007
moz,Mozambique,1908,0.007
moz,Mozambique,1909,0.007
moz,Mozambique,1910,0.007
moz,Mozambique,1911,0.008
moz,Mozambique,1912,0.008
moz,Mozambique,1913,0.008
moz,Mozambique,1914,0.008
moz,Mozambique,1915,0.008
moz,Mozambique,1916,0.008
moz,Mozambique,1917,0.008
moz,Mozambique,1918,0.008
moz,Mozambique,1919,0.009
moz,Mozambique,1920,0.009
moz,Mozambique,1921,0.009
moz,Mozambique,1922,0.009
moz,Mozambique,1923,0.009
moz,Mozambique,1924,0.01
moz,Mozambique,1925,0.01
moz,Mozambique,1926,0.01
moz,Mozambique,1927,0.011
moz,Mozambique,1928,0.005
moz,Mozambique,1929,0.003
moz,Mozambique,1930,0.003
moz,Mozambique,1931,0.003
moz,Mozambique,1932,0.014
moz,Mozambique,1933,0.011
moz,Mozambique,1934,0.014
moz,Mozambique,1935,0.01
moz,Mozambique,1936,0.011
moz,Mozambique,1937,0.012
moz,Mozambique,1938,0.008
moz,Mozambique,1939,0.013
moz,Mozambique,1940,0.013
moz,Mozambique,1941,0.012
moz,Mozambique,1942,0.006
moz,Mozambique,1943,0.01
moz,Mozambique,1944,0.01
moz,Mozambique,1945,0.009
moz,Mozambique,1946,0.01
moz,Mozambique,1947,0.01
moz,Mozambique,1948,0.008
moz,Mozambique,1949,0.01
moz,Mozambique,1950,0.151
moz,Mozambique,1951,0.154
moz,Mozambique,1952,0.174
moz,Mozambique,1953,0.172
moz,Mozambique,1954,0.179
moz,Mozambique,1955,0.211
moz,Mozambique,1956,0.234
moz,Mozambique,1957,0.262
moz,Mozambique,1958,0.264
moz,Mozambique,1959,0.255
moz,Mozambique,1960,0.262
moz,Mozambique,1961,0.359
moz,Mozambique,1962,0.265
moz,Mozambique,1963,0.217
moz,Mozambique,1964,0.276
moz,Mozambique,1965,0.256
moz,Mozambique,1966,0.273
moz,Mozambique,1967,0.245
moz,Mozambique,1968,0.381
moz,Mozambique,1969,0.478
moz,Mozambique,1970,0.488
moz,Mozambique,1971,0.671
moz,Mozambique,1972,0.706
moz,Mozambique,1973,0.881
moz,Mozambique,1974,0.895
moz,Mozambique,1975,0.928
moz,Mozambique,1976,0.912
moz,Mozambique,1977,1.045
moz,Mozambique,1978,1.167
moz,Mozambique,1979,1.102
moz,Mozambique,1980,1.34
moz,Mozambique,1981,1.014
moz,Mozambique,1982,0.767
moz,Mozambique,1983,0.764
moz,Mozambique,1984,0.579
moz,Mozambique,1985,0.441
moz,Mozambique,1986,0.328
moz,Mozambique,1987,0.281
moz,Mozambique,1988,0.282
moz,Mozambique,1989,0.291
moz,Mozambique,1990,0.298
moz,Mozambique,1991,0.279
moz,Mozambique,1992,0.266
moz,Mozambique,1993,0.291
moz,Mozambique,1994,0.277
moz,Mozambique,1995,0.284
moz,Mozambique,1996,0.185
moz,Mozambique,1997,0.116
moz,Mozambique,1998,0.171
moz,Mozambique,1999,0.238
moz,Mozambique,2000,0.256
moz,Mozambique,2001,0.279
moz,Mozambique,2002,0.262
moz,Mozambique,2003,0.275
moz,Mozambique,2004,0.27
moz,Mozambique,2005,0.284
moz,Mozambique,2006,0.3
moz,Mozambique,2007,0.348
moz,Mozambique,2008,0.391
moz,Mozambique,2009,0.399
moz,Mozambique,2010,0.371
moz,Mozambique,2011,0.474
moz,Mozambique,2012,0.414
moz,Mozambique,2013,0.547
moz,Mozambique,2014,0.708
moz,Mozambique,2015,0.571
moz,Mozambique,2016,0.581
moz,Mozambique,2017,0.453
moz,Mozambique,2018,0.442
moz,Mozambique,2019,0.453
moz,Mozambique,2020,0.418
moz,Mozambique,2021,0.447
moz,Mozambique,2022,0.456
mrt,Mauritania,1900,0.011
mrt,Mauritania,1901,0.01
mrt,Mauritania,1902,0.011
mrt,Mauritania,1903,0.011
mrt,Mauritania,1904,0.011
mrt,Mauritania,1905,0.011
mrt,Mauritania,1906,0.012
mrt,Mauritania,1907,0.012
mrt,Mauritania,1908,0.012
mrt,Mauritania,1909,0.012
mrt,Mauritania,1910,0.013
mrt,Mauritania,1911,0.013
mrt,Mauritania,1912,0.013
mrt,Mauritania,1913,0.013
mrt,Mauritania,1914,0.013
mrt,Mauritania,1915,0.013
mrt,Mauritania,1916,0.013
mrt,Mauritania,1917,0.013
mrt,Mauritania,1918,0.014
mrt,Mauritania,1919,0.015
mrt,Mauritania,1920,0.015
mrt,Mauritania,1921,0.015
mrt,Mauritania,1922,0.016
mrt,Mauritania,1923,0.016
mrt,Mauritania,1924,0.016
mrt,Mauritania,1925,0.017
mrt,Mauritania,1926,0.018
mrt,Mauritania,1927,0.018
mrt,Mauritania,1928,0.017
mrt,Mauritania,1929,0.018
mrt,Mauritania,1930,0.018
mrt,Mauritania,1931,0.019
mrt,Mauritania,1932,0.018
mrt,Mauritania,1933,0.018
mrt,Mauritania,1934,0.019
mrt,Mauritania,1935,0.019
mrt,Mauritania,1936,0.02
mrt,Mauritania,1937,0.021
mrt,Mauritania,1938,0.022
mrt,Mauritania,1939,0.022
mrt,Mauritania,1940,0.023
mrt,Mauritania,1941,0.023
mrt,Mauritania,1942,0.024
mrt,Mauritania,1943,0.025
mrt,Mauritania,1944,0.025
mrt,Mauritania,1945,0.026
mrt,Mauritania,1946,0.027
mrt,Mauritania,1947,0.027
mrt,Mauritania,1948,0.027
mrt,Mauritania,1949,0.029
mrt,Mauritania,1950,0.029
mrt,Mauritania,1951,0.031
mrt,Mauritania,1952,0.031
mrt,Mauritania,1953,0.032
mrt,Mauritania,1954,0.032
mrt,Mauritania,1955,0.034
mrt,Mauritania,1956,0.035
mrt,Mauritania,1957,0.037
mrt,Mauritania,1958,0.04
mrt,Mauritania,1959,0.04
mrt,Mauritania,1960,0.043
mrt,Mauritania,1961,0.054
mrt,Mauritania,1962,0.069
mrt,Mauritania,1963,0.095
mrt,Mauritania,1964,0.123
mrt,Mauritania,1965,0.164
mrt,Mauritania,1966,0.177
mrt,Mauritania,1967,0.189
mrt,Mauritania,1968,0.217
mrt,Mauritania,1969,0.247
mrt,Mauritania,1970,0.374
mrt,Mauritania,1971,0.338
mrt,Mauritania,1972,0.367
mrt,Mauritania,1973,0.374
mrt,Mauritania,1974,0.375
mrt,Mauritania,1975,0.383
mrt,Mauritania,1976,0.377
mrt,Mauritania,1977,0.395
mrt,Mauritania,1978,0.401
mrt,Mauritania,1979,0.404
mrt,Mauritania,1980,0.409
mrt,Mauritania,1981,0.4
mrt,Mauritania,1982,0.541
mrt,Mauritania,1983,0.558
mrt,Mauritania,1984,0.504
mrt,Mauritania,1985,0.369
mrt,Mauritania,1986,0.204
mrt,Mauritania,1987,1.726
mrt,Mauritania,1988,1.651
mrt,Mauritania,1989,1.415
mrt,Mauritania,1990,0.42
mrt,Mauritania,1991,0.416
mrt,Mauritania,1992,0.423
mrt,Mauritania,1993,0.422
mrt,Mauritania,1994,0.424
mrt,Mauritania,1995,0.439
mrt,Mauritania,1996,0.448
mrt,Mauritania,1997,0.443
mrt,Mauritania,1998,0.429
mrt,Mauritania,1999,0.428
mrt,Mauritania,2000,0.424
mrt,Mauritania,2001,0.434
mrt,Mauritania,2002,0.45
mrt,Mauritania,2003,0.452
mrt,Mauritania,2004,0.472
mrt,Mauritania,2005,0.475
mrt,Mauritania,2006,0.457
mrt,Mauritania,2007,0.512
mrt,Mauritania,2008,0.538
mrt,Mauritania,2009,0.578
mrt,Mauritania,2010,0.561
mrt,Mauritania,2011,0.587
mrt,Mauritania,2012,0.629
mrt,Mauritania,2013,0.536
mrt,Mauritania,2014,0.636
mrt,Mauritania,2015,0.609
mrt,Mauritania,2016,0.552
mrt,Mauritania,2017,0.599
mrt,Mauritania,2018,0.605
mrt,Mauritania,2019,0.618
mrt,Mauritania,2020,0.605
mrt,Mauritania,2021,0.648
mrt,Mauritania,2022,0.661
mus,Mauritius,1900,0.148
mus,Mauritius,1901,0.146
mus,Mauritius,1902,0.15
mus,Mauritius,1903,0.154
mus,Mauritius,1904,0.158
mus,Mauritius,1905,0.16
mus,Mauritius,1906,0.162
mus,Mauritius,1907,0.165
mus,Mauritius,1908,0.169
mus,Mauritius,1909,0.171
mus,Mauritius,1910,0.174
mus,Mauritius,1911,0.178
mus,Mauritius,1912,0.188
mus,Mauritius,1913,0.183
mus,Mauritius,1914,0.183
mus,Mauritius,1915,0.18
mus,Mauritius,1916,0.18
mus,Mauritius,1917,0.188
mus,Mauritius,1918,0.192
mus,Mauritius,1919,0.204
mus,Mauritius,1920,0.209
mus,Mauritius,1921,0.215
mus,Mauritius,1922,0.219
mus,Mauritius,1923,0.218
mus,Mauritius,1924,0.227
mus,Mauritius,1925,0.234
mus,Mauritius,1926,0.244
mus,Mauritius,1927,0.251
mus,Mauritius,1928,0.243
mus,Mauritius,1929,0.248
mus,Mauritius,1930,0.256
mus,Mauritius,1931,0.267
mus,Mauritius,1932,0.253
mus,Mauritius,1933,0.253
mus,Mauritius,1934,0.262
mus,Mauritius,1935,0.271
mus,Mauritius,1936,0.281
mus,Mauritius,1937,0.29
mus,Mauritius,1938,0.31
mus,Mauritius,1939,0.311
mus,Mauritius,1940,0.316
mus,Mauritius,1941,0.326
mus,Mauritius,1942,0.334
mus,Mauritius,1943,0.348
mus,Mauritius,1944,0.351
mus,Mauritius,1945,0.362
mus,Mauritius,1946,0.377
mus,Mauritius,1947,0.373
mus,Mauritius,1948,0.381
mus,Mauritius,1949,0.403
mus,Mauritius,1950,0.409
mus,Mauritius,1951,0.275
mus,Mauritius,1952,0.338
mus,Mauritius,1953,0.348
mus,Mauritius,1954,0.338
mus,Mauritius,1955,0.225
mus,Mauritius,1956,0.374
mus,Mauritius,1957,0.363
mus,Mauritius,1958,0.335
mus,Mauritius,1959,0.349
mus,Mauritius,1960,0.272
mus,Mauritius,1961,0.276
mus,Mauritius,1962,0.363
mus,Mauritius,1963,0.292
mus,Mauritius,1964,0.421
mus,Mauritius,1965,0.409
mus,Mauritius,1966,0.366
mus,Mauritius,1967,0.664
mus,Mauritius,1968,0.862
mus,Mauritius,1969,0.798
mus,Mauritius,1970,0.731
mus,Mauritius,1971,0.621
mus,Mauritius,1972,1.174
mus,Mauritius,1973,1.267
mus,Mauritius,1974,1.423
mus,Mauritius,1975,1.326
mus,Mauritius,1976,1.507
mus,Mauritius,1977,1.663
mus,Mauritius,1978,1.712
mus,Mauritius,1979,1.84
mus,Mauritius,1980,1.658
mus,Mauritius,1981,1.505
mus,Mauritius,1982,1.367
mus,Mauritius,1983,1.251
mus,Mauritius,1984,1.474
mus,Mauritius,1985,1.533
mus,Mauritius,1986,1.716
mus,Mauritius,1987,1.924
mus,Mauritius,1988,2.227
mus,Mauritius,1989,2.029
mus,Mauritius,1990,2.479
mus,Mauritius,1991,2.582
mus,Mauritius,1992,2.837
mus,Mauritius,1993,2.877
mus,Mauritius,1994,2.837
mus,Mauritius,1995,3.043
mus,Mauritius,1996,3.493
mus,Mauritius,1997,3.438
mus,Mauritius,1998,3.194
mus,Mauritius,1999,3.396
mus,Mauritius,2000,4.072
mus,Mauritius,2001,3.908
mus,Mauritius,2002,3.918
mus,Mauritius,2003,3.81
mus,Mauritius,2004,4.079
mus,Mauritius,2005,3.554
mus,Mauritius,2006,3.816
mus,Mauritius,2007,3.74
mus,Mauritius,2008,4.182
mus,Mauritius,2009,3.824
mus,Mauritius,2010,3.829
mus,Mauritius,2011,3.884
mus,Mauritius,2012,3.943
mus,Mauritius,2013,4.056
mus,Mauritius,2014,4.18
mus,Mauritius,2015,3.962
mus,Mauritius,2016,4.2
mus,Mauritius,2017,4.486
mus,Mauritius,2018,4.561
mus,Mauritius,2019,4.582
mus,Mauritius,2020,4.472
mus,Mauritius,2021,4.785
mus,Mauritius,2022,4.881
mwi,Malawi,1900,0.034
mwi,Malawi,1901,0.034
mwi,Malawi,1902,0.035
mwi,Malawi,1903,0.036
mwi,Malawi,1904,0.037
mwi,Malawi,1905,0.037
mwi,Malawi,1906,0.038
mwi,Malawi,1907,0.038
mwi,Malawi,1908,0.039
mwi,Malawi,1909,0.04
mwi,Malawi,1910,0.04
mwi,Malawi,1911,0.041
mwi,Malawi,1912,0.043
mwi,Malawi,1913,0.042
mwi,Malawi,1914,0.042
mwi,Malawi,1915,0.042
mwi,Malawi,1916,0.042
mwi,Malawi,1917,0.043
mwi,Malawi,1918,0.044
mwi,Malawi,1919,0.047
mwi,Malawi,1920,0.048
mwi,Malawi,1921,0.05
mwi,Malawi,1922,0.051
mwi,Malawi,1923,0.051
mwi,Malawi,1924,0.052
mwi,Malawi,1925,0.054
mwi,Malawi,1926,0.056
mwi,Malawi,1927,0.058
mwi,Malawi,1928,0.056
mwi,Malawi,1929,0.057
mwi,Malawi,1930,0.059
mwi,Malawi,1931,0.062
mwi,Malawi,1932,0.058
mwi,Malawi,1933,0.059
mwi,Malawi,1934,0.061
mwi,Malawi,1935,0.063
mwi,Malawi,1936,0.065
mwi,Malawi,1937,0.067
mwi,Malawi,1938,0.072
mwi,Malawi,1939,0.072
mwi,Malawi,1940,0.073
mwi,Malawi,1941,0.076
mwi,Malawi,1942,0.077
mwi,Malawi,1943,0.08
mwi,Malawi,1944,0.081
mwi,Malawi,1945,0.084
mwi,Malawi,1946,0.087
mwi,Malawi,1947,0.086
mwi,Malawi,1948,0.088
mwi,Malawi,1949,0.093
mwi,Malawi,1950,0.095
mwi,Malawi,1951,0.1
mwi,Malawi,1952,0.099
mwi,Malawi,1953,0.102
mwi,Malawi,1954,0.104
mwi,Malawi,1955,0.108
mwi,Malawi,1956,0.113
mwi,Malawi,1957,0.118
mwi,Malawi,1958,0.128
mwi,Malawi,1959,0.129
mwi,Malawi,1960,0.12
mwi,Malawi,1961,0.1
mwi,Malawi,1962,0.094
mwi,Malawi,1963,0.088
mwi,Malawi,1964,0.082
mwi,Malawi,1965,0.085
mwi,Malawi,1966,0.104
mwi,Malawi,1967,0.089
mwi,Malawi,1968,0.096
mwi,Malawi,1969,0.097
mwi,Malawi,1970,0.122
mwi,Malawi,1971,0.145
mwi,Malawi,1972,0.172
mwi,Malawi,1973,0.198
mwi,Malawi,1974,0.21
mwi,Malawi,1975,0.242
mwi,Malawi,1976,0.262
mwi,Malawi,1977,0.304
mwi,Malawi,1978,0.331
mwi,Malawi,1979,0.319
mwi,Malawi,1980,0.354
mwi,Malawi,1981,0.293
mwi,Malawi,1982,0.243
mwi,Malawi,1983,0.233
mwi,Malawi,1984,0.22
mwi,Malawi,1985,0.206
mwi,Malawi,1986,0.197
mwi,Malawi,1987,0.185
mwi,Malawi,1988,0.172
mwi,Malawi,1989,0.161
mwi,Malawi,1990,0.159
mwi,Malawi,1991,0.157
mwi,Malawi,1992,0.152
mwi,Malawi,1993,0.167
mwi,Malawi,1994,0.173
mwi,Malawi,1995,0.18
mwi,Malawi,1996,0.2
mwi,Malawi,1997,0.196
mwi,Malawi,1998,0.187
mwi,Malawi,1999,0.179
mwi,Malawi,2000,0.073
mwi,Malawi,2001,0.064
mwi,Malawi,2002,0.07
mwi,Malawi,2003,0.08
mwi,Malawi,2004,0.068
mwi,Malawi,2005,0.065
mwi,Malawi,2006,0.071
mwi,Malawi,2007,0.066
mwi,Malawi,2008,0.073
mwi,Malawi,2009,0.068
mwi,Malawi,2010,0.065
mwi,Malawi,2011,0.07
mwi,Malawi,2012,0.072
mwi,Malawi,2013,0.065
mwi,Malawi,2014,0.056
mwi,Malawi,2015,0.057
mwi,Malawi,2016,0.07
mwi,Malawi,2017,0.07
mwi,Malawi,2018,0.137
mwi,Malawi,2019,0.136
mwi,Malawi,2020,0.127
mwi,Malawi,2021,0.136
mwi,Malawi,2022,0.139
mys,Malaysia,1900,0.15
mys,Malaysia,1901,0.152
mys,Malaysia,1902,0.155
mys,Malaysia,1903,0.157
mys,Malaysia,1904,0.158
mys,Malaysia,1905,0.16
mys,Malaysia,1906,0.162
mys,Malaysia,1907,0.164
mys,Malaysia,1908,0.166
mys,Malaysia,1909,0.169
mys,Malaysia,1910,0.171
mys,Malaysia,1911,0.174
mys,Malaysia,1912,0.176
mys,Malaysia,1913,0.18
mys,Malaysia,1914,0.186
mys,Malaysia,1915,0.188
mys,Malaysia,1916,0.19
mys,Malaysia,1917,0.193
mys,Malaysia,1918,0.198
mys,Malaysia,1919,0.201
mys,Malaysia,1920,0.207
mys,Malaysia,1921,0.206
mys,Malaysia,1922,0.207
mys,Malaysia,1923,0.209
mys,Malaysia,1924,0.213
mys,Malaysia,1925,0.217
mys,Malaysia,1926,0.22
mys,Malaysia,1927,0.221
mys,Malaysia,1928,0.22
mys,Malaysia,1929,0.227
mys,Malaysia,1930,0.23
mys,Malaysia,1931,0.232
mys,Malaysia,1932,0.231
mys,Malaysia,1933,0.232
mys,Malaysia,1934,0.238
mys,Malaysia,1935,0.241
mys,Malaysia,1936,0.246
mys,Malaysia,1937,0.248
mys,Malaysia,1938,0.249
mys,Malaysia,1939,0.252
mys,Malaysia,1940,0.258
mys,Malaysia,1941,0.265
mys,Malaysia,1942,0.271
mys,Malaysia,1943,0.274
mys,Malaysia,1944,0.273
mys,Malaysia,1945,0.274
mys,Malaysia,1946,0.26
mys,Malaysia,1947,0.253
mys,Malaysia,1948,0.27
mys,Malaysia,1949,0.274
mys,Malaysia,1950,0.283
mys,Malaysia,1951,0.291
mys,Malaysia,1952,0.313
mys,Malaysia,1953,0.324
mys,Malaysia,1954,0.338
mys,Malaysia,1955,0.346
mys,Malaysia,1956,0.358
mys,Malaysia,1957,0.379
mys,Malaysia,1958,0.394
mys,Malaysia,1959,0.403
mys,Malaysia,1960,0.516
mys,Malaysia,1961,0.557
mys,Malaysia,1962,0.55
mys,Malaysia,1963,0.65
mys,Malaysia,1964,0.801
mys,Malaysia,1965,0.882
mys,Malaysia,1966,1.008
mys,Malaysia,1967,1.015
mys,Malaysia,1968,1.033
mys,Malaysia,1969,0.881
mys,Malaysia,1970,1.386
mys,Malaysia,1971,1.566
mys,Malaysia,1972,1.67
mys,Malaysia,1973,1.625
mys,Malaysia,1974,1.764
mys,Malaysia,1975,1.797
mys,Malaysia,1976,2.202
mys,Malaysia,1977,2.072
mys,Malaysia,1978,2.11
mys,Malaysia,1979,2.443
mys,Malaysia,1980,2.46
mys,Malaysia,1981,2.646
mys,Malaysia,1982,2.845
mys,Malaysia,1983,2.757
mys,Malaysia,1984,3.343
mys,Malaysia,1985,2.982
mys,Malaysia,1986,3.033
mys,Malaysia,1987,3.255
mys,Malaysia,1988,3.222
mys,Malaysia,1989,3.279
mys,Malaysia,1990,3.721
mys,Malaysia,1991,3.994
mys,Malaysia,1992,4.344
mys,Malaysia,1993,4.518
mys,Malaysia,1994,4.465
mys,Malaysia,1995,4.918
mys,Malaysia,1996,4.867
mys,Malaysia,1997,5.278
mys,Malaysia,1998,3.624
mys,Malaysia,1999,4.211
mys,Malaysia,2000,4.941
mys,Malaysia,2001,5.047
mys,Malaysia,2002,5.165
mys,Malaysia,2003,5.147
mys,Malaysia,2004,5.309
mys,Malaysia,2005,5.46
mys,Malaysia,2006,5.312
mys,Malaysia,2007,5.566
mys,Malaysia,2008,6.056
mys,Malaysia,2009,5.595
mys,Malaysia,2010,6.407
mys,Malaysia,2011,6.624
mys,Malaysia,2012,7.065
mys,Malaysia,2013,7.916
mys,Malaysia,2014,7.796
mys,Malaysia,2015,7.292
mys,Malaysia,2016,7.336
mys,Malaysia,2017,7.13
mys,Malaysia,2018,7.667
mys,Malaysia,2019,7.584
mys,Malaysia,2020,7.281
mys,Malaysia,2021,7.35
mys,Malaysia,2022,7.497
nam,Namibia,1900,0.068
nam,Namibia,1901,0.067
nam,Namibia,1902,0.069
nam,Namibia,1903,0.071
nam,Namibia,1904,0.073
nam,Namibia,1905,0.074
nam,Namibia,1906,0.075
nam,Namibia,1907,0.076
nam,Namibia,1908,0.078
nam,Namibia,1909,0.079
nam,Namibia,1910,0.08
nam,Namibia,1911,0.082
nam,Namibia,1912,0.086
nam,Namibia,1913,0.084
nam,Namibia,1914,0.084
nam,Namibia,1915,0.083
nam,Namibia,1916,0.083
nam,Namibia,1917,0.086
nam,Namibia,1918,0.088
nam,Namibia,1919,0.094
nam,Namibia,1920,0.096
nam,Namibia,1921,0.099
nam,Namibia,1922,0.101
nam,Namibia,1923,0.1
nam,Namibia,1924,0.104
nam,Namibia,1925,0.107
nam,Namibia,1926,0.112
nam,Namibia,1927,0.115
nam,Namibia,1928,0.112
nam,Namibia,1929,0.114
nam,Namibia,1930,0.118
nam,Namibia,1931,0.123
nam,Namibia,1932,0.116
nam,Namibia,1933,0.116
nam,Namibia,1934,0.12
nam,Namibia,1935,0.125
nam,Namibia,1936,0.129
nam,Namibia,1937,0.133
nam,Namibia,1938,0.142
nam,Namibia,1939,0.143
nam,Namibia,1940,0.145
nam,Namibia,1941,0.15
nam,Namibia,1942,0.154
nam,Namibia,1943,0.16
nam,Namibia,1944,0.162
nam,Namibia,1945,0.167
nam,Namibia,1946,0.173
nam,Namibia,1947,0.172
nam,Namibia,1948,0.175
nam,Namibia,1949,0.186
nam,Namibia,1950,0.188
nam,Namibia,1951,0.199
nam,Namibia,1952,0.196
nam,Namibia,1953,0.202
nam,Namibia,1954,0.207
nam,Namibia,1955,0.215
nam,Namibia,1956,0.224
nam,Namibia,1957,0.234
nam,Namibia,1958,0.254
nam,Namibia,1959,0.256
nam,Namibia,1960,0.259
nam,Namibia,1961,0.269
nam,Namibia,1962,0.272
nam,Namibia,1963,0.277
nam,Namibia,1964,0.281
nam,Namibia,1965,0.3
nam,Namibia,1966,0.316
nam,Namibia,1967,0.321
nam,Namibia,1968,0.323
nam,Namibia,1969,0.334
nam,Namibia,1970,0.335
nam,Namibia,1971,0.353
nam,Namibia,1972,0.37
nam,Namibia,1973,0.381
nam,Namibia,1974,0.397
nam,Namibia,1975,0.411
nam,Namibia,1976,0.431
nam,Namibia,1977,0.451
nam,Namibia,1978,0.466
nam,Namibia,1979,0.478
nam,Namibia,1980,0.507
nam,Namibia,1981,0.523
nam,Namibia,1982,0.566
nam,Namibia,1983,0.592
nam,Namibia,1984,0.615
nam,Namibia,1985,0.634
nam,Namibia,1986,0.654
nam,Namibia,1987,0.67
nam,Namibia,1988,0.686
nam,Namibia,1989,0.722
nam,Namibia,1990,0.725
nam,Namibia,1991,0.741
nam,Namibia,1992,0.783
nam,Namibia,1993,0.915
nam,Namibia,1994,1.003
nam,Namibia,1995,1.003
nam,Namibia,1996,1.038
nam,Namibia,1997,1.039
nam,Namibia,1998,1.041
nam,Namibia,1999,0.93
nam,Namibia,2000,0.861
nam,Namibia,2001,1.075
nam,Namibia,2002,0.851
nam,Namibia,2003,0.875
nam,Namibia,2004,0.985
nam,Namibia,2005,1.144
nam,Namibia,2006,1.093
nam,Namibia,2007,1.254
nam,Namibia,2008,1.593
nam,Namibia,2009,1.43
nam,Namibia,2010,3.561
nam,Namibia,2011,3.467
nam,Namibia,2012,4.408
nam,Namibia,2013,4.367
nam,Namibia,2014,5.345
nam,Namibia,2015,5.046
nam,Namibia,2016,5.023
nam,Namibia,2017,4.088
nam,Namibia,2018,3.778
nam,Namibia,2019,3.824
nam,Namibia,2020,3.634
nam,Namibia,2021,3.888
nam,Namibia,2022,3.966
ner,Niger,1900,0.002
ner,Niger,1901,0.002
ner,Niger,1902,0.002
ner,Niger,1903,0.002
ner,Niger,1904,0.002
ner,Niger,1905,0.002
ner,Niger,1906,0.002
ner,Niger,1907,0.002
ner,Niger,1908,0.002
ner,Niger,1909,0.002
ner,Niger,1910,0.003
ner,Niger,1911,0.003
ner,Niger,1912,0.003
ner,Niger,1913,0.003
ner,Niger,1914,0.003
ner,Niger,1915,0.003
ner,Niger,1916,0.003
ner,Niger,1917,0.003
ner,Niger,1918,0.003
ner,Niger,1919,0.003
ner,Niger,1920,0.003
ner,Niger,1921,0.003
ner,Niger,1922,0.003
ner,Niger,1923,0.003
ner,Niger,1924,0.003
ner,Niger,1925,0.003
ner,Niger,1926,0.004
ner,Niger,1927,0.004
ner,Niger,1928,0.004
ner,Niger,1929,0.004
ner,Niger,1930,0.004
ner,Niger,1931,0.004
ner,Niger,1932,0.004
ner,Niger,1933,0.004
ner,Niger,1934,0.004
ner,Niger,1935,0.004
ner,Niger,1936,0.004
ner,Niger,1937,0.004
ner,Niger,1938,0.004
ner,Niger,1939,0.005
ner,Niger,1940,0.005
ner,Niger,1941,0.005
ner,Niger,1942,0.005
ner,Niger,1943,0.005
ner,Niger,1944,0.005
ner,Niger,1945,0.005
ner,Niger,1946,0.005
ner,Niger,1947,0.005
ner,Niger,1948,0.006
ner,Niger,1949,0.006
ner,Niger,1950,0.006
ner,Niger,1951,0.006
ner,Niger,1952,0.006
ner,Niger,1953,0.006
ner,Niger,1954,0.007
ner,Niger,1955,0.007
ner,Niger,1956,0.007
ner,Niger,1957,0.007
ner,Niger,1958,0.008
ner,Niger,1959,0.007
ner,Niger,1960,0.009
ner,Niger,1961,0.016
ner,Niger,1962,0.018
ner,Niger,1963,0.024
ner,Niger,1964,0.025
ner,Niger,1965,0.023
ner,Niger,1966,0.034
ner,Niger,1967,0.032
ner,Niger,1968,0.038
ner,Niger,1969,0.043
ner,Niger,1970,0.048
ner,Niger,1971,0.05
ner,Niger,1972,0.053
ner,Niger,1973,0.067
ner,Niger,1974,0.057
ner,Niger,1975,0.064
ner,Niger,1976,0.062
ner,Niger,1977,0.067
ner,Niger,1978,0.074
ner,Niger,1979,0.082
ner,Niger,1980,0.095
ner,Niger,1981,0.111
ner,Niger,1982,0.118
ner,Niger,1983,0.147
ner,Niger,1984,0.148
ner,Niger,1985,0.144
ner,Niger,1986,0.126
ner,Niger,1987,0.136
ner,Niger,1988,0.131
ner,Niger,1989,0.134
ner,Niger,1990,0.075
ner,Niger,1991,0.069
ner,Niger,1992,0.062
ner,Niger,1993,0.068
ner,Niger,1994,0.063
ner,Niger,1995,0.059
ner,Niger,1996,0.065
ner,Niger,1997,0.064
ner,Niger,1998,0.066
ner,Niger,1999,0.062
ner,Niger,2000,0.061
ner,Niger,2001,0.056
ner,Niger,2002,0.057
ner,Niger,2003,0.06
ner,Niger,2004,0.062
ner,Niger,2005,0.052
ner,Niger,2006,0.049
ner,Niger,2007,0.049
ner,Niger,2008,0.053
ner,Niger,2009,0.061
ner,Niger,2010,0.071
ner,Niger,2011,0.077
ner,Niger,2012,0.099
ner,Niger,2013,0.102
ner,Niger,2014,0.107
ner,Niger,2015,0.101
ner,Niger,2016,0.097
ner,Niger,2017,0.103
ner,Niger,2018,0.103
ner,Niger,2019,0.106
ner,Niger,2020,0.104
ner,Niger,2021,0.111
ner,Niger,2022,0.113
nga,Nigeria,1900,0.001
nga,Nigeria,1901,0.001
nga,Nigeria,1902,0.001
nga,Nigeria,1903,0.001
nga,Nigeria,1904,0.001
nga,Nigeria,1905,0.001
nga,Nigeria,1906,0.001
nga,Nigeria,1907,0.001
nga,Nigeria,1908,0.001
nga,Nigeria,1909,0.001
nga,Nigeria,1910,0.001
nga,Nigeria,1911,0.001
nga,Nigeria,1912,0.001
nga,Nigeria,1913,0.001
nga,Nigeria,1914,0.001
nga,Nigeria,1915,0.001
nga,Nigeria,1916,0.003
nga,Nigeria,1917,0.01
nga,Nigeria,1918,0.018
nga,Nigeria,1919,0.016
nga,Nigeria,1920,0.021
nga,Nigeria,1921,0.024
nga,Nigeria,1922,0.013
nga,Nigeria,1923,0.019
nga,Nigeria,1924,0.022
nga,Nigeria,1925,0.026
nga,Nigeria,1926,0.034
nga,Nigeria,1927,0.037
nga,Nigeria,1928,0.037
nga,Nigeria,1929,0.035
nga,Nigeria,1930,0.034
nga,Nigeria,1931,0.032
nga,Nigeria,1932,0.024
nga,Nigeria,1933,0.022
nga,Nigeria,1934,0.024
nga,Nigeria,1935,0.024
nga,Nigeria,1936,0.026
nga,Nigeria,1937,0.032
nga,Nigeria,1938,0.032
nga,Nigeria,1939,0.026
nga,Nigeria,1940,0.026
nga,Nigeria,1941,0.031
nga,Nigeria,1942,0.038
nga,Nigeria,1943,0.041
nga,Nigeria,1944,0.049
nga,Nigeria,1945,0.04
nga,Nigeria,1946,0.047
nga,Nigeria,1947,0.044
nga,Nigeria,1948,0.045
nga,Nigeria,1949,0.04
nga,Nigeria,1950,0.06
nga,Nigeria,1951,0.044
nga,Nigeria,1952,0.056
nga,Nigeria,1953,0.061
nga,Nigeria,1954,0.064
nga,Nigeria,1955,0.066
nga,Nigeria,1956,0.072
nga,Nigeria,1957,0.075
nga,Nigeria,1958,0.086
nga,Nigeria,1959,0.081
nga,Nigeria,1960,0.075
nga,Nigeria,1961,0.089
nga,Nigeria,1962,0.089
nga,Nigeria,1963,0.111
nga,Nigeria,1964,0.148
nga,Nigeria,1965,0.234
nga,Nigeria,1966,0.252
nga,Nigeria,1967,0.245
nga,Nigeria,1968,0.124
nga,Nigeria,1969,0.22
nga,Nigeria,1970,0.381
nga,Nigeria,1971,0.556
nga,Nigeria,1972,0.692
nga,Nigeria,1973,0.803
nga,Nigeria,1974,0.975
nga,Nigeria,1975,0.716
nga,Nigeria,1976,0.803
nga,Nigeria,1977,0.707
nga,Nigeria,1978,0.651
nga,Nigeria,1979,0.915
nga,Nigeria,1980,0.859
nga,Nigeria,1981,0.809
nga,Nigeria,1982,0.762
nga,Nigeria,1983,0.737
nga,Nigeria,1984,0.656
nga,Nigeria,1985,0.744
nga,Nigeria,1986,0.728
nga,Nigeria,1987,0.745
nga,Nigeria,1988,0.585
nga,Nigeria,1989,0.68
nga,Nigeria,1990,0.396
nga,Nigeria,1991,0.407
nga,Nigeria,1992,0.437
nga,Nigeria,1993,0.425
nga,Nigeria,1994,0.349
nga,Nigeria,1995,0.311
nga,Nigeria,1996,0.329
nga,Nigeria,1997,0.393
nga,Nigeria,1998,0.367
nga,Nigeria,1999,0.293
nga,Nigeria,2000,0.384
nga,Nigeria,2001,0.536
nga,Nigeria,2002,0.6
nga,Nigeria,2003,0.614
nga,Nigeria,2004,0.636
nga,Nigeria,2005,0.686
nga,Nigeria,2006,0.511
nga,Nigeria,2007,0.59
nga,Nigeria,2008,0.595
nga,Nigeria,2009,0.529
nga,Nigeria,2010,0.602
nga,Nigeria,2011,0.602
nga,Nigeria,2012,0.447
nga,Nigeria,2013,0.641
nga,Nigeria,2014,0.654
nga,Nigeria,2015,0.633
nga,Nigeria,2016,0.625
nga,Nigeria,2017,0.559
nga,Nigeria,2018,0.506
nga,Nigeria,2019,0.583
nga,Nigeria,2020,0.634
nga,Nigeria,2021,0.678
nga,Nigeria,2022,0.692
nic,Nicaragua,1900,0.002
nic,Nicaragua,1901,0.002
nic,Nicaragua,1902,0.002
nic,Nicaragua,1903,0.003
nic,Nicaragua,1904,0.003
nic,Nicaragua,1905,0.003
nic,Nicaragua,1906,0.003
nic,Nicaragua,1907,0.003
nic,Nicaragua,1908,0.003
nic,Nicaragua,1909,0.004
nic,Nicaragua,1910,0.004
nic,Nicaragua,1911,0.004
nic,Nicaragua,1912,0.004
nic,Nicaragua,1913,0.004
nic,Nicaragua,1914,0.004
nic,Nicaragua,1915,0.004
nic,Nicaragua,1916,0.004
nic,Nicaragua,1917,0.004
nic,Nicaragua,1918,0.004
nic,Nicaragua,1919,0.004
nic,Nicaragua,1920,0.004
nic,Nicaragua,1921,0.004
nic,Nicaragua,1922,0.004
nic,Nicaragua,1923,0.004
nic,Nicaragua,1924,0.004
nic,Nicaragua,1925,0.005
nic,Nicaragua,1926,0.005
nic,Nicaragua,1927,0.005
nic,Nicaragua,1928,0.005
nic,Nicaragua,1929,0.006
nic,Nicaragua,1930,0.006
nic,Nicaragua,1931,0.006
nic,Nicaragua,1932,0.006
nic,Nicaragua,1933,0.006
nic,Nicaragua,1934,0.006
nic,Nicaragua,1935,0.006
nic,Nicaragua,1936,0.006
nic,Nicaragua,1937,0.006
nic,Nicaragua,1938,0.007
nic,Nicaragua,1939,0.007
nic,Nicaragua,1940,0.007
nic,Nicaragua,1941,0.007
nic,Nicaragua,1942,0.007
nic,Nicaragua,1943,0.007
nic,Nicaragua,1944,0.003
nic,Nicaragua,1945,0.007
nic,Nicaragua,1946,0.003
nic,Nicaragua,1947,0.006
nic,Nicaragua,1948,0.006
nic,Nicaragua,1949,0.006
nic,Nicaragua,1950,0.147
nic,Nicaragua,1951,0.151
nic,Nicaragua,1952,0.2
nic,Nicaragua,1953,0.202
nic,Nicaragua,1954,0.216
nic,Nicaragua,1955,0.26
nic,Nicaragua,1956,0.242
nic,Nicaragua,1957,0.26
nic,Nicaragua,1958,0.362
nic,Nicaragua,1959,0.28
nic,Nicaragua,1960,0.3
nic,Nicaragua,1961,0.307
nic,Nicaragua,1962,0.35
nic,Nicaragua,1963,0.434
nic,Nicaragua,1964,0.474
nic,Nicaragua,1965,0.379
nic,Nicaragua,1966,0.455
nic,Nicaragua,1967,0.501
nic,Nicaragua,1968,0.562
nic,Nicaragua,1969,0.582
nic,Nicaragua,1970,0.634
nic,Nicaragua,1971,0.687
nic,Nicaragua,1972,0.745
nic,Nicaragua,1973,0.87
nic,Nicaragua,1974,0.955
nic,Nicaragua,1975,0.973
nic,Nicaragua,1976,1.153
nic,Nicaragua,1977,1.498
nic,Nicaragua,1978,1.402
nic,Nicaragua,1979,0.91
nic,Nicaragua,1980,1.06
nic,Nicaragua,1981,1.088
nic,Nicaragua,1982,1.116
nic,Nicaragua,1983,1.073
nic,Nicaragua,1984,0.988
nic,Nicaragua,1985,0.89
nic,Nicaragua,1986,0.934
nic,Nicaragua,1987,1.036
nic,Nicaragua,1988,1.092
nic,Nicaragua,1989,0.985
nic,Nicaragua,1990,0.632
nic,Nicaragua,1991,0.609
nic,Nicaragua,1992,0.713
nic,Nicaragua,1993,0.664
nic,Nicaragua,1994,0.697
nic,Nicaragua,1995,0.724
nic,Nicaragua,1996,0.709
nic,Nicaragua,1997,0.771
nic,Nicaragua,1998,0.841
nic,Nicaragua,1999,0.893
nic,Nicaragua,2000,0.86
nic,Nicaragua,2001,0.879
nic,Nicaragua,2002,0.864
nic,Nicaragua,2003,0.937
nic,Nicaragua,2004,0.954
nic,Nicaragua,2005,0.939
nic,Nicaragua,2006,1.024
nic,Nicaragua,2007,1.095
nic,Nicaragua,2008,0.993
nic,Nicaragua,2009,0.956
nic,Nicaragua,2010,0.912
nic,Nicaragua,2011,0.92
nic,Nicaragua,2012,0.941
nic,Nicaragua,2013,0.938
nic,Nicaragua,2014,1.032
nic,Nicaragua,2015,1.172
nic,Nicaragua,2016,1.159
nic,Nicaragua,2017,1.114
nic,Nicaragua,2018,1.046
nic,Nicaragua,2019,1.001
nic,Nicaragua,2020,0.865
nic,Nicaragua,2021,0.925
nic,Nicaragua,2022,0.944
nld,Netherlands,1900,2.86
nld,Netherlands,1901,2.76
nld,Netherlands,1902,2.72
nld,Netherlands,1903,2.869
nld,Netherlands,1904,2.99
nld,Netherlands,1905,3.027
nld,Netherlands,1906,3.247
nld,Netherlands,1907,3.294
nld,Netherlands,1908,3.309
nld,Netherlands,1909,3.434
nld,Netherlands,1910,3.542
nld,Netherlands,1911,3.7
nld,Netherlands,1912,4.117
nld,Netherlands,1913,4.486
nld,Netherlands,1914,4.145
nld,Netherlands,1915,3.882
nld,Netherlands,1916,3.493
nld,Netherlands,1917,1.33
nld,Netherlands,1918,2.201
nld,Netherlands,1919,3.282
nld,Netherlands,1920,3.263
nld,Netherlands,1921,3.371
nld,Netherlands,1922,3.902
nld,Netherlands,1923,3.837
nld,Netherlands,1924,4.256
nld,Netherlands,1925,4.607
nld,Netherlands,1926,4.642
nld,Netherlands,1927,5.062
nld,Netherlands,1928,4.997
nld,Netherlands,1929,5.352
nld,Netherlands,1930,5.22
nld,Netherlands,1931,5.681
nld,Netherlands,1932,5.17
nld,Netherlands,1933,4.758
nld,Netherlands,1934,4.709
nld,Netherlands,1935,4.489
nld,Netherlands,1936,4.749
nld,Netherlands,1937,5.176
nld,Netherlands,1938,5.034
nld,Netherlands,1939,4.674
nld,Netherlands,1940,3.793
nld,Netherlands,1941,4.159
nld,Netherlands,1942,3.826
nld,Netherlands,1943,3.813
nld,Netherlands,1944,2.514
nld,Netherlands,1945,1.558
nld,Netherlands,1946,3.265
nld,Netherlands,1947,4.622
nld,Netherlands,1948,4.834
nld,Netherlands,1949,5.098
nld,Netherlands,1950,5.112
nld,Netherlands,1951,5.411
nld,Netherlands,1952,5.318
nld,Netherlands,1953,5.302
nld,Netherlands,1954,5.529
nld,Netherlands,1955,5.7
nld,Netherlands,1956,6.002
nld,Netherlands,1957,5.862
nld,Netherlands,1958,5.99
nld,Netherlands,1959,5.947
nld,Netherlands,1960,6.42
nld,Netherlands,1961,6.538
nld,Netherlands,1962,7.085
nld,Netherlands,1963,7.651
nld,Netherlands,1964,8.02
nld,Netherlands,1965,8.223
nld,Netherlands,1966,8.395
nld,Netherlands,1967,8.578
nld,Netherlands,1968,9.074
nld,Netherlands,1969,9.249
nld,Netherlands,1970,11.361
nld,Netherlands,1971,11.364
nld,Netherlands,1972,12.897
nld,Netherlands,1973,13.784
nld,Netherlands,1974,13.644
nld,Netherlands,1975,13.328
nld,Netherlands,1976,15.139
nld,Netherlands,1977,14.962
nld,Netherlands,1978,15.791
nld,Netherlands,1979,17.572
nld,Netherlands,1980,16.642
nld,Netherlands,1981,15.38
nld,Netherlands,1982,14.214
nld,Netherlands,1983,11.504
nld,Netherlands,1984,11.78
nld,Netherlands,1985,12.294
nld,Netherlands,1986,12.476
nld,Netherlands,1987,12.156
nld,Netherlands,1988,12.71
nld,Netherlands,1989,12.141
nld,Netherlands,1990,13.395
nld,Netherlands,1991,13.836
nld,Netherlands,1992,15.625
nld,Netherlands,1993,14.296
nld,Netherlands,1994,13.936
nld,Netherlands,1995,14.062
nld,Netherlands,1996,13.825
nld,Netherlands,1997,13.378
nld,Netherlands,1998,13.618
nld,Netherlands,1999,9.168
nld,Netherlands,2000,8.1
nld,Netherlands,2001,7.897
nld,Netherlands,2002,8.151
nld,Netherlands,2003,11.254
nld,Netherlands,2004,11.694
nld,Netherlands,2005,13.415
nld,Netherlands,2006,14.262
nld,Netherlands,2007,12.084
nld,Netherlands,2008,13.479
nld,Netherlands,2009,11.738
nld,Netherlands,2010,13.359
nld,Netherlands,2011,12.593
nld,Netherlands,2012,11.25
nld,Netherlands,2013,11.195
nld,Netherlands,2014,10.081
nld,Netherlands,2015,9.94
nld,Netherlands,2016,9.914
nld,Netherlands,2017,9.783
nld,Netherlands,2018,9.799
nld,Netherlands,2019,9.584
nld,Netherlands,2020,8.666
nld,Netherlands,2021,8.858
nld,Netherlands,2022,8.769
nor,Norway,1900,1.869
nor,Norway,1901,1.738
nor,Norway,1902,1.879
nor,Norway,1903,1.865
nor,Norway,1904,1.817
nor,Norway,1905,1.8
nor,Norway,1906,1.821
nor,Norway,1907,2.048
nor,Norway,1908,2.432
nor,Norway,1909,2.434
nor,Norway,1910,2.488
nor,Norway,1911,2.524
nor,Norway,1912,2.83
nor,Norway,1913,2.818
nor,Norway,1914,3.109
nor,Norway,1915,3.373
nor,Norway,1916,3.121
nor,Norway,1917,1.368
nor,Norway,1918,1.725
nor,Norway,1919,2.031
nor,Norway,1920,2.018
nor,Norway,1921,1.274
nor,Norway,1922,2.431
nor,Norway,1923,2.531
nor,Norway,1924,2.861
nor,Norway,1925,2.795
nor,Norway,1926,2.326
nor,Norway,1927,3.101
nor,Norway,1928,3.052
nor,Norway,1929,3.416
nor,Norway,1930,3.113
nor,Norway,1931,2.867
nor,Norway,1932,3.046
nor,Norway,1933,3.216
nor,Norway,1934,3.305
nor,Norway,1935,3.389
nor,Norway,1936,3.597
nor,Norway,1937,4.028
nor,Norway,1938,3.568
nor,Norway,1939,4.234
nor,Norway,1940,2.187
nor,Norway,1941,1.604
nor,Norway,1942,1.529
nor,Norway,1943,1.782
nor,Norway,1944,1.582
nor,Norway,1945,1.289
nor,Norway,1946,2.251
nor,Norway,1947,3.351
nor,Norway,1948,3.43
nor,Norway,1949,3.22
nor,Norway,1950,2.585
nor,Norway,1951,2.874
nor,Norway,1952,2.908
nor,Norway,1953,2.909
nor,Norway,1954,2.911
nor,Norway,1955,3.331
nor,Norway,1956,3.457
nor,Norway,1957,3.256
nor,Norway,1958,3.179
nor,Norway,1959,3.326
nor,Norway,1960,3.656
nor,Norway,1961,3.696
nor,Norway,1962,3.867
nor,Norway,1963,4.084
nor,Norway,1964,4.379
nor,Norway,1965,4.404
nor,Norway,1966,5.209
nor,Norway,1967,5.105
nor,Norway,1968,5.538
nor,Norway,1969,5.775
nor,Norway,1970,7.224
nor,Norway,1971,6.962
nor,Norway,1972,7.479
nor,Norway,1973,7.705
nor,Norway,1974,6.957
nor,Norway,1975,7.65
nor,Norway,1976,8.297
nor,Norway,1977,8.261
nor,Norway,1978,8.066
nor,Norway,1979,8.536
nor,Norway,1980,7.813
nor,Norway,1981,7.799
nor,Norway,1982,7.561
nor,Norway,1983,7.794
nor,Norway,1984,8.226
nor,Norway,1985,7.831
nor,Norway,1986,8.409
nor,Norway,1987,7.998
nor,Norway,1988,8.538
nor,Norway,1989,8.157
nor,Norway,1990,8.323
nor,Norway,1991,7.927
nor,Norway,1992,8.099
nor,Norway,1993,8.398
nor,Norway,1994,8.78
nor,Norway,1995,8.87
nor,Norway,1996,9.528
nor,Norway,1997,9.491
nor,Norway,1998,9.499
nor,Norway,1999,9.611
nor,Norway,2000,9.457
nor,Norway,2001,9.706
nor,Norway,2002,9.463
nor,Norway,2003,9.219
nor,Norway,2004,9.749
nor,Norway,2005,9.503
nor,Norway,2006,10.613
nor,Norway,2007,11.589
nor,Norway,2008,10.648
nor,Norway,2009,10.631
nor,Norway,2010,11.297
nor,Norway,2011,10.297
nor,Norway,2012,9.583
nor,Norway,2013,9.588
nor,Norway,2014,9.409
nor,Norway,2015,9.691
nor,Norway,2016,9.405
nor,Norway,2017,9.482
nor,Norway,2018,9.319
nor,Norway,2019,9.132
nor,Norway,2020,8.708
nor,Norway,2021,8.804
nor,Norway,2022,8.716
npl,Nepal,1900,0.002
npl,Nepal,1901,0.002
npl,Nepal,1902,0.002
npl,Nepal,1903,0.002
npl,Nepal,1904,0.002
npl,Nepal,1905,0.002
npl,Nepal,1906,0.002
npl,Nepal,1907,0.002
npl,Nepal,1908,0.002
npl,Nepal,1909,0.002
npl,Nepal,1910,0.002
npl,Nepal,1911,0.002
npl,Nepal,1912,0.002
npl,Nepal,1913,0.002
npl,Nepal,1914,0.002
npl,Nepal,1915,0.002
npl,Nepal,1916,0.002
npl,Nepal,1917,0.002
npl,Nepal,1918,0.002
npl,Nepal,1919,0.002
npl,Nepal,1920,0.002
npl,Nepal,1921,0.002
npl,Nepal,1922,0.002
npl,Nepal,1923,0.002
npl,Nepal,1924,0.002
npl,Nepal,1925,0.002
npl,Nepal,1926,0.002
npl,Nepal,1927,0.002
npl,Nepal,1928,0.002
npl,Nepal,1929,0.002
npl,Nepal,1930,0.002
npl,Nepal,1931,0.002
npl,Nepal,1932,0.002
npl,Nepal,1933,0.002
npl,Nepal,1934,0.003
npl,Nepal,1935,0.003
npl,Nepal,1936,0.003
npl,Nepal,1937,0.003
npl,Nepal,1938,0.003
npl,Nepal,1939,0.003
npl,Nepal,1940,0.003
npl,Nepal,1941,0.003
npl,Nepal,1942,0.003
npl,Nepal,1943,0.003
npl,Nepal,1944,0.003
npl,Nepal,1945,0.003
npl,Nepal,1946,0.003
npl,Nepal,1947,0.003
npl,Nepal,1948,0.003
npl,Nepal,1949,0.003
npl,Nepal,1950,0.003
npl,Nepal,1951,0.003
npl,Nepal,1952,0.003
npl,Nepal,1953,0.004
npl,Nepal,1954,0.004
npl,Nepal,1955,0.005
npl,Nepal,1956,0.005
npl,Nepal,1957,0.006
npl,Nepal,1958,0.006
npl,Nepal,1959,0.007
npl,Nepal,1960,0.008
npl,Nepal,1961,0.008
npl,Nepal,1962,0.008
npl,Nepal,1963,0.009
npl,Nepal,1964,0.014
npl,Nepal,1965,0.016
npl,Nepal,1966,0.017
npl,Nepal,1967,0.019
npl,Nepal,1968,0.022
npl,Nepal,1969,0.035
npl,Nepal,1970,0.02
npl,Nepal,1971,0.017
npl,Nepal,1972,0.024
npl,Nepal,1973,0.038
npl,Nepal,1974,0.04
npl,Nepal,1975,0.034
npl,Nepal,1976,0.027
npl,Nepal,1977,0.033
npl,Nepal,1978,0.033
npl,Nepal,1979,0.051
npl,Nepal,1980,0.053
npl,Nepal,1981,0.044
npl,Nepal,1982,0.036
npl,Nepal,1983,0.034
npl,Nepal,1984,0.037
npl,Nepal,1985,0.051
npl,Nepal,1986,0.048
npl,Nepal,1987,0.049
npl,Nepal,1988,0.059
npl,Nepal,1989,0.065
npl,Nepal,1990,0.059
npl,Nepal,1991,0.075
npl,Nepal,1992,0.083
npl,Nepal,1993,0.089
npl,Nepal,1994,0.097
npl,Nepal,1995,0.124
npl,Nepal,1996,0.123
npl,Nepal,1997,0.131
npl,Nepal,1998,0.172
npl,Nepal,1999,0.256
npl,Nepal,2000,0.109
npl,Nepal,2001,0.158
npl,Nepal,2002,0.144
npl,Nepal,2003,0.099
npl,Nepal,2004,0.165
npl,Nepal,2005,0.174
npl,Nepal,2006,0.161
npl,Nepal,2007,0.177
npl,Nepal,2008,0.226
npl,Nepal,2009,0.135
npl,Nepal,2010,0.162
npl,Nepal,2011,0.176
npl,Nepal,2012,0.184
npl,Nepal,2013,0.215
npl,Nepal,2014,0.252
npl,Nepal,2015,0.228
npl,Nepal,2016,0.326
npl,Nepal,2017,0.385
npl,Nepal,2018,0.94
npl,Nepal,2019,0.857
npl,Nepal,2020,0.845
npl,Nepal,2021,0.904
npl,Nepal,2022,0.922
nru,Nauru,1900,1.536
nru,Nauru,1901,1.492
nru,Nauru,1902,1.553
nru,Nauru,1903,1.574
nru,Nauru,1904,1.565
nru,Nauru,1905,1.606
nru,Nauru,1906,1.636
nru,Nauru,1907,1.744
nru,Nauru,1908,1.801
nru,Nauru,1909,1.872
nru,Nauru,1910,1.828
nru,Nauru,1911,1.996
nru,Nauru,1912,2.022
nru,Nauru,1913,2.057
nru,Nauru,1914,2.063
nru,Nauru,1915,2.154
nru,Nauru,1916,2.014
nru,Nauru,1917,1.885
nru,Nauru,1918,1.887
nru,Nauru,1919,1.929
nru,Nauru,1920,1.855
nru,Nauru,1921,1.96
nru,Nauru,1922,1.844
nru,Nauru,1923,1.904
nru,Nauru,1924,1.922
nru,Nauru,1925,1.996
nru,Nauru,1926,2.047
nru,Nauru,1927,2.055
nru,Nauru,1928,2.095
nru,Nauru,1929,2.021
nru,Nauru,1930,1.964
nru,Nauru,1931,1.888
nru,Nauru,1932,1.767
nru,Nauru,1933,1.761
nru,Nauru,1934,1.797
nru,Nauru,1935,1.877
nru,Nauru,1936,1.99
nru,Nauru,1937,2.08
nru,Nauru,1938,2.219
nru,Nauru,1939,2.246
nru,Nauru,1940,2.406
nru,Nauru,1941,2.344
nru,Nauru,1942,2.561
nru,Nauru,1943,2.66
nru,Nauru,1944,2.645
nru,Nauru,1945,2.652
nru,Nauru,1946,2.634
nru,Nauru,1947,2.754
nru,Nauru,1948,2.87
nru,Nauru,1949,2.934
nru,Nauru,1950,2.955
nru,Nauru,1951,3.152
nru,Nauru,1952,3.25
nru,Nauru,1953,3.44
nru,Nauru,1954,3.374
nru,Nauru,1955,3.702
nru,Nauru,1956,3.904
nru,Nauru,1957,4.021
nru,Nauru,1958,4.116
nru,Nauru,1959,4.256
nru,Nauru,1960,4.405
nru,Nauru,1961,4.697
nru,Nauru,1962,4.872
nru,Nauru,1963,4.82
nru,Nauru,1964,5.248
nru,Nauru,1965,5.633
nru,Nauru,1966,5.442
nru,Nauru,1967,7.663
nru,Nauru,1968,7.516
nru,Nauru,1969,10.241
nru,Nauru,1970,10.073
nru,Nauru,1971,13.197
nru,Nauru,1972,11.328
nru,Nauru,1973,12.172
nru,Nauru,1974,14.02
nru,Nauru,1975,14.304
nru,Nauru,1976,14.096
nru,Nauru,1977,15.37
nru,Nauru,1978,15.147
nru,Nauru,1979,14.907
nru,Nauru,1980,16.085
nru,Nauru,1981,15.84
nru,Nauru,1982,15.554
nru,Nauru,1983,15.274
nru,Nauru,1984,14.966
nru,Nauru,1985,14.666
nru,Nauru,1986,18.591
nru,Nauru,1987,17.781
nru,Nauru,1988,17.408
nru,Nauru,1989,17.001
nru,Nauru,1990,13.116
nru,Nauru,1991,12.767
nru,Nauru,1992,12.065
nru,Nauru,1993,11.051
nru,Nauru,1994,10.481
nru,Nauru,1995,10.008
nru,Nauru,1996,9.617
nru,Nauru,1997,9.647
nru,Nauru,1998,9.37
nru,Nauru,1999,8.774
nru,Nauru,2000,8.161
nru,Nauru,2001,7.895
nru,Nauru,2002,7.623
nru,Nauru,2003,6.607
nru,Nauru,2004,6.663
nru,Nauru,2005,6.33
nru,Nauru,2006,4.478
nru,Nauru,2007,4.469
nru,Nauru,2008,4.454
nru,Nauru,2009,4.056
nru,Nauru,2010,4.396
nru,Nauru,2011,4.006
nru,Nauru,2012,3.98
nru,Nauru,2013,4.311
nru,Nauru,2014,4.633
nru,Nauru,2015,4.595
nru,Nauru,2016,4.551
nru,Nauru,2017,4.627
nru,Nauru,2018,4.71
nru,Nauru,2019,4.896
nru,Nauru,2020,4.667
nru,Nauru,2021,4.994
nru,Nauru,2022,5.093
nzl,New Zealand,1900,3.023
nzl,New Zealand,1901,3.317
nzl,New Zealand,1902,3.591
nzl,New Zealand,1903,3.647
nzl,New Zealand,1904,3.85
nzl,New Zealand,1905,3.868
nzl,New Zealand,1906,4.113
nzl,New Zealand,1907,4.241
nzl,New Zealand,1908,4.2
nzl,New Zealand,1909,4.212
nzl,New Zealand,1910,4.736
nzl,New Zealand,1911,4.362
nzl,New Zealand,1912,4.516
nzl,New Zealand,1913,3.847
nzl,New Zealand,1914,4.561
nzl,New Zealand,1915,4.351
nzl,New Zealand,1916,4.369
nzl,New Zealand,1917,3.936
nzl,New Zealand,1918,3.807
nzl,New Zealand,1919,3.401
nzl,New Zealand,1920,2.878
nzl,New Zealand,1921,2.781
nzl,New Zealand,1922,2.779
nzl,New Zealand,1923,2.938
nzl,New Zealand,1924,3.0
nzl,New Zealand,1925,3.018
nzl,New Zealand,1926,3.096
nzl,New Zealand,1927,3.198
nzl,New Zealand,1928,3.293
nzl,New Zealand,1929,3.362
nzl,New Zealand,1930,3.294
nzl,New Zealand,1931,2.833
nzl,New Zealand,1932,2.339
nzl,New Zealand,1933,2.323
nzl,New Zealand,1934,2.585
nzl,New Zealand,1935,2.67
nzl,New Zealand,1936,2.662
nzl,New Zealand,1937,2.767
nzl,New Zealand,1938,2.657
nzl,New Zealand,1939,2.763
nzl,New Zealand,1940,2.913
nzl,New Zealand,1941,3.021
nzl,New Zealand,1942,3.036
nzl,New Zealand,1943,3.15
nzl,New Zealand,1944,3.159
nzl,New Zealand,1945,3.197
nzl,New Zealand,1946,3.099
nzl,New Zealand,1947,3.007
nzl,New Zealand,1948,2.989
nzl,New Zealand,1949,2.996
nzl,New Zealand,1950,4.495
nzl,New Zealand,1951,4.198
nzl,New Zealand,1952,4.681
nzl,New Zealand,1953,4.195
nzl,New Zealand,1954,4.346
nzl,New Zealand,1955,4.401
nzl,New Zealand,1956,4.435
nzl,New Zealand,1957,4.626
nzl,New Zealand,1958,4.477
nzl,New Zealand,1959,4.445
nzl,New Zealand,1960,4.864
nzl,New Zealand,1961,4.853
nzl,New Zealand,1962,4.525
nzl,New Zealand,1963,4.833
nzl,New Zealand,1964,5.079
nzl,New Zealand,1965,5.218
nzl,New Zealand,1966,5.261
nzl,New Zealand,1967,5.06
nzl,New Zealand,1968,4.95
nzl,New Zealand,1969,5.184
nzl,New Zealand,1970,5.098
nzl,New Zealand,1971,5.345
nzl,New Zealand,1972,5.679
nzl,New Zealand,1973,6.316
nzl,New Zealand,1974,6.466
nzl,New Zealand,1975,6.286
nzl,New Zealand,1976,6.641
nzl,New Zealand,1977,7.049
nzl,New Zealand,1978,6.294
nzl,New Zealand,1979,5.783
nzl,New Zealand,1980,6.125
nzl,New Zealand,1981,5.77
nzl,New Zealand,1982,5.436
nzl,New Zealand,1983,5.952
nzl,New Zealand,1984,5.814
nzl,New Zealand,1985,6.194
nzl,New Zealand,1986,6.947
nzl,New Zealand,1987,7.244
nzl,New Zealand,1988,7.582
nzl,New Zealand,1989,7.932
nzl,New Zealand,1990,7.867
nzl,New Zealand,1991,7.717
nzl,New Zealand,1992,7.976
nzl,New Zealand,1993,7.89
nzl,New Zealand,1994,7.993
nzl,New Zealand,1995,8.21
nzl,New Zealand,1996,8.548
nzl,New Zealand,1997,8.909
nzl,New Zealand,1998,8.213
nzl,New Zealand,1999,8.835
nzl,New Zealand,2000,8.267
nzl,New Zealand,2001,8.583
nzl,New Zealand,2002,8.644
nzl,New Zealand,2003,9.321
nzl,New Zealand,2004,9.5
nzl,New Zealand,2005,10.048
nzl,New Zealand,2006,9.492
nzl,New Zealand,2007,9.484
nzl,New Zealand,2008,9.489
nzl,New Zealand,2009,8.247
nzl,New Zealand,2010,8.336
nzl,New Zealand,2011,8.361
nzl,New Zealand,2012,8.772
nzl,New Zealand,2013,8.804
nzl,New Zealand,2014,8.62
nzl,New Zealand,2015,8.38
nzl,New Zealand,2016,8.121
nzl,New Zealand,2017,8.044
nzl,New Zealand,2018,7.972
nzl,New Zealand,2019,7.911
nzl,New Zealand,2020,7.623
nzl,New Zealand,2021,7.359
nzl,New Zealand,2022,7.507
omn,Oman,1900,0.003
omn,Oman,1901,0.003
omn,Oman,1902,0.003
omn,Oman,1903,0.003
omn,Oman,1904,0.003
omn,Oman,1905,0.003
omn,Oman,1906,0.003
omn,Oman,1907,0.003
omn,Oman,1908,0.003
omn,Oman,1909,0.003
omn,Oman,1910,0.003
omn,Oman,1911,0.003
omn,Oman,1912,0.003
omn,Oman,1913,0.003
omn,Oman,1914,0.003
omn,Oman,1915,0.003
omn,Oman,1916,0.003
omn,Oman,1917,0.003
omn,Oman,1918,0.003
omn,Oman,1919,0.003
omn,Oman,1920,0.003
omn,Oman,1921,0.004
omn,Oman,1922,0.004
omn,Oman,1923,0.004
omn,Oman,1924,0.004
omn,Oman,1925,0.004
omn,Oman,1926,0.004
omn,Oman,1927,0.004
omn,Oman,1928,0.004
omn,Oman,1929,0.004
omn,Oman,1930,0.004
omn,Oman,1931,0.004
omn,Oman,1932,0.005
omn,Oman,1933,0.004
omn,Oman,1934,0.004
omn,Oman,1935,0.005
omn,Oman,1936,0.006
omn,Oman,1937,0.006
omn,Oman,1938,0.006
omn,Oman,1939,0.006
omn,Oman,1940,0.007
omn,Oman,1941,0.007
omn,Oman,1942,0.007
omn,Oman,1943,0.007
omn,Oman,1944,0.007
omn,Oman,1945,0.008
omn,Oman,1946,0.009
omn,Oman,1947,0.01
omn,Oman,1948,0.01
omn,Oman,1949,0.01
omn,Oman,1950,0.01
omn,Oman,1951,0.009
omn,Oman,1952,0.01
omn,Oman,1953,0.01
omn,Oman,1954,0.011
omn,Oman,1955,0.011
omn,Oman,1956,0.012
omn,Oman,1957,0.013
omn,Oman,1958,0.014
omn,Oman,1959,0.014
omn,Oman,1960,0.015
omn,Oman,1961,0.016
omn,Oman,1962,0.017
omn,Oman,1963,0.017
omn,Oman,1964,0.018
omn,Oman,1965,0.041
omn,Oman,1966,0.046
omn,Oman,1967,0.207
omn,Oman,1968,0.241
omn,Oman,1969,0.342
omn,Oman,1970,0.335
omn,Oman,1971,2.94
omn,Oman,1972,2.89
omn,Oman,1973,2.88
omn,Oman,1974,3.138
omn,Oman,1975,9.574
omn,Oman,1976,10.743
omn,Oman,1977,10.672
omn,Oman,1978,9.449
omn,Oman,1979,8.981
omn,Oman,1980,6.7
omn,Oman,1981,6.306
omn,Oman,1982,5.935
omn,Oman,1983,5.352
omn,Oman,1984,6.662
omn,Oman,1985,6.78
omn,Oman,1986,6.93
omn,Oman,1987,7.582
omn,Oman,1988,6.993
omn,Oman,1989,7.55
omn,Oman,1990,6.91
omn,Oman,1991,7.019
omn,Oman,1992,6.863
omn,Oman,1993,7.358
omn,Oman,1994,7.95
omn,Oman,1995,8.022
omn,Oman,1996,7.525
omn,Oman,1997,7.623
omn,Oman,1998,8.118
omn,Oman,1999,7.991
omn,Oman,2000,8.216
omn,Oman,2001,8.53
omn,Oman,2002,9.399
omn,Oman,2003,13.435
omn,Oman,2004,10.403
omn,Oman,2005,9.941
omn,Oman,2006,13.394
omn,Oman,2007,15.261
omn,Oman,2008,16.361
omn,Oman,2009,16.297
omn,Oman,2010,14.863
omn,Oman,2011,14.129
omn,Oman,2012,14.224
omn,Oman,2013,13.862
omn,Oman,2014,14.762
omn,Oman,2015,15.635
omn,Oman,2016,15.545
omn,Oman,2017,15.176
omn,Oman,2018,13.622
omn,Oman,2019,12.059
omn,Oman,2020,12.858
omn,Oman,2021,14.618
omn,Oman,2022,14.91
pak,Pakistan,1900,0.01
pak,Pakistan,1901,0.011
pak,Pakistan,1902,0.011
pak,Pakistan,1903,0.011
pak,Pakistan,1904,0.011
pak,Pakistan,1905,0.011
pak,Pakistan,1906,0.011
pak,Pakistan,1907,0.012
pak,Pakistan,1908,0.012
pak,Pakistan,1909,0.012
pak,Pakistan,1910,0.012
pak,Pakistan,1911,0.012
pak,Pakistan,1912,0.012
pak,Pakistan,1913,0.013
pak,Pakistan,1914,0.013
pak,Pakistan,1915,0.013
pak,Pakistan,1916,0.013
pak,Pakistan,1917,0.014
pak,Pakistan,1918,0.014
pak,Pakistan,1919,0.014
pak,Pakistan,1920,0.015
pak,Pakistan,1921,0.014
pak,Pakistan,1922,0.015
pak,Pakistan,1923,0.015
pak,Pakistan,1924,0.015
pak,Pakistan,1925,0.015
pak,Pakistan,1926,0.015
pak,Pakistan,1927,0.015
pak,Pakistan,1928,0.015
pak,Pakistan,1929,0.016
pak,Pakistan,1930,0.016
pak,Pakistan,1931,0.016
pak,Pakistan,1932,0.016
pak,Pakistan,1933,0.016
pak,Pakistan,1934,0.017
pak,Pakistan,1935,0.017
pak,Pakistan,1936,0.017
pak,Pakistan,1937,0.017
pak,Pakistan,1938,0.017
pak,Pakistan,1939,0.018
pak,Pakistan,1940,0.018
pak,Pakistan,1941,0.019
pak,Pakistan,1942,0.019
pak,Pakistan,1943,0.019
pak,Pakistan,1944,0.019
pak,Pakistan,1945,0.019
pak,Pakistan,1946,0.018
pak,Pakistan,1947,0.019
pak,Pakistan,1948,0.02
pak,Pakistan,1949,0.028
pak,Pakistan,1950,0.143
pak,Pakistan,1951,0.174
pak,Pakistan,1952,0.182
pak,Pakistan,1953,0.182
pak,Pakistan,1954,0.182
pak,Pakistan,1955,0.184
pak,Pakistan,1956,0.214
pak,Pakistan,1957,0.216
pak,Pakistan,1958,0.238
pak,Pakistan,1959,0.226
pak,Pakistan,1960,0.265
pak,Pakistan,1961,0.268
pak,Pakistan,1962,0.288
pak,Pakistan,1963,0.323
pak,Pakistan,1964,0.323
pak,Pakistan,1965,0.331
pak,Pakistan,1966,0.328
pak,Pakistan,1967,0.339
pak,Pakistan,1968,0.379
pak,Pakistan,1969,0.359
pak,Pakistan,1970,0.355
pak,Pakistan,1971,0.328
pak,Pakistan,1972,0.311
pak,Pakistan,1973,0.322
pak,Pakistan,1974,0.336
pak,Pakistan,1975,0.355
pak,Pakistan,1976,0.341
pak,Pakistan,1977,0.354
pak,Pakistan,1978,0.369
pak,Pakistan,1979,0.387
pak,Pakistan,1980,0.426
pak,Pakistan,1981,0.441
pak,Pakistan,1982,0.458
pak,Pakistan,1983,0.481
pak,Pakistan,1984,0.5
pak,Pakistan,1985,0.515
pak,Pakistan,1986,0.548
pak,Pakistan,1987,0.556
pak,Pakistan,1988,0.582
pak,Pakistan,1989,0.613
pak,Pakistan,1990,0.623
pak,Pakistan,1991,0.588
pak,Pakistan,1992,0.63
pak,Pakistan,1993,0.651
pak,Pakistan,1994,0.683
pak,Pakistan,1995,0.662
pak,Pakistan,1996,0.716
pak,Pakistan,1997,0.687
pak,Pakistan,1998,0.663
pak,Pakistan,1999,0.708
pak,Pakistan,2000,0.708
pak,Pakistan,2001,0.698
pak,Pakistan,2002,0.737
pak,Pakistan,2003,0.716
pak,Pakistan,2004,0.822
pak,Pakistan,2005,0.836
pak,Pakistan,2006,0.875
pak,Pakistan,2007,0.918
pak,Pakistan,2008,0.896
pak,Pakistan,2009,0.874
pak,Pakistan,2010,0.847
pak,Pakistan,2011,0.843
pak,Pakistan,2012,0.841
pak,Pakistan,2013,0.799
pak,Pakistan,2014,0.825
pak,Pakistan,2015,0.887
pak,Pakistan,2016,1.024
pak,Pakistan,2017,1.104
pak,Pakistan,2018,1.027
pak,Pakistan,2019,1.005
pak,Pakistan,2020,1.0
pak,Pakistan,2021,1.076
pak,Pakistan,2022,1.097
pan,Panama,1900,0.007
pan,Panama,1901,0.008
pan,Panama,1902,0.008
pan,Panama,1903,0.008
pan,Panama,1904,0.009
pan,Panama,1905,0.009
pan,Panama,1906,0.01
pan,Panama,1907,0.01
pan,Panama,1908,0.011
pan,Panama,1909,0.011
pan,Panama,1910,0.012
pan,Panama,1911,0.012
pan,Panama,1912,0.013
pan,Panama,1913,0.014
pan,Panama,1914,0.014
pan,Panama,1915,0.013
pan,Panama,1916,0.013
pan,Panama,1917,0.013
pan,Panama,1918,0.013
pan,Panama,1919,0.013
pan,Panama,1920,0.013
pan,Panama,1921,0.014
pan,Panama,1922,0.014
pan,Panama,1923,0.014
pan,Panama,1924,0.014
pan,Panama,1925,0.015
pan,Panama,1926,0.016
pan,Panama,1927,0.016
pan,Panama,1928,0.017
pan,Panama,1929,0.018
pan,Panama,1930,0.018
pan,Panama,1931,0.018
pan,Panama,1932,0.018
pan,Panama,1933,0.018
pan,Panama,1934,0.018
pan,Panama,1935,0.019
pan,Panama,1936,0.019
pan,Panama,1937,0.02
pan,Panama,1938,0.021
pan,Panama,1939,0.022
pan,Panama,1940,0.022
pan,Panama,1941,0.022
pan,Panama,1942,0.022
pan,Panama,1943,0.022
pan,Panama,1944,0.022
pan,Panama,1945,0.023
pan,Panama,1946,0.024
pan,Panama,1947,0.026
pan,Panama,1948,0.027
pan,Panama,1949,0.031
pan,Panama,1950,0.601
pan,Panama,1951,0.628
pan,Panama,1952,0.795
pan,Panama,1953,0.77
pan,Panama,1954,0.665
pan,Panama,1955,0.725
pan,Panama,1956,0.629
pan,Panama,1957,0.735
pan,Panama,1958,0.868
pan,Panama,1959,0.903
pan,Panama,1960,0.88
pan,Panama,1961,0.945
pan,Panama,1962,0.991
pan,Panama,1963,0.956
pan,Panama,1964,0.974
pan,Panama,1965,1.163
pan,Panama,1966,1.226
pan,Panama,1967,1.221
pan,Panama,1968,1.414
pan,Panama,1969,1.401
pan,Panama,1970,1.468
pan,Panama,1971,1.695
pan,Panama,1972,1.787
pan,Panama,1973,2.029
pan,Panama,1974,1.859
pan,Panama,1975,2.22
pan,Panama,1976,2.154
pan,Panama,1977,2.032
pan,Panama,1978,1.639
pan,Panama,1979,1.805
pan,Panama,1980,1.727
pan,Panama,1981,1.803
pan,Panama,1982,1.882
pan,Panama,1983,1.815
pan,Panama,1984,1.882
pan,Panama,1985,1.516
pan,Panama,1986,1.352
pan,Panama,1987,1.384
pan,Panama,1988,1.574
pan,Panama,1989,1.412
pan,Panama,1990,1.191
pan,Panama,1991,1.211
pan,Panama,1992,1.385
pan,Panama,1993,1.312
pan,Panama,1994,1.35
pan,Panama,1995,1.3
pan,Panama,1996,1.496
pan,Panama,1997,1.509
pan,Panama,1998,1.85
pan,Panama,1999,1.974
pan,Panama,2000,1.607
pan,Panama,2001,1.698
pan,Panama,2002,1.568
pan,Panama,2003,-0.107
pan,Panama,2004,-0.085
pan,Panama,2005,-0.511
pan,Panama,2006,-0.079
pan,Panama,2007,0.164
pan,Panama,2008,0.036
pan,Panama,2009,0.327
pan,Panama,2010,0.353
pan,Panama,2011,-0.004
pan,Panama,2012,-0.579
pan,Panama,2013,-0.325
pan,Panama,2014,0.057
pan,Panama,2015,0.342
pan,Panama,2016,0.538
pan,Panama,2017,4.367
pan,Panama,2018,4.125
pan,Panama,2019,4.158
pan,Panama,2020,3.686
pan,Panama,2021,3.944
pan,Panama,2022,4.022
per,Peru,1900,0.067
per,Peru,1901,0.064
per,Peru,1902,0.026
per,Peru,1903,0.056
per,Peru,1904,0.072
per,Peru,1905,0.09
per,Peru,1906,0.108
per,Peru,1907,0.198
per,Peru,1908,0.298
per,Peru,1909,0.366
per,Peru,1910,0.318
per,Peru,1911,0.356
per,Peru,1912,0.34
per,Peru,1913,0.362
per,Peru,1914,0.351
per,Peru,1915,0.423
per,Peru,1916,0.435
per,Peru,1917,0.438
per,Peru,1918,0.42
per,Peru,1919,0.423
per,Peru,1920,0.451
per,Peru,1921,0.507
per,Peru,1922,0.603
per,Peru,1923,0.599
per,Peru,1924,0.716
per,Peru,1925,0.932
per,Peru,1926,0.908
per,Peru,1927,0.885
per,Peru,1928,1.0
per,Peru,1929,1.297
per,Peru,1930,1.014
per,Peru,1931,0.798
per,Peru,1932,0.717
per,Peru,1933,1.144
per,Peru,1934,1.141
per,Peru,1935,1.192
per,Peru,1936,1.212
per,Peru,1937,1.417
per,Peru,1938,1.268
per,Peru,1939,0.912
per,Peru,1940,0.812
per,Peru,1941,0.792
per,Peru,1942,0.896
per,Peru,1943,0.959
per,Peru,1944,0.925
per,Peru,1945,0.883
per,Peru,1946,0.799
per,Peru,1947,0.805
per,Peru,1948,0.855
per,Peru,1949,0.871
per,Peru,1950,0.585
per,Peru,1951,0.599
per,Peru,1952,0.634
per,Peru,1953,0.657
per,Peru,1954,0.724
per,Peru,1955,0.692
per,Peru,1956,0.694
per,Peru,1957,0.715
per,Peru,1958,0.768
per,Peru,1959,0.731
per,Peru,1960,0.805
per,Peru,1961,0.827
per,Peru,1962,0.927
per,Peru,1963,0.925
per,Peru,1964,1.078
per,Peru,1965,1.022
per,Peru,1966,1.102
per,Peru,1967,1.105
per,Peru,1968,1.143
per,Peru,1969,1.177
per,Peru,1970,1.336
per,Peru,1971,1.368
per,Peru,1972,1.309
per,Peru,1973,1.397
per,Peru,1974,1.485
per,Peru,1975,1.503
per,Peru,1976,1.51
per,Peru,1977,1.545
per,Peru,1978,1.46
per,Peru,1979,1.418
per,Peru,1980,1.502
per,Peru,1981,1.463
per,Peru,1982,1.425
per,Peru,1983,1.366
per,Peru,1984,1.152
per,Peru,1985,1.139
per,Peru,1986,1.049
per,Peru,1987,1.147
per,Peru,1988,1.323
per,Peru,1989,1.26
per,Peru,1990,1.073
per,Peru,1991,1.041
per,Peru,1992,1.038
per,Peru,1993,1.121
per,Peru,1994,1.113
per,Peru,1995,1.144
per,Peru,1996,1.099
per,Peru,1997,1.203
per,Peru,1998,1.216
per,Peru,1999,1.244
per,Peru,2000,1.208
per,Peru,2001,1.106
per,Peru,2002,1.132
per,Peru,2003,1.06
per,Peru,2004,1.187
per,Peru,2005,1.329
per,Peru,2006,1.138
per,Peru,2007,1.385
per,Peru,2008,1.733
per,Peru,2009,1.829
per,Peru,2010,2.111
per,Peru,2011,1.953
per,Peru,2012,1.944
per,Peru,2013,1.906
per,Peru,2014,2.027
per,Peru,2015,2.006
per,Peru,2016,1.998
per,Peru,2017,1.975
per,Peru,2018,1.999
per,Peru,2019,2.028
per,Peru,2020,1.72
per,Peru,2021,1.966
per,Peru,2022,2.006
phl,Philippines,1900,0.001
phl,Philippines,1901,0.001
phl,Philippines,1902,0.001
phl,Philippines,1903,0.001
phl,Philippines,1904,0.001
phl,Philippines,1905,0.001
phl,Philippines,1906,0.001
phl,Philippines,1907,0.001
phl,Philippines,1908,0.002
phl,Philippines,1909,0.007
phl,Philippines,1910,0.007
phl,Philippines,1911,0.005
phl,Philippines,1913,0.001
phl,Philippines,1914,0.002
phl,Philippines,1915,0.006
phl,Philippines,1916,0.006
phl,Philippines,1917,0.001
phl,Philippines,1918,0.003
phl,Philippines,1919,0.006
phl,Philippines,1920,0.011
phl,Philippines,1921,0.007
phl,Philippines,1922,0.008
phl,Philippines,1923,0.008
phl,Philippines,1924,0.008
phl,Philippines,1925,0.008
phl,Philippines,1926,0.005
phl,Philippines,1927,0.004
phl,Philippines,1928,0.007
phl,Philippines,1929,0.006
phl,Philippines,1930,0.008
phl,Philippines,1931,0.007
phl,Philippines,1932,0.007
phl,Philippines,1933,0.006
phl,Philippines,1934,0.007
phl,Philippines,1935,0.008
phl,Philippines,1936,0.009
phl,Philippines,1937,0.009
phl,Philippines,1938,0.011
phl,Philippines,1939,0.006
phl,Philippines,1940,0.008
phl,Philippines,1941,0.006
phl,Philippines,1942,0.001
phl,Philippines,1943,0.001
phl,Philippines,1944,0.001
phl,Philippines,1945,0.001
phl,Philippines,1946,0.007
phl,Philippines,1947,0.012
phl,Philippines,1948,0.012
phl,Philippines,1949,0.018
phl,Philippines,1950,0.194
phl,Philippines,1951,0.185
phl,Philippines,1952,0.203
phl,Philippines,1953,0.195
phl,Philippines,1954,0.249
phl,Philippines,1955,0.299
phl,Philippines,1956,0.273
phl,Philippines,1957,0.284
phl,Philippines,1958,0.308
phl,Philippines,1959,0.285
phl,Philippines,1960,0.317
phl,Philippines,1961,0.321
phl,Philippines,1962,0.369
phl,Philippines,1963,0.396
phl,Philippines,1964,0.429
phl,Philippines,1965,0.454
phl,Philippines,1966,0.511
phl,Philippines,1967,0.566
phl,Philippines,1968,0.68
phl,Philippines,1969,0.694
phl,Philippines,1970,0.753
phl,Philippines,1971,0.848
phl,Philippines,1972,0.83
phl,Philippines,1973,1.018
phl,Philippines,1974,1.018
phl,Philippines,1975,1.121
phl,Philippines,1976,1.247
phl,Philippines,1977,1.335
phl,Philippines,1978,1.379
phl,Philippines,1979,1.403
phl,Philippines,1980,1.342
phl,Philippines,1981,1.223
phl,Philippines,1982,1.115
phl,Philippines,1983,1.094
phl,Philippines,1984,1.077
phl,Philippines,1985,0.917
phl,Philippines,1986,0.808
phl,Philippines,1987,0.818
phl,Philippines,1988,0.892
phl,Philippines,1989,1.002
phl,Philippines,1990,1.013
phl,Philippines,1991,0.993
phl,Philippines,1992,1.182
phl,Philippines,1993,1.089
phl,Philippines,1994,1.106
phl,Philippines,1995,1.159
phl,Philippines,1996,1.122
phl,Philippines,1997,1.21
phl,Philippines,1998,1.067
phl,Philippines,1999,1.115
phl,Philippines,2000,1.16
phl,Philippines,2001,1.132
phl,Philippines,2002,1.101
phl,Philippines,2003,1.096
phl,Philippines,2004,1.107
phl,Philippines,2005,1.087
phl,Philippines,2006,0.95
phl,Philippines,2007,1.008
phl,Philippines,2008,1.093
phl,Philippines,2009,1.003
phl,Philippines,2010,1.08
phl,Philippines,2011,1.131
phl,Philippines,2012,1.203
phl,Philippines,2013,1.29
phl,Philippines,2014,1.335
phl,Philippines,2015,1.389
phl,Philippines,2016,1.482
phl,Philippines,2017,1.562
phl,Philippines,2018,1.607
phl,Philippines,2019,1.604
phl,Philippines,2020,1.496
phl,Philippines,2021,1.577
phl,Philippines,2022,1.608
plw,Palau,1900,1.508
plw,Palau,1901,1.465
plw,Palau,1902,1.525
plw,Palau,1903,1.545
plw,Palau,1904,1.537
plw,Palau,1905,1.577
plw,Palau,1906,1.607
plw,Palau,1907,1.712
plw,Palau,1908,1.769
plw,Palau,1909,1.838
plw,Palau,1910,1.795
plw,Palau,1911,1.96
plw,Palau,1912,1.986
plw,Palau,1913,2.02
plw,Palau,1914,2.026
plw,Palau,1915,2.115
plw,Palau,1916,1.978
plw,Palau,1917,1.851
plw,Palau,1918,1.853
plw,Palau,1919,1.894
plw,Palau,1920,1.822
plw,Palau,1921,1.924
plw,Palau,1922,1.811
plw,Palau,1923,1.87
plw,Palau,1924,1.888
plw,Palau,1925,1.96
plw,Palau,1926,2.01
plw,Palau,1927,2.018
plw,Palau,1928,2.057
plw,Palau,1929,1.985
plw,Palau,1930,1.928
plw,Palau,1931,1.854
plw,Palau,1932,1.736
plw,Palau,1933,1.73
plw,Palau,1934,1.765
plw,Palau,1935,1.844
plw,Palau,1936,1.955
plw,Palau,1937,2.043
plw,Palau,1938,2.179
plw,Palau,1939,2.205
plw,Palau,1940,2.363
plw,Palau,1941,2.302
plw,Palau,1942,2.515
plw,Palau,1943,2.612
plw,Palau,1944,2.597
plw,Palau,1945,2.605
plw,Palau,1946,2.586
plw,Palau,1947,2.705
plw,Palau,1948,2.818
plw,Palau,1949,2.882
plw,Palau,1950,2.902
plw,Palau,1951,3.095
plw,Palau,1952,3.191
plw,Palau,1953,3.379
plw,Palau,1954,3.313
plw,Palau,1955,3.635
plw,Palau,1956,3.834
plw,Palau,1957,3.949
plw,Palau,1958,4.042
plw,Palau,1959,4.179
plw,Palau,1960,4.326
plw,Palau,1961,4.613
plw,Palau,1962,4.784
plw,Palau,1963,4.733
plw,Palau,1964,5.154
plw,Palau,1965,5.486
plw,Palau,1966,5.684
plw,Palau,1967,5.932
plw,Palau,1968,6.204
plw,Palau,1969,6.473
plw,Palau,1970,6.701
plw,Palau,1971,7.25
plw,Palau,1972,7.498
plw,Palau,1973,7.829
plw,Palau,1974,8.311
plw,Palau,1975,8.712
plw,Palau,1976,8.803
plw,Palau,1977,9.179
plw,Palau,1978,9.618
plw,Palau,1979,9.788
plw,Palau,1980,10.067
plw,Palau,1981,10.113
plw,Palau,1982,10.242
plw,Palau,1983,10.252
plw,Palau,1984,9.983
plw,Palau,1985,10.366
plw,Palau,1986,10.641
plw,Palau,1987,10.94
plw,Palau,1988,11.198
plw,Palau,1989,11.692
plw,Palau,1990,12.238
plw,Palau,1991,12.543
plw,Palau,1992,12.486
plw,Palau,1993,12.16
plw,Palau,1994,11.833
plw,Palau,1995,11.541
plw,Palau,1996,11.252
plw,Palau,1997,10.991
plw,Palau,1998,10.757
plw,Palau,1999,10.548
plw,Palau,2000,10.941
plw,Palau,2001,11.158
plw,Palau,2002,10.828
plw,Palau,2003,10.735
plw,Palau,2004,10.893
plw,Palau,2005,11.121
plw,Palau,2006,11.632
plw,Palau,2007,13.206
plw,Palau,2008,10.977
plw,Palau,2009,10.827
plw,Palau,2010,11.642
plw,Palau,2011,12.19
plw,Palau,2012,12.268
plw,Palau,2013,12.499
plw,Palau,2014,12.691
plw,Palau,2015,12.663
plw,Palau,2016,12.625
plw,Palau,2017,12.895
plw,Palau,2018,13.175
plw,Palau,2019,13.696
plw,Palau,2020,13.055
plw,Palau,2021,13.969
plw,Palau,2022,14.248
png,Papua New Guinea,1900,0.014
png,Papua New Guinea,1901,0.014
png,Papua New Guinea,1902,0.014
png,Papua New Guinea,1903,0.015
png,Papua New Guinea,1904,0.015
png,Papua New Guinea,1905,0.015
png,Papua New Guinea,1906,0.015
png,Papua New Guinea,1907,0.016
png,Papua New Guinea,1908,0.017
png,Papua New Guinea,1909,0.017
png,Papua New Guinea,1910,0.017
png,Papua New Guinea,1911,0.019
png,Papua New Guinea,1912,0.019
png,Papua New Guinea,1913,0.019
png,Papua New Guinea,1914,0.019
png,Papua New Guinea,1915,0.02
png,Papua New Guinea,1916,0.019
png,Papua New Guinea,1917,0.018
png,Papua New Guinea,1918,0.018
png,Papua New Guinea,1919,0.018
png,Papua New Guinea,1920,0.017
png,Papua New Guinea,1921,0.018
png,Papua New Guinea,1922,0.017
png,Papua New Guinea,1923,0.018
png,Papua New Guinea,1924,0.018
png,Papua New Guinea,1925,0.019
png,Papua New Guinea,1926,0.019
png,Papua New Guinea,1927,0.019
png,Papua New Guinea,1928,0.019
png,Papua New Guinea,1929,0.019
png,Papua New Guinea,1930,0.018
png,Papua New Guinea,1931,0.018
png,Papua New Guinea,1932,0.016
png,Papua New Guinea,1933,0.016
png,Papua New Guinea,1934,0.017
png,Papua New Guinea,1935,0.017
png,Papua New Guinea,1936,0.019
png,Papua New Guinea,1937,0.019
png,Papua New Guinea,1938,0.021
png,Papua New Guinea,1939,0.021
png,Papua New Guinea,1940,0.022
png,Papua New Guinea,1941,0.022
png,Papua New Guinea,1942,0.024
png,Papua New Guinea,1943,0.025
png,Papua New Guinea,1944,0.025
png,Papua New Guinea,1945,0.025
png,Papua New Guinea,1946,0.024
png,Papua New Guinea,1947,0.026
png,Papua New Guinea,1948,0.027
png,Papua New Guinea,1949,0.027
png,Papua New Guinea,1950,0.027
png,Papua New Guinea,1951,0.031
png,Papua New Guinea,1952,0.042
png,Papua New Guinea,1953,0.047
png,Papua New Guinea,1954,0.046
png,Papua New Guinea,1955,0.062
png,Papua New Guinea,1956,0.061
png,Papua New Guinea,1957,0.068
png,Papua New Guinea,1958,0.067
png,Papua New Guinea,1959,0.073
png,Papua New Guinea,1960,0.08
png,Papua New Guinea,1961,0.088
png,Papua New Guinea,1962,0.085
png,Papua New Guinea,1963,0.108
png,Papua New Guinea,1964,0.11
png,Papua New Guinea,1965,0.122
png,Papua New Guinea,1966,0.134
png,Papua New Guinea,1967,0.168
png,Papua New Guinea,1968,0.189
png,Papua New Guinea,1969,0.205
png,Papua New Guinea,1970,0.249
png,Papua New Guinea,1971,0.29
png,Papua New Guinea,1972,0.435
png,Papua New Guinea,1973,0.45
png,Papua New Guinea,1974,0.518
png,Papua New Guinea,1975,0.488
png,Papua New Guinea,1976,0.489
png,Papua New Guinea,1977,0.479
png,Papua New Guinea,1978,0.495
png,Papua New Guinea,1979,0.517
png,Papua New Guinea,1980,0.512
png,Papua New Guinea,1981,0.527
png,Papua New Guinea,1982,0.517
png,Papua New Guinea,1983,0.519
png,Papua New Guinea,1984,0.515
png,Papua New Guinea,1985,0.521
png,Papua New Guinea,1986,0.493
png,Papua New Guinea,1987,0.544
png,Papua New Guinea,1988,0.5
png,Papua New Guinea,1989,0.452
png,Papua New Guinea,1990,0.467
png,Papua New Guinea,1991,0.459
png,Papua New Guinea,1992,0.453
png,Papua New Guinea,1993,0.443
png,Papua New Guinea,1994,0.431
png,Papua New Guinea,1995,0.397
png,Papua New Guinea,1996,0.412
png,Papua New Guinea,1997,0.473
png,Papua New Guinea,1998,0.513
png,Papua New Guinea,1999,0.428
png,Papua New Guinea,2000,0.456
png,Papua New Guinea,2001,0.537
png,Papua New Guinea,2002,0.572
png,Papua New Guinea,2003,0.634
png,Papua New Guinea,2004,0.706
png,Papua New Guinea,2005,0.675
png,Papua New Guinea,2006,0.648
png,Papua New Guinea,2007,0.899
png,Papua New Guinea,2008,0.688
png,Papua New Guinea,2009,0.713
png,Papua New Guinea,2010,0.638
png,Papua New Guinea,2011,0.7
png,Papua New Guinea,2012,0.653
png,Papua New Guinea,2013,0.662
png,Papua New Guinea,2014,0.727
png,Papua New Guinea,2015,0.91
png,Papua New Guinea,2016,0.899
png,Papua New Guinea,2017,0.9
png,Papua New Guinea,2018,0.911
png,Papua New Guinea,2019,0.947
png,Papua New Guinea,2020,0.903
png,Papua New Guinea,2021,0.966
png,Papua New Guinea,2022,0.986
pol,Poland,1900,2.603
pol,Poland,1901,2.731
pol,Poland,1902,2.654
pol,Poland,1903,2.756
pol,Poland,1904,2.773
pol,Poland,1905,2.972
pol,Poland,1906,3.101
pol,Poland,1907,3.412
pol,Poland,1908,3.614
pol,Poland,1909,3.699
pol,Poland,1910,3.661
pol,Poland,1911,3.871
pol,Poland,1912,4.343
pol,Poland,1913,4.6
pol,Poland,1914,3.882
pol,Poland,1915,3.833
pol,Poland,1916,4.449
pol,Poland,1917,4.998
pol,Poland,1918,4.243
pol,Poland,1919,0.115
pol,Poland,1920,3.208
pol,Poland,1921,3.13
pol,Poland,1922,2.965
pol,Poland,1923,2.136
pol,Poland,1924,1.913
pol,Poland,1925,1.891
pol,Poland,1926,1.863
pol,Poland,1927,2.31
pol,Poland,1928,2.356
pol,Poland,1929,2.685
pol,Poland,1930,2.064
pol,Poland,1931,1.98
pol,Poland,1932,1.504
pol,Poland,1933,1.538
pol,Poland,1934,1.6
pol,Poland,1935,1.623
pol,Poland,1936,1.744
pol,Poland,1937,1.956
pol,Poland,1938,2.068
pol,Poland,1939,1.789
pol,Poland,1940,5.786
pol,Poland,1941,5.752
pol,Poland,1942,6.427
pol,Poland,1943,7.134
pol,Poland,1944,6.949
pol,Poland,1945,2.228
pol,Poland,1946,3.994
pol,Poland,1947,3.563
pol,Poland,1948,3.527
pol,Poland,1949,4.232
pol,Poland,1950,4.521
pol,Poland,1951,4.835
pol,Poland,1952,4.974
pol,Poland,1953,5.305
pol,Poland,1954,5.519
pol,Poland,1955,5.66
pol,Poland,1956,5.998
pol,Poland,1957,6.329
pol,Poland,1958,6.157
pol,Poland,1959,6.504
pol,Poland,1960,6.745
pol,Poland,1961,6.91
pol,Poland,1962,7.133
pol,Poland,1963,7.52
pol,Poland,1964,7.823
pol,Poland,1965,7.874
pol,Poland,1966,7.969
pol,Poland,1967,8.097
pol,Poland,1968,8.53
pol,Poland,1969,8.967
pol,Poland,1970,9.168
pol,Poland,1971,9.279
pol,Poland,1972,9.588
pol,Poland,1973,9.555
pol,Poland,1974,9.623
pol,Poland,1975,10.151
pol,Poland,1976,10.503
pol,Poland,1977,10.749
pol,Poland,1978,10.827
pol,Poland,1979,10.877
pol,Poland,1980,11.253
pol,Poland,1981,9.84
pol,Poland,1982,8.604
pol,Poland,1983,8.772
pol,Poland,1984,8.693
pol,Poland,1985,8.855
pol,Poland,1986,9.035
pol,Poland,1987,9.129
pol,Poland,1988,9.323
pol,Poland,1989,8.894
pol,Poland,1990,8.423
pol,Poland,1991,8.782
pol,Poland,1992,9.035
pol,Poland,1993,8.751
pol,Poland,1994,8.398
pol,Poland,1995,8.321
pol,Poland,1996,8.527
pol,Poland,1997,8.348
pol,Poland,1998,7.69
pol,Poland,1999,8.02
pol,Poland,2000,7.753
pol,Poland,2001,7.605
pol,Poland,2002,7.337
pol,Poland,2003,7.341
pol,Poland,2004,7.504
pol,Poland,2005,7.473
pol,Poland,2006,8.197
pol,Poland,2007,8.407
pol,Poland,2008,8.515
pol,Poland,2009,8.02
pol,Poland,2010,8.516
pol,Poland,2011,8.405
pol,Poland,2012,8.378
pol,Poland,2013,8.025
pol,Poland,2014,7.758
pol,Poland,2015,7.995
pol,Poland,2016,7.926
pol,Poland,2017,8.244
pol,Poland,2018,8.49
pol,Poland,2019,8.002
pol,Poland,2020,7.43
pol,Poland,2021,8.093
pol,Poland,2022,8.012
prk,North Korea,1900,0.004
prk,North Korea,1901,0.004
prk,North Korea,1902,0.004
prk,North Korea,1903,0.004
prk,North Korea,1904,0.004
prk,North Korea,1905,0.004
prk,North Korea,1906,0.004
prk,North Korea,1907,0.004
prk,North Korea,1908,0.004
prk,North Korea,1909,0.004
prk,North Korea,1910,0.004
prk,North Korea,1911,0.004
prk,North Korea,1912,0.004
prk,North Korea,1913,0.004
prk,North Korea,1914,0.005
prk,North Korea,1915,0.005
prk,North Korea,1916,0.005
prk,North Korea,1917,0.005
prk,North Korea,1918,0.005
prk,North Korea,1919,0.005
prk,North Korea,1920,0.005
prk,North Korea,1921,0.005
prk,North Korea,1922,0.005
prk,North Korea,1923,0.005
prk,North Korea,1924,0.005
prk,North Korea,1925,0.005
prk,North Korea,1926,0.005
prk,North Korea,1927,0.005
prk,North Korea,1928,0.005
prk,North Korea,1929,0.006
prk,North Korea,1930,0.006
prk,North Korea,1931,0.006
prk,North Korea,1932,0.006
prk,North Korea,1933,0.006
prk,North Korea,1934,0.006
prk,North Korea,1935,0.006
prk,North Korea,1936,0.006
prk,North Korea,1937,0.006
prk,North Korea,1938,0.006
prk,North Korea,1939,0.006
prk,North Korea,1940,0.006
prk,North Korea,1941,0.007
prk,North Korea,1942,0.007
prk,North Korea,1943,0.007
prk,North Korea,1944,0.007
prk,North Korea,1945,0.007
prk,North Korea,1946,0.007
prk,North Korea,1947,0.007
prk,North Korea,1948,0.137
prk,North Korea,1949,0.171
prk,North Korea,1950,0.074
prk,North Korea,1951,0.097
prk,North Korea,1952,0.089
prk,North Korea,1953,0.175
prk,North Korea,1954,0.481
prk,North Korea,1955,0.729
prk,North Korea,1956,0.872
prk,North Korea,1957,1.072
prk,North Korea,1958,1.443
prk,North Korea,1959,1.784
prk,North Korea,1960,2.084
prk,North Korea,1961,2.267
prk,North Korea,1962,2.587
prk,North Korea,1963,2.723
prk,North Korea,1964,2.902
prk,North Korea,1965,3.527
prk,North Korea,1966,3.703
prk,North Korea,1967,3.966
prk,North Korea,1968,4.358
prk,North Korea,1969,4.577
prk,North Korea,1970,5.103
prk,North Korea,1971,7.262
prk,North Korea,1972,5.89
prk,North Korea,1973,6.247
prk,North Korea,1974,6.375
prk,North Korea,1975,6.618
prk,North Korea,1976,6.652
prk,North Korea,1977,6.773
prk,North Korea,1978,6.365
prk,North Korea,1979,6.403
prk,North Korea,1980,6.535
prk,North Korea,1981,6.457
prk,North Korea,1982,6.496
prk,North Korea,1983,6.846
prk,North Korea,1984,7.25
prk,North Korea,1985,7.65
prk,North Korea,1986,8.194
prk,North Korea,1987,9.045
prk,North Korea,1988,10.197
prk,North Korea,1989,10.666
prk,North Korea,1990,6.037
prk,North Korea,1991,5.693
prk,North Korea,1992,4.922
prk,North Korea,1993,4.465
prk,North Korea,1994,4.022
prk,North Korea,1995,3.72
prk,North Korea,1996,3.242
prk,North Korea,1997,2.92
prk,North Korea,1998,2.61
prk,North Korea,1999,2.822
prk,North Korea,2000,3.019
prk,North Korea,2001,3.1
prk,North Korea,2002,2.943
prk,North Korea,2003,2.982
prk,North Korea,2004,3.025
prk,North Korea,2005,3.137
prk,North Korea,2006,3.169
prk,North Korea,2007,2.627
prk,North Korea,2008,2.895
prk,North Korea,2009,2.195
prk,North Korea,2010,2.039
prk,North Korea,2011,1.468
prk,North Korea,2012,1.516
prk,North Korea,2013,1.085
prk,North Korea,2014,1.22
prk,North Korea,2015,0.978
prk,North Korea,2016,1.086
prk,North Korea,2017,1.123
prk,North Korea,2018,1.184
prk,North Korea,2019,1.214
prk,North Korea,2020,1.213
prk,North Korea,2021,1.298
prk,North Korea,2022,1.324
prt,Portugal,1900,0.457
prt,Portugal,1901,0.439
prt,Portugal,1902,0.478
prt,Portugal,1903,0.456
prt,Portugal,1904,0.462
prt,Portugal,1905,0.448
prt,Portugal,1906,0.511
prt,Portugal,1907,0.552
prt,Portugal,1908,0.545
prt,Portugal,1909,0.549
prt,Portugal,1910,0.556
prt,Portugal,1911,0.535
prt,Portugal,1912,0.619
prt,Portugal,1913,0.652
prt,Portugal,1914,0.569
prt,Portugal,1915,0.519
prt,Portugal,1916,0.502
prt,Portugal,1917,0.277
prt,Portugal,1918,0.183
prt,Portugal,1919,0.359
prt,Portugal,1920,0.348
prt,Portugal,1921,0.352
prt,Portugal,1922,0.481
prt,Portugal,1923,0.43
prt,Portugal,1924,0.48
prt,Portugal,1925,0.489
prt,Portugal,1926,0.486
prt,Portugal,1927,0.556
prt,Portugal,1928,0.604
prt,Portugal,1929,0.593
prt,Portugal,1930,0.638
prt,Portugal,1931,0.572
prt,Portugal,1932,0.488
prt,Portugal,1933,0.569
prt,Portugal,1934,0.576
prt,Portugal,1935,0.608
prt,Portugal,1936,0.566
prt,Portugal,1937,0.668
prt,Portugal,1938,0.551
prt,Portugal,1939,0.629
prt,Portugal,1940,0.51
prt,Portugal,1941,0.489
prt,Portugal,1942,0.388
prt,Portugal,1943,0.373
prt,Portugal,1944,0.408
prt,Portugal,1945,0.416
prt,Portugal,1946,0.48
prt,Portugal,1947,0.677
prt,Portugal,1948,0.636
prt,Portugal,1949,0.662
prt,Portugal,1950,0.668
prt,Portugal,1951,0.642
prt,Portugal,1952,0.634
prt,Portugal,1953,0.698
prt,Portugal,1954,0.677
prt,Portugal,1955,0.75
prt,Portugal,1956,0.826
prt,Portugal,1957,0.892
prt,Portugal,1958,0.862
prt,Portugal,1959,0.906
prt,Portugal,1960,0.929
prt,Portugal,1961,1.024
prt,Portugal,1962,1.046
prt,Portugal,1963,1.127
prt,Portugal,1964,1.24
prt,Portugal,1965,1.31
prt,Portugal,1966,1.348
prt,Portugal,1967,1.426
prt,Portugal,1968,1.514
prt,Portugal,1969,1.721
prt,Portugal,1970,1.816
prt,Portugal,1971,1.97
prt,Portugal,1972,2.22
prt,Portugal,1973,2.44
prt,Portugal,1974,2.55
prt,Portugal,1975,2.657
prt,Portugal,1976,2.819
prt,Portugal,1977,2.88
prt,Portugal,1978,2.893
prt,Portugal,1979,3.189
prt,Portugal,1980,3.426
prt,Portugal,1981,3.431
prt,Portugal,1982,3.435
prt,Portugal,1983,3.671
prt,Portugal,1984,3.773
prt,Portugal,1985,3.626
prt,Portugal,1986,3.414
prt,Portugal,1987,3.804
prt,Portugal,1988,3.932
prt,Portugal,1989,4.111
prt,Portugal,1990,5.157
prt,Portugal,1991,5.397
prt,Portugal,1992,5.985
prt,Portugal,1993,5.819
prt,Portugal,1994,5.88
prt,Portugal,1995,6.264
prt,Portugal,1996,5.959
prt,Portugal,1997,6.913
prt,Portugal,1998,7.9
prt,Portugal,1999,9.488
prt,Portugal,2000,10.671
prt,Portugal,2001,10.876
prt,Portugal,2002,10.895
prt,Portugal,2003,10.669
prt,Portugal,2004,10.513
prt,Portugal,2005,12.167
prt,Portugal,2006,10.829
prt,Portugal,2007,10.893
prt,Portugal,2008,10.848
prt,Portugal,2009,8.984
prt,Portugal,2010,9.026
prt,Portugal,2011,5.939
prt,Portugal,2012,4.921
prt,Portugal,2013,4.744
prt,Portugal,2014,4.699
prt,Portugal,2015,5.001
prt,Portugal,2016,5.273
prt,Portugal,2017,5.642
prt,Portugal,2018,5.425
prt,Portugal,2019,5.081
prt,Portugal,2020,4.63
prt,Portugal,2021,4.65
prt,Portugal,2022,4.603
pry,Paraguay,1900,0.011
pry,Paraguay,1901,0.011
pry,Paraguay,1902,0.011
pry,Paraguay,1903,0.012
pry,Paraguay,1904,0.013
pry,Paraguay,1905,0.013
pry,Paraguay,1906,0.014
pry,Paraguay,1907,0.015
pry,Paraguay,1908,0.016
pry,Paraguay,1909,0.016
pry,Paraguay,1910,0.017
pry,Paraguay,1911,0.018
pry,Paraguay,1912,0.019
pry,Paraguay,1913,0.02
pry,Paraguay,1914,0.02
pry,Paraguay,1915,0.019
pry,Paraguay,1916,0.019
pry,Paraguay,1917,0.019
pry,Paraguay,1918,0.019
pry,Paraguay,1919,0.019
pry,Paraguay,1920,0.019
pry,Paraguay,1921,0.02
pry,Paraguay,1922,0.02
pry,Paraguay,1923,0.02
pry,Paraguay,1924,0.02
pry,Paraguay,1925,0.021
pry,Paraguay,1926,0.023
pry,Paraguay,1927,0.024
pry,Paraguay,1928,0.025
pry,Paraguay,1929,0.026
pry,Paraguay,1930,0.026
pry,Paraguay,1931,0.026
pry,Paraguay,1932,0.026
pry,Paraguay,1933,0.026
pry,Paraguay,1934,0.027
pry,Paraguay,1935,0.027
pry,Paraguay,1936,0.028
pry,Paraguay,1937,0.029
pry,Paraguay,1938,0.031
pry,Paraguay,1939,0.032
pry,Paraguay,1940,0.032
pry,Paraguay,1941,0.032
pry,Paraguay,1942,0.032
pry,Paraguay,1943,0.032
pry,Paraguay,1944,0.032
pry,Paraguay,1945,0.033
pry,Paraguay,1946,0.035
pry,Paraguay,1947,0.037
pry,Paraguay,1948,0.039
pry,Paraguay,1949,0.041
pry,Paraguay,1950,0.042
pry,Paraguay,1951,0.032
pry,Paraguay,1952,0.066
pry,Paraguay,1953,0.076
pry,Paraguay,1954,0.112
pry,Paraguay,1955,0.114
pry,Paraguay,1956,0.115
pry,Paraguay,1957,0.121
pry,Paraguay,1958,0.134
pry,Paraguay,1959,0.164
pry,Paraguay,1960,0.16
pry,Paraguay,1961,0.186
pry,Paraguay,1962,0.196
pry,Paraguay,1963,0.2
pry,Paraguay,1964,0.205
pry,Paraguay,1965,0.255
pry,Paraguay,1966,0.233
pry,Paraguay,1967,0.218
pry,Paraguay,1968,0.261
pry,Paraguay,1969,0.231
pry,Paraguay,1970,0.334
pry,Paraguay,1971,0.291
pry,Paraguay,1972,0.34
pry,Paraguay,1973,0.431
pry,Paraguay,1974,0.495
pry,Paraguay,1975,0.457
pry,Paraguay,1976,0.586
pry,Paraguay,1977,0.677
pry,Paraguay,1978,0.871
pry,Paraguay,1979,0.797
pry,Paraguay,1980,0.883
pry,Paraguay,1981,0.8
pry,Paraguay,1982,0.724
pry,Paraguay,1983,0.693
pry,Paraguay,1984,0.695
pry,Paraguay,1985,0.714
pry,Paraguay,1986,0.721
pry,Paraguay,1987,0.749
pry,Paraguay,1988,0.826
pry,Paraguay,1989,0.918
pry,Paraguay,1990,0.926
pry,Paraguay,1991,0.913
pry,Paraguay,1992,1.012
pry,Paraguay,1993,1.023
pry,Paraguay,1994,1.13
pry,Paraguay,1995,1.213
pry,Paraguay,1996,1.116
pry,Paraguay,1997,1.208
pry,Paraguay,1998,1.158
pry,Paraguay,1999,1.157
pry,Paraguay,2000,1.053
pry,Paraguay,2001,1.042
pry,Paraguay,2002,0.989
pry,Paraguay,2003,1.059
pry,Paraguay,2004,1.089
pry,Paraguay,2005,1.049
pry,Paraguay,2006,1.071
pry,Paraguay,2007,1.212
pry,Paraguay,2008,1.441
pry,Paraguay,2009,1.241
pry,Paraguay,2010,1.506
pry,Paraguay,2011,1.695
pry,Paraguay,2012,1.567
pry,Paraguay,2013,1.63
pry,Paraguay,2014,1.649
pry,Paraguay,2015,1.6
pry,Paraguay,2016,1.688
pry,Paraguay,2017,1.886
pry,Paraguay,2018,1.965
pry,Paraguay,2019,1.916
pry,Paraguay,2020,1.833
pry,Paraguay,2021,1.961
pry,Paraguay,2022,2.0
pse,Palestine,1900,0.016
pse,Palestine,1901,0.016
pse,Palestine,1902,0.016
pse,Palestine,1903,0.016
pse,Palestine,1904,0.016
pse,Palestine,1905,0.016
pse,Palestine,1906,0.016
pse,Palestine,1907,0.017
pse,Palestine,1908,0.017
pse,Palestine,1909,0.017
pse,Palestine,1910,0.017
pse,Palestine,1911,0.017
pse,Palestine,1912,0.017
pse,Palestine,1913,0.017
pse,Palestine,1914,0.017
pse,Palestine,1915,0.017
pse,Palestine,1916,0.018
pse,Palestine,1917,0.018
pse,Palestine,1918,0.018
pse,Palestine,1919,0.018
pse,Palestine,1920,0.018
pse,Palestine,1921,0.019
pse,Palestine,1922,0.019
pse,Palestine,1923,0.019
pse,Palestine,1924,0.021
pse,Palestine,1925,0.021
pse,Palestine,1926,0.021
pse,Palestine,1927,0.021
pse,Palestine,1928,0.023
pse,Palestine,1929,0.022
pse,Palestine,1930,0.022
pse,Palestine,1931,0.023
pse,Palestine,1932,0.024
pse,Palestine,1933,0.024
pse,Palestine,1934,0.023
pse,Palestine,1935,0.026
pse,Palestine,1936,0.03
pse,Palestine,1937,0.03
pse,Palestine,1938,0.032
pse,Palestine,1939,0.031
pse,Palestine,1940,0.038
pse,Palestine,1941,0.037
pse,Palestine,1942,0.035
pse,Palestine,1943,0.035
pse,Palestine,1944,0.039
pse,Palestine,1945,0.044
pse,Palestine,1946,0.048
pse,Palestine,1947,0.052
pse,Palestine,1948,0.055
pse,Palestine,1949,0.051
pse,Palestine,1950,0.054
pse,Palestine,1951,0.046
pse,Palestine,1952,0.052
pse,Palestine,1953,0.053
pse,Palestine,1954,0.056
pse,Palestine,1955,0.057
pse,Palestine,1956,0.062
pse,Palestine,1957,0.069
pse,Palestine,1958,0.073
pse,Palestine,1959,0.076
pse,Palestine,1960,0.079
pse,Palestine,1961,0.085
pse,Palestine,1962,0.088
pse,Palestine,1963,0.091
pse,Palestine,1964,0.096
pse,Palestine,1965,0.1
pse,Palestine,1966,0.102
pse,Palestine,1967,0.112
pse,Palestine,1968,0.112
pse,Palestine,1969,0.12
pse,Palestine,1970,0.126
pse,Palestine,1971,0.133
pse,Palestine,1972,0.143
pse,Palestine,1973,0.15
pse,Palestine,1974,0.166
pse,Palestine,1975,0.177
pse,Palestine,1976,0.184
pse,Palestine,1977,0.201
pse,Palestine,1978,0.219
pse,Palestine,1979,0.225
pse,Palestine,1980,0.246
pse,Palestine,1981,0.234
pse,Palestine,1982,0.248
pse,Palestine,1983,0.269
pse,Palestine,1984,0.294
pse,Palestine,1985,0.323
pse,Palestine,1986,0.34
pse,Palestine,1987,0.349
pse,Palestine,1988,0.377
pse,Palestine,1989,0.395
pse,Palestine,1990,0.41
pse,Palestine,1991,0.403
pse,Palestine,1992,0.401
pse,Palestine,1993,0.391
pse,Palestine,1994,0.387
pse,Palestine,1995,0.361
pse,Palestine,1996,0.378
pse,Palestine,1997,0.301
pse,Palestine,1998,0.488
pse,Palestine,1999,0.438
pse,Palestine,2000,0.515
pse,Palestine,2001,0.408
pse,Palestine,2002,0.342
pse,Palestine,2003,0.372
pse,Palestine,2004,0.627
pse,Palestine,2005,0.767
pse,Palestine,2006,0.619
pse,Palestine,2007,0.619
pse,Palestine,2008,0.532
pse,Palestine,2009,0.528
pse,Palestine,2010,0.502
pse,Palestine,2011,0.542
pse,Palestine,2012,0.519
pse,Palestine,2013,0.563
pse,Palestine,2014,0.641
pse,Palestine,2015,0.664
pse,Palestine,2016,0.698
pse,Palestine,2017,0.671
pse,Palestine,2018,0.661
pse,Palestine,2019,0.677
pse,Palestine,2020,0.671
pse,Palestine,2021,0.718
pse,Palestine,2022,0.733
qat,Qatar,1900,0.419
qat,Qatar,1901,0.422
qat,Qatar,1902,0.428
qat,Qatar,1903,0.429
qat,Qatar,1904,0.433
qat,Qatar,1905,0.437
qat,Qatar,1906,0.441
qat,Qatar,1907,0.444
qat,Qatar,1908,0.449
qat,Qatar,1909,0.452
qat,Qatar,1910,0.451
qat,Qatar,1911,0.454
qat,Qatar,1912,0.458
qat,Qatar,1913,0.462
qat,Qatar,1914,0.466
qat,Qatar,1915,0.469
qat,Qatar,1916,0.481
qat,Qatar,1917,0.473
qat,Qatar,1918,0.488
qat,Qatar,1919,0.479
qat,Qatar,1920,0.487
qat,Qatar,1921,0.518
qat,Qatar,1922,0.506
qat,Qatar,1923,0.512
qat,Qatar,1924,0.567
qat,Qatar,1925,0.557
qat,Qatar,1926,0.575
qat,Qatar,1927,0.559
qat,Qatar,1928,0.625
qat,Qatar,1929,0.592
qat,Qatar,1930,0.601
qat,Qatar,1931,0.62
qat,Qatar,1932,0.651
qat,Qatar,1933,0.64
qat,Qatar,1934,0.616
qat,Qatar,1935,0.707
qat,Qatar,1936,0.794
qat,Qatar,1937,0.809
qat,Qatar,1938,0.86
qat,Qatar,1939,0.846
qat,Qatar,1940,1.016
qat,Qatar,1941,0.987
qat,Qatar,1942,0.949
qat,Qatar,1943,0.943
qat,Qatar,1944,1.048
qat,Qatar,1945,1.179
qat,Qatar,1946,1.28
qat,Qatar,1947,1.403
qat,Qatar,1948,1.468
qat,Qatar,1949,1.374
qat,Qatar,1950,1.444
qat,Qatar,1951,1.239
qat,Qatar,1952,1.39
qat,Qatar,1953,1.416
qat,Qatar,1954,1.507
qat,Qatar,1955,1.531
qat,Qatar,1956,1.653
qat,Qatar,1957,1.856
qat,Qatar,1958,1.957
qat,Qatar,1959,2.05
qat,Qatar,1960,2.11
qat,Qatar,1961,2.282
qat,Qatar,1962,2.359
qat,Qatar,1963,2.45
qat,Qatar,1964,2.573
qat,Qatar,1965,2.699
qat,Qatar,1966,2.749
qat,Qatar,1967,2.554
qat,Qatar,1968,3.383
qat,Qatar,1969,9.909
qat,Qatar,1970,14.387
qat,Qatar,1971,15.096
qat,Qatar,1972,13.79
qat,Qatar,1973,13.961
qat,Qatar,1974,18.18
qat,Qatar,1975,14.67
qat,Qatar,1976,20.467
qat,Qatar,1977,12.435
qat,Qatar,1978,16.507
qat,Qatar,1979,15.041
qat,Qatar,1980,35.209
qat,Qatar,1981,34.233
qat,Qatar,1982,29.532
qat,Qatar,1983,30.699
qat,Qatar,1984,28.683
qat,Qatar,1985,29.591
qat,Qatar,1986,25.567
qat,Qatar,1987,25.99
qat,Qatar,1988,23.734
qat,Qatar,1989,23.778
qat,Qatar,1990,24.153
qat,Qatar,1991,34.526
qat,Qatar,1992,48.714
qat,Qatar,1993,54.949
qat,Qatar,1994,53.215
qat,Qatar,1995,53.999
qat,Qatar,1996,53.316
qat,Qatar,1997,55.835
qat,Qatar,1998,47.485
qat,Qatar,1999,26.349
qat,Qatar,2000,24.055
qat,Qatar,2001,28.749
qat,Qatar,2002,31.267
qat,Qatar,2003,30.453
qat,Qatar,2004,29.559
qat,Qatar,2005,35.279
qat,Qatar,2006,29.881
qat,Qatar,2007,29.241
qat,Qatar,2008,25.557
qat,Qatar,2009,30.478
qat,Qatar,2010,25.611
qat,Qatar,2011,19.406
qat,Qatar,2012,23.281
qat,Qatar,2013,23.083
qat,Qatar,2014,25.559
qat,Qatar,2015,27.844
qat,Qatar,2016,27.368
qat,Qatar,2017,26.614
qat,Qatar,2018,24.548
qat,Qatar,2019,26.19
qat,Qatar,2020,25.631
qat,Qatar,2021,26.725
qat,Qatar,2022,27.259
rou,Romania,1900,0.113
rou,Romania,1901,0.145
rou,Romania,1902,0.144
rou,Romania,1903,0.166
rou,Romania,1904,0.195
rou,Romania,1905,0.235
rou,Romania,1906,0.316
rou,Romania,1907,0.397
rou,Romania,1908,0.379
rou,Romania,1909,0.417
rou,Romania,1910,0.411
rou,Romania,1911,0.49
rou,Romania,1912,0.508
rou,Romania,1913,0.588
rou,Romania,1914,0.485
rou,Romania,1915,0.43
rou,Romania,1916,0.249
rou,Romania,1917,0.208
rou,Romania,1918,0.263
rou,Romania,1919,0.383
rou,Romania,1920,0.447
rou,Romania,1921,0.477
rou,Romania,1922,0.569
rou,Romania,1923,0.667
rou,Romania,1924,0.776
rou,Romania,1925,0.896
rou,Romania,1926,1.095
rou,Romania,1927,1.201
rou,Romania,1928,1.343
rou,Romania,1929,1.486
rou,Romania,1930,1.664
rou,Romania,1931,1.827
rou,Romania,1932,1.911
rou,Romania,1933,1.885
rou,Romania,1934,2.16
rou,Romania,1935,2.126
rou,Romania,1936,2.209
rou,Romania,1937,1.874
rou,Romania,1938,1.739
rou,Romania,1939,1.623
rou,Romania,1940,1.531
rou,Romania,1941,1.433
rou,Romania,1942,1.497
rou,Romania,1943,1.395
rou,Romania,1944,0.948
rou,Romania,1945,1.187
rou,Romania,1946,1.094
rou,Romania,1947,1.021
rou,Romania,1948,1.457
rou,Romania,1949,1.434
rou,Romania,1950,1.197
rou,Romania,1951,1.364
rou,Romania,1952,1.59
rou,Romania,1953,1.803
rou,Romania,1954,1.945
rou,Romania,1955,2.106
rou,Romania,1956,2.303
rou,Romania,1957,2.559
rou,Romania,1958,2.738
rou,Romania,1959,2.752
rou,Romania,1960,2.871
rou,Romania,1961,2.969
rou,Romania,1962,3.374
rou,Romania,1963,3.646
rou,Romania,1964,3.751
rou,Romania,1965,4.054
rou,Romania,1966,4.284
rou,Romania,1967,4.621
rou,Romania,1968,4.94
rou,Romania,1969,5.397
rou,Romania,1970,5.676
rou,Romania,1971,5.792
rou,Romania,1972,5.913
rou,Romania,1973,6.253
rou,Romania,1974,6.265
rou,Romania,1975,6.463
rou,Romania,1976,6.675
rou,Romania,1977,6.546
rou,Romania,1978,6.869
rou,Romania,1979,6.759
rou,Romania,1980,6.664
rou,Romania,1981,6.68
rou,Romania,1982,6.696
rou,Romania,1983,6.588
rou,Romania,1984,6.727
rou,Romania,1985,6.326
rou,Romania,1986,6.472
rou,Romania,1987,6.7
rou,Romania,1988,6.997
rou,Romania,1989,6.985
rou,Romania,1990,7.009
rou,Romania,1991,5.653
rou,Romania,1992,5.239
rou,Romania,1993,4.891
rou,Romania,1994,4.576
rou,Romania,1995,4.655
rou,Romania,1996,4.496
rou,Romania,1997,4.023
rou,Romania,1998,3.942
rou,Romania,1999,3.563
rou,Romania,2000,4.062
rou,Romania,2001,4.361
rou,Romania,2002,4.371
rou,Romania,2003,4.48
rou,Romania,2004,4.569
rou,Romania,2005,4.695
rou,Romania,2006,4.982
rou,Romania,2007,5.394
rou,Romania,2008,5.565
rou,Romania,2009,4.459
rou,Romania,2010,4.532
rou,Romania,2011,4.65
rou,Romania,2012,4.513
rou,Romania,2013,3.944
rou,Romania,2014,4.066
rou,Romania,2015,3.985
rou,Romania,2016,4.106
rou,Romania,2017,4.326
rou,Romania,2018,4.503
rou,Romania,2019,4.353
rou,Romania,2020,4.148
rou,Romania,2021,4.407
rou,Romania,2022,4.363
rus,Russia,1900,0.721
rus,Russia,1901,0.733
rus,Russia,1902,0.702
rus,Russia,1903,0.68
rus,Russia,1904,0.75
rus,Russia,1905,0.664
rus,Russia,1906,0.75
rus,Russia,1907,0.832
rus,Russia,1908,0.83
rus,Russia,1909,0.868
rus,Russia,1910,0.844
rus,Russia,1911,0.867
rus,Russia,1912,0.974
rus,Russia,1913,1.048
rus,Russia,1914,0.937
rus,Russia,1915,0.853
rus,Russia,1916,0.9
rus,Russia,1917,0.821
rus,Russia,1918,0.325
rus,Russia,1919,0.275
rus,Russia,1920,0.248
rus,Russia,1921,0.267
rus,Russia,1922,0.322
rus,Russia,1923,0.353
rus,Russia,1924,0.416
rus,Russia,1925,0.407
rus,Russia,1926,0.585
rus,Russia,1927,0.72
rus,Russia,1928,0.793
rus,Russia,1929,0.846
rus,Russia,1930,1.139
rus,Russia,1931,1.356
rus,Russia,1932,1.514
rus,Russia,1933,1.677
rus,Russia,1934,2.01
rus,Russia,1935,2.254
rus,Russia,1936,2.561
rus,Russia,1937,2.595
rus,Russia,1938,2.714
rus,Russia,1939,2.722
rus,Russia,1940,3.233
rus,Russia,1941,2.814
rus,Russia,1942,1.919
rus,Russia,1943,2.428
rus,Russia,1944,2.253
rus,Russia,1945,2.363
rus,Russia,1946,2.632
rus,Russia,1947,3.14
rus,Russia,1948,3.311
rus,Russia,1949,3.729
rus,Russia,1950,4.11
rus,Russia,1951,4.391
rus,Russia,1952,4.628
rus,Russia,1953,4.816
rus,Russia,1954,5.173
rus,Russia,1955,5.77
rus,Russia,1956,6.226
rus,Russia,1957,6.709
rus,Russia,1958,7.056
rus,Russia,1959,7.215
rus,Russia,1960,7.411
rus,Russia,1961,7.546
rus,Russia,1962,7.825
rus,Russia,1963,8.299
rus,Russia,1964,8.737
rus,Russia,1965,9.185
rus,Russia,1966,9.622
rus,Russia,1967,9.985
rus,Russia,1968,10.186
rus,Russia,1969,10.514
rus,Russia,1970,10.941
rus,Russia,1971,11.46
rus,Russia,1972,11.872
rus,Russia,1973,12.152
rus,Russia,1974,12.365
rus,Russia,1975,12.722
rus,Russia,1976,12.927
rus,Russia,1977,13.09
rus,Russia,1978,13.288
rus,Russia,1979,13.192
rus,Russia,1980,13.556
rus,Russia,1981,13.208
rus,Russia,1982,12.868
rus,Russia,1983,13.02
rus,Russia,1984,13.113
rus,Russia,1985,13.136
rus,Russia,1986,14.065
rus,Russia,1987,13.999
rus,Russia,1988,13.842
rus,Russia,1989,14.116
rus,Russia,1990,13.72
rus,Russia,1991,13.923
rus,Russia,1992,5.208
rus,Russia,1993,7.445
rus,Russia,1994,7.867
rus,Russia,1995,7.829
rus,Russia,1996,8.419
rus,Russia,1997,7.924
rus,Russia,1998,7.111
rus,Russia,1999,6.824
rus,Russia,2000,6.744
rus,Russia,2001,7.563
rus,Russia,2002,7.638
rus,Russia,2003,7.963
rus,Russia,2004,8.154
rus,Russia,2005,8.272
rus,Russia,2006,8.592
rus,Russia,2007,9.101
rus,Russia,2008,9.265
rus,Russia,2009,8.908
rus,Russia,2010,9.421
rus,Russia,2011,9.849
rus,Russia,2012,10.159
rus,Russia,2013,9.862
rus,Russia,2014,9.59
rus,Russia,2015,9.058
rus,Russia,2016,9.317
rus,Russia,2017,9.531
rus,Russia,2018,9.266
rus,Russia,2019,9.417
rus,Russia,2020,9.29
rus,Russia,2021,10.069
rus,Russia,2022,9.968
rwa,Rwanda,1900,0.007
rwa,Rwanda,1901,0.007
rwa,Rwanda,1902,0.007
rwa,Rwanda,1903,0.007
rwa,Rwanda,1904,0.007
rwa,Rwanda,1905,0.008
rwa,Rwanda,1906,0.008
rwa,Rwanda,1907,0.008
rwa,Rwanda,1908,0.008
rwa,Rwanda,1909,0.008
rwa,Rwanda,1910,0.008
rwa,Rwanda,1911,0.008
rwa,Rwanda,1912,0.009
rwa,Rwanda,1913,0.009
rwa,Rwanda,1914,0.009
rwa,Rwanda,1915,0.008
rwa,Rwanda,1916,0.008
rwa,Rwanda,1917,0.009
rwa,Rwanda,1918,0.009
rwa,Rwanda,1919,0.01
rwa,Rwanda,1920,0.01
rwa,Rwanda,1921,0.01
rwa,Rwanda,1922,0.01
rwa,Rwanda,1923,0.01
rwa,Rwanda,1924,0.011
rwa,Rwanda,1925,0.011
rwa,Rwanda,1926,0.011
rwa,Rwanda,1927,0.012
rwa,Rwanda,1928,0.011
rwa,Rwanda,1929,0.012
rwa,Rwanda,1930,0.012
rwa,Rwanda,1931,0.013
rwa,Rwanda,1932,0.012
rwa,Rwanda,1933,0.012
rwa,Rwanda,1934,0.012
rwa,Rwanda,1935,0.013
rwa,Rwanda,1936,0.013
rwa,Rwanda,1937,0.014
rwa,Rwanda,1938,0.015
rwa,Rwanda,1939,0.015
rwa,Rwanda,1940,0.015
rwa,Rwanda,1941,0.015
rwa,Rwanda,1942,0.016
rwa,Rwanda,1943,0.016
rwa,Rwanda,1944,0.016
rwa,Rwanda,1945,0.017
rwa,Rwanda,1946,0.018
rwa,Rwanda,1947,0.018
rwa,Rwanda,1948,0.018
rwa,Rwanda,1949,0.019
rwa,Rwanda,1950,0.019
rwa,Rwanda,1951,0.02
rwa,Rwanda,1952,0.02
rwa,Rwanda,1953,0.021
rwa,Rwanda,1954,0.021
rwa,Rwanda,1955,0.022
rwa,Rwanda,1956,0.023
rwa,Rwanda,1957,0.024
rwa,Rwanda,1958,0.026
rwa,Rwanda,1959,0.026
rwa,Rwanda,1960,0.024
rwa,Rwanda,1961,0.031
rwa,Rwanda,1962,0.028
rwa,Rwanda,1963,0.027
rwa,Rwanda,1964,0.012
rwa,Rwanda,1965,0.015
rwa,Rwanda,1966,0.013
rwa,Rwanda,1967,0.012
rwa,Rwanda,1968,0.015
rwa,Rwanda,1969,0.016
rwa,Rwanda,1970,0.015
rwa,Rwanda,1971,0.015
rwa,Rwanda,1972,0.015
rwa,Rwanda,1973,0.015
rwa,Rwanda,1974,0.014
rwa,Rwanda,1975,0.032
rwa,Rwanda,1976,0.045
rwa,Rwanda,1977,0.041
rwa,Rwanda,1978,0.041
rwa,Rwanda,1979,0.039
rwa,Rwanda,1980,0.062
rwa,Rwanda,1981,0.073
rwa,Rwanda,1982,0.085
rwa,Rwanda,1983,0.084
rwa,Rwanda,1984,0.093
rwa,Rwanda,1985,0.081
rwa,Rwanda,1986,0.076
rwa,Rwanda,1987,0.07
rwa,Rwanda,1988,0.068
rwa,Rwanda,1989,0.074
rwa,Rwanda,1990,0.071
rwa,Rwanda,1991,0.063
rwa,Rwanda,1992,0.062
rwa,Rwanda,1993,0.061
rwa,Rwanda,1994,0.068
rwa,Rwanda,1995,0.08
rwa,Rwanda,1996,0.069
rwa,Rwanda,1997,0.063
rwa,Rwanda,1998,0.061
rwa,Rwanda,1999,0.062
rwa,Rwanda,2000,0.084
rwa,Rwanda,2001,0.06
rwa,Rwanda,2002,0.058
rwa,Rwanda,2003,0.058
rwa,Rwanda,2004,0.062
rwa,Rwanda,2005,0.055
rwa,Rwanda,2006,0.055
rwa,Rwanda,2007,0.058
rwa,Rwanda,2008,0.057
rwa,Rwanda,2009,0.055
rwa,Rwanda,2010,0.059
rwa,Rwanda,2011,0.066
rwa,Rwanda,2012,0.075
rwa,Rwanda,2013,0.069
rwa,Rwanda,2014,0.08
rwa,Rwanda,2015,0.092
rwa,Rwanda,2016,0.095
rwa,Rwanda,2017,0.137
rwa,Rwanda,2018,0.15
rwa,Rwanda,2019,0.181
rwa,Rwanda,2020,0.164
rwa,Rwanda,2021,0.175
rwa,Rwanda,2022,0.179
sau,Saudi Arabia,1900,0.011
sau,Saudi Arabia,1901,0.011
sau,Saudi Arabia,1902,0.012
sau,Saudi Arabia,1903,0.012
sau,Saudi Arabia,1904,0.012
sau,Saudi Arabia,1905,0.012
sau,Saudi Arabia,1906,0.012
sau,Saudi Arabia,1907,0.012
sau,Saudi Arabia,1908,0.012
sau,Saudi Arabia,1909,0.012
sau,Saudi Arabia,1910,0.012
sau,Saudi Arabia,1911,0.012
sau,Saudi Arabia,1912,0.012
sau,Saudi Arabia,1913,0.013
sau,Saudi Arabia,1914,0.013
sau,Saudi Arabia,1915,0.013
sau,Saudi Arabia,1916,0.013
sau,Saudi Arabia,1917,0.013
sau,Saudi Arabia,1918,0.013
sau,Saudi Arabia,1919,0.013
sau,Saudi Arabia,1920,0.013
sau,Saudi Arabia,1921,0.014
sau,Saudi Arabia,1922,0.014
sau,Saudi Arabia,1923,0.014
sau,Saudi Arabia,1924,0.015
sau,Saudi Arabia,1925,0.015
sau,Saudi Arabia,1926,0.016
sau,Saudi Arabia,1927,0.015
sau,Saudi Arabia,1928,0.017
sau,Saudi Arabia,1929,0.016
sau,Saudi Arabia,1930,0.016
sau,Saudi Arabia,1931,0.017
sau,Saudi Arabia,1932,0.018
sau,Saudi Arabia,1933,0.017
sau,Saudi Arabia,1934,0.017
sau,Saudi Arabia,1935,0.019
sau,Saudi Arabia,1936,0.022
sau,Saudi Arabia,1937,0.022
sau,Saudi Arabia,1938,0.023
sau,Saudi Arabia,1939,0.196
sau,Saudi Arabia,1940,1.565
sau,Saudi Arabia,1941,2.122
sau,Saudi Arabia,1942,2.264
sau,Saudi Arabia,1943,2.415
sau,Saudi Arabia,1944,2.577
sau,Saudi Arabia,1945,2.749
sau,Saudi Arabia,1946,2.933
sau,Saudi Arabia,1947,3.129
sau,Saudi Arabia,1948,3.337
sau,Saudi Arabia,1949,3.56
sau,Saudi Arabia,1950,3.798
sau,Saudi Arabia,1951,4.052
sau,Saudi Arabia,1952,4.323
sau,Saudi Arabia,1953,4.611
sau,Saudi Arabia,1954,4.919
sau,Saudi Arabia,1955,5.248
sau,Saudi Arabia,1956,5.599
sau,Saudi Arabia,1957,5.973
sau,Saudi Arabia,1958,6.372
sau,Saudi Arabia,1959,6.797
sau,Saudi Arabia,1960,7.251
sau,Saudi Arabia,1961,7.736
sau,Saudi Arabia,1962,8.252
sau,Saudi Arabia,1963,8.804
sau,Saudi Arabia,1964,9.392
sau,Saudi Arabia,1965,10.019
sau,Saudi Arabia,1966,10.688
sau,Saudi Arabia,1967,10.462
sau,Saudi Arabia,1968,10.242
sau,Saudi Arabia,1969,10.028
sau,Saudi Arabia,1970,9.814
sau,Saudi Arabia,1971,9.912
sau,Saudi Arabia,1972,9.502
sau,Saudi Arabia,1973,9.716
sau,Saudi Arabia,1974,9.869
sau,Saudi Arabia,1975,9.967
sau,Saudi Arabia,1976,7.515
sau,Saudi Arabia,1977,8.261
sau,Saudi Arabia,1978,9.276
sau,Saudi Arabia,1979,9.808
sau,Saudi Arabia,1980,11.245
sau,Saudi Arabia,1981,9.539
sau,Saudi Arabia,1982,10.701
sau,Saudi Arabia,1983,11.055
sau,Saudi Arabia,1984,11.251
sau,Saudi Arabia,1985,12.682
sau,Saudi Arabia,1986,12.242
sau,Saudi Arabia,1987,12.523
sau,Saudi Arabia,1988,12.676
sau,Saudi Arabia,1989,12.712
sau,Saudi Arabia,1990,12.034
sau,Saudi Arabia,1991,15.686
sau,Saudi Arabia,1992,16.535
sau,Saudi Arabia,1993,17.482
sau,Saudi Arabia,1994,16.407
sau,Saudi Arabia,1995,12.928
sau,Saudi Arabia,1996,12.436
sau,Saudi Arabia,1997,10.252
sau,Saudi Arabia,1998,10.575
sau,Saudi Arabia,1999,8.842
sau,Saudi Arabia,2000,9.466
sau,Saudi Arabia,2001,9.827
sau,Saudi Arabia,2002,10.199
sau,Saudi Arabia,2003,12.973
sau,Saudi Arabia,2004,14.828
sau,Saudi Arabia,2005,14.301
sau,Saudi Arabia,2006,15.465
sau,Saudi Arabia,2007,13.932
sau,Saudi Arabia,2008,15.071
sau,Saudi Arabia,2009,16.434
sau,Saudi Arabia,2010,17.452
sau,Saudi Arabia,2011,16.415
sau,Saudi Arabia,2012,17.704
sau,Saudi Arabia,2013,16.975
sau,Saudi Arabia,2014,18.887
sau,Saudi Arabia,2015,21.261
sau,Saudi Arabia,2016,19.302
sau,Saudi Arabia,2017,18.407
sau,Saudi Arabia,2018,17.089
sau,Saudi Arabia,2019,17.663
sau,Saudi Arabia,2020,18.178
sau,Saudi Arabia,2021,18.064
sau,Saudi Arabia,2022,18.425
sdn,Sudan,1900,0.035
sdn,Sudan,1901,0.034
sdn,Sudan,1902,0.035
sdn,Sudan,1903,0.036
sdn,Sudan,1904,0.037
sdn,Sudan,1905,0.038
sdn,Sudan,1906,0.038
sdn,Sudan,1907,0.039
sdn,Sudan,1908,0.04
sdn,Sudan,1909,0.04
sdn,Sudan,1910,0.041
sdn,Sudan,1911,0.042
sdn,Sudan,1912,0.044
sdn,Sudan,1913,0.043
sdn,Sudan,1914,0.043
sdn,Sudan,1915,0.042
sdn,Sudan,1916,0.042
sdn,Sudan,1917,0.044
sdn,Sudan,1918,0.045
sdn,Sudan,1919,0.048
sdn,Sudan,1920,0.049
sdn,Sudan,1921,0.05
sdn,Sudan,1922,0.051
sdn,Sudan,1923,0.051
sdn,Sudan,1924,0.053
sdn,Sudan,1925,0.055
sdn,Sudan,1926,0.057
sdn,Sudan,1927,0.059
sdn,Sudan,1928,0.057
sdn,Sudan,1929,0.058
sdn,Sudan,1930,0.06
sdn,Sudan,1931,0.063
sdn,Sudan,1932,0.059
sdn,Sudan,1933,0.059
sdn,Sudan,1934,0.061
sdn,Sudan,1935,0.064
sdn,Sudan,1936,0.066
sdn,Sudan,1937,0.068
sdn,Sudan,1938,0.073
sdn,Sudan,1939,0.073
sdn,Sudan,1940,0.074
sdn,Sudan,1941,0.077
sdn,Sudan,1942,0.078
sdn,Sudan,1943,0.082
sdn,Sudan,1944,0.082
sdn,Sudan,1945,0.085
sdn,Sudan,1946,0.088
sdn,Sudan,1947,0.088
sdn,Sudan,1948,0.089
sdn,Sudan,1949,0.095
sdn,Sudan,1950,0.096
sdn,Sudan,1951,0.123
sdn,Sudan,1952,0.126
sdn,Sudan,1953,0.134
sdn,Sudan,1954,0.128
sdn,Sudan,1955,0.142
sdn,Sudan,1956,0.133
sdn,Sudan,1957,0.167
sdn,Sudan,1958,0.181
sdn,Sudan,1959,0.171
sdn,Sudan,1960,0.165
sdn,Sudan,1961,0.164
sdn,Sudan,1962,0.17
sdn,Sudan,1963,0.187
sdn,Sudan,1964,0.2
sdn,Sudan,1965,0.254
sdn,Sudan,1966,0.268
sdn,Sudan,1967,0.313
sdn,Sudan,1968,0.295
sdn,Sudan,1969,0.385
sdn,Sudan,1970,0.433
sdn,Sudan,1971,0.43
sdn,Sudan,1972,0.449
sdn,Sudan,1973,0.438
sdn,Sudan,1974,0.444
sdn,Sudan,1975,0.32
sdn,Sudan,1976,0.274
sdn,Sudan,1977,0.268
sdn,Sudan,1978,0.233
sdn,Sudan,1979,0.233
sdn,Sudan,1980,0.236
sdn,Sudan,1981,0.222
sdn,Sudan,1982,0.225
sdn,Sudan,1983,0.222
sdn,Sudan,1984,0.192
sdn,Sudan,1985,0.216
sdn,Sudan,1986,0.219
sdn,Sudan,1987,0.167
sdn,Sudan,1988,0.235
sdn,Sudan,1989,0.176
sdn,Sudan,1990,0.237
sdn,Sudan,1991,0.214
sdn,Sudan,1992,0.184
sdn,Sudan,1993,0.122
sdn,Sudan,1994,0.162
sdn,Sudan,1995,0.162
sdn,Sudan,1996,0.163
sdn,Sudan,1997,0.194
sdn,Sudan,1998,0.165
sdn,Sudan,1999,0.175
sdn,Sudan,2000,0.185
sdn,Sudan,2001,0.208
sdn,Sudan,2002,0.259
sdn,Sudan,2003,0.281
sdn,Sudan,2004,0.347
sdn,Sudan,2005,0.324
sdn,Sudan,2006,0.347
sdn,Sudan,2007,0.399
sdn,Sudan,2008,0.413
sdn,Sudan,2009,0.42
sdn,Sudan,2010,0.417
sdn,Sudan,2011,0.396
sdn,Sudan,2012,0.393
sdn,Sudan,2013,0.407
sdn,Sudan,2014,0.407
sdn,Sudan,2015,0.499
sdn,Sudan,2016,0.491
sdn,Sudan,2017,0.503
sdn,Sudan,2018,0.504
sdn,Sudan,2019,0.514
sdn,Sudan,2020,0.504
sdn,Sudan,2021,0.54
sdn,Sudan,2022,0.55
sen,Senegal,1900,0.032
sen,Senegal,1901,0.031
sen,Senegal,1902,0.032
sen,Senegal,1903,0.033
sen,Senegal,1904,0.034
sen,Senegal,1905,0.034
sen,Senegal,1906,0.034
sen,Senegal,1907,0.035
sen,Senegal,1908,0.036
sen,Senegal,1909,0.036
sen,Senegal,1910,0.037
sen,Senegal,1911,0.038
sen,Senegal,1912,0.04
sen,Senegal,1913,0.039
sen,Senegal,1914,0.039
sen,Senegal,1915,0.038
sen,Senegal,1916,0.038
sen,Senegal,1917,0.04
sen,Senegal,1918,0.041
sen,Senegal,1919,0.043
sen,Senegal,1920,0.044
sen,Senegal,1921,0.046
sen,Senegal,1922,0.047
sen,Senegal,1923,0.046
sen,Senegal,1924,0.048
sen,Senegal,1925,0.05
sen,Senegal,1926,0.052
sen,Senegal,1927,0.053
sen,Senegal,1928,0.052
sen,Senegal,1929,0.053
sen,Senegal,1930,0.054
sen,Senegal,1931,0.057
sen,Senegal,1932,0.054
sen,Senegal,1933,0.054
sen,Senegal,1934,0.056
sen,Senegal,1935,0.058
sen,Senegal,1936,0.06
sen,Senegal,1937,0.061
sen,Senegal,1938,0.066
sen,Senegal,1939,0.066
sen,Senegal,1940,0.067
sen,Senegal,1941,0.069
sen,Senegal,1942,0.071
sen,Senegal,1943,0.074
sen,Senegal,1944,0.075
sen,Senegal,1945,0.077
sen,Senegal,1946,0.08
sen,Senegal,1947,0.079
sen,Senegal,1948,0.081
sen,Senegal,1949,0.086
sen,Senegal,1950,0.087
sen,Senegal,1951,0.092
sen,Senegal,1952,0.091
sen,Senegal,1953,0.093
sen,Senegal,1954,0.095
sen,Senegal,1955,0.099
sen,Senegal,1956,0.103
sen,Senegal,1957,0.108
sen,Senegal,1958,0.117
sen,Senegal,1959,0.124
sen,Senegal,1960,0.258
sen,Senegal,1961,0.245
sen,Senegal,1962,0.235
sen,Senegal,1963,0.234
sen,Senegal,1964,0.226
sen,Senegal,1965,0.337
sen,Senegal,1966,0.212
sen,Senegal,1967,0.113
sen,Senegal,1968,0.114
sen,Senegal,1969,0.118
sen,Senegal,1970,0.305
sen,Senegal,1971,0.305
sen,Senegal,1972,0.316
sen,Senegal,1973,0.325
sen,Senegal,1974,0.374
sen,Senegal,1975,0.504
sen,Senegal,1976,0.335
sen,Senegal,1977,0.41
sen,Senegal,1978,0.466
sen,Senegal,1979,0.499
sen,Senegal,1980,0.561
sen,Senegal,1981,0.536
sen,Senegal,1982,0.512
sen,Senegal,1983,0.461
sen,Senegal,1984,0.385
sen,Senegal,1985,0.469
sen,Senegal,1986,0.367
sen,Senegal,1987,0.354
sen,Senegal,1988,0.316
sen,Senegal,1989,0.343
sen,Senegal,1990,0.45
sen,Senegal,1991,0.468
sen,Senegal,1992,0.468
sen,Senegal,1993,0.469
sen,Senegal,1994,0.476
sen,Senegal,1995,0.434
sen,Senegal,1996,0.5
sen,Senegal,1997,0.45
sen,Senegal,1998,0.454
sen,Senegal,1999,0.45
sen,Senegal,2000,0.476
sen,Senegal,2001,0.484
sen,Senegal,2002,0.501
sen,Senegal,2003,0.556
sen,Senegal,2004,0.566
sen,Senegal,2005,0.606
sen,Senegal,2006,0.515
sen,Senegal,2007,0.581
sen,Senegal,2008,0.606
sen,Senegal,2009,0.516
sen,Senegal,2010,0.591
sen,Senegal,2011,0.718
sen,Senegal,2012,0.763
sen,Senegal,2013,0.725
sen,Senegal,2014,0.812
sen,Senegal,2015,0.835
sen,Senegal,2016,0.87
sen,Senegal,2017,0.89
sen,Senegal,2018,0.942
sen,Senegal,2019,0.957
sen,Senegal,2020,0.933
sen,Senegal,2021,0.998
sen,Senegal,2022,1.018
sgp,Singapore,1900,0.474
sgp,Singapore,1901,0.482
sgp,Singapore,1902,0.491
sgp,Singapore,1903,0.496
sgp,Singapore,1904,0.501
sgp,Singapore,1905,0.507
sgp,Singapore,1906,0.512
sgp,Singapore,1907,0.519
sgp,Singapore,1908,0.526
sgp,Singapore,1909,0.535
sgp,Singapore,1910,0.54
sgp,Singapore,1911,0.551
sgp,Singapore,1912,0.558
sgp,Singapore,1913,0.57
sgp,Singapore,1914,0.588
sgp,Singapore,1915,0.594
sgp,Singapore,1916,0.601
sgp,Singapore,1917,0.611
sgp,Singapore,1918,0.627
sgp,Singapore,1919,0.637
sgp,Singapore,1920,0.655
sgp,Singapore,1921,0.652
sgp,Singapore,1922,0.655
sgp,Singapore,1923,0.663
sgp,Singapore,1924,0.676
sgp,Singapore,1925,0.688
sgp,Singapore,1926,0.696
sgp,Singapore,1927,0.698
sgp,Singapore,1928,0.696
sgp,Singapore,1929,0.719
sgp,Singapore,1930,0.729
sgp,Singapore,1931,0.735
sgp,Singapore,1932,0.732
sgp,Singapore,1933,0.733
sgp,Singapore,1934,0.754
sgp,Singapore,1935,0.762
sgp,Singapore,1936,0.779
sgp,Singapore,1937,0.784
sgp,Singapore,1938,0.789
sgp,Singapore,1939,0.799
sgp,Singapore,1940,0.817
sgp,Singapore,1941,0.84
sgp,Singapore,1942,0.858
sgp,Singapore,1943,0.869
sgp,Singapore,1944,0.863
sgp,Singapore,1945,0.869
sgp,Singapore,1946,0.824
sgp,Singapore,1947,0.8
sgp,Singapore,1948,0.855
sgp,Singapore,1949,0.867
sgp,Singapore,1950,0.895
sgp,Singapore,1951,0.922
sgp,Singapore,1952,0.991
sgp,Singapore,1953,1.027
sgp,Singapore,1954,1.072
sgp,Singapore,1955,1.095
sgp,Singapore,1956,1.134
sgp,Singapore,1957,1.202
sgp,Singapore,1958,1.525
sgp,Singapore,1959,1.145
sgp,Singapore,1960,0.853
sgp,Singapore,1961,1.24
sgp,Singapore,1962,1.481
sgp,Singapore,1963,1.902
sgp,Singapore,1964,2.025
sgp,Singapore,1965,1.356
sgp,Singapore,1966,0.356
sgp,Singapore,1967,1.601
sgp,Singapore,1968,2.836
sgp,Singapore,1969,3.808
sgp,Singapore,1970,9.836
sgp,Singapore,1971,9.268
sgp,Singapore,1972,12.988
sgp,Singapore,1973,13.073
sgp,Singapore,1974,14.359
sgp,Singapore,1975,17.041
sgp,Singapore,1976,22.078
sgp,Singapore,1977,21.852
sgp,Singapore,1978,26.547
sgp,Singapore,1979,29.483
sgp,Singapore,1980,25.634
sgp,Singapore,1981,21.436
sgp,Singapore,1982,17.925
sgp,Singapore,1983,19.393
sgp,Singapore,1984,22.246
sgp,Singapore,1985,20.717
sgp,Singapore,1986,20.28
sgp,Singapore,1987,20.824
sgp,Singapore,1988,19.006
sgp,Singapore,1989,20.636
sgp,Singapore,1990,23.421
sgp,Singapore,1991,23.604
sgp,Singapore,1992,25.913
sgp,Singapore,1993,25.277
sgp,Singapore,1994,26.483
sgp,Singapore,1995,25.285
sgp,Singapore,1996,27.645
sgp,Singapore,1997,29.589
sgp,Singapore,1998,24.342
sgp,Singapore,1999,25.481
sgp,Singapore,2000,30.892
sgp,Singapore,2001,26.666
sgp,Singapore,2002,26.378
sgp,Singapore,2003,24.429
sgp,Singapore,2004,28.284
sgp,Singapore,2005,30.655
sgp,Singapore,2006,32.188
sgp,Singapore,2007,28.667
sgp,Singapore,2008,40.883
sgp,Singapore,2009,20.897
sgp,Singapore,2010,21.657
sgp,Singapore,2011,41.578
sgp,Singapore,2012,45.499
sgp,Singapore,2013,47.52
sgp,Singapore,2014,33.92
sgp,Singapore,2015,28.983
sgp,Singapore,2016,26.191
sgp,Singapore,2017,26.97
sgp,Singapore,2018,27.958
sgp,Singapore,2019,27.114
sgp,Singapore,2020,24.106
sgp,Singapore,2021,24.929
sgp,Singapore,2022,25.427
slb,Solomon Islands,1900,0.018
slb,Solomon Islands,1901,0.018
slb,Solomon Islands,1902,0.019
slb,Solomon Islands,1903,0.019
slb,Solomon Islands,1904,0.019
slb,Solomon Islands,1905,0.019
slb,Solomon Islands,1906,0.02
slb,Solomon Islands,1907,0.021
slb,Solomon Islands,1908,0.022
slb,Solomon Islands,1909,0.022
slb,Solomon Islands,1910,0.022
slb,Solomon Islands,1911,0.024
slb,Solomon Islands,1912,0.024
slb,Solomon Islands,1913,0.025
slb,Solomon Islands,1914,0.025
slb,Solomon Islands,1915,0.026
slb,Solomon Islands,1916,0.024
slb,Solomon Islands,1917,0.023
slb,Solomon Islands,1918,0.023
slb,Solomon Islands,1919,0.023
slb,Solomon Islands,1920,0.022
slb,Solomon Islands,1921,0.024
slb,Solomon Islands,1922,0.022
slb,Solomon Islands,1923,0.023
slb,Solomon Islands,1924,0.023
slb,Solomon Islands,1925,0.024
slb,Solomon Islands,1926,0.025
slb,Solomon Islands,1927,0.025
slb,Solomon Islands,1928,0.025
slb,Solomon Islands,1929,0.024
slb,Solomon Islands,1930,0.024
slb,Solomon Islands,1931,0.023
slb,Solomon Islands,1932,0.021
slb,Solomon Islands,1933,0.021
slb,Solomon Islands,1934,0.022
slb,Solomon Islands,1935,0.023
slb,Solomon Islands,1936,0.024
slb,Solomon Islands,1937,0.025
slb,Solomon Islands,1938,0.027
slb,Solomon Islands,1939,0.027
slb,Solomon Islands,1940,0.029
slb,Solomon Islands,1941,0.028
slb,Solomon Islands,1942,0.031
slb,Solomon Islands,1943,0.032
slb,Solomon Islands,1944,0.032
slb,Solomon Islands,1945,0.032
slb,Solomon Islands,1946,0.032
slb,Solomon Islands,1947,0.033
slb,Solomon Islands,1948,0.034
slb,Solomon Islands,1949,0.035
slb,Solomon Islands,1950,0.035
slb,Solomon Islands,1951,0.038
slb,Solomon Islands,1952,0.039
slb,Solomon Islands,1953,0.038
slb,Solomon Islands,1954,0.037
slb,Solomon Islands,1955,0.108
slb,Solomon Islands,1956,0.105
slb,Solomon Islands,1957,0.102
slb,Solomon Islands,1958,0.099
slb,Solomon Islands,1959,0.096
slb,Solomon Islands,1960,0.093
slb,Solomon Islands,1961,0.121
slb,Solomon Islands,1962,0.117
slb,Solomon Islands,1963,0.114
slb,Solomon Islands,1964,0.138
slb,Solomon Islands,1965,0.188
slb,Solomon Islands,1966,0.182
slb,Solomon Islands,1967,0.227
slb,Solomon Islands,1968,0.245
slb,Solomon Islands,1969,0.237
slb,Solomon Islands,1970,0.252
slb,Solomon Islands,1971,0.287
slb,Solomon Islands,1972,0.319
slb,Solomon Islands,1973,0.368
slb,Solomon Islands,1974,0.354
slb,Solomon Islands,1975,0.303
slb,Solomon Islands,1976,0.311
slb,Solomon Islands,1977,0.388
slb,Solomon Islands,1978,0.29
slb,Solomon Islands,1979,0.494
slb,Solomon Islands,1980,0.445
slb,Solomon Islands,1981,0.569
slb,Solomon Islands,1982,0.491
slb,Solomon Islands,1983,0.562
slb,Solomon Islands,1984,0.544
slb,Solomon Islands,1985,0.555
slb,Solomon Islands,1986,0.552
slb,Solomon Islands,1987,0.562
slb,Solomon Islands,1988,0.535
slb,Solomon Islands,1989,0.532
slb,Solomon Islands,1990,0.47
slb,Solomon Islands,1991,0.457
slb,Solomon Islands,1992,0.433
slb,Solomon Islands,1993,0.421
slb,Solomon Islands,1994,0.399
slb,Solomon Islands,1995,0.398
slb,Solomon Islands,1996,0.387
slb,Solomon Islands,1997,0.376
slb,Solomon Islands,1998,0.366
slb,Solomon Islands,1999,0.384
slb,Solomon Islands,2000,0.373
slb,Solomon Islands,2001,0.372
slb,Solomon Islands,2002,0.362
slb,Solomon Islands,2003,0.361
slb,Solomon Islands,2004,0.352
slb,Solomon Islands,2005,0.343
slb,Solomon Islands,2006,0.343
slb,Solomon Islands,2007,0.365
slb,Solomon Islands,2008,0.357
slb,Solomon Islands,2009,0.349
slb,Solomon Islands,2010,0.354
slb,Solomon Islands,2011,0.339
slb,Solomon Islands,2012,0.33
slb,Solomon Islands,2013,0.34
slb,Solomon Islands,2014,0.331
slb,Solomon Islands,2015,0.316
slb,Solomon Islands,2016,0.272
slb,Solomon Islands,2017,0.272
slb,Solomon Islands,2018,0.273
slb,Solomon Islands,2019,0.283
slb,Solomon Islands,2020,0.27
slb,Solomon Islands,2021,0.289
slb,Solomon Islands,2022,0.295
sle,Sierra Leone,1900,0.028
sle,Sierra Leone,1901,0.028
sle,Sierra Leone,1902,0.028
sle,Sierra Leone,1903,0.029
sle,Sierra Leone,1904,0.03
sle,Sierra Leone,1905,0.03
sle,Sierra Leone,1906,0.031
sle,Sierra Leone,1907,0.031
sle,Sierra Leone,1908,0.032
sle,Sierra Leone,1909,0.032
sle,Sierra Leone,1910,0.033
sle,Sierra Leone,1911,0.034
sle,Sierra Leone,1912,0.035
sle,Sierra Leone,1913,0.035
sle,Sierra Leone,1914,0.034
sle,Sierra Leone,1915,0.034
sle,Sierra Leone,1916,0.034
sle,Sierra Leone,1917,0.035
sle,Sierra Leone,1918,0.036
sle,Sierra Leone,1919,0.039
sle,Sierra Leone,1920,0.04
sle,Sierra Leone,1921,0.041
sle,Sierra Leone,1922,0.041
sle,Sierra Leone,1923,0.041
sle,Sierra Leone,1924,0.043
sle,Sierra Leone,1925,0.044
sle,Sierra Leone,1926,0.046
sle,Sierra Leone,1927,0.047
sle,Sierra Leone,1928,0.046
sle,Sierra Leone,1929,0.047
sle,Sierra Leone,1930,0.048
sle,Sierra Leone,1931,0.05
sle,Sierra Leone,1932,0.048
sle,Sierra Leone,1933,0.048
sle,Sierra Leone,1934,0.049
sle,Sierra Leone,1935,0.051
sle,Sierra Leone,1936,0.053
sle,Sierra Leone,1937,0.055
sle,Sierra Leone,1938,0.059
sle,Sierra Leone,1939,0.059
sle,Sierra Leone,1940,0.06
sle,Sierra Leone,1941,0.062
sle,Sierra Leone,1942,0.063
sle,Sierra Leone,1943,0.066
sle,Sierra Leone,1944,0.066
sle,Sierra Leone,1945,0.068
sle,Sierra Leone,1946,0.071
sle,Sierra Leone,1947,0.07
sle,Sierra Leone,1948,0.072
sle,Sierra Leone,1949,0.076
sle,Sierra Leone,1950,0.077
sle,Sierra Leone,1951,0.046
sle,Sierra Leone,1952,0.086
sle,Sierra Leone,1953,0.08
sle,Sierra Leone,1954,0.058
sle,Sierra Leone,1955,0.085
sle,Sierra Leone,1956,0.082
sle,Sierra Leone,1957,0.175
sle,Sierra Leone,1958,0.093
sle,Sierra Leone,1959,0.103
sle,Sierra Leone,1960,0.309
sle,Sierra Leone,1961,0.123
sle,Sierra Leone,1962,0.137
sle,Sierra Leone,1963,0.153
sle,Sierra Leone,1964,0.123
sle,Sierra Leone,1965,0.113
sle,Sierra Leone,1966,0.118
sle,Sierra Leone,1967,0.097
sle,Sierra Leone,1968,0.137
sle,Sierra Leone,1969,0.403
sle,Sierra Leone,1970,0.313
sle,Sierra Leone,1971,0.287
sle,Sierra Leone,1972,0.238
sle,Sierra Leone,1973,0.185
sle,Sierra Leone,1974,0.175
sle,Sierra Leone,1975,0.173
sle,Sierra Leone,1976,0.145
sle,Sierra Leone,1977,0.162
sle,Sierra Leone,1978,0.22
sle,Sierra Leone,1979,0.205
sle,Sierra Leone,1980,0.18
sle,Sierra Leone,1981,0.2
sle,Sierra Leone,1982,0.156
sle,Sierra Leone,1983,0.19
sle,Sierra Leone,1984,0.166
sle,Sierra Leone,1985,0.174
sle,Sierra Leone,1986,0.172
sle,Sierra Leone,1987,0.124
sle,Sierra Leone,1988,0.11
sle,Sierra Leone,1989,0.088
sle,Sierra Leone,1990,0.113
sle,Sierra Leone,1991,0.126
sle,Sierra Leone,1992,0.104
sle,Sierra Leone,1993,0.105
sle,Sierra Leone,1994,0.111
sle,Sierra Leone,1995,0.087
sle,Sierra Leone,1996,0.099
sle,Sierra Leone,1997,0.092
sle,Sierra Leone,1998,0.09
sle,Sierra Leone,1999,0.085
sle,Sierra Leone,2000,0.085
sle,Sierra Leone,2001,0.108
sle,Sierra Leone,2002,0.108
sle,Sierra Leone,2003,0.109
sle,Sierra Leone,2004,0.102
sle,Sierra Leone,2005,0.082
sle,Sierra Leone,2006,0.106
sle,Sierra Leone,2007,0.086
sle,Sierra Leone,2008,0.087
sle,Sierra Leone,2009,0.085
sle,Sierra Leone,2010,0.09
sle,Sierra Leone,2011,0.113
sle,Sierra Leone,2012,0.128
sle,Sierra Leone,2013,0.151
sle,Sierra Leone,2014,0.163
sle,Sierra Leone,2015,0.126
sle,Sierra Leone,2016,0.127
sle,Sierra Leone,2017,0.139
sle,Sierra Leone,2018,0.141
sle,Sierra Leone,2019,0.144
sle,Sierra Leone,2020,0.141
sle,Sierra Leone,2021,0.151
sle,Sierra Leone,2022,0.154
slv,El Salvador,1900,0.031
slv,El Salvador,1901,0.032
slv,El Salvador,1902,0.033
slv,El Salvador,1903,0.034
slv,El Salvador,1904,0.036
slv,El Salvador,1905,0.038
slv,El Salvador,1906,0.04
slv,El Salvador,1907,0.043
slv,El Salvador,1908,0.045
slv,El Salvador,1909,0.047
slv,El Salvador,1910,0.048
slv,El Salvador,1911,0.051
slv,El Salvador,1912,0.055
slv,El Salvador,1913,0.057
slv,El Salvador,1914,0.057
slv,El Salvador,1915,0.055
slv,El Salvador,1916,0.054
slv,El Salvador,1917,0.054
slv,El Salvador,1918,0.054
slv,El Salvador,1919,0.055
slv,El Salvador,1920,0.055
slv,El Salvador,1921,0.057
slv,El Salvador,1922,0.057
slv,El Salvador,1923,0.057
slv,El Salvador,1924,0.059
slv,El Salvador,1925,0.061
slv,El Salvador,1926,0.065
slv,El Salvador,1927,0.068
slv,El Salvador,1928,0.071
slv,El Salvador,1929,0.074
slv,El Salvador,1930,0.076
slv,El Salvador,1931,0.075
slv,El Salvador,1932,0.074
slv,El Salvador,1933,0.074
slv,El Salvador,1934,0.076
slv,El Salvador,1935,0.078
slv,El Salvador,1936,0.081
slv,El Salvador,1937,0.084
slv,El Salvador,1938,0.089
slv,El Salvador,1939,0.091
slv,El Salvador,1940,0.092
slv,El Salvador,1941,0.093
slv,El Salvador,1942,0.093
slv,El Salvador,1943,0.092
slv,El Salvador,1944,0.093
slv,El Salvador,1945,0.096
slv,El Salvador,1946,0.1
slv,El Salvador,1947,0.107
slv,El Salvador,1948,0.113
slv,El Salvador,1949,0.118
slv,El Salvador,1950,0.122
slv,El Salvador,1951,0.144
slv,El Salvador,1952,0.17
slv,El Salvador,1953,0.18
slv,El Salvador,1954,0.197
slv,El Salvador,1955,0.19
slv,El Salvador,1956,0.212
slv,El Salvador,1957,0.234
slv,El Salvador,1958,0.228
slv,El Salvador,1959,0.225
slv,El Salvador,1960,0.224
slv,El Salvador,1961,0.205
slv,El Salvador,1962,0.221
slv,El Salvador,1963,0.373
slv,El Salvador,1964,0.397
slv,El Salvador,1965,0.327
slv,El Salvador,1966,0.401
slv,El Salvador,1967,0.35
slv,El Salvador,1968,0.376
slv,El Salvador,1969,0.355
slv,El Salvador,1970,0.429
slv,El Salvador,1971,0.463
slv,El Salvador,1972,0.53
slv,El Salvador,1973,0.647
slv,El Salvador,1974,0.677
slv,El Salvador,1975,0.757
slv,El Salvador,1976,0.827
slv,El Salvador,1977,0.886
slv,El Salvador,1978,0.947
slv,El Salvador,1979,0.956
slv,El Salvador,1980,0.85
slv,El Salvador,1981,0.718
slv,El Salvador,1982,0.606
slv,El Salvador,1983,0.575
slv,El Salvador,1984,0.61
slv,El Salvador,1985,0.507
slv,El Salvador,1986,0.619
slv,El Salvador,1987,0.612
slv,El Salvador,1988,0.741
slv,El Salvador,1989,0.737
slv,El Salvador,1990,0.762
slv,El Salvador,1991,0.855
slv,El Salvador,1992,0.898
slv,El Salvador,1993,0.961
slv,El Salvador,1994,1.06
slv,El Salvador,1995,1.149
slv,El Salvador,1996,1.048
slv,El Salvador,1997,1.232
slv,El Salvador,1998,1.378
slv,El Salvador,1999,1.333
slv,El Salvador,2000,1.385
slv,El Salvador,2001,1.383
slv,El Salvador,2002,1.371
slv,El Salvador,2003,1.393
slv,El Salvador,2004,1.317
slv,El Salvador,2005,1.36
slv,El Salvador,2006,1.511
slv,El Salvador,2007,1.505
slv,El Salvador,2008,1.464
slv,El Salvador,2009,1.292
slv,El Salvador,2010,1.289
slv,El Salvador,2011,1.358
slv,El Salvador,2012,1.283
slv,El Salvador,2013,1.27
slv,El Salvador,2014,1.28
slv,El Salvador,2015,1.374
slv,El Salvador,2016,1.353
slv,El Salvador,2017,1.245
slv,El Salvador,2018,1.407
slv,El Salvador,2019,1.497
slv,El Salvador,2020,1.349
slv,El Salvador,2021,1.443
slv,El Salvador,2022,1.472
som,Somalia,1900,0.008
som,Somalia,1901,0.008
som,Somalia,1902,0.008
som,Somalia,1903,0.008
som,Somalia,1904,0.008
som,Somalia,1905,0.008
som,Somalia,1906,0.008
som,Somalia,1907,0.009
som,Somalia,1908,0.009
som,Somalia,1909,0.009
som,Somalia,1910,0.009
som,Somalia,1911,0.009
som,Somalia,1912,0.01
som,Somalia,1913,0.009
som,Somalia,1914,0.009
som,Somalia,1915,0.009
som,Somalia,1916,0.009
som,Somalia,1917,0.01
som,Somalia,1918,0.01
som,Somalia,1919,0.011
som,Somalia,1920,0.011
som,Somalia,1921,0.011
som,Somalia,1922,0.011
som,Somalia,1923,0.011
som,Somalia,1924,0.012
som,Somalia,1925,0.012
som,Somalia,1926,0.013
som,Somalia,1927,0.013
som,Somalia,1928,0.013
som,Somalia,1929,0.013
som,Somalia,1930,0.013
som,Somalia,1931,0.014
som,Somalia,1932,0.013
som,Somalia,1933,0.013
som,Somalia,1934,0.013
som,Somalia,1935,0.014
som,Somalia,1936,0.014
som,Somalia,1937,0.015
som,Somalia,1938,0.016
som,Somalia,1939,0.016
som,Somalia,1940,0.016
som,Somalia,1941,0.017
som,Somalia,1942,0.017
som,Somalia,1943,0.018
som,Somalia,1944,0.018
som,Somalia,1945,0.019
som,Somalia,1946,0.019
som,Somalia,1947,0.019
som,Somalia,1948,0.02
som,Somalia,1949,0.021
som,Somalia,1950,0.021
som,Somalia,1951,0.021
som,Somalia,1952,0.02
som,Somalia,1953,0.02
som,Somalia,1954,0.02
som,Somalia,1955,0.026
som,Somalia,1956,0.027
som,Somalia,1957,0.028
som,Somalia,1958,0.032
som,Somalia,1959,0.033
som,Somalia,1960,0.031
som,Somalia,1961,0.031
som,Somalia,1962,0.037
som,Somalia,1963,0.035
som,Somalia,1964,0.045
som,Somalia,1965,0.043
som,Somalia,1966,0.044
som,Somalia,1967,0.07
som,Somalia,1968,0.046
som,Somalia,1969,0.048
som,Somalia,1970,0.063
som,Somalia,1971,0.054
som,Somalia,1972,0.067
som,Somalia,1973,0.075
som,Somalia,1974,0.091
som,Somalia,1975,0.129
som,Somalia,1976,0.112
som,Somalia,1977,0.166
som,Somalia,1978,0.104
som,Somalia,1979,0.083
som,Somalia,1980,0.13
som,Somalia,1981,0.042
som,Somalia,1982,0.109
som,Somalia,1983,0.141
som,Somalia,1984,0.108
som,Somalia,1985,0.129
som,Somalia,1986,0.137
som,Somalia,1987,0.145
som,Somalia,1988,0.143
som,Somalia,1989,0.134
som,Somalia,1990,0.101
som,Somalia,1991,0.097
som,Somalia,1992,0.093
som,Somalia,1993,0.087
som,Somalia,1994,0.085
som,Somalia,1995,0.079
som,Somalia,1996,0.074
som,Somalia,1997,0.068
som,Somalia,1998,0.062
som,Somalia,1999,0.057
som,Somalia,2000,0.054
som,Somalia,2001,0.055
som,Somalia,2002,0.062
som,Somalia,2003,0.061
som,Somalia,2004,0.059
som,Somalia,2005,0.057
som,Somalia,2006,0.055
som,Somalia,2007,0.055
som,Somalia,2008,0.053
som,Somalia,2009,0.051
som,Somalia,2010,0.051
som,Somalia,2011,0.049
som,Somalia,2012,0.048
som,Somalia,2013,0.048
som,Somalia,2014,0.047
som,Somalia,2015,0.046
som,Somalia,2016,0.046
som,Somalia,2017,0.047
som,Somalia,2018,0.047
som,Somalia,2019,0.048
som,Somalia,2020,0.047
som,Somalia,2021,0.05
som,Somalia,2022,0.051
srb,Serbia,1900,0.375
srb,Serbia,1901,0.388
srb,Serbia,1902,0.395
srb,Serbia,1903,0.393
srb,Serbia,1904,0.397
srb,Serbia,1905,0.409
srb,Serbia,1906,0.409
srb,Serbia,1907,0.427
srb,Serbia,1908,0.449
srb,Serbia,1909,0.459
srb,Serbia,1910,0.468
srb,Serbia,1911,0.466
srb,Serbia,1912,0.478
srb,Serbia,1913,0.504
srb,Serbia,1914,0.52
srb,Serbia,1915,0.487
srb,Serbia,1916,0.465
srb,Serbia,1917,0.484
srb,Serbia,1918,0.483
srb,Serbia,1919,0.417
srb,Serbia,1920,0.315
srb,Serbia,1921,0.389
srb,Serbia,1922,0.388
srb,Serbia,1923,0.394
srb,Serbia,1924,0.385
srb,Serbia,1925,0.404
srb,Serbia,1926,0.404
srb,Serbia,1927,0.432
srb,Serbia,1928,0.469
srb,Serbia,1929,0.486
srb,Serbia,1930,0.515
srb,Serbia,1931,0.521
srb,Serbia,1932,0.544
srb,Serbia,1933,0.536
srb,Serbia,1934,0.558
srb,Serbia,1935,0.608
srb,Serbia,1936,0.647
srb,Serbia,1937,0.698
srb,Serbia,1938,0.727
srb,Serbia,1939,0.735
srb,Serbia,1940,0.77
srb,Serbia,1941,0.919
srb,Serbia,1942,0.831
srb,Serbia,1943,0.74
srb,Serbia,1944,0.808
srb,Serbia,1945,0.771
srb,Serbia,1946,0.679
srb,Serbia,1947,0.799
srb,Serbia,1948,0.854
srb,Serbia,1949,0.918
srb,Serbia,1950,0.997
srb,Serbia,1951,1.047
srb,Serbia,1952,1.122
srb,Serbia,1953,1.192
srb,Serbia,1954,1.265
srb,Serbia,1955,1.346
srb,Serbia,1956,1.371
srb,Serbia,1957,1.598
srb,Serbia,1958,1.736
srb,Serbia,1959,1.868
srb,Serbia,1960,2.025
srb,Serbia,1961,2.107
srb,Serbia,1962,2.146
srb,Serbia,1963,2.37
srb,Serbia,1964,2.667
srb,Serbia,1965,2.725
srb,Serbia,1966,2.681
srb,Serbia,1967,2.69
srb,Serbia,1968,2.857
srb,Serbia,1969,2.941
srb,Serbia,1970,3.813
srb,Serbia,1971,4.074
srb,Serbia,1972,3.784
srb,Serbia,1973,4.477
srb,Serbia,1974,4.453
srb,Serbia,1975,4.6
srb,Serbia,1976,4.7
srb,Serbia,1977,4.524
srb,Serbia,1978,5.005
srb,Serbia,1979,5.392
srb,Serbia,1980,5.252
srb,Serbia,1981,5.669
srb,Serbia,1982,5.162
srb,Serbia,1983,5.517
srb,Serbia,1984,5.777
srb,Serbia,1985,5.854
srb,Serbia,1986,6.078
srb,Serbia,1987,5.903
srb,Serbia,1988,6.062
srb,Serbia,1989,6.009
srb,Serbia,1990,5.934
srb,Serbia,1991,4.163
srb,Serbia,1992,4.507
srb,Serbia,1993,3.893
srb,Serbia,1994,3.759
srb,Serbia,1995,3.963
srb,Serbia,1996,4.653
srb,Serbia,1997,5.039
srb,Serbia,1998,5.361
srb,Serbia,1999,3.739
srb,Serbia,2000,4.742
srb,Serbia,2001,5.239
srb,Serbia,2002,5.584
srb,Serbia,2003,6.001
srb,Serbia,2004,6.52
srb,Serbia,2005,5.621
srb,Serbia,2006,6.66
srb,Serbia,2007,6.557
srb,Serbia,2008,5.709
srb,Serbia,2009,5.086
srb,Serbia,2010,5.086
srb,Serbia,2011,5.466
srb,Serbia,2012,4.895
srb,Serbia,2013,4.999
srb,Serbia,2014,4.183
srb,Serbia,2015,4.932
srb,Serbia,2016,5.091
srb,Serbia,2017,5.174
srb,Serbia,2018,5.167
srb,Serbia,2019,5.103
srb,Serbia,2020,4.868
srb,Serbia,2021,5.16
srb,Serbia,2022,5.108
ssd,South Sudan,1900,0.011
ssd,South Sudan,1901,0.011
ssd,South Sudan,1902,0.011
ssd,South Sudan,1903,0.011
ssd,South Sudan,1904,0.012
ssd,South Sudan,1905,0.012
ssd,South Sudan,1906,0.012
ssd,South Sudan,1907,0.012
ssd,South Sudan,1908,0.012
ssd,South Sudan,1909,0.013
ssd,South Sudan,1910,0.013
ssd,South Sudan,1911,0.013
ssd,South Sudan,1912,0.014
ssd,South Sudan,1913,0.013
ssd,South Sudan,1914,0.013
ssd,South Sudan,1915,0.013
ssd,South Sudan,1916,0.013
ssd,South Sudan,1917,0.014
ssd,South Sudan,1918,0.014
ssd,South Sudan,1919,0.015
ssd,South Sudan,1920,0.015
ssd,South Sudan,1921,0.016
ssd,South Sudan,1922,0.016
ssd,South Sudan,1923,0.016
ssd,South Sudan,1924,0.017
ssd,South Sudan,1925,0.017
ssd,South Sudan,1926,0.018
ssd,South Sudan,1927,0.018
ssd,South Sudan,1928,0.018
ssd,South Sudan,1929,0.018
ssd,South Sudan,1930,0.019
ssd,South Sudan,1931,0.02
ssd,South Sudan,1932,0.019
ssd,South Sudan,1933,0.019
ssd,South Sudan,1934,0.019
ssd,South Sudan,1935,0.02
ssd,South Sudan,1936,0.021
ssd,South Sudan,1937,0.021
ssd,South Sudan,1938,0.023
ssd,South Sudan,1939,0.023
ssd,South Sudan,1940,0.023
ssd,South Sudan,1941,0.024
ssd,South Sudan,1942,0.025
ssd,South Sudan,1943,0.026
ssd,South Sudan,1944,0.026
ssd,South Sudan,1945,0.027
ssd,South Sudan,1946,0.028
ssd,South Sudan,1947,0.027
ssd,South Sudan,1948,0.028
ssd,South Sudan,1949,0.03
ssd,South Sudan,1950,0.03
ssd,South Sudan,1951,0.032
ssd,South Sudan,1952,0.031
ssd,South Sudan,1953,0.032
ssd,South Sudan,1954,0.033
ssd,South Sudan,1955,0.034
ssd,South Sudan,1956,0.036
ssd,South Sudan,1957,0.037
ssd,South Sudan,1958,0.04
ssd,South Sudan,1959,0.041
ssd,South Sudan,1960,0.04
ssd,South Sudan,1961,0.04
ssd,South Sudan,1962,0.042
ssd,South Sudan,1963,0.047
ssd,South Sudan,1964,0.05
ssd,South Sudan,1965,0.065
ssd,South Sudan,1966,0.069
ssd,South Sudan,1967,0.081
ssd,South Sudan,1968,0.077
ssd,South Sudan,1969,0.102
ssd,South Sudan,1970,0.116
ssd,South Sudan,1971,0.116
ssd,South Sudan,1972,0.122
ssd,South Sudan,1973,0.121
ssd,South Sudan,1974,0.123
ssd,South Sudan,1975,0.09
ssd,South Sudan,1976,0.077
ssd,South Sudan,1977,0.077
ssd,South Sudan,1978,0.067
ssd,South Sudan,1979,0.068
ssd,South Sudan,1980,0.069
ssd,South Sudan,1981,0.065
ssd,South Sudan,1982,0.066
ssd,South Sudan,1983,0.066
ssd,South Sudan,1984,0.057
ssd,South Sudan,1985,0.065
ssd,South Sudan,1986,0.066
ssd,South Sudan,1987,0.052
ssd,South Sudan,1988,0.074
ssd,South Sudan,1989,0.057
ssd,South Sudan,1990,0.079
ssd,South Sudan,1991,0.075
ssd,South Sudan,1992,0.069
ssd,South Sudan,1993,0.049
ssd,South Sudan,1994,0.068
ssd,South Sudan,1995,0.07
ssd,South Sudan,1996,0.071
ssd,South Sudan,1997,0.083
ssd,South Sudan,1998,0.069
ssd,South Sudan,1999,0.072
ssd,South Sudan,2000,0.074
ssd,South Sudan,2001,0.082
ssd,South Sudan,2002,0.101
ssd,South Sudan,2003,0.109
ssd,South Sudan,2004,0.132
ssd,South Sudan,2005,0.121
ssd,South Sudan,2006,0.127
ssd,South Sudan,2007,0.142
ssd,South Sudan,2008,0.142
ssd,South Sudan,2009,0.142
ssd,South Sudan,2010,0.14
ssd,South Sudan,2011,0.133
ssd,South Sudan,2012,0.132
ssd,South Sudan,2013,0.14
ssd,South Sudan,2014,0.146
ssd,South Sudan,2015,0.181
ssd,South Sudan,2016,0.159
ssd,South Sudan,2017,0.167
ssd,South Sudan,2018,0.171
ssd,South Sudan,2019,0.174
ssd,South Sudan,2020,0.171
ssd,South Sudan,2021,0.183
ssd,South Sudan,2022,0.186
stp,Sao Tome and Principe,1900,0.021
stp,Sao Tome and Principe,1901,0.021
stp,Sao Tome and Principe,1902,0.021
stp,Sao Tome and Principe,1903,0.022
stp,Sao Tome and Principe,1904,0.023
stp,Sao Tome and Principe,1905,0.023
stp,Sao Tome and Principe,1906,0.023
stp,Sao Tome and Principe,1907,0.024
stp,Sao Tome and Principe,1908,0.024
stp,Sao Tome and Principe,1909,0.024
stp,Sao Tome and Principe,1910,0.025
stp,Sao Tome and Principe,1911,0.025
stp,Sao Tome and Principe,1912,0.027
stp,Sao Tome and Principe,1913,0.026
stp,Sao Tome and Principe,1914,0.026
stp,Sao Tome and Principe,1915,0.026
stp,Sao Tome and Principe,1916,0.026
stp,Sao Tome and Principe,1917,0.027
stp,Sao Tome and Principe,1918,0.027
stp,Sao Tome and Principe,1919,0.029
stp,Sao Tome and Principe,1920,0.03
stp,Sao Tome and Principe,1921,0.031
stp,Sao Tome and Principe,1922,0.031
stp,Sao Tome and Principe,1923,0.031
stp,Sao Tome and Principe,1924,0.032
stp,Sao Tome and Principe,1925,0.033
stp,Sao Tome and Principe,1926,0.035
stp,Sao Tome and Principe,1927,0.036
stp,Sao Tome and Principe,1928,0.035
stp,Sao Tome and Principe,1929,0.035
stp,Sao Tome and Principe,1930,0.037
stp,Sao Tome and Principe,1931,0.038
stp,Sao Tome and Principe,1932,0.036
stp,Sao Tome and Principe,1933,0.036
stp,Sao Tome and Principe,1934,0.037
stp,Sao Tome and Principe,1935,0.039
stp,Sao Tome and Principe,1936,0.04
stp,Sao Tome and Principe,1937,0.041
stp,Sao Tome and Principe,1938,0.044
stp,Sao Tome and Principe,1939,0.044
stp,Sao Tome and Principe,1940,0.045
stp,Sao Tome and Principe,1941,0.047
stp,Sao Tome and Principe,1942,0.048
stp,Sao Tome and Principe,1943,0.05
stp,Sao Tome and Principe,1944,0.05
stp,Sao Tome and Principe,1945,0.052
stp,Sao Tome and Principe,1946,0.054
stp,Sao Tome and Principe,1947,0.053
stp,Sao Tome and Principe,1948,0.054
stp,Sao Tome and Principe,1949,0.058
stp,Sao Tome and Principe,1950,0.058
stp,Sao Tome and Principe,1951,0.062
stp,Sao Tome and Principe,1952,0.063
stp,Sao Tome and Principe,1953,0.063
stp,Sao Tome and Principe,1954,0.063
stp,Sao Tome and Principe,1955,0.062
stp,Sao Tome and Principe,1956,0.123
stp,Sao Tome and Principe,1957,0.18
stp,Sao Tome and Principe,1958,0.118
stp,Sao Tome and Principe,1959,0.115
stp,Sao Tome and Principe,1960,0.171
stp,Sao Tome and Principe,1961,0.17
stp,Sao Tome and Principe,1962,0.171
stp,Sao Tome and Principe,1963,0.114
stp,Sao Tome and Principe,1964,0.171
stp,Sao Tome and Principe,1965,0.17
stp,Sao Tome and Principe,1966,0.166
stp,Sao Tome and Principe,1967,0.162
stp,Sao Tome and Principe,1968,0.209
stp,Sao Tome and Principe,1969,0.202
stp,Sao Tome and Principe,1970,0.197
stp,Sao Tome and Principe,1971,0.144
stp,Sao Tome and Principe,1972,0.141
stp,Sao Tome and Principe,1973,0.185
stp,Sao Tome and Principe,1974,0.226
stp,Sao Tome and Principe,1975,0.221
stp,Sao Tome and Principe,1976,0.343
stp,Sao Tome and Principe,1977,0.333
stp,Sao Tome and Principe,1978,0.363
stp,Sao Tome and Principe,1979,0.353
stp,Sao Tome and Principe,1980,0.421
stp,Sao Tome and Principe,1981,0.45
stp,Sao Tome and Principe,1982,0.479
stp,Sao Tome and Principe,1983,0.544
stp,Sao Tome and Principe,1984,0.499
stp,Sao Tome and Principe,1985,0.524
stp,Sao Tome and Principe,1986,0.478
stp,Sao Tome and Principe,1987,0.466
stp,Sao Tome and Principe,1988,0.421
stp,Sao Tome and Principe,1989,0.41
stp,Sao Tome and Principe,1990,0.4
stp,Sao Tome and Principe,1991,0.391
stp,Sao Tome and Principe,1992,0.383
stp,Sao Tome and Principe,1993,0.375
stp,Sao Tome and Principe,1994,0.368
stp,Sao Tome and Principe,1995,0.362
stp,Sao Tome and Principe,1996,0.356
stp,Sao Tome and Principe,1997,0.351
stp,Sao Tome and Principe,1998,0.346
stp,Sao Tome and Principe,1999,0.341
stp,Sao Tome and Principe,2000,0.335
stp,Sao Tome and Principe,2001,0.355
stp,Sao Tome and Principe,2002,0.398
stp,Sao Tome and Principe,2003,0.439
stp,Sao Tome and Principe,2004,0.477
stp,Sao Tome and Principe,2005,0.489
stp,Sao Tome and Principe,2006,0.522
stp,Sao Tome and Principe,2007,0.507
stp,Sao Tome and Principe,2008,0.493
stp,Sao Tome and Principe,2009,0.521
stp,Sao Tome and Principe,2010,0.549
stp,Sao Tome and Principe,2011,0.556
stp,Sao Tome and Principe,2012,0.603
stp,Sao Tome and Principe,2013,0.592
stp,Sao Tome and Principe,2014,0.581
stp,Sao Tome and Principe,2015,0.57
stp,Sao Tome and Principe,2016,0.595
stp,Sao Tome and Principe,2017,0.583
stp,Sao Tome and Principe,2018,0.587
stp,Sao Tome and Principe,2019,0.599
stp,Sao Tome and Principe,2020,0.587
stp,Sao Tome and Principe,2021,0.628
stp,Sao Tome and Principe,2022,0.641
sur,Suriname,1900,0.359
sur,Suriname,1901,0.353
sur,Suriname,1902,0.362
sur,Suriname,1903,0.372
sur,Suriname,1904,0.382
sur,Suriname,1905,0.387
sur,Suriname,1906,0.393
sur,Suriname,1907,0.4
sur,Suriname,1908,0.409
sur,Suriname,1909,0.413
sur,Suriname,1910,0.422
sur,Suriname,1911,0.431
sur,Suriname,1912,0.454
sur,Suriname,1913,0.442
sur,Suriname,1914,0.442
sur,Suriname,1915,0.435
sur,Suriname,1916,0.436
sur,Suriname,1917,0.454
sur,Suriname,1918,0.465
sur,Suriname,1919,0.494
sur,Suriname,1920,0.507
sur,Suriname,1921,0.52
sur,Suriname,1922,0.531
sur,Suriname,1923,0.528
sur,Suriname,1924,0.548
sur,Suriname,1925,0.566
sur,Suriname,1926,0.59
sur,Suriname,1927,0.608
sur,Suriname,1928,0.587
sur,Suriname,1929,0.6
sur,Suriname,1930,0.62
sur,Suriname,1931,0.646
sur,Suriname,1932,0.611
sur,Suriname,1933,0.612
sur,Suriname,1934,0.633
sur,Suriname,1935,0.656
sur,Suriname,1936,0.679
sur,Suriname,1937,0.701
sur,Suriname,1938,0.749
sur,Suriname,1939,0.752
sur,Suriname,1940,0.765
sur,Suriname,1941,0.79
sur,Suriname,1942,0.809
sur,Suriname,1943,0.842
sur,Suriname,1944,0.85
sur,Suriname,1945,0.877
sur,Suriname,1946,0.913
sur,Suriname,1947,0.903
sur,Suriname,1948,0.922
sur,Suriname,1949,0.976
sur,Suriname,1950,0.989
sur,Suriname,1951,1.055
sur,Suriname,1952,1.168
sur,Suriname,1953,1.322
sur,Suriname,1954,1.393
sur,Suriname,1955,1.252
sur,Suriname,1956,1.331
sur,Suriname,1957,1.418
sur,Suriname,1958,1.174
sur,Suriname,1959,1.311
sur,Suriname,1960,1.503
sur,Suriname,1961,1.45
sur,Suriname,1962,1.629
sur,Suriname,1963,1.705
sur,Suriname,1964,1.889
sur,Suriname,1965,2.419
sur,Suriname,1966,3.242
sur,Suriname,1967,3.839
sur,Suriname,1968,4.073
sur,Suriname,1969,4.186
sur,Suriname,1970,4.375
sur,Suriname,1971,4.647
sur,Suriname,1972,4.744
sur,Suriname,1973,5.778
sur,Suriname,1974,4.43
sur,Suriname,1975,5.624
sur,Suriname,1976,5.582
sur,Suriname,1977,5.31
sur,Suriname,1978,6.685
sur,Suriname,1979,6.395
sur,Suriname,1980,6.596
sur,Suriname,1981,5.637
sur,Suriname,1982,5.187
sur,Suriname,1983,3.79
sur,Suriname,1984,4.259
sur,Suriname,1985,4.333
sur,Suriname,1986,4.7
sur,Suriname,1987,4.614
sur,Suriname,1988,4.823
sur,Suriname,1989,4.667
sur,Suriname,1990,4.293
sur,Suriname,1991,4.904
sur,Suriname,1992,4.832
sur,Suriname,1993,4.766
sur,Suriname,1994,4.696
sur,Suriname,1995,4.666
sur,Suriname,1996,4.649
sur,Suriname,1997,4.636
sur,Suriname,1998,4.579
sur,Suriname,1999,4.564
sur,Suriname,2000,4.658
sur,Suriname,2001,4.963
sur,Suriname,2002,3.239
sur,Suriname,2003,3.155
sur,Suriname,2004,3.155
sur,Suriname,2005,3.184
sur,Suriname,2006,3.445
sur,Suriname,2007,3.44
sur,Suriname,2008,3.746
sur,Suriname,2009,3.818
sur,Suriname,2010,4.531
sur,Suriname,2011,3.357
sur,Suriname,2012,4.164
sur,Suriname,2013,3.827
sur,Suriname,2014,4.03
sur,Suriname,2015,3.055
sur,Suriname,2016,3.05
sur,Suriname,2017,3.023
sur,Suriname,2018,3.105
sur,Suriname,2019,3.17
sur,Suriname,2020,3.107
sur,Suriname,2021,3.325
sur,Suriname,2022,3.391
svk,Slovak Republic,1900,3.794
svk,Slovak Republic,1901,3.951
svk,Slovak Republic,1902,3.99
svk,Slovak Republic,1903,4.051
svk,Slovak Republic,1904,4.076
svk,Slovak Republic,1905,4.181
svk,Slovak Republic,1906,4.351
svk,Slovak Republic,1907,4.557
svk,Slovak Republic,1908,4.625
svk,Slovak Republic,1909,4.581
svk,Slovak Republic,1910,4.517
svk,Slovak Republic,1911,4.558
svk,Slovak Republic,1912,4.833
svk,Slovak Republic,1913,5.038
svk,Slovak Republic,1914,4.577
svk,Slovak Republic,1915,4.551
svk,Slovak Republic,1916,4.827
svk,Slovak Republic,1917,4.523
svk,Slovak Republic,1918,3.842
svk,Slovak Republic,1919,3.616
svk,Slovak Republic,1920,3.573
svk,Slovak Republic,1921,3.419
svk,Slovak Republic,1922,3.04
svk,Slovak Republic,1923,3.201
svk,Slovak Republic,1924,3.915
svk,Slovak Republic,1925,3.671
svk,Slovak Republic,1926,3.708
svk,Slovak Republic,1927,3.965
svk,Slovak Republic,1928,4.159
svk,Slovak Republic,1929,4.635
svk,Slovak Republic,1930,4.071
svk,Slovak Republic,1931,3.795
svk,Slovak Republic,1932,3.295
svk,Slovak Republic,1933,3.003
svk,Slovak Republic,1934,2.988
svk,Slovak Republic,1935,3.065
svk,Slovak Republic,1936,3.318
svk,Slovak Republic,1937,4.004
svk,Slovak Republic,1938,4.571
svk,Slovak Republic,1939,5.004
svk,Slovak Republic,1940,5.619
svk,Slovak Republic,1941,5.634
svk,Slovak Republic,1942,6.054
svk,Slovak Republic,1943,6.66
svk,Slovak Republic,1944,6.326
svk,Slovak Republic,1945,3.345
svk,Slovak Republic,1946,4.148
svk,Slovak Republic,1947,4.69
svk,Slovak Republic,1948,5.05
svk,Slovak Republic,1949,5.278
svk,Slovak Republic,1950,5.391
svk,Slovak Republic,1951,5.623
svk,Slovak Republic,1952,5.883
svk,Slovak Republic,1953,5.969
svk,Slovak Republic,1954,6.245
svk,Slovak Republic,1955,6.356
svk,Slovak Republic,1956,6.695
svk,Slovak Republic,1957,6.873
svk,Slovak Republic,1958,7.388
svk,Slovak Republic,1959,7.282
svk,Slovak Republic,1960,7.656
svk,Slovak Republic,1961,8.199
svk,Slovak Republic,1962,8.629
svk,Slovak Republic,1963,8.976
svk,Slovak Republic,1964,9.251
svk,Slovak Republic,1965,8.943
svk,Slovak Republic,1966,8.844
svk,Slovak Republic,1967,8.802
svk,Slovak Republic,1968,9.214
svk,Slovak Republic,1969,9.82
svk,Slovak Republic,1970,11.345
svk,Slovak Republic,1971,12.044
svk,Slovak Republic,1972,12.356
svk,Slovak Republic,1973,12.661
svk,Slovak Republic,1974,13.106
svk,Slovak Republic,1975,14.046
svk,Slovak Republic,1976,14.927
svk,Slovak Republic,1977,15.668
svk,Slovak Republic,1978,16.025
svk,Slovak Republic,1979,15.716
svk,Slovak Republic,1980,15.894
svk,Slovak Republic,1981,15.596
svk,Slovak Republic,1982,15.304
svk,Slovak Republic,1983,15.047
svk,Slovak Republic,1984,14.972
svk,Slovak Republic,1985,15.386
svk,Slovak Republic,1986,15.092
svk,Slovak Republic,1987,15.118
svk,Slovak Republic,1988,14.868
svk,Slovak Republic,1989,14.562
svk,Slovak Republic,1990,13.839
svk,Slovak Republic,1991,10.816
svk,Slovak Republic,1992,10.538
svk,Slovak Republic,1993,9.67
svk,Slovak Republic,1994,8.371
svk,Slovak Republic,1995,8.669
svk,Slovak Republic,1996,8.965
svk,Slovak Republic,1997,8.765
svk,Slovak Republic,1998,8.984
svk,Slovak Republic,1999,8.38
svk,Slovak Republic,2000,8.555
svk,Slovak Republic,2001,8.946
svk,Slovak Republic,2002,8.467
svk,Slovak Republic,2003,8.125
svk,Slovak Republic,2004,8.534
svk,Slovak Republic,2005,7.917
svk,Slovak Republic,2006,8.342
svk,Slovak Republic,2007,8.99
svk,Slovak Republic,2008,9.591
svk,Slovak Republic,2009,8.984
svk,Slovak Republic,2010,9.42
svk,Slovak Republic,2011,9.026
svk,Slovak Republic,2012,7.964
svk,Slovak Republic,2013,7.936
svk,Slovak Republic,2014,7.268
svk,Slovak Republic,2015,7.397
svk,Slovak Republic,2016,7.46
svk,Slovak Republic,2017,7.496
svk,Slovak Republic,2018,7.717
svk,Slovak Republic,2019,7.361
svk,Slovak Republic,2020,6.824
svk,Slovak Republic,2021,7.442
svk,Slovak Republic,2022,7.368
svn,Slovenia,1900,0.507
svn,Slovenia,1901,0.526
svn,Slovenia,1902,0.535
svn,Slovenia,1903,0.532
svn,Slovenia,1904,0.537
svn,Slovenia,1905,0.553
svn,Slovenia,1906,0.554
svn,Slovenia,1907,0.578
svn,Slovenia,1908,0.608
svn,Slovenia,1909,0.621
svn,Slovenia,1910,0.634
svn,Slovenia,1911,0.631
svn,Slovenia,1912,0.646
svn,Slovenia,1913,0.682
svn,Slovenia,1914,0.704
svn,Slovenia,1915,0.659
svn,Slovenia,1916,0.63
svn,Slovenia,1917,0.655
svn,Slovenia,1918,0.654
svn,Slovenia,1919,0.565
svn,Slovenia,1920,0.426
svn,Slovenia,1921,0.526
svn,Slovenia,1922,0.526
svn,Slovenia,1923,0.533
svn,Slovenia,1924,0.522
svn,Slovenia,1925,0.547
svn,Slovenia,1926,0.547
svn,Slovenia,1927,0.585
svn,Slovenia,1928,0.635
svn,Slovenia,1929,0.658
svn,Slovenia,1930,0.697
svn,Slovenia,1931,0.705
svn,Slovenia,1932,0.736
svn,Slovenia,1933,0.725
svn,Slovenia,1934,0.755
svn,Slovenia,1935,0.823
svn,Slovenia,1936,0.876
svn,Slovenia,1937,0.945
svn,Slovenia,1938,0.984
svn,Slovenia,1939,0.995
svn,Slovenia,1940,1.042
svn,Slovenia,1941,1.243
svn,Slovenia,1942,1.124
svn,Slovenia,1943,1.002
svn,Slovenia,1944,1.093
svn,Slovenia,1945,1.044
svn,Slovenia,1946,0.919
svn,Slovenia,1947,1.081
svn,Slovenia,1948,1.156
svn,Slovenia,1949,1.243
svn,Slovenia,1950,1.35
svn,Slovenia,1951,1.417
svn,Slovenia,1952,1.519
svn,Slovenia,1953,1.614
svn,Slovenia,1954,1.711
svn,Slovenia,1955,1.822
svn,Slovenia,1956,1.856
svn,Slovenia,1957,2.163
svn,Slovenia,1958,2.35
svn,Slovenia,1959,2.529
svn,Slovenia,1960,2.743
svn,Slovenia,1961,2.858
svn,Slovenia,1962,2.916
svn,Slovenia,1963,3.227
svn,Slovenia,1964,3.638
svn,Slovenia,1965,3.725
svn,Slovenia,1966,3.674
svn,Slovenia,1967,3.693
svn,Slovenia,1968,3.928
svn,Slovenia,1969,4.046
svn,Slovenia,1970,5.245
svn,Slovenia,1971,5.594
svn,Slovenia,1972,5.178
svn,Slovenia,1973,6.102
svn,Slovenia,1974,6.037
svn,Slovenia,1975,6.2
svn,Slovenia,1976,6.297
svn,Slovenia,1977,6.026
svn,Slovenia,1978,6.635
svn,Slovenia,1979,7.115
svn,Slovenia,1980,6.9
svn,Slovenia,1981,7.413
svn,Slovenia,1982,7.964
svn,Slovenia,1983,7.219
svn,Slovenia,1984,7.68
svn,Slovenia,1985,8.007
svn,Slovenia,1986,8.083
svn,Slovenia,1987,8.364
svn,Slovenia,1988,8.089
svn,Slovenia,1989,8.328
svn,Slovenia,1990,8.247
svn,Slovenia,1991,7.797
svn,Slovenia,1992,9.864
svn,Slovenia,1993,9.151
svn,Slovenia,1994,8.7
svn,Slovenia,1995,9.401
svn,Slovenia,1996,9.107
svn,Slovenia,1997,9.393
svn,Slovenia,1998,9.508
svn,Slovenia,1999,9.075
svn,Slovenia,2000,9.581
svn,Slovenia,2001,10.114
svn,Slovenia,2002,9.803
svn,Slovenia,2003,9.474
svn,Slovenia,2004,9.553
svn,Slovenia,2005,9.425
svn,Slovenia,2006,10.351
svn,Slovenia,2007,11.233
svn,Slovenia,2008,11.423
svn,Slovenia,2009,9.414
svn,Slovenia,2010,9.64
svn,Slovenia,2011,10.309
svn,Slovenia,2012,9.101
svn,Slovenia,2013,8.676
svn,Slovenia,2014,8.446
svn,Slovenia,2015,8.428
svn,Slovenia,2016,8.736
svn,Slovenia,2017,9.417
svn,Slovenia,2018,10.005
svn,Slovenia,2019,9.691
svn,Slovenia,2020,8.851
svn,Slovenia,2021,8.55
svn,Slovenia,2022,8.465
swe,Sweden,1900,1.792
swe,Sweden,1901,1.655
swe,Sweden,1902,1.722
swe,Sweden,1903,1.88
swe,Sweden,1904,1.967
swe,Sweden,1905,1.924
swe,Sweden,1906,2.124
swe,Sweden,1907,2.388
swe,Sweden,1908,2.535
swe,Sweden,1909,2.318
swe,Sweden,1910,2.381
swe,Sweden,1911,2.303
swe,Sweden,1912,2.533
swe,Sweden,1913,2.826
swe,Sweden,1914,2.642
swe,Sweden,1915,2.64
swe,Sweden,1916,2.762
swe,Sweden,1917,1.177
swe,Sweden,1918,1.382
swe,Sweden,1919,1.317
swe,Sweden,1920,1.773
swe,Sweden,1921,1.019
swe,Sweden,1922,1.677
swe,Sweden,1923,2.032
swe,Sweden,1924,2.415
swe,Sweden,1925,2.148
swe,Sweden,1926,2.078
swe,Sweden,1927,2.91
swe,Sweden,1928,2.671
swe,Sweden,1929,3.172
swe,Sweden,1930,3.087
swe,Sweden,1931,3.077
swe,Sweden,1932,3.032
swe,Sweden,1933,3.147
swe,Sweden,1934,3.492
swe,Sweden,1935,3.661
swe,Sweden,1936,3.996
swe,Sweden,1937,4.601
swe,Sweden,1938,4.14
swe,Sweden,1939,4.619
swe,Sweden,1940,2.894
swe,Sweden,1941,2.339
swe,Sweden,1942,2.008
swe,Sweden,1943,2.418
swe,Sweden,1944,1.881
swe,Sweden,1945,0.682
swe,Sweden,1946,2.576
swe,Sweden,1947,3.683
swe,Sweden,1948,4.477
swe,Sweden,1949,3.864
swe,Sweden,1950,4.092
swe,Sweden,1951,4.732
swe,Sweden,1952,4.849
swe,Sweden,1953,4.541
swe,Sweden,1954,4.783
swe,Sweden,1955,5.389
swe,Sweden,1956,5.944
swe,Sweden,1957,5.292
swe,Sweden,1958,5.698
swe,Sweden,1959,5.705
swe,Sweden,1960,6.577
swe,Sweden,1961,6.487
swe,Sweden,1962,6.772
swe,Sweden,1963,7.26
swe,Sweden,1964,7.875
swe,Sweden,1965,8.117
swe,Sweden,1966,9.37
swe,Sweden,1967,8.894
swe,Sweden,1968,10.044
swe,Sweden,1969,11.29
swe,Sweden,1970,12.284
swe,Sweden,1971,11.564
swe,Sweden,1972,12.024
swe,Sweden,1973,12.949
swe,Sweden,1974,12.428
swe,Sweden,1975,13.208
swe,Sweden,1976,15.115
swe,Sweden,1977,15.29
swe,Sweden,1978,14.629
swe,Sweden,1979,15.961
swe,Sweden,1980,13.627
swe,Sweden,1981,13.171
swe,Sweden,1982,12.73
swe,Sweden,1983,11.416
swe,Sweden,1984,10.681
swe,Sweden,1985,10.495
swe,Sweden,1986,11.397
swe,Sweden,1987,11.295
swe,Sweden,1988,10.827
swe,Sweden,1989,10.362
swe,Sweden,1990,9.96
swe,Sweden,1991,9.814
swe,Sweden,1992,10.786
swe,Sweden,1993,9.982
swe,Sweden,1994,9.846
swe,Sweden,1995,9.691
swe,Sweden,1996,10.281
swe,Sweden,1997,9.712
swe,Sweden,1998,9.88
swe,Sweden,1999,9.229
swe,Sweden,2000,9.611
swe,Sweden,2001,8.932
swe,Sweden,2002,9.138
swe,Sweden,2003,9.764
swe,Sweden,2004,9.674
swe,Sweden,2005,10.051
swe,Sweden,2006,10.125
swe,Sweden,2007,9.984
swe,Sweden,2008,9.724
swe,Sweden,2009,8.282
swe,Sweden,2010,9.149
swe,Sweden,2011,8.869
swe,Sweden,2012,8.081
swe,Sweden,2013,7.657
swe,Sweden,2014,7.475
swe,Sweden,2015,7.235
swe,Sweden,2016,7.13
swe,Sweden,2017,7.175
swe,Sweden,2018,7.125
swe,Sweden,2019,6.671
swe,Sweden,2020,5.904
swe,Sweden,2021,6.016
swe,Sweden,2022,5.956
swz,Eswatini,1900,0.005
swz,Eswatini,1901,0.005
swz,Eswatini,1902,0.005
swz,Eswatini,1903,0.005
swz,Eswatini,1904,0.005
swz,Eswatini,1905,0.005
swz,Eswatini,1906,0.005
swz,Eswatini,1907,0.005
swz,Eswatini,1908,0.006
swz,Eswatini,1909,0.006
swz,Eswatini,1910,0.006
swz,Eswatini,1911,0.006
swz,Eswatini,1912,0.006
swz,Eswatini,1913,0.006
swz,Eswatini,1914,0.006
swz,Eswatini,1915,0.006
swz,Eswatini,1916,0.006
swz,Eswatini,1917,0.006
swz,Eswatini,1918,0.006
swz,Eswatini,1919,0.007
swz,Eswatini,1920,0.007
swz,Eswatini,1921,0.007
swz,Eswatini,1922,0.007
swz,Eswatini,1923,0.007
swz,Eswatini,1924,0.007
swz,Eswatini,1925,0.008
swz,Eswatini,1926,0.008
swz,Eswatini,1927,0.008
swz,Eswatini,1928,0.008
swz,Eswatini,1929,0.008
swz,Eswatini,1930,0.008
swz,Eswatini,1931,0.009
swz,Eswatini,1932,0.008
swz,Eswatini,1933,0.008
swz,Eswatini,1934,0.009
swz,Eswatini,1935,0.009
swz,Eswatini,1936,0.009
swz,Eswatini,1937,0.01
swz,Eswatini,1938,0.01
swz,Eswatini,1939,0.01
swz,Eswatini,1940,0.01
swz,Eswatini,1941,0.011
swz,Eswatini,1942,0.011
swz,Eswatini,1943,0.011
swz,Eswatini,1944,0.012
swz,Eswatini,1945,0.012
swz,Eswatini,1946,0.012
swz,Eswatini,1947,0.012
swz,Eswatini,1948,0.013
swz,Eswatini,1949,0.013
swz,Eswatini,1950,0.013
swz,Eswatini,1951,0.013
swz,Eswatini,1952,0.013
swz,Eswatini,1953,0.013
swz,Eswatini,1954,0.012
swz,Eswatini,1955,0.012
swz,Eswatini,1956,0.012
swz,Eswatini,1957,0.012
swz,Eswatini,1958,0.011
swz,Eswatini,1959,0.011
swz,Eswatini,1960,0.098
swz,Eswatini,1961,0.011
swz,Eswatini,1962,0.029
swz,Eswatini,1963,0.03
swz,Eswatini,1964,0.03
swz,Eswatini,1965,0.216
swz,Eswatini,1966,0.525
swz,Eswatini,1967,0.576
swz,Eswatini,1968,0.686
swz,Eswatini,1969,0.727
swz,Eswatini,1970,0.85
swz,Eswatini,1971,0.9
swz,Eswatini,1972,0.834
swz,Eswatini,1973,0.787
swz,Eswatini,1974,0.643
swz,Eswatini,1975,0.675
swz,Eswatini,1976,0.647
swz,Eswatini,1977,0.641
swz,Eswatini,1978,0.8
swz,Eswatini,1979,0.787
swz,Eswatini,1980,0.792
swz,Eswatini,1981,0.717
swz,Eswatini,1982,0.693
swz,Eswatini,1983,0.416
swz,Eswatini,1984,0.494
swz,Eswatini,1985,0.629
swz,Eswatini,1986,0.633
swz,Eswatini,1987,0.583
swz,Eswatini,1988,0.564
swz,Eswatini,1989,0.546
swz,Eswatini,1990,1.173
swz,Eswatini,1991,1.037
swz,Eswatini,1992,0.964
swz,Eswatini,1993,0.801
swz,Eswatini,1994,1.192
swz,Eswatini,1995,1.147
swz,Eswatini,1996,1.016
swz,Eswatini,1997,1.248
swz,Eswatini,1998,1.239
swz,Eswatini,1999,1.247
swz,Eswatini,2000,1.185
swz,Eswatini,2001,1.132
swz,Eswatini,2002,1.112
swz,Eswatini,2003,1.025
swz,Eswatini,2004,1.015
swz,Eswatini,2005,1.0
swz,Eswatini,2006,0.995
swz,Eswatini,2007,1.034
swz,Eswatini,2008,1.058
swz,Eswatini,2009,1.009
swz,Eswatini,2010,0.995
swz,Eswatini,2011,1.002
swz,Eswatini,2012,1.145
swz,Eswatini,2013,1.404
swz,Eswatini,2014,0.824
swz,Eswatini,2015,0.89
swz,Eswatini,2016,1.037
swz,Eswatini,2017,1.078
swz,Eswatini,2018,1.056
swz,Eswatini,2019,1.078
swz,Eswatini,2020,1.057
swz,Eswatini,2021,1.131
swz,Eswatini,2022,1.153
syc,Seychelles,1900,0.041
syc,Seychelles,1901,0.04
syc,Seychelles,1902,0.041
syc,Seychelles,1903,0.042
syc,Seychelles,1904,0.043
syc,Seychelles,1905,0.044
syc,Seychelles,1906,0.044
syc,Seychelles,1907,0.045
syc,Seychelles,1908,0.046
syc,Seychelles,1909,0.047
syc,Seychelles,1910,0.048
syc,Seychelles,1911,0.049
syc,Seychelles,1912,0.051
syc,Seychelles,1913,0.05
syc,Seychelles,1914,0.05
syc,Seychelles,1915,0.049
syc,Seychelles,1916,0.049
syc,Seychelles,1917,0.051
syc,Seychelles,1918,0.053
syc,Seychelles,1919,0.056
syc,Seychelles,1920,0.057
syc,Seychelles,1921,0.059
syc,Seychelles,1922,0.06
syc,Seychelles,1923,0.06
syc,Seychelles,1924,0.062
syc,Seychelles,1925,0.064
syc,Seychelles,1926,0.067
syc,Seychelles,1927,0.069
syc,Seychelles,1928,0.066
syc,Seychelles,1929,0.068
syc,Seychelles,1930,0.07
syc,Seychelles,1931,0.073
syc,Seychelles,1932,0.069
syc,Seychelles,1933,0.069
syc,Seychelles,1934,0.071
syc,Seychelles,1935,0.074
syc,Seychelles,1936,0.077
syc,Seychelles,1937,0.079
syc,Seychelles,1938,0.085
syc,Seychelles,1939,0.085
syc,Seychelles,1940,0.086
syc,Seychelles,1941,0.089
syc,Seychelles,1942,0.091
syc,Seychelles,1943,0.095
syc,Seychelles,1944,0.096
syc,Seychelles,1945,0.099
syc,Seychelles,1946,0.103
syc,Seychelles,1947,0.102
syc,Seychelles,1948,0.104
syc,Seychelles,1949,0.11
syc,Seychelles,1950,0.112
syc,Seychelles,1951,0.118
syc,Seychelles,1952,0.117
syc,Seychelles,1953,0.12
syc,Seychelles,1954,0.123
syc,Seychelles,1955,0.128
syc,Seychelles,1956,0.133
syc,Seychelles,1957,0.139
syc,Seychelles,1958,0.151
syc,Seychelles,1959,0.152
syc,Seychelles,1960,0.154
syc,Seychelles,1961,0.16
syc,Seychelles,1962,0.162
syc,Seychelles,1963,0.165
syc,Seychelles,1964,0.161
syc,Seychelles,1965,0.157
syc,Seychelles,1966,0.153
syc,Seychelles,1967,0.15
syc,Seychelles,1968,0.147
syc,Seychelles,1969,0.143
syc,Seychelles,1970,0.56
syc,Seychelles,1971,0.614
syc,Seychelles,1972,0.798
syc,Seychelles,1973,0.842
syc,Seychelles,1974,0.947
syc,Seychelles,1975,0.985
syc,Seychelles,1976,1.322
syc,Seychelles,1977,1.35
syc,Seychelles,1978,1.206
syc,Seychelles,1979,1.858
syc,Seychelles,1980,1.439
syc,Seychelles,1981,1.472
syc,Seychelles,1982,1.238
syc,Seychelles,1983,1.438
syc,Seychelles,1984,1.427
syc,Seychelles,1985,2.155
syc,Seychelles,1986,2.359
syc,Seychelles,1987,2.883
syc,Seychelles,1988,2.832
syc,Seychelles,1989,3.348
syc,Seychelles,1990,2.13
syc,Seychelles,1991,2.412
syc,Seychelles,1992,2.372
syc,Seychelles,1993,2.475
syc,Seychelles,1994,2.673
syc,Seychelles,1995,2.583
syc,Seychelles,1996,3.024
syc,Seychelles,1997,4.352
syc,Seychelles,1998,5.473
syc,Seychelles,1999,6.379
syc,Seychelles,2000,7.063
syc,Seychelles,2001,7.698
syc,Seychelles,2002,6.411
syc,Seychelles,2003,6.41
syc,Seychelles,2004,8.434
syc,Seychelles,2005,7.776
syc,Seychelles,2006,8.192
syc,Seychelles,2007,7.124
syc,Seychelles,2008,7.662
syc,Seychelles,2009,5.776
syc,Seychelles,2010,4.861
syc,Seychelles,2011,3.552
syc,Seychelles,2012,4.554
syc,Seychelles,2013,3.534
syc,Seychelles,2014,5.177
syc,Seychelles,2015,5.173
syc,Seychelles,2016,6.322
syc,Seychelles,2017,6.61
syc,Seychelles,2018,6.754
syc,Seychelles,2019,6.896
syc,Seychelles,2020,6.76
syc,Seychelles,2021,7.233
syc,Seychelles,2022,7.377
syr,Syria,1900,0.001
syr,Syria,1901,0.001
syr,Syria,1902,0.001
syr,Syria,1903,0.001
syr,Syria,1904,0.001
syr,Syria,1905,0.001
syr,Syria,1906,0.001
syr,Syria,1907,0.001
syr,Syria,1908,0.001
syr,Syria,1909,0.001
syr,Syria,1910,0.001
syr,Syria,1911,0.001
syr,Syria,1912,0.001
syr,Syria,1913,0.001
syr,Syria,1914,0.001
syr,Syria,1915,0.001
syr,Syria,1916,0.001
syr,Syria,1917,0.001
syr,Syria,1918,0.001
syr,Syria,1919,0.001
syr,Syria,1920,0.001
syr,Syria,1921,0.001
syr,Syria,1922,0.001
syr,Syria,1923,0.001
syr,Syria,1924,0.001
syr,Syria,1925,0.001
syr,Syria,1926,0.001
syr,Syria,1927,0.001
syr,Syria,1928,0.001
syr,Syria,1929,0.001
syr,Syria,1930,0.001
syr,Syria,1931,0.001
syr,Syria,1932,0.004
syr,Syria,1933,0.006
syr,Syria,1934,0.004
syr,Syria,1935,0.005
syr,Syria,1936,0.011
syr,Syria,1937,0.022
syr,Syria,1938,0.022
syr,Syria,1939,0.02
syr,Syria,1940,0.007
syr,Syria,1941,0.007
syr,Syria,1942,0.018
syr,Syria,1943,0.012
syr,Syria,1944,0.006
syr,Syria,1945,0.006
syr,Syria,1946,0.007
syr,Syria,1947,0.008
syr,Syria,1948,0.008
syr,Syria,1949,0.009
syr,Syria,1950,0.121
syr,Syria,1951,0.109
syr,Syria,1952,0.133
syr,Syria,1953,0.139
syr,Syria,1954,0.153
syr,Syria,1955,0.421
syr,Syria,1956,0.497
syr,Syria,1957,0.477
syr,Syria,1958,0.506
syr,Syria,1959,0.503
syr,Syria,1960,0.704
syr,Syria,1961,0.649
syr,Syria,1962,0.657
syr,Syria,1963,0.717
syr,Syria,1964,0.839
syr,Syria,1965,0.684
syr,Syria,1966,0.885
syr,Syria,1967,0.803
syr,Syria,1968,1.004
syr,Syria,1969,1.179
syr,Syria,1970,1.048
syr,Syria,1971,1.352
syr,Syria,1972,1.142
syr,Syria,1973,1.121
syr,Syria,1974,1.327
syr,Syria,1975,1.484
syr,Syria,1976,1.764
syr,Syria,1977,1.817
syr,Syria,1978,1.823
syr,Syria,1979,2.609
syr,Syria,1980,2.323
syr,Syria,1981,2.87
syr,Syria,1982,2.543
syr,Syria,1983,2.797
syr,Syria,1984,3.194
syr,Syria,1985,2.762
syr,Syria,1986,2.826
syr,Syria,1987,3.166
syr,Syria,1988,3.132
syr,Syria,1989,2.839
syr,Syria,1990,2.979
syr,Syria,1991,3.296
syr,Syria,1992,3.23
syr,Syria,1993,3.336
syr,Syria,1994,3.314
syr,Syria,1995,2.874
syr,Syria,1996,2.871
syr,Syria,1997,2.993
syr,Syria,1998,3.192
syr,Syria,1999,3.236
syr,Syria,2000,3.079
syr,Syria,2001,2.874
syr,Syria,2002,2.252
syr,Syria,2003,3.079
syr,Syria,2004,2.829
syr,Syria,2005,2.719
syr,Syria,2006,2.775
syr,Syria,2007,3.309
syr,Syria,2008,3.239
syr,Syria,2009,2.905
syr,Syria,2010,2.845
syr,Syria,2011,2.665
syr,Syria,2012,2.144
syr,Syria,2013,1.831
syr,Syria,2014,1.611
syr,Syria,2015,1.595
syr,Syria,2016,1.634
syr,Syria,2017,1.658
syr,Syria,2018,1.67
syr,Syria,2019,1.712
syr,Syria,2020,1.697
syr,Syria,2021,1.816
syr,Syria,2022,1.852
tcd,Chad,1900,0.006
tcd,Chad,1901,0.006
tcd,Chad,1902,0.006
tcd,Chad,1903,0.006
tcd,Chad,1904,0.006
tcd,Chad,1905,0.006
tcd,Chad,1906,0.006
tcd,Chad,1907,0.006
tcd,Chad,1908,0.006
tcd,Chad,1909,0.007
tcd,Chad,1910,0.007
tcd,Chad,1911,0.007
tcd,Chad,1912,0.007
tcd,Chad,1913,0.007
tcd,Chad,1914,0.007
tcd,Chad,1915,0.007
tcd,Chad,1916,0.007
tcd,Chad,1917,0.007
tcd,Chad,1918,0.007
tcd,Chad,1919,0.008
tcd,Chad,1920,0.008
tcd,Chad,1921,0.008
tcd,Chad,1922,0.008
tcd,Chad,1923,0.008
tcd,Chad,1924,0.009
tcd,Chad,1925,0.009
tcd,Chad,1926,0.009
tcd,Chad,1927,0.01
tcd,Chad,1928,0.009
tcd,Chad,1929,0.009
tcd,Chad,1930,0.01
tcd,Chad,1931,0.01
tcd,Chad,1932,0.01
tcd,Chad,1933,0.01
tcd,Chad,1934,0.01
tcd,Chad,1935,0.01
tcd,Chad,1936,0.011
tcd,Chad,1937,0.011
tcd,Chad,1938,0.012
tcd,Chad,1939,0.012
tcd,Chad,1940,0.012
tcd,Chad,1941,0.012
tcd,Chad,1942,0.013
tcd,Chad,1943,0.013
tcd,Chad,1944,0.013
tcd,Chad,1945,0.014
tcd,Chad,1946,0.014
tcd,Chad,1947,0.014
tcd,Chad,1948,0.015
tcd,Chad,1949,0.015
tcd,Chad,1950,0.016
tcd,Chad,1951,0.017
tcd,Chad,1952,0.016
tcd,Chad,1953,0.017
tcd,Chad,1954,0.017
tcd,Chad,1955,0.018
tcd,Chad,1956,0.019
tcd,Chad,1957,0.019
tcd,Chad,1958,0.021
tcd,Chad,1959,0.021
tcd,Chad,1960,0.018
tcd,Chad,1961,0.017
tcd,Chad,1962,0.027
tcd,Chad,1963,0.029
tcd,Chad,1964,0.031
tcd,Chad,1965,0.032
tcd,Chad,1966,0.025
tcd,Chad,1967,0.034
tcd,Chad,1968,0.036
tcd,Chad,1969,0.045
tcd,Chad,1970,0.034
tcd,Chad,1971,0.04
tcd,Chad,1972,0.032
tcd,Chad,1973,0.041
tcd,Chad,1974,0.038
tcd,Chad,1975,0.045
tcd,Chad,1976,0.044
tcd,Chad,1977,0.047
tcd,Chad,1978,0.045
tcd,Chad,1979,0.046
tcd,Chad,1980,0.046
tcd,Chad,1981,0.045
tcd,Chad,1982,0.044
tcd,Chad,1983,0.043
tcd,Chad,1984,0.044
tcd,Chad,1985,0.035
tcd,Chad,1986,0.036
tcd,Chad,1987,0.037
tcd,Chad,1988,0.012
tcd,Chad,1989,0.018
tcd,Chad,1990,0.063
tcd,Chad,1991,0.063
tcd,Chad,1992,0.064
tcd,Chad,1993,0.061
tcd,Chad,1994,0.06
tcd,Chad,1995,0.06
tcd,Chad,1996,0.06
tcd,Chad,1997,0.06
tcd,Chad,1998,0.059
tcd,Chad,1999,0.059
tcd,Chad,2000,0.058
tcd,Chad,2001,0.058
tcd,Chad,2002,0.057
tcd,Chad,2003,0.079
tcd,Chad,2004,0.077
tcd,Chad,2005,0.076
tcd,Chad,2006,0.076
tcd,Chad,2007,0.079
tcd,Chad,2008,0.083
tcd,Chad,2009,0.082
tcd,Chad,2010,0.083
tcd,Chad,2011,0.066
tcd,Chad,2012,0.071
tcd,Chad,2013,0.071
tcd,Chad,2014,0.072
tcd,Chad,2015,0.069
tcd,Chad,2016,0.068
tcd,Chad,2017,0.066
tcd,Chad,2018,0.066
tcd,Chad,2019,0.067
tcd,Chad,2020,0.066
tcd,Chad,2021,0.07
tcd,Chad,2022,0.072
tgo,Togo,1900,0.007
tgo,Togo,1901,0.007
tgo,Togo,1902,0.007
tgo,Togo,1903,0.007
tgo,Togo,1904,0.007
tgo,Togo,1905,0.007
tgo,Togo,1906,0.007
tgo,Togo,1907,0.007
tgo,Togo,1908,0.008
tgo,Togo,1909,0.008
tgo,Togo,1910,0.008
tgo,Togo,1911,0.008
tgo,Togo,1912,0.008
tgo,Togo,1913,0.008
tgo,Togo,1914,0.008
tgo,Togo,1915,0.008
tgo,Togo,1916,0.008
tgo,Togo,1917,0.008
tgo,Togo,1918,0.009
tgo,Togo,1919,0.009
tgo,Togo,1920,0.009
tgo,Togo,1921,0.01
tgo,Togo,1922,0.01
tgo,Togo,1923,0.01
tgo,Togo,1924,0.01
tgo,Togo,1925,0.011
tgo,Togo,1926,0.011
tgo,Togo,1927,0.011
tgo,Togo,1928,0.011
tgo,Togo,1929,0.011
tgo,Togo,1930,0.012
tgo,Togo,1931,0.012
tgo,Togo,1932,0.011
tgo,Togo,1933,0.011
tgo,Togo,1934,0.012
tgo,Togo,1935,0.012
tgo,Togo,1936,0.013
tgo,Togo,1937,0.013
tgo,Togo,1938,0.014
tgo,Togo,1939,0.014
tgo,Togo,1940,0.014
tgo,Togo,1941,0.015
tgo,Togo,1942,0.015
tgo,Togo,1943,0.016
tgo,Togo,1944,0.016
tgo,Togo,1945,0.016
tgo,Togo,1946,0.017
tgo,Togo,1947,0.017
tgo,Togo,1948,0.017
tgo,Togo,1949,0.018
tgo,Togo,1950,0.018
tgo,Togo,1951,0.018
tgo,Togo,1952,0.031
tgo,Togo,1953,0.02
tgo,Togo,1954,0.023
tgo,Togo,1955,0.027
tgo,Togo,1956,0.027
tgo,Togo,1957,0.032
tgo,Togo,1958,0.031
tgo,Togo,1959,0.035
tgo,Togo,1960,0.042
tgo,Togo,1961,0.057
tgo,Togo,1962,0.055
tgo,Togo,1963,0.065
tgo,Togo,1964,0.08
tgo,Togo,1965,0.077
tgo,Togo,1966,0.102
tgo,Togo,1967,0.108
tgo,Togo,1968,0.102
tgo,Togo,1969,0.122
tgo,Togo,1970,0.136
tgo,Togo,1971,0.154
tgo,Togo,1972,0.198
tgo,Togo,1973,0.203
tgo,Togo,1974,0.195
tgo,Togo,1975,0.158
tgo,Togo,1976,0.166
tgo,Togo,1977,0.24
tgo,Togo,1978,0.185
tgo,Togo,1979,0.715
tgo,Togo,1980,0.402
tgo,Togo,1981,0.346
tgo,Togo,1982,0.298
tgo,Togo,1983,0.333
tgo,Togo,1984,0.244
tgo,Togo,1985,0.262
tgo,Togo,1986,0.24
tgo,Togo,1987,0.299
tgo,Togo,1988,0.316
tgo,Togo,1989,0.319
tgo,Togo,1990,0.33
tgo,Togo,1991,0.345
tgo,Togo,1992,0.342
tgo,Togo,1993,0.356
tgo,Togo,1994,0.36
tgo,Togo,1995,0.395
tgo,Togo,1996,0.376
tgo,Togo,1997,0.294
tgo,Togo,1998,0.401
tgo,Togo,1999,0.396
tgo,Togo,2000,0.192
tgo,Togo,2001,0.159
tgo,Togo,2002,0.226
tgo,Togo,2003,0.225
tgo,Togo,2004,0.203
tgo,Togo,2005,0.197
tgo,Togo,2006,0.613
tgo,Togo,2007,0.195
tgo,Togo,2008,0.183
tgo,Togo,2009,0.304
tgo,Togo,2010,0.269
tgo,Togo,2011,0.253
tgo,Togo,2012,0.29
tgo,Togo,2013,0.201
tgo,Togo,2014,0.217
tgo,Togo,2015,0.284
tgo,Togo,2016,0.312
tgo,Togo,2017,0.267
tgo,Togo,2018,0.982
tgo,Togo,2019,0.957
tgo,Togo,2020,0.831
tgo,Togo,2021,0.889
tgo,Togo,2022,0.906
tha,Thailand,1900,0.001
tha,Thailand,1901,0.001
tha,Thailand,1902,0.002
tha,Thailand,1903,0.002
tha,Thailand,1904,0.002
tha,Thailand,1905,0.002
tha,Thailand,1906,0.002
tha,Thailand,1907,0.002
tha,Thailand,1908,0.002
tha,Thailand,1909,0.002
tha,Thailand,1910,0.002
tha,Thailand,1911,0.002
tha,Thailand,1912,0.002
tha,Thailand,1913,0.002
tha,Thailand,1914,0.002
tha,Thailand,1915,0.002
tha,Thailand,1916,0.002
tha,Thailand,1917,0.002
tha,Thailand,1918,0.002
tha,Thailand,1919,0.002
tha,Thailand,1920,0.002
tha,Thailand,1921,0.002
tha,Thailand,1922,0.002
tha,Thailand,1923,0.002
tha,Thailand,1924,0.002
tha,Thailand,1925,0.002
tha,Thailand,1926,0.002
tha,Thailand,1927,0.002
tha,Thailand,1928,0.002
tha,Thailand,1929,0.002
tha,Thailand,1930,0.002
tha,Thailand,1931,0.002
tha,Thailand,1932,0.002
tha,Thailand,1933,0.002
tha,Thailand,1934,0.002
tha,Thailand,1935,0.002
tha,Thailand,1936,0.002
tha,Thailand,1937,0.002
tha,Thailand,1938,0.003
tha,Thailand,1939,0.003
tha,Thailand,1940,0.004
tha,Thailand,1941,0.004
tha,Thailand,1942,0.002
tha,Thailand,1943,0.002
tha,Thailand,1944,0.001
tha,Thailand,1945,0.002
tha,Thailand,1946,0.002
tha,Thailand,1947,0.002
tha,Thailand,1948,0.002
tha,Thailand,1949,0.003
tha,Thailand,1950,0.046
tha,Thailand,1951,0.051
tha,Thailand,1952,0.059
tha,Thailand,1953,0.073
tha,Thailand,1954,0.089
tha,Thailand,1955,0.1
tha,Thailand,1956,0.108
tha,Thailand,1957,0.117
tha,Thailand,1958,0.117
tha,Thailand,1959,0.125
tha,Thailand,1960,0.136
tha,Thailand,1961,0.147
tha,Thailand,1962,0.173
tha,Thailand,1963,0.186
tha,Thailand,1964,0.243
tha,Thailand,1965,0.235
tha,Thailand,1966,0.292
tha,Thailand,1967,0.366
tha,Thailand,1968,0.506
tha,Thailand,1969,0.427
tha,Thailand,1970,0.45
tha,Thailand,1971,0.568
tha,Thailand,1972,0.655
tha,Thailand,1973,0.751
tha,Thailand,1974,0.767
tha,Thailand,1975,0.797
tha,Thailand,1976,0.967
tha,Thailand,1977,1.105
tha,Thailand,1978,1.223
tha,Thailand,1979,1.286
tha,Thailand,1980,1.394
tha,Thailand,1981,1.294
tha,Thailand,1982,1.2
tha,Thailand,1983,1.172
tha,Thailand,1984,1.288
tha,Thailand,1985,1.368
tha,Thailand,1986,1.422
tha,Thailand,1987,1.425
tha,Thailand,1988,1.601
tha,Thailand,1989,1.85
tha,Thailand,1990,2.139
tha,Thailand,1991,2.14
tha,Thailand,1992,2.702
tha,Thailand,1993,2.644
tha,Thailand,1994,2.681
tha,Thailand,1995,2.903
tha,Thailand,1996,3.026
tha,Thailand,1997,2.837
tha,Thailand,1998,2.108
tha,Thailand,1999,2.377
tha,Thailand,2000,2.432
tha,Thailand,2001,2.585
tha,Thailand,2002,2.799
tha,Thailand,2003,2.868
tha,Thailand,2004,3.11
tha,Thailand,2005,3.284
tha,Thailand,2006,3.251
tha,Thailand,2007,3.278
tha,Thailand,2008,3.371
tha,Thailand,2009,3.439
tha,Thailand,2010,3.793
tha,Thailand,2011,3.786
tha,Thailand,2012,3.881
tha,Thailand,2013,4.038
tha,Thailand,2014,3.711
tha,Thailand,2015,3.691
tha,Thailand,2016,3.62
tha,Thailand,2017,3.7
tha,Thailand,2018,3.759
tha,Thailand,2019,3.848
tha,Thailand,2020,3.822
tha,Thailand,2021,3.843
tha,Thailand,2022,3.92
tjk,Tajikistan,1900,0.172
tjk,Tajikistan,1901,0.175
tjk,Tajikistan,1902,0.167
tjk,Tajikistan,1903,0.162
tjk,Tajikistan,1904,0.179
tjk,Tajikistan,1905,0.158
tjk,Tajikistan,1906,0.179
tjk,Tajikistan,1907,0.198
tjk,Tajikistan,1908,0.198
tjk,Tajikistan,1909,0.207
tjk,Tajikistan,1910,0.201
tjk,Tajikistan,1911,0.207
tjk,Tajikistan,1912,0.232
tjk,Tajikistan,1913,0.25
tjk,Tajikistan,1914,0.223
tjk,Tajikistan,1915,0.203
tjk,Tajikistan,1916,0.215
tjk,Tajikistan,1917,0.196
tjk,Tajikistan,1918,0.077
tjk,Tajikistan,1919,0.066
tjk,Tajikistan,1920,0.059
tjk,Tajikistan,1921,0.064
tjk,Tajikistan,1922,0.077
tjk,Tajikistan,1923,0.084
tjk,Tajikistan,1924,0.099
tjk,Tajikistan,1925,0.097
tjk,Tajikistan,1926,0.139
tjk,Tajikistan,1927,0.172
tjk,Tajikistan,1928,0.189
tjk,Tajikistan,1929,0.202
tjk,Tajikistan,1930,0.272
tjk,Tajikistan,1931,0.324
tjk,Tajikistan,1932,0.361
tjk,Tajikistan,1933,0.4
tjk,Tajikistan,1934,0.48
tjk,Tajikistan,1935,0.538
tjk,Tajikistan,1936,0.611
tjk,Tajikistan,1937,0.62
tjk,Tajikistan,1938,0.648
tjk,Tajikistan,1939,0.65
tjk,Tajikistan,1940,0.772
tjk,Tajikistan,1941,0.672
tjk,Tajikistan,1942,0.458
tjk,Tajikistan,1943,0.58
tjk,Tajikistan,1944,0.538
tjk,Tajikistan,1945,0.564
tjk,Tajikistan,1946,0.629
tjk,Tajikistan,1947,0.75
tjk,Tajikistan,1948,0.791
tjk,Tajikistan,1949,0.887
tjk,Tajikistan,1950,0.971
tjk,Tajikistan,1951,1.017
tjk,Tajikistan,1952,1.054
tjk,Tajikistan,1953,1.08
tjk,Tajikistan,1954,1.145
tjk,Tajikistan,1955,1.26
tjk,Tajikistan,1956,1.342
tjk,Tajikistan,1957,1.427
tjk,Tajikistan,1958,1.478
tjk,Tajikistan,1959,1.934
tjk,Tajikistan,1960,1.949
tjk,Tajikistan,1961,1.943
tjk,Tajikistan,1962,1.969
tjk,Tajikistan,1963,2.036
tjk,Tajikistan,1964,2.088
tjk,Tajikistan,1965,2.135
tjk,Tajikistan,1966,2.17
tjk,Tajikistan,1967,2.181
tjk,Tajikistan,1968,2.147
tjk,Tajikistan,1969,2.129
tjk,Tajikistan,1970,2.118
tjk,Tajikistan,1971,2.105
tjk,Tajikistan,1972,2.052
tjk,Tajikistan,1973,1.956
tjk,Tajikistan,1974,1.834
tjk,Tajikistan,1975,1.72
tjk,Tajikistan,1976,1.58
tjk,Tajikistan,1977,1.444
tjk,Tajikistan,1978,1.331
tjk,Tajikistan,1979,1.22
tjk,Tajikistan,1980,1.187
tjk,Tajikistan,1981,1.131
tjk,Tajikistan,1982,1.078
tjk,Tajikistan,1983,1.067
tjk,Tajikistan,1984,1.05
tjk,Tajikistan,1985,1.027
tjk,Tajikistan,1986,1.073
tjk,Tajikistan,1987,1.042
tjk,Tajikistan,1988,1.003
tjk,Tajikistan,1989,0.997
tjk,Tajikistan,1990,0.947
tjk,Tajikistan,1991,0.799
tjk,Tajikistan,1992,0.882
tjk,Tajikistan,1993,0.562
tjk,Tajikistan,1994,0.282
tjk,Tajikistan,1995,0.138
tjk,Tajikistan,1996,0.686
tjk,Tajikistan,1997,0.505
tjk,Tajikistan,1998,0.613
tjk,Tajikistan,1999,0.541
tjk,Tajikistan,2000,0.857
tjk,Tajikistan,2001,0.846
tjk,Tajikistan,2002,1.04
tjk,Tajikistan,2003,0.828
tjk,Tajikistan,2004,0.806
tjk,Tajikistan,2005,0.932
tjk,Tajikistan,2006,1.083
tjk,Tajikistan,2007,0.733
tjk,Tajikistan,2008,0.876
tjk,Tajikistan,2009,0.777
tjk,Tajikistan,2010,1.041
tjk,Tajikistan,2011,0.987
tjk,Tajikistan,2012,0.826
tjk,Tajikistan,2013,1.448
tjk,Tajikistan,2014,2.376
tjk,Tajikistan,2015,1.044
tjk,Tajikistan,2016,1.602
tjk,Tajikistan,2017,1.756
tjk,Tajikistan,2018,1.468
tjk,Tajikistan,2019,1.475
tjk,Tajikistan,2020,1.347
tjk,Tajikistan,2021,1.441
tjk,Tajikistan,2022,1.47
tkm,Turkmenistan,1900,0.979
tkm,Turkmenistan,1901,0.996
tkm,Turkmenistan,1902,0.954
tkm,Turkmenistan,1903,0.925
tkm,Turkmenistan,1904,1.019
tkm,Turkmenistan,1905,0.902
tkm,Turkmenistan,1906,1.019
tkm,Turkmenistan,1907,1.131
tkm,Turkmenistan,1908,1.128
tkm,Turkmenistan,1909,1.18
tkm,Turkmenistan,1910,1.147
tkm,Turkmenistan,1911,1.178
tkm,Turkmenistan,1912,1.323
tkm,Turkmenistan,1913,1.424
tkm,Turkmenistan,1914,1.274
tkm,Turkmenistan,1915,1.158
tkm,Turkmenistan,1916,1.224
tkm,Turkmenistan,1917,1.116
tkm,Turkmenistan,1918,0.441
tkm,Turkmenistan,1919,0.373
tkm,Turkmenistan,1920,0.337
tkm,Turkmenistan,1921,0.362
tkm,Turkmenistan,1922,0.438
tkm,Turkmenistan,1923,0.479
tkm,Turkmenistan,1924,0.566
tkm,Turkmenistan,1925,0.554
tkm,Turkmenistan,1926,0.795
tkm,Turkmenistan,1927,0.979
tkm,Turkmenistan,1928,1.078
tkm,Turkmenistan,1929,1.15
tkm,Turkmenistan,1930,1.55
tkm,Turkmenistan,1931,1.845
tkm,Turkmenistan,1932,2.059
tkm,Turkmenistan,1933,2.281
tkm,Turkmenistan,1934,2.734
tkm,Turkmenistan,1935,3.066
tkm,Turkmenistan,1936,3.484
tkm,Turkmenistan,1937,3.53
tkm,Turkmenistan,1938,3.692
tkm,Turkmenistan,1939,3.703
tkm,Turkmenistan,1940,4.399
tkm,Turkmenistan,1941,3.83
tkm,Turkmenistan,1942,2.612
tkm,Turkmenistan,1943,3.304
tkm,Turkmenistan,1944,3.066
tkm,Turkmenistan,1945,3.216
tkm,Turkmenistan,1946,3.582
tkm,Turkmenistan,1947,4.274
tkm,Turkmenistan,1948,4.507
tkm,Turkmenistan,1949,5.057
tkm,Turkmenistan,1950,5.544
tkm,Turkmenistan,1951,5.907
tkm,Turkmenistan,1952,6.192
tkm,Turkmenistan,1953,6.391
tkm,Turkmenistan,1954,6.793
tkm,Turkmenistan,1955,7.482
tkm,Turkmenistan,1956,7.956
tkm,Turkmenistan,1957,8.435
tkm,Turkmenistan,1958,8.717
tkm,Turkmenistan,1959,10.071
tkm,Turkmenistan,1960,10.143
tkm,Turkmenistan,1961,10.128
tkm,Turkmenistan,1962,10.293
tkm,Turkmenistan,1963,10.692
tkm,Turkmenistan,1964,11.019
tkm,Turkmenistan,1965,11.328
tkm,Turkmenistan,1966,11.601
tkm,Turkmenistan,1967,11.782
tkm,Turkmenistan,1968,11.774
tkm,Turkmenistan,1969,11.919
tkm,Turkmenistan,1970,12.17
tkm,Turkmenistan,1971,12.566
tkm,Turkmenistan,1972,12.86
tkm,Turkmenistan,1973,13.042
tkm,Turkmenistan,1974,13.179
tkm,Turkmenistan,1975,13.489
tkm,Turkmenistan,1976,13.638
tkm,Turkmenistan,1977,13.732
tkm,Turkmenistan,1978,13.841
tkm,Turkmenistan,1979,13.605
tkm,Turkmenistan,1980,13.787
tkm,Turkmenistan,1981,13.21
tkm,Turkmenistan,1982,13.144
tkm,Turkmenistan,1983,13.021
tkm,Turkmenistan,1984,12.83
tkm,Turkmenistan,1985,13.5
tkm,Turkmenistan,1986,13.201
tkm,Turkmenistan,1987,12.832
tkm,Turkmenistan,1988,12.85
tkm,Turkmenistan,1989,12.242
tkm,Turkmenistan,1990,11.146
tkm,Turkmenistan,1991,9.387
tkm,Turkmenistan,1992,8.211
tkm,Turkmenistan,1993,6.866
tkm,Turkmenistan,1994,8.133
tkm,Turkmenistan,1995,8.071
tkm,Turkmenistan,1996,7.144
tkm,Turkmenistan,1997,7.022
tkm,Turkmenistan,1998,7.262
tkm,Turkmenistan,1999,8.427
tkm,Turkmenistan,2000,8.303
tkm,Turkmenistan,2001,8.333
tkm,Turkmenistan,2002,8.66
tkm,Turkmenistan,2003,9.57
tkm,Turkmenistan,2004,9.883
tkm,Turkmenistan,2005,10.152
tkm,Turkmenistan,2006,10.273
tkm,Turkmenistan,2007,11.485
tkm,Turkmenistan,2008,11.49
tkm,Turkmenistan,2009,10.026
tkm,Turkmenistan,2010,11.235
tkm,Turkmenistan,2011,12.028
tkm,Turkmenistan,2012,12.26
tkm,Turkmenistan,2013,12.379
tkm,Turkmenistan,2014,12.456
tkm,Turkmenistan,2015,12.63
tkm,Turkmenistan,2016,12.401
tkm,Turkmenistan,2017,12.713
tkm,Turkmenistan,2018,13.666
tkm,Turkmenistan,2019,13.497
tkm,Turkmenistan,2020,12.876
tkm,Turkmenistan,2021,15.23
tkm,Turkmenistan,2022,15.535
tls,Timor-Leste,1900,0.013
tls,Timor-Leste,1901,0.014
tls,Timor-Leste,1902,0.014
tls,Timor-Leste,1903,0.014
tls,Timor-Leste,1904,0.014
tls,Timor-Leste,1905,0.014
tls,Timor-Leste,1906,0.015
tls,Timor-Leste,1907,0.015
tls,Timor-Leste,1908,0.015
tls,Timor-Leste,1909,0.015
tls,Timor-Leste,1910,0.015
tls,Timor-Leste,1911,0.016
tls,Timor-Leste,1912,0.016
tls,Timor-Leste,1913,0.016
tls,Timor-Leste,1914,0.017
tls,Timor-Leste,1915,0.017
tls,Timor-Leste,1916,0.017
tls,Timor-Leste,1917,0.017
tls,Timor-Leste,1918,0.018
tls,Timor-Leste,1919,0.018
tls,Timor-Leste,1920,0.019
tls,Timor-Leste,1921,0.019
tls,Timor-Leste,1922,0.019
tls,Timor-Leste,1923,0.019
tls,Timor-Leste,1924,0.019
tls,Timor-Leste,1925,0.02
tls,Timor-Leste,1926,0.02
tls,Timor-Leste,1927,0.02
tls,Timor-Leste,1928,0.02
tls,Timor-Leste,1929,0.02
tls,Timor-Leste,1930,0.021
tls,Timor-Leste,1931,0.021
tls,Timor-Leste,1932,0.021
tls,Timor-Leste,1933,0.021
tls,Timor-Leste,1934,0.021
tls,Timor-Leste,1935,0.022
tls,Timor-Leste,1936,0.022
tls,Timor-Leste,1937,0.022
tls,Timor-Leste,1938,0.022
tls,Timor-Leste,1939,0.023
tls,Timor-Leste,1940,0.023
tls,Timor-Leste,1941,0.024
tls,Timor-Leste,1942,0.024
tls,Timor-Leste,1943,0.025
tls,Timor-Leste,1944,0.025
tls,Timor-Leste,1945,0.025
tls,Timor-Leste,1946,0.023
tls,Timor-Leste,1947,0.023
tls,Timor-Leste,1948,0.024
tls,Timor-Leste,1949,0.025
tls,Timor-Leste,1950,0.025
tls,Timor-Leste,1951,0.026
tls,Timor-Leste,1952,0.028
tls,Timor-Leste,1953,0.029
tls,Timor-Leste,1954,0.03
tls,Timor-Leste,1955,0.031
tls,Timor-Leste,1956,0.032
tls,Timor-Leste,1957,0.034
tls,Timor-Leste,1958,0.035
tls,Timor-Leste,1959,0.036
tls,Timor-Leste,1960,0.037
tls,Timor-Leste,1961,0.039
tls,Timor-Leste,1962,0.041
tls,Timor-Leste,1963,0.042
tls,Timor-Leste,1964,0.044
tls,Timor-Leste,1965,0.046
tls,Timor-Leste,1966,0.048
tls,Timor-Leste,1967,0.05
tls,Timor-Leste,1968,0.051
tls,Timor-Leste,1969,0.054
tls,Timor-Leste,1970,0.059
tls,Timor-Leste,1971,0.064
tls,Timor-Leste,1972,0.068
tls,Timor-Leste,1973,0.07
tls,Timor-Leste,1974,0.074
tls,Timor-Leste,1975,0.075
tls,Timor-Leste,1976,0.077
tls,Timor-Leste,1977,0.08
tls,Timor-Leste,1978,0.083
tls,Timor-Leste,1979,0.086
tls,Timor-Leste,1980,0.09
tls,Timor-Leste,1981,0.09
tls,Timor-Leste,1982,0.09
tls,Timor-Leste,1983,0.091
tls,Timor-Leste,1984,0.094
tls,Timor-Leste,1985,0.099
tls,Timor-Leste,1986,0.103
tls,Timor-Leste,1987,0.106
tls,Timor-Leste,1988,0.112
tls,Timor-Leste,1989,0.118
tls,Timor-Leste,1990,0.123
tls,Timor-Leste,1991,0.126
tls,Timor-Leste,1992,0.131
tls,Timor-Leste,1993,0.136
tls,Timor-Leste,1994,0.142
tls,Timor-Leste,1995,0.148
tls,Timor-Leste,1996,0.153
tls,Timor-Leste,1997,0.159
tls,Timor-Leste,1998,0.162
tls,Timor-Leste,1999,0.162
tls,Timor-Leste,2000,0.166
tls,Timor-Leste,2001,0.171
tls,Timor-Leste,2002,0.175
tls,Timor-Leste,2003,0.17
tls,Timor-Leste,2004,0.181
tls,Timor-Leste,2005,0.177
tls,Timor-Leste,2006,0.177
tls,Timor-Leste,2007,0.177
tls,Timor-Leste,2008,0.191
tls,Timor-Leste,2009,0.212
tls,Timor-Leste,2010,0.215
tls,Timor-Leste,2011,0.221
tls,Timor-Leste,2012,0.259
tls,Timor-Leste,2013,0.385
tls,Timor-Leste,2014,0.437
tls,Timor-Leste,2015,0.42
tls,Timor-Leste,2016,0.406
tls,Timor-Leste,2017,0.409
tls,Timor-Leste,2018,0.412
tls,Timor-Leste,2019,0.422
tls,Timor-Leste,2020,0.422
tls,Timor-Leste,2021,0.452
tls,Timor-Leste,2022,0.461
ton,Tonga,1900,0.081
ton,Tonga,1901,0.078
ton,Tonga,1902,0.082
ton,Tonga,1903,0.083
ton,Tonga,1904,0.082
ton,Tonga,1905,0.084
ton,Tonga,1906,0.086
ton,Tonga,1907,0.092
ton,Tonga,1908,0.095
ton,Tonga,1909,0.098
ton,Tonga,1910,0.096
ton,Tonga,1911,0.105
ton,Tonga,1912,0.106
ton,Tonga,1913,0.108
ton,Tonga,1914,0.108
ton,Tonga,1915,0.113
ton,Tonga,1916,0.106
ton,Tonga,1917,0.099
ton,Tonga,1918,0.099
ton,Tonga,1919,0.101
ton,Tonga,1920,0.098
ton,Tonga,1921,0.103
ton,Tonga,1922,0.097
ton,Tonga,1923,0.1
ton,Tonga,1924,0.101
ton,Tonga,1925,0.105
ton,Tonga,1926,0.108
ton,Tonga,1927,0.108
ton,Tonga,1928,0.11
ton,Tonga,1929,0.106
ton,Tonga,1930,0.103
ton,Tonga,1931,0.099
ton,Tonga,1932,0.093
ton,Tonga,1933,0.093
ton,Tonga,1934,0.094
ton,Tonga,1935,0.099
ton,Tonga,1936,0.105
ton,Tonga,1937,0.109
ton,Tonga,1938,0.117
ton,Tonga,1939,0.118
ton,Tonga,1940,0.126
ton,Tonga,1941,0.123
ton,Tonga,1942,0.135
ton,Tonga,1943,0.14
ton,Tonga,1944,0.139
ton,Tonga,1945,0.139
ton,Tonga,1946,0.138
ton,Tonga,1947,0.145
ton,Tonga,1948,0.151
ton,Tonga,1949,0.154
ton,Tonga,1950,0.155
ton,Tonga,1951,0.149
ton,Tonga,1952,0.143
ton,Tonga,1953,0.139
ton,Tonga,1954,0.135
ton,Tonga,1955,0.133
ton,Tonga,1956,0.13
ton,Tonga,1957,0.128
ton,Tonga,1958,0.125
ton,Tonga,1959,0.123
ton,Tonga,1960,0.179
ton,Tonga,1961,0.173
ton,Tonga,1962,0.166
ton,Tonga,1963,0.159
ton,Tonga,1964,0.153
ton,Tonga,1965,0.148
ton,Tonga,1966,0.143
ton,Tonga,1967,0.186
ton,Tonga,1968,0.181
ton,Tonga,1969,0.133
ton,Tonga,1970,0.304
ton,Tonga,1971,0.214
ton,Tonga,1972,0.255
ton,Tonga,1973,0.295
ton,Tonga,1974,0.251
ton,Tonga,1975,0.374
ton,Tonga,1976,0.329
ton,Tonga,1977,0.325
ton,Tonga,1978,0.401
ton,Tonga,1979,0.437
ton,Tonga,1980,0.434
ton,Tonga,1981,0.51
ton,Tonga,1982,0.47
ton,Tonga,1983,0.509
ton,Tonga,1984,0.508
ton,Tonga,1985,0.508
ton,Tonga,1986,0.507
ton,Tonga,1987,0.583
ton,Tonga,1988,0.737
ton,Tonga,1989,0.735
ton,Tonga,1990,0.81
ton,Tonga,1991,1.001
ton,Tonga,1992,0.73
ton,Tonga,1993,0.883
ton,Tonga,1994,0.958
ton,Tonga,1995,0.993
ton,Tonga,1996,0.8
ton,Tonga,1997,1.025
ton,Tonga,1998,0.907
ton,Tonga,1999,1.129
ton,Tonga,2000,0.973
ton,Tonga,2001,0.894
ton,Tonga,2002,1.037
ton,Tonga,2003,1.178
ton,Tonga,2004,1.098
ton,Tonga,2005,1.127
ton,Tonga,2006,1.262
ton,Tonga,2007,1.108
ton,Tonga,2008,1.171
ton,Tonga,2009,1.271
ton,Tonga,2010,1.129
ton,Tonga,2011,0.991
ton,Tonga,2012,1.035
ton,Tonga,2013,1.117
ton,Tonga,2014,1.125
ton,Tonga,2015,1.201
ton,Tonga,2016,1.269
ton,Tonga,2017,1.292
ton,Tonga,2018,1.312
ton,Tonga,2019,1.364
ton,Tonga,2020,1.3
ton,Tonga,2021,1.391
ton,Tonga,2022,1.419
tto,Trinidad and Tobago,1900,0.052
tto,Trinidad and Tobago,1901,0.053
tto,Trinidad and Tobago,1902,0.055
tto,Trinidad and Tobago,1903,0.057
tto,Trinidad and Tobago,1904,0.06
tto,Trinidad and Tobago,1905,0.064
tto,Trinidad and Tobago,1906,0.067
tto,Trinidad and Tobago,1907,0.071
tto,Trinidad and Tobago,1908,0.075
tto,Trinidad and Tobago,1909,0.078
tto,Trinidad and Tobago,1910,0.196
tto,Trinidad and Tobago,1911,0.364
tto,Trinidad and Tobago,1912,0.568
tto,Trinidad and Tobago,1913,0.631
tto,Trinidad and Tobago,1914,0.804
tto,Trinidad and Tobago,1915,0.912
tto,Trinidad and Tobago,1916,1.113
tto,Trinidad and Tobago,1917,1.396
tto,Trinidad and Tobago,1918,2.003
tto,Trinidad and Tobago,1919,1.665
tto,Trinidad and Tobago,1920,2.205
tto,Trinidad and Tobago,1921,2.517
tto,Trinidad and Tobago,1922,2.455
tto,Trinidad and Tobago,1923,3.011
tto,Trinidad and Tobago,1924,4.108
tto,Trinidad and Tobago,1925,4.807
tto,Trinidad and Tobago,1926,4.823
tto,Trinidad and Tobago,1927,5.145
tto,Trinidad and Tobago,1928,7.888
tto,Trinidad and Tobago,1929,8.717
tto,Trinidad and Tobago,1930,8.762
tto,Trinidad and Tobago,1931,7.305
tto,Trinidad and Tobago,1932,7.626
tto,Trinidad and Tobago,1933,9.379
tto,Trinidad and Tobago,1934,10.842
tto,Trinidad and Tobago,1935,11.364
tto,Trinidad and Tobago,1936,12.615
tto,Trinidad and Tobago,1937,15.668
tto,Trinidad and Tobago,1938,17.74
tto,Trinidad and Tobago,1939,19.737
tto,Trinidad and Tobago,1940,21.944
tto,Trinidad and Tobago,1941,19.764
tto,Trinidad and Tobago,1942,20.746
tto,Trinidad and Tobago,1943,19.425
tto,Trinidad and Tobago,1944,19.797
tto,Trinidad and Tobago,1945,19.689
tto,Trinidad and Tobago,1946,18.993
tto,Trinidad and Tobago,1947,20.262
tto,Trinidad and Tobago,1948,20.741
tto,Trinidad and Tobago,1949,21.931
tto,Trinidad and Tobago,1950,3.646
tto,Trinidad and Tobago,1951,3.819
tto,Trinidad and Tobago,1952,4.141
tto,Trinidad and Tobago,1953,4.225
tto,Trinidad and Tobago,1954,3.959
tto,Trinidad and Tobago,1955,3.683
tto,Trinidad and Tobago,1956,3.778
tto,Trinidad and Tobago,1957,3.266
tto,Trinidad and Tobago,1958,4.306
tto,Trinidad and Tobago,1959,3.732
tto,Trinidad and Tobago,1960,3.043
tto,Trinidad and Tobago,1961,5.321
tto,Trinidad and Tobago,1962,8.229
tto,Trinidad and Tobago,1963,1.466
tto,Trinidad and Tobago,1964,4.2
tto,Trinidad and Tobago,1965,5.686
tto,Trinidad and Tobago,1966,4.392
tto,Trinidad and Tobago,1967,4.972
tto,Trinidad and Tobago,1968,4.278
tto,Trinidad and Tobago,1969,4.066
tto,Trinidad and Tobago,1970,9.157
tto,Trinidad and Tobago,1971,7.996
tto,Trinidad and Tobago,1972,7.822
tto,Trinidad and Tobago,1973,8.509
tto,Trinidad and Tobago,1974,8.628
tto,Trinidad and Tobago,1975,7.798
tto,Trinidad and Tobago,1976,12.166
tto,Trinidad and Tobago,1977,11.669
tto,Trinidad and Tobago,1978,10.502
tto,Trinidad and Tobago,1979,10.987
tto,Trinidad and Tobago,1980,10.801
tto,Trinidad and Tobago,1981,10.835
tto,Trinidad and Tobago,1982,10.869
tto,Trinidad and Tobago,1983,11.415
tto,Trinidad and Tobago,1984,9.934
tto,Trinidad and Tobago,1985,10.527
tto,Trinidad and Tobago,1986,12.301
tto,Trinidad and Tobago,1987,10.187
tto,Trinidad and Tobago,1988,10.17
tto,Trinidad and Tobago,1989,9.134
tto,Trinidad and Tobago,1990,9.224
tto,Trinidad and Tobago,1991,9.676
tto,Trinidad and Tobago,1992,10.818
tto,Trinidad and Tobago,1993,9.876
tto,Trinidad and Tobago,1994,9.353
tto,Trinidad and Tobago,1995,8.492
tto,Trinidad and Tobago,1996,10.875
tto,Trinidad and Tobago,1997,11.205
tto,Trinidad and Tobago,1998,11.402
tto,Trinidad and Tobago,1999,10.398
tto,Trinidad and Tobago,2000,7.576
tto,Trinidad and Tobago,2001,9.027
tto,Trinidad and Tobago,2002,10.999
tto,Trinidad and Tobago,2003,12.313
tto,Trinidad and Tobago,2004,12.0
tto,Trinidad and Tobago,2005,10.942
tto,Trinidad and Tobago,2006,9.618
tto,Trinidad and Tobago,2007,13.896
tto,Trinidad and Tobago,2008,13.318
tto,Trinidad and Tobago,2009,17.657
tto,Trinidad and Tobago,2010,17.53
tto,Trinidad and Tobago,2011,13.118
tto,Trinidad and Tobago,2012,10.42
tto,Trinidad and Tobago,2013,10.289
tto,Trinidad and Tobago,2014,13.2
tto,Trinidad and Tobago,2015,15.598
tto,Trinidad and Tobago,2016,18.873
tto,Trinidad and Tobago,2017,16.307
tto,Trinidad and Tobago,2018,15.186
tto,Trinidad and Tobago,2019,17.007
tto,Trinidad and Tobago,2020,17.158
tto,Trinidad and Tobago,2021,17.373
tto,Trinidad and Tobago,2022,17.72
tun,Tunisia,1900,0.004
tun,Tunisia,1901,0.004
tun,Tunisia,1902,0.004
tun,Tunisia,1903,0.004
tun,Tunisia,1904,0.004
tun,Tunisia,1905,0.004
tun,Tunisia,1906,0.004
tun,Tunisia,1907,0.004
tun,Tunisia,1908,0.005
tun,Tunisia,1909,0.005
tun,Tunisia,1910,0.005
tun,Tunisia,1911,0.005
tun,Tunisia,1912,0.005
tun,Tunisia,1913,0.005
tun,Tunisia,1914,0.005
tun,Tunisia,1915,0.005
tun,Tunisia,1916,0.005
tun,Tunisia,1917,0.013
tun,Tunisia,1918,0.018
tun,Tunisia,1919,0.012
tun,Tunisia,1920,0.013
tun,Tunisia,1921,0.009
tun,Tunisia,1922,0.006
tun,Tunisia,1923,0.006
tun,Tunisia,1924,0.006
tun,Tunisia,1925,0.006
tun,Tunisia,1926,0.006
tun,Tunisia,1927,0.007
tun,Tunisia,1928,0.006
tun,Tunisia,1929,0.007
tun,Tunisia,1930,0.007
tun,Tunisia,1931,0.007
tun,Tunisia,1932,0.007
tun,Tunisia,1933,0.007
tun,Tunisia,1934,0.007
tun,Tunisia,1935,0.006
tun,Tunisia,1936,0.009
tun,Tunisia,1937,0.01
tun,Tunisia,1938,0.011
tun,Tunisia,1939,0.011
tun,Tunisia,1940,0.019
tun,Tunisia,1941,0.043
tun,Tunisia,1942,0.051
tun,Tunisia,1943,0.016
tun,Tunisia,1944,0.028
tun,Tunisia,1945,0.029
tun,Tunisia,1946,0.039
tun,Tunisia,1947,0.037
tun,Tunisia,1948,0.042
tun,Tunisia,1949,0.036
tun,Tunisia,1950,0.339
tun,Tunisia,1951,0.373
tun,Tunisia,1952,0.383
tun,Tunisia,1953,0.359
tun,Tunisia,1954,0.362
tun,Tunisia,1955,0.405
tun,Tunisia,1956,0.392
tun,Tunisia,1957,0.391
tun,Tunisia,1958,0.355
tun,Tunisia,1959,0.385
tun,Tunisia,1960,0.413
tun,Tunisia,1961,0.417
tun,Tunisia,1962,0.417
tun,Tunisia,1963,0.444
tun,Tunisia,1964,0.618
tun,Tunisia,1965,0.542
tun,Tunisia,1966,0.623
tun,Tunisia,1967,0.653
tun,Tunisia,1968,0.747
tun,Tunisia,1969,0.787
tun,Tunisia,1970,0.752
tun,Tunisia,1971,0.835
tun,Tunisia,1972,0.928
tun,Tunisia,1973,0.937
tun,Tunisia,1974,1.04
tun,Tunisia,1975,1.061
tun,Tunisia,1976,1.11
tun,Tunisia,1977,1.271
tun,Tunisia,1978,1.391
tun,Tunisia,1979,1.601
tun,Tunisia,1980,1.694
tun,Tunisia,1981,1.707
tun,Tunisia,1982,1.719
tun,Tunisia,1983,1.619
tun,Tunisia,1984,1.864
tun,Tunisia,1985,1.851
tun,Tunisia,1986,1.862
tun,Tunisia,1987,1.834
tun,Tunisia,1988,1.741
tun,Tunisia,1989,1.805
tun,Tunisia,1990,1.874
tun,Tunisia,1991,1.95
tun,Tunisia,1992,2.423
tun,Tunisia,1993,2.199
tun,Tunisia,1994,1.921
tun,Tunisia,1995,1.903
tun,Tunisia,1996,1.843
tun,Tunisia,1997,1.8
tun,Tunisia,1998,1.808
tun,Tunisia,1999,1.91
tun,Tunisia,2000,1.428
tun,Tunisia,2001,1.432
tun,Tunisia,2002,1.464
tun,Tunisia,2003,1.493
tun,Tunisia,2004,1.484
tun,Tunisia,2005,1.459
tun,Tunisia,2006,1.497
tun,Tunisia,2007,1.487
tun,Tunisia,2008,1.488
tun,Tunisia,2009,1.673
tun,Tunisia,2010,1.805
tun,Tunisia,2011,1.654
tun,Tunisia,2012,1.721
tun,Tunisia,2013,1.748
tun,Tunisia,2014,1.845
tun,Tunisia,2015,1.952
tun,Tunisia,2016,1.9
tun,Tunisia,2017,1.865
tun,Tunisia,2018,2.338
tun,Tunisia,2019,2.262
tun,Tunisia,2020,2.072
tun,Tunisia,2021,2.217
tun,Tunisia,2022,2.261
tur,Turkey,1900,0.073
tur,Turkey,1901,0.067
tur,Turkey,1902,0.073
tur,Turkey,1903,0.084
tur,Turkey,1904,0.094
tur,Turkey,1905,0.105
tur,Turkey,1906,0.107
tur,Turkey,1907,0.127
tur,Turkey,1908,0.116
tur,Turkey,1909,0.131
tur,Turkey,1910,0.126
tur,Turkey,1911,0.149
tur,Turkey,1912,0.135
tur,Turkey,1913,0.138
tur,Turkey,1914,0.114
tur,Turkey,1915,0.072
tur,Turkey,1916,0.036
tur,Turkey,1917,0.027
tur,Turkey,1918,0.032
tur,Turkey,1919,0.067
tur,Turkey,1920,0.1
tur,Turkey,1921,0.06
tur,Turkey,1922,0.071
tur,Turkey,1923,0.103
tur,Turkey,1924,0.171
tur,Turkey,1925,0.164
tur,Turkey,1926,0.206
tur,Turkey,1927,0.223
tur,Turkey,1928,0.211
tur,Turkey,1929,0.238
tur,Turkey,1930,0.263
tur,Turkey,1931,0.257
tur,Turkey,1932,0.257
tur,Turkey,1933,0.295
tur,Turkey,1934,0.36
tur,Turkey,1935,0.362
tur,Turkey,1936,0.351
tur,Turkey,1937,0.25
tur,Turkey,1938,0.268
tur,Turkey,1939,0.279
tur,Turkey,1940,0.305
tur,Turkey,1941,0.309
tur,Turkey,1942,0.267
tur,Turkey,1943,0.325
tur,Turkey,1944,0.366
tur,Turkey,1945,0.364
tur,Turkey,1946,0.354
tur,Turkey,1947,0.371
tur,Turkey,1948,0.375
tur,Turkey,1949,0.381
tur,Turkey,1950,0.444
tur,Turkey,1951,0.464
tur,Turkey,1952,0.466
tur,Turkey,1953,0.562
tur,Turkey,1954,0.568
tur,Turkey,1955,0.562
tur,Turkey,1956,0.578
tur,Turkey,1957,0.627
tur,Turkey,1958,0.614
tur,Turkey,1959,0.642
tur,Turkey,1960,0.612
tur,Turkey,1961,0.617
tur,Turkey,1962,0.75
tur,Turkey,1963,0.768
tur,Turkey,1964,0.872
tur,Turkey,1965,0.887
tur,Turkey,1966,1.001
tur,Turkey,1967,1.045
tur,Turkey,1968,1.116
tur,Turkey,1969,1.181
tur,Turkey,1970,1.294
tur,Turkey,1971,1.452
tur,Turkey,1972,1.654
tur,Turkey,1973,1.856
tur,Turkey,1974,1.945
tur,Turkey,1975,2.133
tur,Turkey,1976,2.44
tur,Turkey,1977,2.739
tur,Turkey,1978,2.612
tur,Turkey,1979,2.552
tur,Turkey,1980,2.528
tur,Turkey,1981,2.601
tur,Turkey,1982,2.677
tur,Turkey,1983,2.849
tur,Turkey,1984,2.902
tur,Turkey,1985,3.0
tur,Turkey,1986,3.271
tur,Turkey,1987,3.508
tur,Turkey,1988,3.823
tur,Turkey,1989,3.644
tur,Turkey,1990,3.948
tur,Turkey,1991,3.847
tur,Turkey,1992,4.414
tur,Turkey,1993,4.019
tur,Turkey,1994,3.587
tur,Turkey,1995,3.755
tur,Turkey,1996,3.468
tur,Turkey,1997,3.64
tur,Turkey,1998,3.621
tur,Turkey,1999,3.595
tur,Turkey,2000,3.912
tur,Turkey,2001,3.088
tur,Turkey,2002,3.347
tur,Turkey,2003,3.648
tur,Turkey,2004,4.068
tur,Turkey,2005,4.384
tur,Turkey,2006,4.675
tur,Turkey,2007,5.128
tur,Turkey,2008,4.884
tur,Turkey,2009,4.469
tur,Turkey,2010,4.784
tur,Turkey,2011,5.175
tur,Turkey,2012,5.26
tur,Turkey,2013,5.027
tur,Turkey,2014,5.088
tur,Turkey,2015,5.153
tur,Turkey,2016,5.147
tur,Turkey,2017,5.357
tur,Turkey,2018,5.128
tur,Turkey,2019,4.712
tur,Turkey,2020,4.753
tur,Turkey,2021,4.996
tur,Turkey,2022,4.946
tuv,Tuvalu,1900,0.101
tuv,Tuvalu,1901,0.099
tuv,Tuvalu,1902,0.103
tuv,Tuvalu,1903,0.104
tuv,Tuvalu,1904,0.103
tuv,Tuvalu,1905,0.106
tuv,Tuvalu,1906,0.108
tuv,Tuvalu,1907,0.115
tuv,Tuvalu,1908,0.119
tuv,Tuvalu,1909,0.124
tuv,Tuvalu,1910,0.121
tuv,Tuvalu,1911,0.132
tuv,Tuvalu,1912,0.134
tuv,Tuvalu,1913,0.136
tuv,Tuvalu,1914,0.136
tuv,Tuvalu,1915,0.142
tuv,Tuvalu,1916,0.133
tuv,Tuvalu,1917,0.125
tuv,Tuvalu,1918,0.125
tuv,Tuvalu,1919,0.127
tuv,Tuvalu,1920,0.123
tuv,Tuvalu,1921,0.129
tuv,Tuvalu,1922,0.122
tuv,Tuvalu,1923,0.126
tuv,Tuvalu,1924,0.127
tuv,Tuvalu,1925,0.132
tuv,Tuvalu,1926,0.135
tuv,Tuvalu,1927,0.136
tuv,Tuvalu,1928,0.138
tuv,Tuvalu,1929,0.133
tuv,Tuvalu,1930,0.13
tuv,Tuvalu,1931,0.125
tuv,Tuvalu,1932,0.117
tuv,Tuvalu,1933,0.116
tuv,Tuvalu,1934,0.119
tuv,Tuvalu,1935,0.124
tuv,Tuvalu,1936,0.131
tuv,Tuvalu,1937,0.137
tuv,Tuvalu,1938,0.147
tuv,Tuvalu,1939,0.148
tuv,Tuvalu,1940,0.159
tuv,Tuvalu,1941,0.155
tuv,Tuvalu,1942,0.169
tuv,Tuvalu,1943,0.176
tuv,Tuvalu,1944,0.175
tuv,Tuvalu,1945,0.175
tuv,Tuvalu,1946,0.174
tuv,Tuvalu,1947,0.182
tuv,Tuvalu,1948,0.19
tuv,Tuvalu,1949,0.194
tuv,Tuvalu,1950,0.195
tuv,Tuvalu,1951,0.208
tuv,Tuvalu,1952,0.215
tuv,Tuvalu,1953,0.227
tuv,Tuvalu,1954,0.223
tuv,Tuvalu,1955,0.244
tuv,Tuvalu,1956,0.258
tuv,Tuvalu,1957,0.266
tuv,Tuvalu,1958,0.272
tuv,Tuvalu,1959,0.281
tuv,Tuvalu,1960,0.291
tuv,Tuvalu,1961,0.31
tuv,Tuvalu,1962,0.322
tuv,Tuvalu,1963,0.318
tuv,Tuvalu,1964,0.347
tuv,Tuvalu,1965,0.369
tuv,Tuvalu,1966,0.382
tuv,Tuvalu,1967,0.399
tuv,Tuvalu,1968,0.417
tuv,Tuvalu,1969,0.435
tuv,Tuvalu,1970,0.451
tuv,Tuvalu,1971,0.488
tuv,Tuvalu,1972,0.504
tuv,Tuvalu,1973,0.527
tuv,Tuvalu,1974,0.559
tuv,Tuvalu,1975,0.586
tuv,Tuvalu,1976,0.592
tuv,Tuvalu,1977,0.617
tuv,Tuvalu,1978,0.647
tuv,Tuvalu,1979,0.658
tuv,Tuvalu,1980,0.677
tuv,Tuvalu,1981,0.68
tuv,Tuvalu,1982,0.689
tuv,Tuvalu,1983,0.69
tuv,Tuvalu,1984,0.671
tuv,Tuvalu,1985,0.697
tuv,Tuvalu,1986,0.716
tuv,Tuvalu,1987,0.736
tuv,Tuvalu,1988,0.753
tuv,Tuvalu,1989,0.786
tuv,Tuvalu,1990,0.823
tuv,Tuvalu,1991,0.814
tuv,Tuvalu,1992,0.805
tuv,Tuvalu,1993,0.798
tuv,Tuvalu,1994,0.792
tuv,Tuvalu,1995,0.789
tuv,Tuvalu,1996,0.787
tuv,Tuvalu,1997,0.786
tuv,Tuvalu,1998,0.786
tuv,Tuvalu,1999,0.785
tuv,Tuvalu,2000,0.781
tuv,Tuvalu,2001,0.774
tuv,Tuvalu,2002,1.147
tuv,Tuvalu,2003,1.131
tuv,Tuvalu,2004,1.114
tuv,Tuvalu,2005,1.1
tuv,Tuvalu,2006,0.725
tuv,Tuvalu,2007,1.077
tuv,Tuvalu,2008,1.067
tuv,Tuvalu,2009,1.056
tuv,Tuvalu,2010,0.697
tuv,Tuvalu,2011,0.69
tuv,Tuvalu,2012,1.024
tuv,Tuvalu,2013,1.014
tuv,Tuvalu,2014,1.003
tuv,Tuvalu,2015,0.991
tuv,Tuvalu,2016,0.979
tuv,Tuvalu,2017,0.994
tuv,Tuvalu,2018,1.009
tuv,Tuvalu,2019,1.049
tuv,Tuvalu,2020,1.0
tuv,Tuvalu,2021,1.07
tuv,Tuvalu,2022,1.091
tza,Tanzania,1900,0.024
tza,Tanzania,1901,0.023
tza,Tanzania,1902,0.024
tza,Tanzania,1903,0.025
tza,Tanzania,1904,0.025
tza,Tanzania,1905,0.026
tza,Tanzania,1906,0.026
tza,Tanzania,1907,0.026
tza,Tanzania,1908,0.027
tza,Tanzania,1909,0.027
tza,Tanzania,1910,0.028
tza,Tanzania,1911,0.028
tza,Tanzania,1912,0.03
tza,Tanzania,1913,0.029
tza,Tanzania,1914,0.029
tza,Tanzania,1915,0.029
tza,Tanzania,1916,0.029
tza,Tanzania,1917,0.03
tza,Tanzania,1918,0.031
tza,Tanzania,1919,0.033
tza,Tanzania,1920,0.033
tza,Tanzania,1921,0.034
tza,Tanzania,1922,0.035
tza,Tanzania,1923,0.035
tza,Tanzania,1924,0.036
tza,Tanzania,1925,0.037
tza,Tanzania,1926,0.039
tza,Tanzania,1927,0.04
tza,Tanzania,1928,0.039
tza,Tanzania,1929,0.04
tza,Tanzania,1930,0.041
tza,Tanzania,1931,0.043
tza,Tanzania,1932,0.04
tza,Tanzania,1933,0.04
tza,Tanzania,1934,0.042
tza,Tanzania,1935,0.043
tza,Tanzania,1936,0.045
tza,Tanzania,1937,0.046
tza,Tanzania,1938,0.049
tza,Tanzania,1939,0.05
tza,Tanzania,1940,0.05
tza,Tanzania,1941,0.052
tza,Tanzania,1942,0.053
tza,Tanzania,1943,0.055
tza,Tanzania,1944,0.056
tza,Tanzania,1945,0.058
tza,Tanzania,1946,0.06
tza,Tanzania,1947,0.059
tza,Tanzania,1948,0.061
tza,Tanzania,1949,0.064
tza,Tanzania,1950,0.065
tza,Tanzania,1951,0.057
tza,Tanzania,1952,0.067
tza,Tanzania,1953,0.064
tza,Tanzania,1954,0.063
tza,Tanzania,1955,0.064
tza,Tanzania,1956,0.074
tza,Tanzania,1957,0.083
tza,Tanzania,1958,0.085
tza,Tanzania,1959,0.071
tza,Tanzania,1960,0.082
tza,Tanzania,1961,0.068
tza,Tanzania,1962,0.072
tza,Tanzania,1963,0.073
tza,Tanzania,1964,0.092
tza,Tanzania,1965,0.1
tza,Tanzania,1966,0.115
tza,Tanzania,1967,0.144
tza,Tanzania,1968,0.133
tza,Tanzania,1969,0.141
tza,Tanzania,1970,0.137
tza,Tanzania,1971,0.19
tza,Tanzania,1972,0.167
tza,Tanzania,1973,0.247
tza,Tanzania,1974,0.18
tza,Tanzania,1975,0.18
tza,Tanzania,1976,0.221
tza,Tanzania,1977,0.16
tza,Tanzania,1978,0.175
tza,Tanzania,1979,0.162
tza,Tanzania,1980,0.144
tza,Tanzania,1981,0.157
tza,Tanzania,1982,0.172
tza,Tanzania,1983,0.17
tza,Tanzania,1984,0.168
tza,Tanzania,1985,0.174
tza,Tanzania,1986,0.168
tza,Tanzania,1987,0.159
tza,Tanzania,1988,0.161
tza,Tanzania,1989,0.149
tza,Tanzania,1990,0.138
tza,Tanzania,1991,0.142
tza,Tanzania,1992,0.136
tza,Tanzania,1993,0.141
tza,Tanzania,1994,0.128
tza,Tanzania,1995,0.135
tza,Tanzania,1996,0.124
tza,Tanzania,1997,0.134
tza,Tanzania,1998,0.128
tza,Tanzania,1999,0.13
tza,Tanzania,2000,0.143
tza,Tanzania,2001,0.153
tza,Tanzania,2002,0.161
tza,Tanzania,2003,0.165
tza,Tanzania,2004,0.179
tza,Tanzania,2005,0.221
tza,Tanzania,2006,0.214
tza,Tanzania,2007,0.22
tza,Tanzania,2008,0.27
tza,Tanzania,2009,0.225
tza,Tanzania,2010,0.246
tza,Tanzania,2011,0.307
tza,Tanzania,2012,0.32
tza,Tanzania,2013,0.375
tza,Tanzania,2014,0.368
tza,Tanzania,2015,0.38
tza,Tanzania,2016,0.313
tza,Tanzania,2017,0.295
tza,Tanzania,2018,0.301
tza,Tanzania,2019,0.306
tza,Tanzania,2020,0.285
tza,Tanzania,2021,0.304
tza,Tanzania,2022,0.311
uga,Uganda,1900,0.007
uga,Uganda,1901,0.007
uga,Uganda,1902,0.008
uga,Uganda,1903,0.008
uga,Uganda,1904,0.008
uga,Uganda,1905,0.008
uga,Uganda,1906,0.008
uga,Uganda,1907,0.008
uga,Uganda,1908,0.009
uga,Uganda,1909,0.009
uga,Uganda,1910,0.009
uga,Uganda,1911,0.009
uga,Uganda,1912,0.009
uga,Uganda,1913,0.009
uga,Uganda,1914,0.009
uga,Uganda,1915,0.009
uga,Uganda,1916,0.009
uga,Uganda,1917,0.009
uga,Uganda,1918,0.01
uga,Uganda,1919,0.01
uga,Uganda,1920,0.011
uga,Uganda,1921,0.011
uga,Uganda,1922,0.011
uga,Uganda,1923,0.011
uga,Uganda,1924,0.011
uga,Uganda,1925,0.012
uga,Uganda,1926,0.012
uga,Uganda,1927,0.013
uga,Uganda,1928,0.012
uga,Uganda,1929,0.013
uga,Uganda,1930,0.013
uga,Uganda,1931,0.013
uga,Uganda,1932,0.013
uga,Uganda,1933,0.013
uga,Uganda,1934,0.013
uga,Uganda,1935,0.014
uga,Uganda,1936,0.014
uga,Uganda,1937,0.015
uga,Uganda,1938,0.016
uga,Uganda,1939,0.016
uga,Uganda,1940,0.016
uga,Uganda,1941,0.016
uga,Uganda,1942,0.017
uga,Uganda,1943,0.018
uga,Uganda,1944,0.018
uga,Uganda,1945,0.018
uga,Uganda,1946,0.019
uga,Uganda,1947,0.019
uga,Uganda,1948,0.019
uga,Uganda,1949,0.02
uga,Uganda,1950,0.021
uga,Uganda,1951,0.026
uga,Uganda,1952,0.026
uga,Uganda,1953,0.037
uga,Uganda,1954,0.038
uga,Uganda,1955,0.045
uga,Uganda,1956,0.044
uga,Uganda,1957,0.045
uga,Uganda,1958,0.046
uga,Uganda,1959,0.063
uga,Uganda,1960,0.062
uga,Uganda,1961,0.058
uga,Uganda,1962,0.059
uga,Uganda,1963,0.058
uga,Uganda,1964,0.064
uga,Uganda,1965,0.079
uga,Uganda,1966,0.09
uga,Uganda,1967,0.098
uga,Uganda,1968,0.117
uga,Uganda,1969,0.141
uga,Uganda,1970,0.176
uga,Uganda,1971,0.182
uga,Uganda,1972,0.183
uga,Uganda,1973,0.166
uga,Uganda,1974,0.178
uga,Uganda,1975,0.179
uga,Uganda,1976,0.165
uga,Uganda,1977,0.14
uga,Uganda,1978,0.124
uga,Uganda,1979,0.12
uga,Uganda,1980,0.111
uga,Uganda,1981,0.09
uga,Uganda,1982,0.074
uga,Uganda,1983,0.074
uga,Uganda,1984,0.081
uga,Uganda,1985,0.074
uga,Uganda,1986,0.076
uga,Uganda,1987,0.084
uga,Uganda,1988,0.088
uga,Uganda,1989,0.096
uga,Uganda,1990,0.086
uga,Uganda,1991,0.085
uga,Uganda,1992,0.085
uga,Uganda,1993,0.09
uga,Uganda,1994,0.084
uga,Uganda,1995,0.094
uga,Uganda,1996,0.081
uga,Uganda,1997,0.084
uga,Uganda,1998,0.112
uga,Uganda,1999,0.111
uga,Uganda,2000,0.113
uga,Uganda,2001,0.111
uga,Uganda,2002,0.112
uga,Uganda,2003,0.104
uga,Uganda,2004,0.109
uga,Uganda,2005,0.126
uga,Uganda,2006,0.139
uga,Uganda,2007,0.151
uga,Uganda,2008,0.154
uga,Uganda,2009,0.171
uga,Uganda,2010,0.182
uga,Uganda,2011,0.193
uga,Uganda,2012,0.172
uga,Uganda,2013,0.17
uga,Uganda,2014,0.179
uga,Uganda,2015,0.179
uga,Uganda,2016,0.178
uga,Uganda,2017,0.189
uga,Uganda,2018,0.187
uga,Uganda,2019,0.189
uga,Uganda,2020,0.167
uga,Uganda,2021,0.179
uga,Uganda,2022,0.183
ukr,Ukraine,1900,0.605
ukr,Ukraine,1901,0.616
ukr,Ukraine,1902,0.589
ukr,Ukraine,1903,0.571
ukr,Ukraine,1904,0.629
ukr,Ukraine,1905,0.557
ukr,Ukraine,1906,0.629
ukr,Ukraine,1907,0.698
ukr,Ukraine,1908,0.696
ukr,Ukraine,1909,0.728
ukr,Ukraine,1910,0.707
ukr,Ukraine,1911,0.726
ukr,Ukraine,1912,0.815
ukr,Ukraine,1913,0.877
ukr,Ukraine,1914,0.784
ukr,Ukraine,1915,0.713
ukr,Ukraine,1916,0.753
ukr,Ukraine,1917,0.687
ukr,Ukraine,1918,0.271
ukr,Ukraine,1919,0.23
ukr,Ukraine,1920,0.208
ukr,Ukraine,1921,0.223
ukr,Ukraine,1922,0.27
ukr,Ukraine,1923,0.295
ukr,Ukraine,1924,0.348
ukr,Ukraine,1925,0.341
ukr,Ukraine,1926,0.489
ukr,Ukraine,1927,0.603
ukr,Ukraine,1928,0.663
ukr,Ukraine,1929,0.708
ukr,Ukraine,1930,0.954
ukr,Ukraine,1931,1.135
ukr,Ukraine,1932,1.267
ukr,Ukraine,1933,1.403
ukr,Ukraine,1934,1.682
ukr,Ukraine,1935,1.887
ukr,Ukraine,1936,2.144
ukr,Ukraine,1937,2.172
ukr,Ukraine,1938,2.272
ukr,Ukraine,1939,2.279
ukr,Ukraine,1940,2.707
ukr,Ukraine,1941,2.357
ukr,Ukraine,1942,1.607
ukr,Ukraine,1943,2.033
ukr,Ukraine,1944,1.887
ukr,Ukraine,1945,1.979
ukr,Ukraine,1946,2.204
ukr,Ukraine,1947,2.63
ukr,Ukraine,1948,2.773
ukr,Ukraine,1949,3.12
ukr,Ukraine,1950,3.439
ukr,Ukraine,1951,3.676
ukr,Ukraine,1952,3.88
ukr,Ukraine,1953,4.047
ukr,Ukraine,1954,4.357
ukr,Ukraine,1955,4.873
ukr,Ukraine,1956,5.272
ukr,Ukraine,1957,5.695
ukr,Ukraine,1958,6.003
ukr,Ukraine,1959,6.14
ukr,Ukraine,1960,6.311
ukr,Ukraine,1961,6.425
ukr,Ukraine,1962,6.656
ukr,Ukraine,1963,7.048
ukr,Ukraine,1964,7.405
ukr,Ukraine,1965,7.764
ukr,Ukraine,1966,8.106
ukr,Ukraine,1967,8.374
ukr,Ukraine,1968,8.493
ukr,Ukraine,1969,8.7
ukr,Ukraine,1970,8.964
ukr,Ukraine,1971,9.268
ukr,Ukraine,1972,9.446
ukr,Ukraine,1973,9.481
ukr,Ukraine,1974,9.43
ukr,Ukraine,1975,9.465
ukr,Ukraine,1976,9.375
ukr,Ukraine,1977,9.265
ukr,Ukraine,1978,9.212
ukr,Ukraine,1979,9.015
ukr,Ukraine,1980,9.205
ukr,Ukraine,1981,8.988
ukr,Ukraine,1982,8.776
ukr,Ukraine,1983,8.907
ukr,Ukraine,1984,8.998
ukr,Ukraine,1985,9.045
ukr,Ukraine,1986,9.726
ukr,Ukraine,1987,9.721
ukr,Ukraine,1988,9.654
ukr,Ukraine,1989,9.889
ukr,Ukraine,1990,9.651
ukr,Ukraine,1991,8.766
ukr,Ukraine,1992,8.441
ukr,Ukraine,1993,7.148
ukr,Ukraine,1994,5.271
ukr,Ukraine,1995,4.241
ukr,Ukraine,1996,5.62
ukr,Ukraine,1997,5.461
ukr,Ukraine,1998,4.857
ukr,Ukraine,1999,4.777
ukr,Ukraine,2000,4.499
ukr,Ukraine,2001,5.255
ukr,Ukraine,2002,5.179
ukr,Ukraine,2003,4.933
ukr,Ukraine,2004,4.746
ukr,Ukraine,2005,5.298
ukr,Ukraine,2006,5.663
ukr,Ukraine,2007,6.28
ukr,Ukraine,2008,6.457
ukr,Ukraine,2009,5.43
ukr,Ukraine,2010,5.403
ukr,Ukraine,2011,5.863
ukr,Ukraine,2012,5.976
ukr,Ukraine,2013,5.997
ukr,Ukraine,2014,4.964
ukr,Ukraine,2015,4.132
ukr,Ukraine,2016,3.997
ukr,Ukraine,2017,4.043
ukr,Ukraine,2018,4.774
ukr,Ukraine,2019,4.673
ukr,Ukraine,2020,4.309
ukr,Ukraine,2021,4.391
ukr,Ukraine,2022,4.347
ury,Uruguay,1900,0.018
ury,Uruguay,1901,0.018
ury,Uruguay,1902,0.019
ury,Uruguay,1903,0.02
ury,Uruguay,1904,0.021
ury,Uruguay,1905,0.022
ury,Uruguay,1906,0.023
ury,Uruguay,1907,0.025
ury,Uruguay,1908,0.026
ury,Uruguay,1909,0.027
ury,Uruguay,1910,0.028
ury,Uruguay,1911,0.029
ury,Uruguay,1912,0.032
ury,Uruguay,1913,0.033
ury,Uruguay,1914,0.033
ury,Uruguay,1915,0.032
ury,Uruguay,1916,0.031
ury,Uruguay,1917,0.031
ury,Uruguay,1918,0.031
ury,Uruguay,1919,0.032
ury,Uruguay,1920,0.032
ury,Uruguay,1921,0.033
ury,Uruguay,1922,0.033
ury,Uruguay,1923,0.033
ury,Uruguay,1924,0.034
ury,Uruguay,1925,0.035
ury,Uruguay,1926,0.038
ury,Uruguay,1927,0.04
ury,Uruguay,1928,0.041
ury,Uruguay,1929,0.043
ury,Uruguay,1930,0.044
ury,Uruguay,1931,0.044
ury,Uruguay,1932,0.043
ury,Uruguay,1933,0.036
ury,Uruguay,1934,0.028
ury,Uruguay,1935,0.027
ury,Uruguay,1936,0.029
ury,Uruguay,1937,0.038
ury,Uruguay,1938,0.04
ury,Uruguay,1939,0.045
ury,Uruguay,1940,0.042
ury,Uruguay,1941,0.044
ury,Uruguay,1942,0.036
ury,Uruguay,1943,0.032
ury,Uruguay,1944,0.046
ury,Uruguay,1945,0.052
ury,Uruguay,1946,0.067
ury,Uruguay,1947,0.068
ury,Uruguay,1948,0.067
ury,Uruguay,1949,0.066
ury,Uruguay,1950,1.098
ury,Uruguay,1951,1.161
ury,Uruguay,1952,1.381
ury,Uruguay,1953,1.517
ury,Uruguay,1954,1.597
ury,Uruguay,1955,1.654
ury,Uruguay,1956,1.675
ury,Uruguay,1957,1.82
ury,Uruguay,1958,1.612
ury,Uruguay,1959,1.753
ury,Uruguay,1960,1.701
ury,Uruguay,1961,1.602
ury,Uruguay,1962,1.54
ury,Uruguay,1963,1.639
ury,Uruguay,1964,1.71
ury,Uruguay,1965,2.05
ury,Uruguay,1966,1.987
ury,Uruguay,1967,1.78
ury,Uruguay,1968,1.767
ury,Uruguay,1969,2.015
ury,Uruguay,1970,2.065
ury,Uruguay,1971,2.094
ury,Uruguay,1972,2.204
ury,Uruguay,1973,2.112
ury,Uruguay,1974,2.096
ury,Uruguay,1975,2.219
ury,Uruguay,1976,2.204
ury,Uruguay,1977,2.119
ury,Uruguay,1978,2.155
ury,Uruguay,1979,2.351
ury,Uruguay,1980,2.176
ury,Uruguay,1981,1.99
ury,Uruguay,1982,1.82
ury,Uruguay,1983,1.638
ury,Uruguay,1984,1.275
ury,Uruguay,1985,1.146
ury,Uruguay,1986,1.087
ury,Uruguay,1987,1.041
ury,Uruguay,1988,1.158
ury,Uruguay,1989,1.555
ury,Uruguay,1990,1.566
ury,Uruguay,1991,1.725
ury,Uruguay,1992,1.934
ury,Uruguay,1993,1.766
ury,Uruguay,1994,1.679
ury,Uruguay,1995,1.864
ury,Uruguay,1996,2.249
ury,Uruguay,1997,2.462
ury,Uruguay,1998,2.587
ury,Uruguay,1999,3.044
ury,Uruguay,2000,2.402
ury,Uruguay,2001,2.251
ury,Uruguay,2002,1.91
ury,Uruguay,2003,1.852
ury,Uruguay,2004,2.249
ury,Uruguay,2005,2.275
ury,Uruguay,2006,2.47
ury,Uruguay,2007,2.639
ury,Uruguay,2008,3.323
ury,Uruguay,2009,3.032
ury,Uruguay,2010,2.929
ury,Uruguay,2011,3.495
ury,Uruguay,2012,3.773
ury,Uruguay,2013,3.653
ury,Uruguay,2014,3.34
ury,Uruguay,2015,3.145
ury,Uruguay,2016,2.849
ury,Uruguay,2017,2.898
ury,Uruguay,2018,3.075
ury,Uruguay,2019,3.034
ury,Uruguay,2020,2.937
ury,Uruguay,2021,3.143
ury,Uruguay,2022,3.206
usa,USA,1900,8.421
usa,USA,1901,8.989
usa,USA,1902,9.336
usa,USA,1903,10.707
usa,USA,1904,10.328
usa,USA,1905,11.323
usa,USA,1906,11.649
usa,USA,1907,13.28
usa,USA,1908,11.383
usa,USA,1909,12.364
usa,USA,1910,13.251
usa,USA,1911,12.898
usa,USA,1912,13.554
usa,USA,1913,14.34
usa,USA,1914,12.909
usa,USA,1915,13.2
usa,USA,1916,14.445
usa,USA,1917,15.662
usa,USA,1918,16.156
usa,USA,1919,13.476
usa,USA,1920,15.613
usa,USA,1921,12.607
usa,USA,1922,12.524
usa,USA,1923,16.31
usa,USA,1924,14.39
usa,USA,1925,14.56
usa,USA,1926,15.567
usa,USA,1927,14.986
usa,USA,1928,14.633
usa,USA,1929,15.491
usa,USA,1930,13.609
usa,USA,1931,11.47
usa,USA,1932,9.635
usa,USA,1933,10.259
usa,USA,1934,10.847
usa,USA,1935,11.191
usa,USA,1936,12.756
usa,USA,1937,13.251
usa,USA,1938,11.128
usa,USA,1939,12.162
usa,USA,1940,13.514
usa,USA,1941,14.562
usa,USA,1942,15.472
usa,USA,1943,15.77
usa,USA,1944,16.742
usa,USA,1945,15.937
usa,USA,1946,15.036
usa,USA,1947,16.328
usa,USA,1948,16.73
usa,USA,1949,13.821
usa,USA,1950,15.982
usa,USA,1951,16.252
usa,USA,1952,15.601
usa,USA,1953,15.719
usa,USA,1954,14.728
usa,USA,1955,15.866
usa,USA,1956,16.343
usa,USA,1957,15.926
usa,USA,1958,15.173
usa,USA,1959,15.373
usa,USA,1960,15.479
usa,USA,1961,15.191
usa,USA,1962,15.53
usa,USA,1963,16.0
usa,USA,1964,16.495
usa,USA,1965,16.986
usa,USA,1966,17.661
usa,USA,1967,18.162
usa,USA,1968,18.68
usa,USA,1969,19.491
usa,USA,1970,20.847
usa,USA,1971,20.877
usa,USA,1972,21.801
usa,USA,1973,22.728
usa,USA,1974,21.892
usa,USA,1975,20.958
usa,USA,1976,21.919
usa,USA,1977,22.489
usa,USA,1978,23.117
usa,USA,1979,23.054
usa,USA,1980,22.062
usa,USA,1981,20.993
usa,USA,1982,19.975
usa,USA,1983,18.791
usa,USA,1984,18.762
usa,USA,1985,19.154
usa,USA,1986,19.044
usa,USA,1987,18.881
usa,USA,1988,19.509
usa,USA,1989,20.171
usa,USA,1990,20.236
usa,USA,1991,19.618
usa,USA,1992,20.065
usa,USA,1993,20.016
usa,USA,1994,20.137
usa,USA,1995,20.107
usa,USA,1996,20.478
usa,USA,1997,20.604
usa,USA,1998,20.94
usa,USA,1999,21.324
usa,USA,2000,21.993
usa,USA,2001,21.492
usa,USA,2002,21.715
usa,USA,2003,22.166
usa,USA,2004,22.409
usa,USA,2005,22.545
usa,USA,2006,22.285
usa,USA,2007,21.852
usa,USA,2008,20.586
usa,USA,2009,18.648
usa,USA,2010,19.084
usa,USA,2011,18.45
usa,USA,2012,17.765
usa,USA,2013,17.884
usa,USA,2014,18.043
usa,USA,2015,17.755
usa,USA,2016,17.215
usa,USA,2017,16.994
usa,USA,2018,17.381
usa,USA,2019,16.934
usa,USA,2020,15.387
usa,USA,2021,16.124
usa,USA,2022,16.447
uzb,Uzbekistan,1900,0.64
uzb,Uzbekistan,1901,0.651
uzb,Uzbekistan,1902,0.624
uzb,Uzbekistan,1903,0.605
uzb,Uzbekistan,1904,0.667
uzb,Uzbekistan,1905,0.59
uzb,Uzbekistan,1906,0.667
uzb,Uzbekistan,1907,0.74
uzb,Uzbekistan,1908,0.738
uzb,Uzbekistan,1909,0.773
uzb,Uzbekistan,1910,0.751
uzb,Uzbekistan,1911,0.772
uzb,Uzbekistan,1912,0.866
uzb,Uzbekistan,1913,0.933
uzb,Uzbekistan,1914,0.835
uzb,Uzbekistan,1915,0.759
uzb,Uzbekistan,1916,0.802
uzb,Uzbekistan,1917,0.732
uzb,Uzbekistan,1918,0.289
uzb,Uzbekistan,1919,0.245
uzb,Uzbekistan,1920,0.221
uzb,Uzbekistan,1921,0.238
uzb,Uzbekistan,1922,0.287
uzb,Uzbekistan,1923,0.314
uzb,Uzbekistan,1924,0.371
uzb,Uzbekistan,1925,0.363
uzb,Uzbekistan,1926,0.521
uzb,Uzbekistan,1927,0.642
uzb,Uzbekistan,1928,0.707
uzb,Uzbekistan,1929,0.754
uzb,Uzbekistan,1930,1.016
uzb,Uzbekistan,1931,1.209
uzb,Uzbekistan,1932,1.35
uzb,Uzbekistan,1933,1.495
uzb,Uzbekistan,1934,1.792
uzb,Uzbekistan,1935,2.01
uzb,Uzbekistan,1936,2.284
uzb,Uzbekistan,1937,2.314
uzb,Uzbekistan,1938,2.421
uzb,Uzbekistan,1939,2.428
uzb,Uzbekistan,1940,2.884
uzb,Uzbekistan,1941,2.511
uzb,Uzbekistan,1942,1.712
uzb,Uzbekistan,1943,2.166
uzb,Uzbekistan,1944,2.01
uzb,Uzbekistan,1945,2.109
uzb,Uzbekistan,1946,2.348
uzb,Uzbekistan,1947,2.802
uzb,Uzbekistan,1948,2.955
uzb,Uzbekistan,1949,3.314
uzb,Uzbekistan,1950,3.628
uzb,Uzbekistan,1951,3.807
uzb,Uzbekistan,1952,3.956
uzb,Uzbekistan,1953,4.065
uzb,Uzbekistan,1954,4.313
uzb,Uzbekistan,1955,4.749
uzb,Uzbekistan,1956,5.052
uzb,Uzbekistan,1957,5.36
uzb,Uzbekistan,1958,5.541
uzb,Uzbekistan,1959,5.095
uzb,Uzbekistan,1960,5.132
uzb,Uzbekistan,1961,5.125
uzb,Uzbekistan,1962,5.208
uzb,Uzbekistan,1963,5.409
uzb,Uzbekistan,1964,5.565
uzb,Uzbekistan,1965,5.701
uzb,Uzbekistan,1966,5.806
uzb,Uzbekistan,1967,5.856
uzb,Uzbekistan,1968,5.81
uzb,Uzbekistan,1969,5.849
uzb,Uzbekistan,1970,5.946
uzb,Uzbekistan,1971,6.134
uzb,Uzbekistan,1972,6.277
uzb,Uzbekistan,1973,6.372
uzb,Uzbekistan,1974,6.444
uzb,Uzbekistan,1975,6.596
uzb,Uzbekistan,1976,6.665
uzb,Uzbekistan,1977,6.701
uzb,Uzbekistan,1978,6.741
uzb,Uzbekistan,1979,6.612
uzb,Uzbekistan,1980,6.686
uzb,Uzbekistan,1981,6.393
uzb,Uzbekistan,1982,6.35
uzb,Uzbekistan,1983,6.279
uzb,Uzbekistan,1984,6.179
uzb,Uzbekistan,1985,6.499
uzb,Uzbekistan,1986,6.347
uzb,Uzbekistan,1987,6.173
uzb,Uzbekistan,1988,6.187
uzb,Uzbekistan,1989,5.903
uzb,Uzbekistan,1990,5.39
uzb,Uzbekistan,1991,5.4
uzb,Uzbekistan,1992,5.202
uzb,Uzbekistan,1993,5.297
uzb,Uzbekistan,1994,4.844
uzb,Uzbekistan,1995,4.529
uzb,Uzbekistan,1996,4.569
uzb,Uzbekistan,1997,4.532
uzb,Uzbekistan,1998,4.953
uzb,Uzbekistan,1999,5.01
uzb,Uzbekistan,2000,4.907
uzb,Uzbekistan,2001,4.904
uzb,Uzbekistan,2002,5.035
uzb,Uzbekistan,2003,4.914
uzb,Uzbekistan,2004,4.819
uzb,Uzbekistan,2005,4.426
uzb,Uzbekistan,2006,4.469
uzb,Uzbekistan,2007,4.393
uzb,Uzbekistan,2008,4.468
uzb,Uzbekistan,2009,3.799
uzb,Uzbekistan,2010,3.635
uzb,Uzbekistan,2011,3.904
uzb,Uzbekistan,2012,3.912
uzb,Uzbekistan,2013,3.432
uzb,Uzbekistan,2014,3.437
uzb,Uzbekistan,2015,3.305
uzb,Uzbekistan,2016,2.897
uzb,Uzbekistan,2017,2.921
uzb,Uzbekistan,2018,2.813
uzb,Uzbekistan,2019,2.778
uzb,Uzbekistan,2020,2.65
uzb,Uzbekistan,2021,2.749
uzb,Uzbekistan,2022,2.804
vct,St. Vincent and the Grenadines,1900,0.014
vct,St. Vincent and the Grenadines,1901,0.014
vct,St. Vincent and the Grenadines,1902,0.015
vct,St. Vincent and the Grenadines,1903,0.015
vct,St. Vincent and the Grenadines,1904,0.016
vct,St. Vincent and the Grenadines,1905,0.017
vct,St. Vincent and the Grenadines,1906,0.018
vct,St. Vincent and the Grenadines,1907,0.019
vct,St. Vincent and the Grenadines,1908,0.02
vct,St. Vincent and the Grenadines,1909,0.021
vct,St. Vincent and the Grenadines,1910,0.022
vct,St. Vincent and the Grenadines,1911,0.023
vct,St. Vincent and the Grenadines,1912,0.025
vct,St. Vincent and the Grenadines,1913,0.026
vct,St. Vincent and the Grenadines,1914,0.026
vct,St. Vincent and the Grenadines,1915,0.025
vct,St. Vincent and the Grenadines,1916,0.024
vct,St. Vincent and the Grenadines,1917,0.024
vct,St. Vincent and the Grenadines,1918,0.024
vct,St. Vincent and the Grenadines,1919,0.025
vct,St. Vincent and the Grenadines,1920,0.025
vct,St. Vincent and the Grenadines,1921,0.026
vct,St. Vincent and the Grenadines,1922,0.026
vct,St. Vincent and the Grenadines,1923,0.026
vct,St. Vincent and the Grenadines,1924,0.026
vct,St. Vincent and the Grenadines,1925,0.027
vct,St. Vincent and the Grenadines,1926,0.029
vct,St. Vincent and the Grenadines,1927,0.031
vct,St. Vincent and the Grenadines,1928,0.032
vct,St. Vincent and the Grenadines,1929,0.033
vct,St. Vincent and the Grenadines,1930,0.034
vct,St. Vincent and the Grenadines,1931,0.034
vct,St. Vincent and the Grenadines,1932,0.033
vct,St. Vincent and the Grenadines,1933,0.033
vct,St. Vincent and the Grenadines,1934,0.034
vct,St. Vincent and the Grenadines,1935,0.035
vct,St. Vincent and the Grenadines,1936,0.037
vct,St. Vincent and the Grenadines,1937,0.038
vct,St. Vincent and the Grenadines,1938,0.04
vct,St. Vincent and the Grenadines,1939,0.041
vct,St. Vincent and the Grenadines,1940,0.041
vct,St. Vincent and the Grenadines,1941,0.042
vct,St. Vincent and the Grenadines,1942,0.042
vct,St. Vincent and the Grenadines,1943,0.041
vct,St. Vincent and the Grenadines,1944,0.042
vct,St. Vincent and the Grenadines,1945,0.043
vct,St. Vincent and the Grenadines,1946,0.045
vct,St. Vincent and the Grenadines,1947,0.048
vct,St. Vincent and the Grenadines,1948,0.051
vct,St. Vincent and the Grenadines,1949,0.053
vct,St. Vincent and the Grenadines,1950,0.055
vct,St. Vincent and the Grenadines,1951,0.054
vct,St. Vincent and the Grenadines,1952,0.159
vct,St. Vincent and the Grenadines,1953,0.104
vct,St. Vincent and the Grenadines,1954,0.102
vct,St. Vincent and the Grenadines,1955,0.1
vct,St. Vincent and the Grenadines,1956,0.098
vct,St. Vincent and the Grenadines,1957,0.096
vct,St. Vincent and the Grenadines,1958,0.141
vct,St. Vincent and the Grenadines,1959,0.138
vct,St. Vincent and the Grenadines,1960,0.136
vct,St. Vincent and the Grenadines,1961,0.134
vct,St. Vincent and the Grenadines,1962,0.132
vct,St. Vincent and the Grenadines,1963,0.174
vct,St. Vincent and the Grenadines,1964,0.215
vct,St. Vincent and the Grenadines,1965,0.171
vct,St. Vincent and the Grenadines,1966,0.211
vct,St. Vincent and the Grenadines,1967,0.209
vct,St. Vincent and the Grenadines,1968,0.248
vct,St. Vincent and the Grenadines,1969,0.328
vct,St. Vincent and the Grenadines,1970,0.324
vct,St. Vincent and the Grenadines,1971,0.321
vct,St. Vincent and the Grenadines,1972,0.396
vct,St. Vincent and the Grenadines,1973,0.431
vct,St. Vincent and the Grenadines,1974,0.349
vct,St. Vincent and the Grenadines,1975,0.345
vct,St. Vincent and the Grenadines,1976,0.341
vct,St. Vincent and the Grenadines,1977,0.338
vct,St. Vincent and the Grenadines,1978,0.372
vct,St. Vincent and the Grenadines,1979,0.294
vct,St. Vincent and the Grenadines,1980,0.365
vct,St. Vincent and the Grenadines,1981,0.362
vct,St. Vincent and the Grenadines,1982,0.394
vct,St. Vincent and the Grenadines,1983,0.463
vct,St. Vincent and the Grenadines,1984,0.636
vct,St. Vincent and the Grenadines,1985,0.632
vct,St. Vincent and the Grenadines,1986,0.627
vct,St. Vincent and the Grenadines,1987,0.727
vct,St. Vincent and the Grenadines,1988,0.62
vct,St. Vincent and the Grenadines,1989,0.719
vct,St. Vincent and the Grenadines,1990,0.751
vct,St. Vincent and the Grenadines,1991,0.783
vct,St. Vincent and the Grenadines,1992,0.781
vct,St. Vincent and the Grenadines,1993,0.95
vct,St. Vincent and the Grenadines,1994,1.12
vct,St. Vincent and the Grenadines,1995,1.188
vct,St. Vincent and the Grenadines,1996,1.223
vct,St. Vincent and the Grenadines,1997,1.224
vct,St. Vincent and the Grenadines,1998,1.497
vct,St. Vincent and the Grenadines,1999,1.531
vct,St. Vincent and the Grenadines,2000,1.361
vct,St. Vincent and the Grenadines,2001,1.665
vct,St. Vincent and the Grenadines,2002,1.73
vct,St. Vincent and the Grenadines,2003,1.828
vct,St. Vincent and the Grenadines,2004,2.027
vct,St. Vincent and the Grenadines,2005,2.026
vct,St. Vincent and the Grenadines,2006,2.026
vct,St. Vincent and the Grenadines,2007,2.095
vct,St. Vincent and the Grenadines,2008,2.097
vct,St. Vincent and the Grenadines,2009,2.878
vct,St. Vincent and the Grenadines,2010,2.032
vct,St. Vincent and the Grenadines,2011,1.828
vct,St. Vincent and the Grenadines,2012,2.333
vct,St. Vincent and the Grenadines,2013,1.924
vct,St. Vincent and the Grenadines,2014,2.021
vct,St. Vincent and the Grenadines,2015,2.016
vct,St. Vincent and the Grenadines,2016,2.01
vct,St. Vincent and the Grenadines,2017,2.021
vct,St. Vincent and the Grenadines,2018,2.028
vct,St. Vincent and the Grenadines,2019,2.021
vct,St. Vincent and the Grenadines,2020,1.876
vct,St. Vincent and the Grenadines,2021,2.008
vct,St. Vincent and the Grenadines,2022,2.048
ven,Venezuela,1900,0.001
ven,Venezuela,1901,0.001
ven,Venezuela,1902,0.001
ven,Venezuela,1903,0.001
ven,Venezuela,1904,0.001
ven,Venezuela,1905,0.001
ven,Venezuela,1906,0.001
ven,Venezuela,1907,0.001
ven,Venezuela,1908,0.001
ven,Venezuela,1909,0.004
ven,Venezuela,1910,0.004
ven,Venezuela,1911,0.004
ven,Venezuela,1912,0.005
ven,Venezuela,1913,0.005
ven,Venezuela,1914,0.009
ven,Venezuela,1915,0.016
ven,Venezuela,1916,0.026
ven,Venezuela,1917,0.025
ven,Venezuela,1918,0.068
ven,Venezuela,1919,0.066
ven,Venezuela,1920,0.046
ven,Venezuela,1921,0.049
ven,Venezuela,1922,0.062
ven,Venezuela,1923,0.135
ven,Venezuela,1924,0.114
ven,Venezuela,1925,0.198
ven,Venezuela,1926,0.311
ven,Venezuela,1927,0.292
ven,Venezuela,1928,0.542
ven,Venezuela,1929,0.55
ven,Venezuela,1930,1.06
ven,Venezuela,1931,1.054
ven,Venezuela,1932,1.036
ven,Venezuela,1933,0.757
ven,Venezuela,1934,1.383
ven,Venezuela,1935,1.564
ven,Venezuela,1936,0.815
ven,Venezuela,1937,2.388
ven,Venezuela,1938,1.534
ven,Venezuela,1939,1.725
ven,Venezuela,1940,2.983
ven,Venezuela,1941,3.558
ven,Venezuela,1942,2.661
ven,Venezuela,1943,2.315
ven,Venezuela,1944,3.294
ven,Venezuela,1945,3.337
ven,Venezuela,1946,16.485
ven,Venezuela,1947,4.104
ven,Venezuela,1948,4.975
ven,Venezuela,1949,5.422
ven,Venezuela,1950,6.988
ven,Venezuela,1951,8.281
ven,Venezuela,1952,8.501
ven,Venezuela,1953,7.693
ven,Venezuela,1954,7.905
ven,Venezuela,1955,8.867
ven,Venezuela,1956,9.279
ven,Venezuela,1957,9.56
ven,Venezuela,1958,7.205
ven,Venezuela,1959,8.306
ven,Venezuela,1960,7.009
ven,Venezuela,1961,6.152
ven,Venezuela,1962,6.187
ven,Venezuela,1963,6.207
ven,Venezuela,1964,6.038
ven,Venezuela,1965,6.264
ven,Venezuela,1966,5.677
ven,Venezuela,1967,6.326
ven,Venezuela,1968,6.088
ven,Venezuela,1969,6.17
ven,Venezuela,1970,6.419
ven,Venezuela,1971,5.176
ven,Venezuela,1972,4.964
ven,Venezuela,1973,5.046
ven,Venezuela,1974,5.442
ven,Venezuela,1975,4.405
ven,Venezuela,1976,3.771
ven,Venezuela,1977,3.997
ven,Venezuela,1978,4.122
ven,Venezuela,1979,4.417
ven,Venezuela,1980,5.065
ven,Venezuela,1981,4.992
ven,Venezuela,1982,4.921
ven,Venezuela,1983,4.866
ven,Venezuela,1984,4.725
ven,Venezuela,1985,4.608
ven,Venezuela,1986,4.878
ven,Venezuela,1987,5.14
ven,Venezuela,1988,5.075
ven,Venezuela,1989,5.177
ven,Venezuela,1990,4.737
ven,Venezuela,1991,4.8
ven,Venezuela,1992,4.564
ven,Venezuela,1993,5.108
ven,Venezuela,1994,5.008
ven,Venezuela,1995,5.229
ven,Venezuela,1996,4.363
ven,Venezuela,1997,5.135
ven,Venezuela,1998,6.573
ven,Venezuela,1999,4.83
ven,Venezuela,2000,3.123
ven,Venezuela,2001,4.312
ven,Venezuela,2002,3.7
ven,Venezuela,2003,4.951
ven,Venezuela,2004,3.754
ven,Venezuela,2005,3.838
ven,Venezuela,2006,3.419
ven,Venezuela,2007,3.543
ven,Venezuela,2008,3.904
ven,Venezuela,2009,4.995
ven,Venezuela,2010,4.542
ven,Venezuela,2011,4.132
ven,Venezuela,2012,2.985
ven,Venezuela,2013,3.553
ven,Venezuela,2014,4.946
ven,Venezuela,2015,2.888
ven,Venezuela,2016,2.291
ven,Venezuela,2017,2.143
ven,Venezuela,2018,1.17
ven,Venezuela,2019,0.198
ven,Venezuela,2020,0.631
ven,Venezuela,2021,0.66
ven,Venezuela,2022,0.673
vnm,Vietnam,1900,0.044
vnm,Vietnam,1901,0.042
vnm,Vietnam,1902,0.032
vnm,Vietnam,1903,0.042
vnm,Vietnam,1904,0.057
vnm,Vietnam,1905,0.054
vnm,Vietnam,1906,0.054
vnm,Vietnam,1907,0.052
vnm,Vietnam,1908,0.053
vnm,Vietnam,1909,0.057
vnm,Vietnam,1910,0.072
vnm,Vietnam,1911,0.062
vnm,Vietnam,1912,0.061
vnm,Vietnam,1913,0.072
vnm,Vietnam,1914,0.088
vnm,Vietnam,1915,0.092
vnm,Vietnam,1916,0.098
vnm,Vietnam,1917,0.094
vnm,Vietnam,1918,0.092
vnm,Vietnam,1919,0.097
vnm,Vietnam,1920,0.102
vnm,Vietnam,1921,0.135
vnm,Vietnam,1922,0.146
vnm,Vietnam,1923,0.156
vnm,Vietnam,1924,0.184
vnm,Vietnam,1925,0.204
vnm,Vietnam,1926,0.194
vnm,Vietnam,1927,0.225
vnm,Vietnam,1928,0.298
vnm,Vietnam,1929,0.299
vnm,Vietnam,1930,0.297
vnm,Vietnam,1931,0.261
vnm,Vietnam,1932,0.258
vnm,Vietnam,1933,0.238
vnm,Vietnam,1934,0.237
vnm,Vietnam,1935,0.262
vnm,Vietnam,1936,0.32
vnm,Vietnam,1937,0.336
vnm,Vietnam,1938,0.339
vnm,Vietnam,1939,0.374
vnm,Vietnam,1940,0.351
vnm,Vietnam,1941,0.321
vnm,Vietnam,1942,0.167
vnm,Vietnam,1943,0.133
vnm,Vietnam,1944,0.068
vnm,Vietnam,1945,0.028
vnm,Vietnam,1946,0.094
vnm,Vietnam,1947,0.092
vnm,Vietnam,1948,0.098
vnm,Vietnam,1949,0.099
vnm,Vietnam,1950,0.102
vnm,Vietnam,1951,0.106
vnm,Vietnam,1952,0.113
vnm,Vietnam,1953,0.118
vnm,Vietnam,1954,0.123
vnm,Vietnam,1955,0.125
vnm,Vietnam,1956,0.1
vnm,Vietnam,1957,0.096
vnm,Vietnam,1958,0.163
vnm,Vietnam,1959,0.209
vnm,Vietnam,1960,0.229
vnm,Vietnam,1961,0.237
vnm,Vietnam,1962,0.269
vnm,Vietnam,1963,0.255
vnm,Vietnam,1964,0.321
vnm,Vietnam,1965,0.348
vnm,Vietnam,1966,0.495
vnm,Vietnam,1967,0.578
vnm,Vietnam,1968,0.581
vnm,Vietnam,1969,0.654
vnm,Vietnam,1970,0.673
vnm,Vietnam,1971,0.581
vnm,Vietnam,1972,0.545
vnm,Vietnam,1973,0.595
vnm,Vietnam,1974,0.455
vnm,Vietnam,1975,0.523
vnm,Vietnam,1976,0.336
vnm,Vietnam,1977,0.371
vnm,Vietnam,1978,0.374
vnm,Vietnam,1979,0.392
vnm,Vietnam,1980,0.399
vnm,Vietnam,1981,0.411
vnm,Vietnam,1982,0.424
vnm,Vietnam,1983,0.429
vnm,Vietnam,1984,0.44
vnm,Vietnam,1985,0.39
vnm,Vietnam,1986,0.46
vnm,Vietnam,1987,0.439
vnm,Vietnam,1988,0.485
vnm,Vietnam,1989,0.47
vnm,Vietnam,1990,0.346
vnm,Vietnam,1991,0.337
vnm,Vietnam,1992,0.331
vnm,Vietnam,1993,0.352
vnm,Vietnam,1994,0.391
vnm,Vietnam,1995,0.421
vnm,Vietnam,1996,0.499
vnm,Vietnam,1997,0.595
vnm,Vietnam,1998,0.607
vnm,Vietnam,1999,0.553
vnm,Vietnam,2000,0.467
vnm,Vietnam,2001,0.526
vnm,Vietnam,2002,0.593
vnm,Vietnam,2003,0.734
vnm,Vietnam,2004,0.83
vnm,Vietnam,2005,0.878
vnm,Vietnam,2006,0.893
vnm,Vietnam,2007,0.92
vnm,Vietnam,2008,1.031
vnm,Vietnam,2009,1.09
vnm,Vietnam,2010,1.154
vnm,Vietnam,2011,1.199
vnm,Vietnam,2012,1.152
vnm,Vietnam,2013,1.189
vnm,Vietnam,2014,1.387
vnm,Vietnam,2015,1.607
vnm,Vietnam,2016,1.636
vnm,Vietnam,2017,1.594
vnm,Vietnam,2018,1.81
vnm,Vietnam,2019,2.187
vnm,Vietnam,2020,2.096
vnm,Vietnam,2021,2.125
vnm,Vietnam,2022,2.168
vut,Vanuatu,1900,0.188
vut,Vanuatu,1901,0.182
vut,Vanuatu,1902,0.19
vut,Vanuatu,1903,0.192
vut,Vanuatu,1904,0.191
vut,Vanuatu,1905,0.196
vut,Vanuatu,1906,0.2
vut,Vanuatu,1907,0.213
vut,Vanuatu,1908,0.22
vut,Vanuatu,1909,0.229
vut,Vanuatu,1910,0.223
vut,Vanuatu,1911,0.244
vut,Vanuatu,1912,0.247
vut,Vanuatu,1913,0.251
vut,Vanuatu,1914,0.252
vut,Vanuatu,1915,0.263
vut,Vanuatu,1916,0.246
vut,Vanuatu,1917,0.23
vut,Vanuatu,1918,0.23
vut,Vanuatu,1919,0.236
vut,Vanuatu,1920,0.227
vut,Vanuatu,1921,0.239
vut,Vanuatu,1922,0.225
vut,Vanuatu,1923,0.233
vut,Vanuatu,1924,0.235
vut,Vanuatu,1925,0.244
vut,Vanuatu,1926,0.25
vut,Vanuatu,1927,0.251
vut,Vanuatu,1928,0.256
vut,Vanuatu,1929,0.247
vut,Vanuatu,1930,0.24
vut,Vanuatu,1931,0.231
vut,Vanuatu,1932,0.216
vut,Vanuatu,1933,0.215
vut,Vanuatu,1934,0.219
vut,Vanuatu,1935,0.229
vut,Vanuatu,1936,0.243
vut,Vanuatu,1937,0.254
vut,Vanuatu,1938,0.271
vut,Vanuatu,1939,0.274
vut,Vanuatu,1940,0.294
vut,Vanuatu,1941,0.286
vut,Vanuatu,1942,0.313
vut,Vanuatu,1943,0.325
vut,Vanuatu,1944,0.323
vut,Vanuatu,1945,0.324
vut,Vanuatu,1946,0.322
vut,Vanuatu,1947,0.336
vut,Vanuatu,1948,0.35
vut,Vanuatu,1949,0.358
vut,Vanuatu,1950,0.361
vut,Vanuatu,1951,0.385
vut,Vanuatu,1952,0.397
vut,Vanuatu,1953,0.42
vut,Vanuatu,1954,0.412
vut,Vanuatu,1955,0.452
vut,Vanuatu,1956,0.477
vut,Vanuatu,1957,0.491
vut,Vanuatu,1958,0.503
vut,Vanuatu,1959,0.52
vut,Vanuatu,1960,0.538
vut,Vanuatu,1961,0.574
vut,Vanuatu,1962,0.595
vut,Vanuatu,1963,0.472
vut,Vanuatu,1964,0.864
vut,Vanuatu,1965,0.642
vut,Vanuatu,1966,1.008
vut,Vanuatu,1967,1.074
vut,Vanuatu,1968,0.773
vut,Vanuatu,1969,0.531
vut,Vanuatu,1970,0.472
vut,Vanuatu,1971,0.667
vut,Vanuatu,1972,0.687
vut,Vanuatu,1973,0.587
vut,Vanuatu,1974,0.644
vut,Vanuatu,1975,0.551
vut,Vanuatu,1976,0.427
vut,Vanuatu,1977,0.483
vut,Vanuatu,1978,0.536
vut,Vanuatu,1979,0.554
vut,Vanuatu,1980,0.539
vut,Vanuatu,1981,0.433
vut,Vanuatu,1982,0.423
vut,Vanuatu,1983,0.443
vut,Vanuatu,1984,0.433
vut,Vanuatu,1985,0.931
vut,Vanuatu,1986,0.441
vut,Vanuatu,1987,0.35
vut,Vanuatu,1988,0.474
vut,Vanuatu,1989,0.437
vut,Vanuatu,1990,0.45
vut,Vanuatu,1991,0.438
vut,Vanuatu,1992,0.402
vut,Vanuatu,1993,0.39
vut,Vanuatu,1994,0.38
vut,Vanuatu,1995,0.393
vut,Vanuatu,1996,0.491
vut,Vanuatu,1997,0.482
vut,Vanuatu,1998,0.453
vut,Vanuatu,1999,0.465
vut,Vanuatu,2000,0.456
vut,Vanuatu,2001,0.465
vut,Vanuatu,2002,0.435
vut,Vanuatu,2003,0.424
vut,Vanuatu,2004,0.287
vut,Vanuatu,2005,0.28
vut,Vanuatu,2006,0.222
vut,Vanuatu,2007,0.451
vut,Vanuatu,2008,0.424
vut,Vanuatu,2009,0.526
vut,Vanuatu,2010,0.512
vut,Vanuatu,2011,0.544
vut,Vanuatu,2012,0.456
vut,Vanuatu,2013,0.414
vut,Vanuatu,2014,0.584
vut,Vanuatu,2015,0.487
vut,Vanuatu,2016,0.527
vut,Vanuatu,2017,0.527
vut,Vanuatu,2018,0.529
vut,Vanuatu,2019,0.55
vut,Vanuatu,2020,0.524
vut,Vanuatu,2021,0.561
vut,Vanuatu,2022,0.572
wsm,Samoa,1900,0.023
wsm,Samoa,1901,0.023
wsm,Samoa,1902,0.023
wsm,Samoa,1903,0.024
wsm,Samoa,1904,0.024
wsm,Samoa,1905,0.024
wsm,Samoa,1906,0.025
wsm,Samoa,1907,0.026
wsm,Samoa,1908,0.027
wsm,Samoa,1909,0.028
wsm,Samoa,1910,0.028
wsm,Samoa,1911,0.03
wsm,Samoa,1912,0.031
wsm,Samoa,1913,0.031
wsm,Samoa,1914,0.031
wsm,Samoa,1915,0.033
wsm,Samoa,1916,0.03
wsm,Samoa,1917,0.028
wsm,Samoa,1918,0.029
wsm,Samoa,1919,0.029
wsm,Samoa,1920,0.028
wsm,Samoa,1921,0.03
wsm,Samoa,1922,0.028
wsm,Samoa,1923,0.029
wsm,Samoa,1924,0.029
wsm,Samoa,1925,0.03
wsm,Samoa,1926,0.031
wsm,Samoa,1927,0.031
wsm,Samoa,1928,0.032
wsm,Samoa,1929,0.031
wsm,Samoa,1930,0.03
wsm,Samoa,1931,0.029
wsm,Samoa,1932,0.027
wsm,Samoa,1933,0.027
wsm,Samoa,1934,0.027
wsm,Samoa,1935,0.028
wsm,Samoa,1936,0.03
wsm,Samoa,1937,0.031
wsm,Samoa,1938,0.034
wsm,Samoa,1939,0.034
wsm,Samoa,1940,0.036
wsm,Samoa,1941,0.035
wsm,Samoa,1942,0.039
wsm,Samoa,1943,0.04
wsm,Samoa,1944,0.04
wsm,Samoa,1945,0.04
wsm,Samoa,1946,0.04
wsm,Samoa,1947,0.042
wsm,Samoa,1948,0.043
wsm,Samoa,1949,0.044
wsm,Samoa,1950,0.045
wsm,Samoa,1951,0.043
wsm,Samoa,1952,0.084
wsm,Samoa,1953,0.082
wsm,Samoa,1954,0.12
wsm,Samoa,1955,0.117
wsm,Samoa,1956,0.114
wsm,Samoa,1957,0.147
wsm,Samoa,1958,0.108
wsm,Samoa,1959,0.139
wsm,Samoa,1960,0.135
wsm,Samoa,1961,0.164
wsm,Samoa,1962,0.158
wsm,Samoa,1963,0.184
wsm,Samoa,1964,0.208
wsm,Samoa,1965,0.231
wsm,Samoa,1966,0.196
wsm,Samoa,1967,0.191
wsm,Samoa,1968,0.213
wsm,Samoa,1969,0.209
wsm,Samoa,1970,0.205
wsm,Samoa,1971,0.252
wsm,Samoa,1972,0.249
wsm,Samoa,1973,0.246
wsm,Samoa,1974,0.22
wsm,Samoa,1975,0.388
wsm,Samoa,1976,0.313
wsm,Samoa,1977,0.527
wsm,Samoa,1978,0.691
wsm,Samoa,1979,0.616
wsm,Samoa,1980,0.637
wsm,Samoa,1981,0.656
wsm,Samoa,1982,0.722
wsm,Samoa,1983,0.718
wsm,Samoa,1984,0.714
wsm,Samoa,1985,0.711
wsm,Samoa,1986,0.708
wsm,Samoa,1987,0.706
wsm,Samoa,1988,0.704
wsm,Samoa,1989,0.747
wsm,Samoa,1990,0.631
wsm,Samoa,1991,0.648
wsm,Samoa,1992,0.665
wsm,Samoa,1993,0.658
wsm,Samoa,1994,0.674
wsm,Samoa,1995,0.69
wsm,Samoa,1996,0.728
wsm,Samoa,1997,0.746
wsm,Samoa,1998,0.764
wsm,Samoa,1999,0.782
wsm,Samoa,2000,0.82
wsm,Samoa,2001,0.836
wsm,Samoa,2002,0.831
wsm,Samoa,2003,0.868
wsm,Samoa,2004,0.842
wsm,Samoa,2005,0.898
wsm,Samoa,2006,0.912
wsm,Samoa,2007,0.947
wsm,Samoa,2008,0.98
wsm,Samoa,2009,1.013
wsm,Samoa,2010,1.006
wsm,Samoa,2011,1.076
wsm,Samoa,2012,1.047
wsm,Samoa,2013,1.038
wsm,Samoa,2014,1.087
wsm,Samoa,2015,1.213
wsm,Samoa,2016,1.263
wsm,Samoa,2017,1.291
wsm,Samoa,2018,1.322
wsm,Samoa,2019,1.374
wsm,Samoa,2020,1.31
wsm,Samoa,2021,1.401
wsm,Samoa,2022,1.429
yem,Yemen,1900,0.004
yem,Yemen,1901,0.004
yem,Yemen,1902,0.004
yem,Yemen,1903,0.004
yem,Yemen,1904,0.004
yem,Yemen,1905,0.004
yem,Yemen,1906,0.004
yem,Yemen,1907,0.004
yem,Yemen,1908,0.004
yem,Yemen,1909,0.004
yem,Yemen,1910,0.004
yem,Yemen,1911,0.004
yem,Yemen,1912,0.004
yem,Yemen,1913,0.004
yem,Yemen,1914,0.004
yem,Yemen,1915,0.004
yem,Yemen,1916,0.004
yem,Yemen,1917,0.004
yem,Yemen,1918,0.004
yem,Yemen,1919,0.004
yem,Yemen,1920,0.004
yem,Yemen,1921,0.005
yem,Yemen,1922,0.004
yem,Yemen,1923,0.004
yem,Yemen,1924,0.005
yem,Yemen,1925,0.005
yem,Yemen,1926,0.005
yem,Yemen,1927,0.005
yem,Yemen,1928,0.005
yem,Yemen,1929,0.005
yem,Yemen,1930,0.005
yem,Yemen,1931,0.005
yem,Yemen,1932,0.006
yem,Yemen,1933,0.006
yem,Yemen,1934,0.005
yem,Yemen,1935,0.006
yem,Yemen,1936,0.007
yem,Yemen,1937,0.007
yem,Yemen,1938,0.007
yem,Yemen,1939,0.007
yem,Yemen,1940,0.009
yem,Yemen,1941,0.009
yem,Yemen,1942,0.008
yem,Yemen,1943,0.008
yem,Yemen,1944,0.009
yem,Yemen,1945,0.01
yem,Yemen,1946,0.011
yem,Yemen,1947,0.012
yem,Yemen,1948,0.013
yem,Yemen,1949,0.012
yem,Yemen,1950,0.013
yem,Yemen,1951,0.009
yem,Yemen,1952,0.012
yem,Yemen,1953,0.014
yem,Yemen,1954,0.91
yem,Yemen,1955,0.501
yem,Yemen,1956,0.464
yem,Yemen,1957,0.58
yem,Yemen,1958,0.365
yem,Yemen,1959,0.497
yem,Yemen,1960,0.684
yem,Yemen,1961,0.494
yem,Yemen,1962,0.71
yem,Yemen,1963,0.525
yem,Yemen,1964,0.644
yem,Yemen,1965,0.686
yem,Yemen,1966,0.596
yem,Yemen,1967,0.517
yem,Yemen,1968,1.94
yem,Yemen,1969,0.767
yem,Yemen,1970,0.406
yem,Yemen,1971,0.314
yem,Yemen,1972,0.234
yem,Yemen,1973,0.42
yem,Yemen,1974,0.339
yem,Yemen,1975,0.32
yem,Yemen,1976,0.368
yem,Yemen,1977,0.415
yem,Yemen,1978,0.419
yem,Yemen,1979,0.42
yem,Yemen,1980,0.418
yem,Yemen,1981,0.514
yem,Yemen,1982,0.695
yem,Yemen,1983,0.709
yem,Yemen,1984,0.771
yem,Yemen,1985,0.896
yem,Yemen,1986,0.825
yem,Yemen,1987,0.836
yem,Yemen,1988,0.891
yem,Yemen,1989,0.889
yem,Yemen,1990,0.814
yem,Yemen,1991,0.743
yem,Yemen,1992,0.763
yem,Yemen,1993,0.633
yem,Yemen,1994,0.629
yem,Yemen,1995,0.695
yem,Yemen,1996,0.681
yem,Yemen,1997,0.709
yem,Yemen,1998,0.734
yem,Yemen,1999,0.812
yem,Yemen,2000,0.832
yem,Yemen,2001,0.895
yem,Yemen,2002,0.844
yem,Yemen,2003,0.901
yem,Yemen,2004,0.955
yem,Yemen,2005,0.985
yem,Yemen,2006,1.02
yem,Yemen,2007,0.974
yem,Yemen,2008,1.007
yem,Yemen,2009,1.078
yem,Yemen,2010,1.001
yem,Yemen,2011,0.849
yem,Yemen,2012,0.747
yem,Yemen,2013,0.994
yem,Yemen,2014,0.937
yem,Yemen,2015,0.48
yem,Yemen,2016,0.377
yem,Yemen,2017,0.363
yem,Yemen,2018,0.356
yem,Yemen,2019,0.365
yem,Yemen,2020,0.362
yem,Yemen,2021,0.387
yem,Yemen,2022,0.395
zaf,South Africa,1900,0.437
zaf,South Africa,1901,0.722
zaf,South Africa,1902,1.058
zaf,South Africa,1903,1.389
zaf,South Africa,1904,1.538
zaf,South Africa,1905,1.728
zaf,South Africa,1906,1.941
zaf,South Africa,1907,2.104
zaf,South Africa,1908,2.126
zaf,South Africa,1909,2.405
zaf,South Africa,1910,2.681
zaf,South Africa,1911,2.536
zaf,South Africa,1912,2.648
zaf,South Africa,1913,2.849
zaf,South Africa,1914,2.716
zaf,South Africa,1915,2.687
zaf,South Africa,1916,3.114
zaf,South Africa,1917,3.277
zaf,South Africa,1918,3.073
zaf,South Africa,1919,3.147
zaf,South Africa,1920,3.43
zaf,South Africa,1921,3.333
zaf,South Africa,1922,2.802
zaf,South Africa,1923,3.33
zaf,South Africa,1924,3.426
zaf,South Africa,1925,3.498
zaf,South Africa,1926,3.601
zaf,South Africa,1927,3.426
zaf,South Africa,1928,3.362
zaf,South Africa,1929,3.421
zaf,South Africa,1930,3.129
zaf,South Africa,1931,2.729
zaf,South Africa,1932,2.454
zaf,South Africa,1933,2.598
zaf,South Africa,1934,2.902
zaf,South Africa,1935,3.169
zaf,South Africa,1936,3.405
zaf,South Africa,1937,3.486
zaf,South Africa,1938,3.592
zaf,South Africa,1939,3.654
zaf,South Africa,1940,3.704
zaf,South Africa,1941,3.879
zaf,South Africa,1942,4.157
zaf,South Africa,1943,4.107
zaf,South Africa,1944,4.51
zaf,South Africa,1945,4.53
zaf,South Africa,1946,4.459
zaf,South Africa,1947,4.359
zaf,South Africa,1948,4.373
zaf,South Africa,1949,4.547
zaf,South Africa,1950,4.482
zaf,South Africa,1951,4.683
zaf,South Africa,1952,4.987
zaf,South Africa,1953,4.887
zaf,South Africa,1954,4.975
zaf,South Africa,1955,5.459
zaf,South Africa,1956,5.614
zaf,South Africa,1957,5.636
zaf,South Africa,1958,5.911
zaf,South Africa,1959,5.665
zaf,South Africa,1960,5.726
zaf,South Africa,1961,5.831
zaf,South Africa,1962,5.885
zaf,South Africa,1963,5.957
zaf,South Africa,1964,6.322
zaf,South Africa,1965,6.594
zaf,South Africa,1966,6.41
zaf,South Africa,1967,6.477
zaf,South Africa,1968,6.446
zaf,South Africa,1969,6.418
zaf,South Africa,1970,6.388
zaf,South Africa,1971,6.784
zaf,South Africa,1972,6.451
zaf,South Africa,1973,6.016
zaf,South Africa,1974,5.593
zaf,South Africa,1975,5.302
zaf,South Africa,1976,4.975
zaf,South Africa,1977,4.637
zaf,South Africa,1978,4.254
zaf,South Africa,1979,4.253
zaf,South Africa,1980,4.199
zaf,South Africa,1981,4.605
zaf,South Africa,1982,5.05
zaf,South Africa,1983,5.36
zaf,South Africa,1984,5.427
zaf,South Africa,1985,5.712
zaf,South Africa,1986,5.711
zaf,South Africa,1987,5.686
zaf,South Africa,1988,5.522
zaf,South Africa,1989,5.626
zaf,South Africa,1990,5.465
zaf,South Africa,1991,5.79
zaf,South Africa,1992,5.31
zaf,South Africa,1993,5.39
zaf,South Africa,1994,5.687
zaf,South Africa,1995,5.885
zaf,South Africa,1996,5.635
zaf,South Africa,1997,5.855
zaf,South Africa,1998,5.582
zaf,South Africa,1999,6.063
zaf,South Africa,2000,5.836
zaf,South Africa,2001,5.487
zaf,South Africa,2002,5.064
zaf,South Africa,2003,5.508
zaf,South Africa,2004,6.336
zaf,South Africa,2005,5.843
zaf,South Africa,2006,6.446
zaf,South Africa,2007,6.498
zaf,South Africa,2008,6.38
zaf,South Africa,2009,6.468
zaf,South Africa,2010,6.203
zaf,South Africa,2011,6.071
zaf,South Africa,2012,6.39
zaf,South Africa,2013,6.204
zaf,South Africa,2014,6.097
zaf,South Africa,2015,5.756
zaf,South Africa,2016,5.68
zaf,South Africa,2017,5.55
zaf,South Africa,2018,5.42
zaf,South Africa,2019,5.683
zaf,South Africa,2020,5.114
zaf,South Africa,2021,5.077
zaf,South Africa,2022,5.179
zmb,Zambia,1900,0.409
zmb,Zambia,1901,0.402
zmb,Zambia,1902,0.413
zmb,Zambia,1903,0.425
zmb,Zambia,1904,0.436
zmb,Zambia,1905,0.441
zmb,Zambia,1906,0.448
zmb,Zambia,1907,0.456
zmb,Zambia,1908,0.466
zmb,Zambia,1909,0.471
zmb,Zambia,1910,0.481
zmb,Zambia,1911,0.491
zmb,Zambia,1912,0.518
zmb,Zambia,1913,0.504
zmb,Zambia,1914,0.504
zmb,Zambia,1915,0.496
zmb,Zambia,1916,0.497
zmb,Zambia,1917,0.518
zmb,Zambia,1918,0.53
zmb,Zambia,1919,0.563
zmb,Zambia,1920,0.578
zmb,Zambia,1921,0.592
zmb,Zambia,1922,0.605
zmb,Zambia,1923,0.602
zmb,Zambia,1924,0.625
zmb,Zambia,1925,0.645
zmb,Zambia,1926,0.673
zmb,Zambia,1927,0.693
zmb,Zambia,1928,0.67
zmb,Zambia,1929,0.685
zmb,Zambia,1930,0.707
zmb,Zambia,1931,0.737
zmb,Zambia,1932,0.697
zmb,Zambia,1933,0.698
zmb,Zambia,1934,0.722
zmb,Zambia,1935,0.748
zmb,Zambia,1936,0.774
zmb,Zambia,1937,0.799
zmb,Zambia,1938,0.854
zmb,Zambia,1939,0.858
zmb,Zambia,1940,0.873
zmb,Zambia,1941,0.9
zmb,Zambia,1942,0.923
zmb,Zambia,1943,0.96
zmb,Zambia,1944,0.969
zmb,Zambia,1945,1.0
zmb,Zambia,1946,1.041
zmb,Zambia,1947,1.029
zmb,Zambia,1948,1.052
zmb,Zambia,1949,1.113
zmb,Zambia,1950,1.128
zmb,Zambia,1951,1.196
zmb,Zambia,1952,1.178
zmb,Zambia,1953,1.213
zmb,Zambia,1954,1.241
zmb,Zambia,1955,1.291
zmb,Zambia,1956,1.343
zmb,Zambia,1957,1.406
zmb,Zambia,1958,1.521
zmb,Zambia,1959,1.534
zmb,Zambia,1960,1.419
zmb,Zambia,1961,1.173
zmb,Zambia,1962,1.1
zmb,Zambia,1963,1.026
zmb,Zambia,1964,0.947
zmb,Zambia,1965,1.098
zmb,Zambia,1966,0.953
zmb,Zambia,1967,1.267
zmb,Zambia,1968,1.176
zmb,Zambia,1969,1.07
zmb,Zambia,1970,0.921
zmb,Zambia,1971,0.905
zmb,Zambia,1972,0.951
zmb,Zambia,1973,1.054
zmb,Zambia,1974,0.948
zmb,Zambia,1975,0.907
zmb,Zambia,1976,0.88
zmb,Zambia,1977,0.804
zmb,Zambia,1978,0.732
zmb,Zambia,1979,0.74
zmb,Zambia,1980,0.704
zmb,Zambia,1981,0.648
zmb,Zambia,1982,0.597
zmb,Zambia,1983,0.603
zmb,Zambia,1984,0.542
zmb,Zambia,1985,0.451
zmb,Zambia,1986,0.425
zmb,Zambia,1987,0.432
zmb,Zambia,1988,0.391
zmb,Zambia,1989,0.441
zmb,Zambia,1990,0.354
zmb,Zambia,1991,0.374
zmb,Zambia,1992,0.375
zmb,Zambia,1993,0.391
zmb,Zambia,1994,0.387
zmb,Zambia,1995,0.375
zmb,Zambia,1996,0.362
zmb,Zambia,1997,0.456
zmb,Zambia,1998,0.42
zmb,Zambia,1999,0.344
zmb,Zambia,2000,0.392
zmb,Zambia,2001,0.407
zmb,Zambia,2002,0.398
zmb,Zambia,2003,0.372
zmb,Zambia,2004,0.383
zmb,Zambia,2005,0.36
zmb,Zambia,2006,0.399
zmb,Zambia,2007,0.476
zmb,Zambia,2008,0.529
zmb,Zambia,2009,0.421
zmb,Zambia,2010,0.392
zmb,Zambia,2011,0.493
zmb,Zambia,2012,0.503
zmb,Zambia,2013,0.511
zmb,Zambia,2014,0.56
zmb,Zambia,2015,0.519
zmb,Zambia,2016,0.471
zmb,Zambia,2017,0.474
zmb,Zambia,2018,0.467
zmb,Zambia,2019,0.487
zmb,Zambia,2020,0.388
zmb,Zambia,2021,0.416
zmb,Zambia,2022,0.424
zwe,Zimbabwe,1900,0.095
zwe,Zimbabwe,1901,0.094
zwe,Zimbabwe,1902,0.096
zwe,Zimbabwe,1903,0.099
zwe,Zimbabwe,1904,0.123
zwe,Zimbabwe,1905,0.198
zwe,Zimbabwe,1906,0.21
zwe,Zimbabwe,1907,0.227
zwe,Zimbabwe,1908,0.318
zwe,Zimbabwe,1909,0.325
zwe,Zimbabwe,1910,0.337
zwe,Zimbabwe,1911,0.393
zwe,Zimbabwe,1912,0.393
zwe,Zimbabwe,1913,0.433
zwe,Zimbabwe,1914,0.617
zwe,Zimbabwe,1915,0.71
zwe,Zimbabwe,1916,0.84
zwe,Zimbabwe,1917,0.925
zwe,Zimbabwe,1918,0.812
zwe,Zimbabwe,1919,0.831
zwe,Zimbabwe,1920,0.924
zwe,Zimbabwe,1921,0.905
zwe,Zimbabwe,1922,0.795
zwe,Zimbabwe,1923,0.931
zwe,Zimbabwe,1924,0.963
zwe,Zimbabwe,1925,1.1
zwe,Zimbabwe,1926,1.369
zwe,Zimbabwe,1927,1.391
zwe,Zimbabwe,1928,1.642
zwe,Zimbabwe,1929,1.523
zwe,Zimbabwe,1930,1.351
zwe,Zimbabwe,1931,0.828
zwe,Zimbabwe,1932,0.605
zwe,Zimbabwe,1933,0.655
zwe,Zimbabwe,1934,0.855
zwe,Zimbabwe,1935,0.904
zwe,Zimbabwe,1936,0.899
zwe,Zimbabwe,1937,1.288
zwe,Zimbabwe,1938,1.28
zwe,Zimbabwe,1939,1.344
zwe,Zimbabwe,1940,1.522
zwe,Zimbabwe,1941,1.632
zwe,Zimbabwe,1942,1.77
zwe,Zimbabwe,1943,1.979
zwe,Zimbabwe,1944,1.973
zwe,Zimbabwe,1945,1.802
zwe,Zimbabwe,1946,1.708
zwe,Zimbabwe,1947,1.569
zwe,Zimbabwe,1948,1.73
zwe,Zimbabwe,1949,1.914
zwe,Zimbabwe,1950,1.255
zwe,Zimbabwe,1951,1.331
zwe,Zimbabwe,1952,1.31
zwe,Zimbabwe,1953,1.35
zwe,Zimbabwe,1954,1.38
zwe,Zimbabwe,1955,1.436
zwe,Zimbabwe,1956,1.494
zwe,Zimbabwe,1957,1.565
zwe,Zimbabwe,1958,1.693
zwe,Zimbabwe,1959,1.707
zwe,Zimbabwe,1960,1.575
zwe,Zimbabwe,1961,1.297
zwe,Zimbabwe,1962,1.211
zwe,Zimbabwe,1963,1.126
zwe,Zimbabwe,1964,1.035
zwe,Zimbabwe,1965,1.168
zwe,Zimbabwe,1966,1.311
zwe,Zimbabwe,1967,1.114
zwe,Zimbabwe,1968,1.302
zwe,Zimbabwe,1969,1.339
zwe,Zimbabwe,1970,1.577
zwe,Zimbabwe,1971,1.649
zwe,Zimbabwe,1972,1.518
zwe,Zimbabwe,1973,1.681
zwe,Zimbabwe,1974,1.614
zwe,Zimbabwe,1975,1.461
zwe,Zimbabwe,1976,1.883
zwe,Zimbabwe,1977,1.587
zwe,Zimbabwe,1978,1.558
zwe,Zimbabwe,1979,1.548
zwe,Zimbabwe,1980,1.533
zwe,Zimbabwe,1981,1.447
zwe,Zimbabwe,1982,1.367
zwe,Zimbabwe,1983,1.231
zwe,Zimbabwe,1984,1.409
zwe,Zimbabwe,1985,1.287
zwe,Zimbabwe,1986,1.283
zwe,Zimbabwe,1987,1.584
zwe,Zimbabwe,1988,1.776
zwe,Zimbabwe,1989,1.815
zwe,Zimbabwe,1990,1.77
zwe,Zimbabwe,1991,1.685
zwe,Zimbabwe,1992,1.672
zwe,Zimbabwe,1993,1.584
zwe,Zimbabwe,1994,1.632
zwe,Zimbabwe,1995,1.486
zwe,Zimbabwe,1996,1.517
zwe,Zimbabwe,1997,1.344
zwe,Zimbabwe,1998,1.198
zwe,Zimbabwe,1999,1.22
zwe,Zimbabwe,2000,1.03
zwe,Zimbabwe,2001,0.976
zwe,Zimbabwe,2002,1.034
zwe,Zimbabwe,2003,0.967
zwe,Zimbabwe,2004,0.817
zwe,Zimbabwe,2005,0.907
zwe,Zimbabwe,2006,0.929
zwe,Zimbabwe,2007,0.903
zwe,Zimbabwe,2008,0.851
zwe,Zimbabwe,2009,0.778
zwe,Zimbabwe,2010,0.733
zwe,Zimbabwe,2011,0.817
zwe,Zimbabwe,2012,0.906
zwe,Zimbabwe,2013,0.906
zwe,Zimbabwe,2014,0.929
zwe,Zimbabwe,2015,0.955
zwe,Zimbabwe,2016,0.821
zwe,Zimbabwe,2017,0.708
zwe,Zimbabwe,2018,0.83
zwe,Zimbabwe,2019,0.783
zwe,Zimbabwe,2020,0.737
zwe,Zimbabwe,2021,0.789
zwe,Zimbabwe,2022,0.804
