geo,country,year,life_expectancy
afg,Afghanistan,1900,38.46
afg,Afghanistan,1901,38.67
afg,Afghanistan,1902,38.88
afg,Afghanistan,1903,39.09
afg,Afghanistan,1904,39.3
afg,Afghanistan,1905,39.51
afg,Afghanistan,1906,39.71
afg,Afghanistan,1907,39.92
afg,Afghanistan,1908,40.13
afg,Afghanistan,1909,40.33
afg,Afghanistan,1910,40.54
afg,Afghanistan,1911,40.75
afg,Afghanistan,1912,40.96
afg,Afghanistan,1913,41.17
afg,Afghanistan,1914,41.38
afg,Afghanistan,1915,41.59
afg,Afghanistan,1916,41.8
afg,Afghanistan,1917,42.01
afg,Afghanistan,1918,11.02
afg,Afghanistan,1919,42.42
afg,Afghanistan,1920,42.63
afg,Afghanistan,1921,42.84
afg,Afghanistan,1922,43.05
afg,Afghanistan,1923,43.25
afg,Afghanistan,1924,43.46
afg,Afghanistan,1925,43.67
afg,Afghanistan,1926,43.87
afg,Afghanistan,1927,44.08
afg,Afghanistan,1928,44.29
afg,Afghanistan,1929,44.49
afg,Afghanistan,1930,44.7
afg,Afghanistan,1931,44.91
afg,Afghanistan,1932,45.11
afg,Afghanistan,1933,45.32
afg,Afghanistan,1934,45.52
afg,Afghanistan,1935,45.73
afg,Afghanistan,1936,45.93
afg,Afghanistan,1937,46.14
afg,Afghanistan,1938,46.34
afg,Afghanistan,1939,46.55
afg,Afghanistan,1940,46.75
afg,Afghanistan,1941,46.99
afg,Afghanistan,1942,47.23
afg,Afghanistan,1943,47.45
afg,Afghanistan,1944,47.69
afg,Afghanistan,1945,47.93
afg,Afghanistan,1946,48.16
afg,Afghanistan,1947,48.4
afg,Afghanistan,1948,48.62
afg,Afghanistan,1949,48.86
afg,Afghanistan,1950,49.1
afg,Afghanistan,1951,49.5
afg,Afghanistan,1952,49.7
afg,Afghanistan,1953,50.1
afg,Afghanistan,1954,50.1
afg,Afghanistan,1955,50.8
afg,Afghanistan,1956,51.0
afg,Afghanistan,1957,51.4
afg,Afghanistan,1958,51.7
afg,Afghanistan,1959,52.0
afg,Afghanistan,1960,52.3
afg,Afghanistan,1961,52.6
afg,Afghanistan,1962,52.9
afg,Afghanistan,1963,53.1
afg,Afghanistan,1964,53.3
afg,Afghanistan,1965,53.6
afg,Afghanistan,1966,53.8
afg,Afghanistan,1967,54.1
afg,Afghanistan,1968,54.3
afg,Afghanistan,1969,54.6
afg,Afghanistan,1970,54.8
afg,Afghanistan,1971,55.0
afg,Afghanistan,1972,55.2
afg,Afghanistan,1973,55.3
afg,Afghanistan,1974,55.4
afg,Afghanistan,1975,55.6
afg,Afghanistan,1976,55.8
afg,Afghanistan,1977,55.9
afg,Afghanistan,1978,53.7
afg,Afghanistan,1979,51.9
afg,Afghanistan,1980,51.4
afg,Afghanistan,1981,51.9
afg,Afghanistan,1982,50.5
afg,Afghanistan,1983,46.9
afg,Afghanistan,1984,43.8
afg,Afghanistan,1985,46.5
afg,Afghanistan,1986,48.0
afg,Afghanistan,1987,50.3
afg,Afghanistan,1988,52.9
afg,Afghanistan,1989,57.7
afg,Afghanistan,1990,59.0
afg,Afghanistan,1991,58.8
afg,Afghanistan,1992,59.2
afg,Afghanistan,1993,59.6
afg,Afghanistan,1994,59.5
afg,Afghanistan,1995,60.3
afg,Afghanistan,1996,60.9
afg,Afghanistan,1997,60.6
afg,Afghanistan,1998,59.4
afg,Afghanistan,1999,61.1
afg,Afghanistan,2000,61.2
afg,Afghanistan,2001,61.3
afg,Afghanistan,2002,62.1
afg,Afghanistan,2003,63.1
afg,Afghanistan,2004,63.5
afg,Afghanistan,2005,63.8
afg,Afghanistan,2006,64.0
afg,Afghanistan,2007,64.3
afg,Afghanistan,2008,64.7
afg,Afghanistan,2009,65.2
afg,Afghanistan,2010,65.6
afg,Afghanistan,2011,66.0
afg,Afghanistan,2012,66.3
afg,Afghanistan,2013,66.7
afg,Afghanistan,2014,66.5
afg,Afghanistan,2015,66.3
afg,Afghanistan,2016,66.5
afg,Afghanistan,2017,66.6
afg,Afghanistan,2018,66.3
afg,Afghanistan,2019,66.2
afg,Afghanistan,2020,64.6
afg,Afghanistan,2021,62.0
afg,Afghanistan,2022,68.0
afg,Afghanistan,2023,68.5
afg,Afghanistan,2024,68.81
afg,Afghanistan,2025,69.02
ago,Angola,1900,31.42
ago,Angola,1901,31.51
ago,Angola,1902,31.6
ago,Angola,1903,31.68
ago,Angola,1904,31.77
ago,Angola,1905,31.86
ago,Angola,1906,31.95
ago,Angola,1907,32.04
ago,Angola,1908,32.13
ago,Angola,1909,32.22
ago,Angola,1910,32.31
ago,Angola,1911,32.39
ago,Angola,1912,32.48
ago,Angola,1913,32.57
ago,Angola,1914,32.66
ago,Angola,1915,32.75
ago,Angola,1916,32.84
ago,Angola,1917,32.93
ago,Angola,1918,12.76
ago,Angola,1919,33.1
ago,Angola,1920,33.19
ago,Angola,1921,33.28
ago,Angola,1922,33.37
ago,Angola,1923,33.46
ago,Angola,1924,33.55
ago,Angola,1925,33.64
ago,Angola,1926,33.73
ago,Angola,1927,33.81
ago,Angola,1928,33.9
ago,Angola,1929,33.99
ago,Angola,1930,34.08
ago,Angola,1931,34.17
ago,Angola,1932,34.26
ago,Angola,1933,34.35
ago,Angola,1934,34.44
ago,Angola,1935,34.52
ago,Angola,1936,34.61
ago,Angola,1937,34.7
ago,Angola,1938,34.79
ago,Angola,1939,34.88
ago,Angola,1940,34.97
ago,Angola,1941,35.54
ago,Angola,1942,36.12
ago,Angola,1943,36.7
ago,Angola,1944,37.27
ago,Angola,1945,37.85
ago,Angola,1946,38.44
ago,Angola,1947,39.02
ago,Angola,1948,39.61
ago,Angola,1949,40.21
ago,Angola,1950,40.8
ago,Angola,1951,41.0
ago,Angola,1952,41.2
ago,Angola,1953,41.3
ago,Angola,1954,41.3
ago,Angola,1955,41.4
ago,Angola,1956,41.5
ago,Angola,1957,41.6
ago,Angola,1958,41.7
ago,Angola,1959,41.8
ago,Angola,1960,41.9
ago,Angola,1961,40.5
ago,Angola,1962,40.7
ago,Angola,1963,40.8
ago,Angola,1964,41.0
ago,Angola,1965,41.3
ago,Angola,1966,41.7
ago,Angola,1967,42.0
ago,Angola,1968,42.3
ago,Angola,1969,42.7
ago,Angola,1970,43.0
ago,Angola,1971,43.4
ago,Angola,1972,43.8
ago,Angola,1973,44.2
ago,Angola,1974,44.6
ago,Angola,1975,44.9
ago,Angola,1976,45.2
ago,Angola,1977,45.5
ago,Angola,1978,45.8
ago,Angola,1979,46.1
ago,Angola,1980,46.4
ago,Angola,1981,46.7
ago,Angola,1982,47.0
ago,Angola,1983,47.2
ago,Angola,1984,47.4
ago,Angola,1985,47.7
ago,Angola,1986,47.9
ago,Angola,1987,48.2
ago,Angola,1988,48.3
ago,Angola,1989,49.3
ago,Angola,1990,49.7
ago,Angola,1991,50.4
ago,Angola,1992,50.5
ago,Angola,1993,49.2
ago,Angola,1994,50.6
ago,Angola,1995,51.6
ago,Angola,1996,52.6
ago,Angola,1997,53.1
ago,Angola,1998,53.1
ago,Angola,1999,53.3
ago,Angola,2000,54.0
ago,Angola,2001,54.4
ago,Angola,2002,55.1
ago,Angola,2003,55.8
ago,Angola,2004,56.4
ago,Angola,2005,57.1
ago,Angola,2006,57.4
ago,Angola,2007,58.3
ago,Angola,2008,59.0
ago,Angola,2009,59.5
ago,Angola,2010,60.0
ago,Angola,2011,60.5
ago,Angola,2012,61.1
ago,Angola,2013,61.7
ago,Angola,2014,62.3
ago,Angola,2015,62.7
ago,Angola,2016,63.0
ago,Angola,2017,63.3
ago,Angola,2018,63.6
ago,Angola,2019,63.8
ago,Angola,2020,62.8
ago,Angola,2021,61.8
ago,Angola,2022,64.0
ago,Angola,2023,64.3
ago,Angola,2024,64.5
ago,Angola,2025,64.7
alb,Albania,1900,35.6
alb,Albania,1901,35.61
alb,Albania,1902,35.61
alb,Albania,1903,35.61
alb,Albania,1904,35.62
alb,Albania,1905,35.62
alb,Albania,1906,35.63
alb,Albania,1907,35.63
alb,Albania,1908,35.63
alb,Albania,1909,35.64
alb,Albania,1910,35.64
alb,Albania,1911,35.65
alb,Albania,1912,35.65
alb,Albania,1913,35.65
alb,Albania,1914,35.66
alb,Albania,1915,35.66
alb,Albania,1916,35.67
alb,Albania,1917,35.67
alb,Albania,1918,19.58
alb,Albania,1919,35.68
alb,Albania,1920,35.68
alb,Albania,1921,35.69
alb,Albania,1922,35.69
alb,Albania,1923,35.69
alb,Albania,1924,35.7
alb,Albania,1925,35.7
alb,Albania,1926,35.71
alb,Albania,1927,35.71
alb,Albania,1928,35.71
alb,Albania,1929,35.72
alb,Albania,1930,36.62
alb,Albania,1931,37.53
alb,Albania,1932,38.44
alb,Albania,1933,39.35
alb,Albania,1934,40.25
alb,Albania,1935,41.16
alb,Albania,1936,42.07
alb,Albania,1937,42.98
alb,Albania,1938,43.89
alb,Albania,1939,43.44
alb,Albania,1940,42.43
alb,Albania,1941,41.96
alb,Albania,1942,40.48
alb,Albania,1943,37.48
alb,Albania,1944,34.48
alb,Albania,1945,47.66
alb,Albania,1946,50.73
alb,Albania,1947,52.28
alb,Albania,1948,53.22
alb,Albania,1949,54.16
alb,Albania,1950,55.1
alb,Albania,1951,55.6
alb,Albania,1952,56.2
alb,Albania,1953,56.7
alb,Albania,1954,57.3
alb,Albania,1955,58.0
alb,Albania,1956,58.8
alb,Albania,1957,59.7
alb,Albania,1958,60.5
alb,Albania,1959,61.2
alb,Albania,1960,61.8
alb,Albania,1961,62.4
alb,Albania,1962,62.8
alb,Albania,1963,63.4
alb,Albania,1964,64.0
alb,Albania,1965,64.6
alb,Albania,1966,65.1
alb,Albania,1967,65.6
alb,Albania,1968,66.1
alb,Albania,1969,66.5
alb,Albania,1970,67.0
alb,Albania,1971,67.6
alb,Albania,1972,68.1
alb,Albania,1973,68.7
alb,Albania,1974,69.2
alb,Albania,1975,69.7
alb,Albania,1976,70.1
alb,Albania,1977,70.5
alb,Albania,1978,70.8
alb,Albania,1979,71.1
alb,Albania,1980,71.3
alb,Albania,1981,71.4
alb,Albania,1982,71.5
alb,Albania,1983,71.5
alb,Albania,1984,71.5
alb,Albania,1985,71.4
alb,Albania,1986,71.6
alb,Albania,1987,71.7
alb,Albania,1988,71.7
alb,Albania,1989,71.8
alb,Albania,1990,71.9
alb,Albania,1991,72.1
alb,Albania,1992,72.5
alb,Albania,1993,72.9
alb,Albania,1994,73.3
alb,Albania,1995,73.6
alb,Albania,1996,73.7
alb,Albania,1997,72.2
alb,Albania,1998,74.5
alb,Albania,1999,74.9
alb,Albania,2000,75.1
alb,Albania,2001,75.5
alb,Albania,2002,75.6
alb,Albania,2003,75.7
alb,Albania,2004,76.0
alb,Albania,2005,76.3
alb,Albania,2006,76.9
alb,Albania,2007,77.4
alb,Albania,2008,77.6
alb,Albania,2009,77.9
alb,Albania,2010,78.1
alb,Albania,2011,78.3
alb,Albania,2012,78.4
alb,Albania,2013,78.5
alb,Albania,2014,78.5
alb,Albania,2015,78.5
alb,Albania,2016,78.7
alb,Albania,2017,78.8
alb,Albania,2018,78.9
alb,Albania,2019,78.9
alb,Albania,2020,77.4
alb,Albania,2021,76.9
alb,Albania,2022,78.7
alb,Albania,2023,79.6
alb,Albania,2024,79.8
alb,Albania,2025,80.0
and,Andorra,1950,70.0
and,Andorra,1951,70.3
and,Andorra,1952,70.6
and,Andorra,1953,71.0
and,Andorra,1954,71.3
and,Andorra,1955,71.6
and,Andorra,1956,71.8
and,Andorra,1957,72.1
and,Andorra,1958,72.4
and,Andorra,1959,72.6
and,Andorra,1960,72.9
and,Andorra,1961,73.1
and,Andorra,1962,73.4
and,Andorra,1963,73.6
and,Andorra,1964,73.9
and,Andorra,1965,74.1
and,Andorra,1966,74.3
and,Andorra,1967,74.6
and,Andorra,1968,74.9
and,Andorra,1969,75.2
and,Andorra,1970,75.4
and,Andorra,1971,75.6
and,Andorra,1972,75.8
and,Andorra,1973,76.1
and,Andorra,1974,76.4
and,Andorra,1975,76.7
and,Andorra,1976,76.8
and,Andorra,1977,77.1
and,Andorra,1978,77.4
and,Andorra,1979,77.6
and,Andorra,1980,77.8
and,Andorra,1981,77.8
and,Andorra,1982,78.0
and,Andorra,1983,78.3
and,Andorra,1984,78.5
and,Andorra,1985,78.6
and,Andorra,1986,78.7
and,Andorra,1987,78.9
and,Andorra,1988,79.1
and,Andorra,1989,79.2
and,Andorra,1990,79.4
and,Andorra,1991,79.5
and,Andorra,1992,79.7
and,Andorra,1993,79.8
and,Andorra,1994,80.0
and,Andorra,1995,80.1
and,Andorra,1996,80.3
and,Andorra,1997,80.4
and,Andorra,1998,80.6
and,Andorra,1999,80.7
and,Andorra,2000,80.8
and,Andorra,2001,81.2
and,Andorra,2002,81.4
and,Andorra,2003,81.7
and,Andorra,2004,81.9
and,Andorra,2005,82.1
and,Andorra,2006,82.3
and,Andorra,2007,82.5
and,Andorra,2008,82.6
and,Andorra,2009,82.7
and,Andorra,2010,82.7
and,Andorra,2011,82.9
and,Andorra,2012,83.1
and,Andorra,2013,83.2
and,Andorra,2014,83.3
and,Andorra,2015,83.4
and,Andorra,2016,83.6
and,Andorra,2017,83.7
and,Andorra,2018,83.8
and,Andorra,2019,83.9
and,Andorra,2020,82.7
and,Andorra,2021,83.4
and,Andorra,2022,83.2
and,Andorra,2023,83.9
and,Andorra,2024,84.1
and,Andorra,2025,84.2
are,UAE,1900,32.14
are,UAE,1901,32.17
are,UAE,1902,32.2
are,UAE,1903,32.23
are,UAE,1904,32.26
are,UAE,1905,32.28
are,UAE,1906,32.31
are,UAE,1907,32.34
are,UAE,1908,32.37
are,UAE,1909,32.4
are,UAE,1910,32.43
are,UAE,1911,32.46
are,UAE,1912,32.49
are,UAE,1913,32.52
are,UAE,1914,32.54
are,UAE,1915,32.57
are,UAE,1916,32.6
are,UAE,1917,32.63
are,UAE,1918,27.07
are,UAE,1919,32.69
are,UAE,1920,32.72
are,UAE,1921,32.75
are,UAE,1922,32.77
are,UAE,1923,32.8
are,UAE,1924,32.83
are,UAE,1925,32.86
are,UAE,1926,32.89
are,UAE,1927,32.92
are,UAE,1928,32.95
are,UAE,1929,32.98
are,UAE,1930,33.01
are,UAE,1931,33.03
are,UAE,1932,33.06
are,UAE,1933,33.09
are,UAE,1934,33.12
are,UAE,1935,33.15
are,UAE,1936,33.18
are,UAE,1937,33.21
are,UAE,1938,33.24
are,UAE,1939,33.26
are,UAE,1940,33.29
are,UAE,1941,33.3
are,UAE,1942,33.31
are,UAE,1943,33.33
are,UAE,1944,33.33
are,UAE,1945,33.34
are,UAE,1946,35.68
are,UAE,1947,38.04
are,UAE,1948,40.39
are,UAE,1949,42.74
are,UAE,1950,45.1
are,UAE,1951,45.9
are,UAE,1952,46.8
are,UAE,1953,47.4
are,UAE,1954,48.2
are,UAE,1955,49.0
are,UAE,1956,49.7
are,UAE,1957,50.3
are,UAE,1958,51.0
are,UAE,1959,51.7
are,UAE,1960,52.4
are,UAE,1961,53.1
are,UAE,1962,53.8
are,UAE,1963,54.5
are,UAE,1964,55.3
are,UAE,1965,56.1
are,UAE,1966,56.9
are,UAE,1967,57.7
are,UAE,1968,58.4
are,UAE,1969,59.1
are,UAE,1970,59.5
are,UAE,1971,60.5
are,UAE,1972,61.2
are,UAE,1973,61.8
are,UAE,1974,62.3
are,UAE,1975,62.9
are,UAE,1976,63.4
are,UAE,1977,63.9
are,UAE,1978,64.3
are,UAE,1979,64.6
are,UAE,1980,65.1
are,UAE,1981,65.8
are,UAE,1982,66.5
are,UAE,1983,66.8
are,UAE,1984,67.9
are,UAE,1985,68.5
are,UAE,1986,69.0
are,UAE,1987,69.4
are,UAE,1988,69.7
are,UAE,1989,70.0
are,UAE,1990,70.4
are,UAE,1991,70.8
are,UAE,1992,71.2
are,UAE,1993,71.4
are,UAE,1994,71.6
are,UAE,1995,71.9
are,UAE,1996,72.2
are,UAE,1997,72.4
are,UAE,1998,72.4
are,UAE,1999,72.5
are,UAE,2000,72.7
are,UAE,2001,72.9
are,UAE,2002,73.4
are,UAE,2003,73.9
are,UAE,2004,74.2
are,UAE,2005,74.6
are,UAE,2006,74.9
are,UAE,2007,75.1
are,UAE,2008,75.4
are,UAE,2009,75.9
are,UAE,2010,76.5
are,UAE,2011,77.0
are,UAE,2012,77.5
are,UAE,2013,78.0
are,UAE,2014,78.3
are,UAE,2015,78.5
are,UAE,2016,78.9
are,UAE,2017,79.2
are,UAE,2018,79.5
are,UAE,2019,79.8
are,UAE,2020,79.5
are,UAE,2021,79.5
are,UAE,2022,80.1
are,UAE,2023,80.1
are,UAE,2024,80.29
are,UAE,2025,80.39
arg,Argentina,1900,37.27
arg,Argentina,1901,37.87
arg,Argentina,1902,38.47
arg,Argentina,1903,39.07
arg,Argentina,1904,39.67
arg,Argentina,1905,40.26
arg,Argentina,1906,41.04
arg,Argentina,1907,41.83
arg,Argentina,1908,42.61
arg,Argentina,1909,43.39
arg,Argentina,1910,44.17
arg,Argentina,1911,44.73
arg,Argentina,1912,45.29
arg,Argentina,1913,45.85
arg,Argentina,1914,46.41
arg,Argentina,1915,46.97
arg,Argentina,1916,47.8
arg,Argentina,1917,48.63
arg,Argentina,1918,42.49
arg,Argentina,1919,50.28
arg,Argentina,1920,51.11
arg,Argentina,1921,51.61
arg,Argentina,1922,52.11
arg,Argentina,1923,52.61
arg,Argentina,1924,53.12
arg,Argentina,1925,53.62
arg,Argentina,1926,53.98
arg,Argentina,1927,54.34
arg,Argentina,1928,54.7
arg,Argentina,1929,55.06
arg,Argentina,1930,55.42
arg,Argentina,1931,55.44
arg,Argentina,1932,55.45
arg,Argentina,1933,55.46
arg,Argentina,1934,55.48
arg,Argentina,1935,55.49
arg,Argentina,1936,56.49
arg,Argentina,1937,57.48
arg,Argentina,1938,58.48
arg,Argentina,1939,59.48
arg,Argentina,1940,60.47
arg,Argentina,1941,61.1
arg,Argentina,1942,61.73
arg,Argentina,1943,62.36
arg,Argentina,1944,62.98
arg,Argentina,1945,63.61
arg,Argentina,1946,63.53
arg,Argentina,1947,63.45
arg,Argentina,1948,63.36
arg,Argentina,1949,63.28
arg,Argentina,1950,63.2
arg,Argentina,1951,63.6
arg,Argentina,1952,64.0
arg,Argentina,1953,64.1
arg,Argentina,1954,64.4
arg,Argentina,1955,64.3
arg,Argentina,1956,64.6
arg,Argentina,1957,64.4
arg,Argentina,1958,65.0
arg,Argentina,1959,65.1
arg,Argentina,1960,65.2
arg,Argentina,1961,65.5
arg,Argentina,1962,65.6
arg,Argentina,1963,65.6
arg,Argentina,1964,65.7
arg,Argentina,1965,65.9
arg,Argentina,1966,66.4
arg,Argentina,1967,66.4
arg,Argentina,1968,66.1
arg,Argentina,1969,65.9
arg,Argentina,1970,66.3
arg,Argentina,1971,66.7
arg,Argentina,1972,67.0
arg,Argentina,1973,67.2
arg,Argentina,1974,67.0
arg,Argentina,1975,67.2
arg,Argentina,1976,66.8
arg,Argentina,1977,67.8
arg,Argentina,1978,69.1
arg,Argentina,1979,69.8
arg,Argentina,1980,70.0
arg,Argentina,1981,70.3
arg,Argentina,1982,71.1
arg,Argentina,1983,70.9
arg,Argentina,1984,70.9
arg,Argentina,1985,71.7
arg,Argentina,1986,72.0
arg,Argentina,1987,71.9
arg,Argentina,1988,72.0
arg,Argentina,1989,72.2
arg,Argentina,1990,72.3
arg,Argentina,1991,72.6
arg,Argentina,1992,72.6
arg,Argentina,1993,72.8
arg,Argentina,1994,73.3
arg,Argentina,1995,73.2
arg,Argentina,1996,73.4
arg,Argentina,1997,73.6
arg,Argentina,1998,73.6
arg,Argentina,1999,73.6
arg,Argentina,2000,74.2
arg,Argentina,2001,74.3
arg,Argentina,2002,74.3
arg,Argentina,2003,74.3
arg,Argentina,2004,74.8
arg,Argentina,2005,75.2
arg,Argentina,2006,75.4
arg,Argentina,2007,75.1
arg,Argentina,2008,75.6
arg,Argentina,2009,75.8
arg,Argentina,2010,75.7
arg,Argentina,2011,76.0
arg,Argentina,2012,76.1
arg,Argentina,2013,76.3
arg,Argentina,2014,76.6
arg,Argentina,2015,76.6
arg,Argentina,2016,76.4
arg,Argentina,2017,76.9
arg,Argentina,2018,77.2
arg,Argentina,2019,77.5
arg,Argentina,2020,76.4
arg,Argentina,2021,74.6
arg,Argentina,2022,76.3
arg,Argentina,2023,77.6
arg,Argentina,2024,77.7
arg,Argentina,2025,77.9
arm,Armenia,1900,34.86
arm,Armenia,1901,35.08
arm,Armenia,1902,35.31
arm,Armenia,1903,35.53
arm,Armenia,1904,35.75
arm,Armenia,1905,35.97
arm,Armenia,1906,36.19
arm,Armenia,1907,36.41
arm,Armenia,1908,36.63
arm,Armenia,1909,36.85
arm,Armenia,1910,37.07
arm,Armenia,1911,39.89
arm,Armenia,1912,40.28
arm,Armenia,1913,38.17
arm,Armenia,1914,37.75
arm,Armenia,1915,37.34
arm,Armenia,1916,37.32
arm,Armenia,1917,34.41
arm,Armenia,1918,25.94
arm,Armenia,1919,35.52
arm,Armenia,1920,26.87
arm,Armenia,1921,36.44
arm,Armenia,1922,37.38
arm,Armenia,1923,38.19
arm,Armenia,1924,40.56
arm,Armenia,1925,39.67
arm,Armenia,1926,42.71
arm,Armenia,1927,42.04
arm,Armenia,1928,43.46
arm,Armenia,1929,42.25
arm,Armenia,1930,41.56
arm,Armenia,1931,40.03
arm,Armenia,1932,37.63
arm,Armenia,1933,31.42
arm,Armenia,1934,43.72
arm,Armenia,1935,45.16
arm,Armenia,1936,46.72
arm,Armenia,1937,45.76
arm,Armenia,1938,47.33
arm,Armenia,1939,49.58
arm,Armenia,1940,47.21
arm,Armenia,1941,26.56
arm,Armenia,1942,23.28
arm,Armenia,1943,21.41
arm,Armenia,1944,28.54
arm,Armenia,1945,37.54
arm,Armenia,1946,53.9
arm,Armenia,1947,46.35
arm,Armenia,1948,53.99
arm,Armenia,1949,56.63
arm,Armenia,1950,58.8
arm,Armenia,1951,58.9
arm,Armenia,1952,59.1
arm,Armenia,1953,59.1
arm,Armenia,1954,59.2
arm,Armenia,1955,59.4
arm,Armenia,1956,59.6
arm,Armenia,1957,59.9
arm,Armenia,1958,60.3
arm,Armenia,1959,60.7
arm,Armenia,1960,61.3
arm,Armenia,1961,62.0
arm,Armenia,1962,62.7
arm,Armenia,1963,63.3
arm,Armenia,1964,64.0
arm,Armenia,1965,64.6
arm,Armenia,1966,65.3
arm,Armenia,1967,65.8
arm,Armenia,1968,66.3
arm,Armenia,1969,66.8
arm,Armenia,1970,67.1
arm,Armenia,1971,67.4
arm,Armenia,1972,67.7
arm,Armenia,1973,68.0
arm,Armenia,1974,68.3
arm,Armenia,1975,68.5
arm,Armenia,1976,68.8
arm,Armenia,1977,69.2
arm,Armenia,1978,69.6
arm,Armenia,1979,70.2
arm,Armenia,1980,70.7
arm,Armenia,1981,71.1
arm,Armenia,1982,71.3
arm,Armenia,1983,71.3
arm,Armenia,1984,71.4
arm,Armenia,1985,71.4
arm,Armenia,1986,71.4
arm,Armenia,1987,71.4
arm,Armenia,1988,55.6
arm,Armenia,1989,70.9
arm,Armenia,1990,70.4
arm,Armenia,1991,69.9
arm,Armenia,1992,69.4
arm,Armenia,1993,69.4
arm,Armenia,1994,69.8
arm,Armenia,1995,70.2
arm,Armenia,1996,70.7
arm,Armenia,1997,71.4
arm,Armenia,1998,72.0
arm,Armenia,1999,72.3
arm,Armenia,2000,72.6
arm,Armenia,2001,72.8
arm,Armenia,2002,72.8
arm,Armenia,2003,72.9
arm,Armenia,2004,73.0
arm,Armenia,2005,73.2
arm,Armenia,2006,73.3
arm,Armenia,2007,73.3
arm,Armenia,2008,73.5
arm,Armenia,2009,73.8
arm,Armenia,2010,74.0
arm,Armenia,2011,74.3
arm,Armenia,2012,74.6
arm,Armenia,2013,75.1
arm,Armenia,2014,75.4
arm,Armenia,2015,75.8
arm,Armenia,2016,76.0
arm,Armenia,2017,76.4
arm,Armenia,2018,77.0
arm,Armenia,2019,77.3
arm,Armenia,2020,70.7
arm,Armenia,2021,75.0
arm,Armenia,2022,77.6
arm,Armenia,2023,79.6
arm,Armenia,2024,79.71
arm,Armenia,2025,79.92
atg,Antigua and Barbuda,1900,33.92
atg,Antigua and Barbuda,1901,33.93
atg,Antigua and Barbuda,1902,33.94
atg,Antigua and Barbuda,1903,33.95
atg,Antigua and Barbuda,1904,33.96
atg,Antigua and Barbuda,1905,33.96
atg,Antigua and Barbuda,1906,33.97
atg,Antigua and Barbuda,1907,33.98
atg,Antigua and Barbuda,1908,33.99
atg,Antigua and Barbuda,1909,33.99
atg,Antigua and Barbuda,1910,34.0
atg,Antigua and Barbuda,1911,34.01
atg,Antigua and Barbuda,1912,34.02
atg,Antigua and Barbuda,1913,34.02
atg,Antigua and Barbuda,1914,34.03
atg,Antigua and Barbuda,1915,34.04
atg,Antigua and Barbuda,1916,34.05
atg,Antigua and Barbuda,1917,34.06
atg,Antigua and Barbuda,1918,22.09
atg,Antigua and Barbuda,1919,34.07
atg,Antigua and Barbuda,1920,34.08
atg,Antigua and Barbuda,1921,34.09
atg,Antigua and Barbuda,1922,34.93
atg,Antigua and Barbuda,1923,35.78
atg,Antigua and Barbuda,1924,36.63
atg,Antigua and Barbuda,1925,37.48
atg,Antigua and Barbuda,1926,38.33
atg,Antigua and Barbuda,1927,39.18
atg,Antigua and Barbuda,1928,40.03
atg,Antigua and Barbuda,1929,40.89
atg,Antigua and Barbuda,1930,41.73
atg,Antigua and Barbuda,1931,42.59
atg,Antigua and Barbuda,1932,43.44
atg,Antigua and Barbuda,1933,44.3
atg,Antigua and Barbuda,1934,45.14
atg,Antigua and Barbuda,1935,46.0
atg,Antigua and Barbuda,1936,46.86
atg,Antigua and Barbuda,1937,47.71
atg,Antigua and Barbuda,1938,48.56
atg,Antigua and Barbuda,1939,49.42
atg,Antigua and Barbuda,1940,50.28
atg,Antigua and Barbuda,1941,51.18
atg,Antigua and Barbuda,1942,52.09
atg,Antigua and Barbuda,1943,52.98
atg,Antigua and Barbuda,1944,53.88
atg,Antigua and Barbuda,1945,54.79
atg,Antigua and Barbuda,1946,55.69
atg,Antigua and Barbuda,1947,56.58
atg,Antigua and Barbuda,1948,57.48
atg,Antigua and Barbuda,1949,58.4
atg,Antigua and Barbuda,1950,59.3
atg,Antigua and Barbuda,1951,59.7
atg,Antigua and Barbuda,1952,59.9
atg,Antigua and Barbuda,1953,60.1
atg,Antigua and Barbuda,1954,60.2
atg,Antigua and Barbuda,1955,60.5
atg,Antigua and Barbuda,1956,60.9
atg,Antigua and Barbuda,1957,61.4
atg,Antigua and Barbuda,1958,62.0
atg,Antigua and Barbuda,1959,62.5
atg,Antigua and Barbuda,1960,63.1
atg,Antigua and Barbuda,1961,63.8
atg,Antigua and Barbuda,1962,64.3
atg,Antigua and Barbuda,1963,64.9
atg,Antigua and Barbuda,1964,65.4
atg,Antigua and Barbuda,1965,65.9
atg,Antigua and Barbuda,1966,66.4
atg,Antigua and Barbuda,1967,66.9
atg,Antigua and Barbuda,1968,67.4
atg,Antigua and Barbuda,1969,67.9
atg,Antigua and Barbuda,1970,68.3
atg,Antigua and Barbuda,1971,68.7
atg,Antigua and Barbuda,1972,69.1
atg,Antigua and Barbuda,1973,69.3
atg,Antigua and Barbuda,1974,69.5
atg,Antigua and Barbuda,1975,69.6
atg,Antigua and Barbuda,1976,69.8
atg,Antigua and Barbuda,1977,69.9
atg,Antigua and Barbuda,1978,70.2
atg,Antigua and Barbuda,1979,70.5
atg,Antigua and Barbuda,1980,70.9
atg,Antigua and Barbuda,1981,71.2
atg,Antigua and Barbuda,1982,71.5
atg,Antigua and Barbuda,1983,71.8
atg,Antigua and Barbuda,1984,72.1
atg,Antigua and Barbuda,1985,72.3
atg,Antigua and Barbuda,1986,72.5
atg,Antigua and Barbuda,1987,72.7
atg,Antigua and Barbuda,1988,72.9
atg,Antigua and Barbuda,1989,73.0
atg,Antigua and Barbuda,1990,73.3
atg,Antigua and Barbuda,1991,73.4
atg,Antigua and Barbuda,1992,73.6
atg,Antigua and Barbuda,1993,73.7
atg,Antigua and Barbuda,1994,73.9
atg,Antigua and Barbuda,1995,73.8
atg,Antigua and Barbuda,1996,74.1
atg,Antigua and Barbuda,1997,73.1
atg,Antigua and Barbuda,1998,74.4
atg,Antigua and Barbuda,1999,74.7
atg,Antigua and Barbuda,2000,75.1
atg,Antigua and Barbuda,2001,75.2
atg,Antigua and Barbuda,2002,75.5
atg,Antigua and Barbuda,2003,75.7
atg,Antigua and Barbuda,2004,75.9
atg,Antigua and Barbuda,2005,76.1
atg,Antigua and Barbuda,2006,76.5
atg,Antigua and Barbuda,2007,76.7
atg,Antigua and Barbuda,2008,77.0
atg,Antigua and Barbuda,2009,77.4
atg,Antigua and Barbuda,2010,77.5
atg,Antigua and Barbuda,2011,77.7
atg,Antigua and Barbuda,2012,77.7
atg,Antigua and Barbuda,2013,77.6
atg,Antigua and Barbuda,2014,77.7
atg,Antigua and Barbuda,2015,77.7
atg,Antigua and Barbuda,2016,77.6
atg,Antigua and Barbuda,2017,77.6
atg,Antigua and Barbuda,2018,77.8
atg,Antigua and Barbuda,2019,77.9
atg,Antigua and Barbuda,2020,77.3
atg,Antigua and Barbuda,2021,76.3
atg,Antigua and Barbuda,2022,77.3
atg,Antigua and Barbuda,2023,77.8
atg,Antigua and Barbuda,2024,78.0
atg,Antigua and Barbuda,2025,78.1
aus,Australia,1900,50.03
aus,Australia,1901,50.57
aus,Australia,1902,51.09
aus,Australia,1903,51.62
aus,Australia,1904,52.16
aus,Australia,1905,52.69
aus,Australia,1906,53.22
aus,Australia,1907,53.76
aus,Australia,1908,54.29
aus,Australia,1909,54.83
aus,Australia,1910,55.36
aus,Australia,1911,55.89
aus,Australia,1912,56.43
aus,Australia,1913,56.96
aus,Australia,1914,57.49
aus,Australia,1915,58.02
aus,Australia,1916,58.55
aus,Australia,1917,59.09
aus,Australia,1918,54.96
aus,Australia,1919,60.15
aus,Australia,1920,60.69
aus,Australia,1921,61.22
aus,Australia,1922,63.08
aus,Australia,1923,61.92
aus,Australia,1924,62.72
aus,Australia,1925,63.42
aus,Australia,1926,63.14
aus,Australia,1927,63.11
aus,Australia,1928,63.17
aus,Australia,1929,63.36
aus,Australia,1930,65.18
aus,Australia,1931,65.61
aus,Australia,1932,65.92
aus,Australia,1933,65.75
aus,Australia,1934,65.11
aus,Australia,1935,65.38
aus,Australia,1936,65.51
aus,Australia,1937,66.07
aus,Australia,1938,66.11
aus,Australia,1939,66.07
aus,Australia,1940,66.51
aus,Australia,1941,66.39
aus,Australia,1942,66.13
aus,Australia,1943,66.66
aus,Australia,1944,68.3
aus,Australia,1945,68.73
aus,Australia,1946,68.24
aus,Australia,1947,68.86
aus,Australia,1948,68.78
aus,Australia,1949,69.41
aus,Australia,1950,69.3
aus,Australia,1951,69.2
aus,Australia,1952,69.4
aus,Australia,1953,69.8
aus,Australia,1954,70.1
aus,Australia,1955,70.3
aus,Australia,1956,70.3
aus,Australia,1957,70.6
aus,Australia,1958,70.9
aus,Australia,1959,70.8
aus,Australia,1960,71.0
aus,Australia,1961,71.2
aus,Australia,1962,71.2
aus,Australia,1963,71.1
aus,Australia,1964,70.9
aus,Australia,1965,71.0
aus,Australia,1966,71.0
aus,Australia,1967,71.1
aus,Australia,1968,71.0
aus,Australia,1969,71.1
aus,Australia,1970,71.0
aus,Australia,1971,71.3
aus,Australia,1972,71.7
aus,Australia,1973,71.8
aus,Australia,1974,71.8
aus,Australia,1975,72.3
aus,Australia,1976,72.6
aus,Australia,1977,73.1
aus,Australia,1978,73.6
aus,Australia,1979,74.1
aus,Australia,1980,74.4
aus,Australia,1981,74.6
aus,Australia,1982,74.7
aus,Australia,1983,75.1
aus,Australia,1984,75.3
aus,Australia,1985,75.4
aus,Australia,1986,75.8
aus,Australia,1987,76.0
aus,Australia,1988,76.1
aus,Australia,1989,76.2
aus,Australia,1990,76.8
aus,Australia,1991,77.2
aus,Australia,1992,77.4
aus,Australia,1993,77.7
aus,Australia,1994,77.8
aus,Australia,1995,78.1
aus,Australia,1996,78.3
aus,Australia,1997,78.6
aus,Australia,1998,78.9
aus,Australia,1999,79.2
aus,Australia,2000,79.6
aus,Australia,2001,79.9
aus,Australia,2002,80.1
aus,Australia,2003,80.5
aus,Australia,2004,80.8
aus,Australia,2005,81.2
aus,Australia,2006,81.4
aus,Australia,2007,81.4
aus,Australia,2008,81.4
aus,Australia,2009,81.7
aus,Australia,2010,82.0
aus,Australia,2011,82.1
aus,Australia,2012,82.4
aus,Australia,2013,82.5
aus,Australia,2014,82.5
aus,Australia,2015,82.6
aus,Australia,2016,82.8
aus,Australia,2017,83.1
aus,Australia,2018,83.3
aus,Australia,2019,83.3
aus,Australia,2020,83.8
aus,Australia,2021,83.7
aus,Australia,2022,83.1
aus,Australia,2023,83.9
aus,Australia,2024,84.1
aus,Australia,2025,84.2
aut,Austria,1900,41.7
aut,Austria,1901,42.18
aut,Austria,1902,41.22
aut,Austria,1903,40.27
aut,Austria,1904,40.91
aut,Austria,1905,41.54
aut,Austria,1906,42.17
aut,Austria,1907,42.8
aut,Austria,1908,43.43
aut,Austria,1909,44.06
aut,Austria,1910,44.7
aut,Austria,1911,45.32
aut,Austria,1912,45.9
aut,Austria,1913,46.48
aut,Austria,1914,47.04
aut,Austria,1915,47.62
aut,Austria,1916,48.2
aut,Austria,1917,48.78
aut,Austria,1918,32.61
aut,Austria,1919,49.92
aut,Austria,1920,50.5
aut,Austria,1921,51.07
aut,Austria,1922,51.64
aut,Austria,1923,52.22
aut,Austria,1924,52.8
aut,Austria,1925,53.38
aut,Austria,1926,53.94
aut,Austria,1927,54.52
aut,Austria,1928,55.1
aut,Austria,1929,55.68
aut,Austria,1930,56.25
aut,Austria,1931,56.82
aut,Austria,1932,57.14
aut,Austria,1933,57.45
aut,Austria,1934,57.75
aut,Austria,1935,58.07
aut,Austria,1936,58.38
aut,Austria,1937,58.68
aut,Austria,1938,59.0
aut,Austria,1939,58.52
aut,Austria,1940,58.23
aut,Austria,1941,56.92
aut,Austria,1942,54.51
aut,Austria,1943,50.58
aut,Austria,1944,39.39
aut,Austria,1945,31.63
aut,Austria,1946,56.43
aut,Austria,1947,61.79
aut,Austria,1948,63.74
aut,Austria,1949,63.93
aut,Austria,1950,65.4
aut,Austria,1951,65.9
aut,Austria,1952,66.7
aut,Austria,1953,67.2
aut,Austria,1954,67.4
aut,Austria,1955,67.7
aut,Austria,1956,67.7
aut,Austria,1957,67.8
aut,Austria,1958,68.3
aut,Austria,1959,68.6
aut,Austria,1960,68.9
aut,Austria,1961,69.4
aut,Austria,1962,69.5
aut,Austria,1963,69.7
aut,Austria,1964,70.0
aut,Austria,1965,69.9
aut,Austria,1966,70.1
aut,Austria,1967,70.0
aut,Austria,1968,70.0
aut,Austria,1969,69.9
aut,Austria,1970,70.0
aut,Austria,1971,70.3
aut,Austria,1972,70.6
aut,Austria,1973,71.0
aut,Austria,1974,71.2
aut,Austria,1975,71.3
aut,Austria,1976,71.7
aut,Austria,1977,72.0
aut,Austria,1978,72.2
aut,Austria,1979,72.5
aut,Austria,1980,72.7
aut,Austria,1981,72.9
aut,Austria,1982,73.1
aut,Austria,1983,73.3
aut,Austria,1984,73.8
aut,Austria,1985,74.1
aut,Austria,1986,74.6
aut,Austria,1987,75.0
aut,Austria,1988,75.4
aut,Austria,1989,75.6
aut,Austria,1990,75.8
aut,Austria,1991,75.9
aut,Austria,1992,76.1
aut,Austria,1993,76.3
aut,Austria,1994,76.6
aut,Austria,1995,76.8
aut,Austria,1996,77.0
aut,Austria,1997,77.4
aut,Austria,1998,77.7
aut,Austria,1999,78.0
aut,Austria,2000,78.3
aut,Austria,2001,78.6
aut,Austria,2002,78.8
aut,Austria,2003,78.9
aut,Austria,2004,79.3
aut,Austria,2005,79.5
aut,Austria,2006,79.8
aut,Austria,2007,80.0
aut,Austria,2008,80.2
aut,Austria,2009,80.2
aut,Austria,2010,80.4
aut,Austria,2011,80.7
aut,Austria,2012,80.8
aut,Austria,2013,81.0
aut,Austria,2014,81.2
aut,Austria,2015,81.2
aut,Austria,2016,81.4
aut,Austria,2017,81.6
aut,Austria,2018,81.7
aut,Austria,2019,81.9
aut,Austria,2020,81.3
aut,Austria,2021,81.2
aut,Austria,2022,81.5
aut,Austria,2023,81.9
aut,Austria,2024,82.0
aut,Austria,2025,82.2
aze,Azerbaijan,1900,28.23
aze,Azerbaijan,1901,28.4
aze,Azerbaijan,1902,28.56
aze,Azerbaijan,1903,28.73
aze,Azerbaijan,1904,28.9
aze,Azerbaijan,1905,29.07
aze,Azerbaijan,1906,29.23
aze,Azerbaijan,1907,29.39
aze,Azerbaijan,1908,29.56
aze,Azerbaijan,1909,29.72
aze,Azerbaijan,1910,29.88
aze,Azerbaijan,1911,32.44
aze,Azerbaijan,1912,32.76
aze,Azerbaijan,1913,30.77
aze,Azerbaijan,1914,30.34
aze,Azerbaijan,1915,29.93
aze,Azerbaijan,1916,29.86
aze,Azerbaijan,1917,27.17
aze,Azerbaijan,1918,19.26
aze,Azerbaijan,1919,27.96
aze,Azerbaijan,1920,26.15
aze,Azerbaijan,1921,28.71
aze,Azerbaijan,1922,29.52
aze,Azerbaijan,1923,30.36
aze,Azerbaijan,1924,32.45
aze,Azerbaijan,1925,31.61
aze,Azerbaijan,1926,34.3
aze,Azerbaijan,1927,33.65
aze,Azerbaijan,1928,34.87
aze,Azerbaijan,1929,33.73
aze,Azerbaijan,1930,33.07
aze,Azerbaijan,1931,31.51
aze,Azerbaijan,1932,29.32
aze,Azerbaijan,1933,22.9
aze,Azerbaijan,1934,34.8
aze,Azerbaijan,1935,36.03
aze,Azerbaijan,1936,37.36
aze,Azerbaijan,1937,36.44
aze,Azerbaijan,1938,37.78
aze,Azerbaijan,1939,39.71
aze,Azerbaijan,1940,37.56
aze,Azerbaijan,1941,25.26
aze,Azerbaijan,1942,22.31
aze,Azerbaijan,1943,20.61
aze,Azerbaijan,1944,26.54
aze,Azerbaijan,1945,34.75
aze,Azerbaijan,1946,42.91
aze,Azerbaijan,1947,36.24
aze,Azerbaijan,1948,42.8
aze,Azerbaijan,1949,45.01
aze,Azerbaijan,1950,46.8
aze,Azerbaijan,1951,47.0
aze,Azerbaijan,1952,47.3
aze,Azerbaijan,1953,47.5
aze,Azerbaijan,1954,47.8
aze,Azerbaijan,1955,48.1
aze,Azerbaijan,1956,48.5
aze,Azerbaijan,1957,49.0
aze,Azerbaijan,1958,49.6
aze,Azerbaijan,1959,50.3
aze,Azerbaijan,1960,51.2
aze,Azerbaijan,1961,52.3
aze,Azerbaijan,1962,53.3
aze,Azerbaijan,1963,54.3
aze,Azerbaijan,1964,55.4
aze,Azerbaijan,1965,56.5
aze,Azerbaijan,1966,57.5
aze,Azerbaijan,1967,58.5
aze,Azerbaijan,1968,59.4
aze,Azerbaijan,1969,60.0
aze,Azerbaijan,1970,60.6
aze,Azerbaijan,1971,61.0
aze,Azerbaijan,1972,61.3
aze,Azerbaijan,1973,61.7
aze,Azerbaijan,1974,61.9
aze,Azerbaijan,1975,62.2
aze,Azerbaijan,1976,62.5
aze,Azerbaijan,1977,62.8
aze,Azerbaijan,1978,63.2
aze,Azerbaijan,1979,63.8
aze,Azerbaijan,1980,64.3
aze,Azerbaijan,1981,64.8
aze,Azerbaijan,1982,65.2
aze,Azerbaijan,1983,65.4
aze,Azerbaijan,1984,65.4
aze,Azerbaijan,1985,65.4
aze,Azerbaijan,1986,65.4
aze,Azerbaijan,1987,65.5
aze,Azerbaijan,1988,65.7
aze,Azerbaijan,1989,66.1
aze,Azerbaijan,1990,66.1
aze,Azerbaijan,1991,65.9
aze,Azerbaijan,1992,64.5
aze,Azerbaijan,1993,64.6
aze,Azerbaijan,1994,64.5
aze,Azerbaijan,1995,65.0
aze,Azerbaijan,1996,65.8
aze,Azerbaijan,1997,66.6
aze,Azerbaijan,1998,67.3
aze,Azerbaijan,1999,67.9
aze,Azerbaijan,2000,68.5
aze,Azerbaijan,2001,69.1
aze,Azerbaijan,2002,69.3
aze,Azerbaijan,2003,69.3
aze,Azerbaijan,2004,69.5
aze,Azerbaijan,2005,69.7
aze,Azerbaijan,2006,70.0
aze,Azerbaijan,2007,70.6
aze,Azerbaijan,2008,70.9
aze,Azerbaijan,2009,71.2
aze,Azerbaijan,2010,71.5
aze,Azerbaijan,2011,71.6
aze,Azerbaijan,2012,71.7
aze,Azerbaijan,2013,72.0
aze,Azerbaijan,2014,72.2
aze,Azerbaijan,2015,72.4
aze,Azerbaijan,2016,72.5
aze,Azerbaijan,2017,72.7
aze,Azerbaijan,2018,72.9
aze,Azerbaijan,2019,72.9
aze,Azerbaijan,2020,70.1
aze,Azerbaijan,2021,70.9
aze,Azerbaijan,2022,73.1
aze,Azerbaijan,2023,72.6
aze,Azerbaijan,2024,72.8
aze,Azerbaijan,2025,72.89
bdi,Burundi,1900,32.55
bdi,Burundi,1901,32.57
bdi,Burundi,1902,32.59
bdi,Burundi,1903,32.61
bdi,Burundi,1904,32.63
bdi,Burundi,1905,32.65
bdi,Burundi,1906,32.67
bdi,Burundi,1907,32.69
bdi,Burundi,1908,32.71
bdi,Burundi,1909,32.74
bdi,Burundi,1910,32.76
bdi,Burundi,1911,32.78
bdi,Burundi,1912,32.8
bdi,Burundi,1913,32.82
bdi,Burundi,1914,32.84
bdi,Burundi,1915,32.86
bdi,Burundi,1916,32.88
bdi,Burundi,1917,32.9
bdi,Burundi,1918,12.73
bdi,Burundi,1919,32.94
bdi,Burundi,1920,32.97
bdi,Burundi,1921,29.32
bdi,Burundi,1922,25.67
bdi,Burundi,1923,33.03
bdi,Burundi,1924,33.05
bdi,Burundi,1925,29.4
bdi,Burundi,1926,27.31
bdi,Burundi,1927,25.75
bdi,Burundi,1928,27.35
bdi,Burundi,1929,27.37
bdi,Burundi,1930,33.17
bdi,Burundi,1931,33.2
bdi,Burundi,1932,33.22
bdi,Burundi,1933,33.24
bdi,Burundi,1934,33.26
bdi,Burundi,1935,33.28
bdi,Burundi,1936,33.3
bdi,Burundi,1937,33.32
bdi,Burundi,1938,33.34
bdi,Burundi,1939,33.36
bdi,Burundi,1940,33.38
bdi,Burundi,1941,33.36
bdi,Burundi,1942,33.35
bdi,Burundi,1943,31.84
bdi,Burundi,1944,18.44
bdi,Burundi,1945,33.3
bdi,Burundi,1946,34.76
bdi,Burundi,1947,36.21
bdi,Burundi,1948,37.68
bdi,Burundi,1949,39.14
bdi,Burundi,1950,40.6
bdi,Burundi,1951,40.9
bdi,Burundi,1952,41.2
bdi,Burundi,1953,41.3
bdi,Burundi,1954,41.4
bdi,Burundi,1955,41.8
bdi,Burundi,1956,42.1
bdi,Burundi,1957,42.3
bdi,Burundi,1958,42.5
bdi,Burundi,1959,42.8
bdi,Burundi,1960,43.1
bdi,Burundi,1961,43.3
bdi,Burundi,1962,43.5
bdi,Burundi,1963,43.7
bdi,Burundi,1964,43.9
bdi,Burundi,1965,44.1
bdi,Burundi,1966,44.4
bdi,Burundi,1967,44.8
bdi,Burundi,1968,45.1
bdi,Burundi,1969,45.3
bdi,Burundi,1970,45.6
bdi,Burundi,1971,46.0
bdi,Burundi,1972,18.6
bdi,Burundi,1973,46.3
bdi,Burundi,1974,46.5
bdi,Burundi,1975,46.7
bdi,Burundi,1976,46.9
bdi,Burundi,1977,47.3
bdi,Burundi,1978,47.6
bdi,Burundi,1979,47.8
bdi,Burundi,1980,48.1
bdi,Burundi,1981,48.3
bdi,Burundi,1982,48.6
bdi,Burundi,1983,48.7
bdi,Burundi,1984,48.7
bdi,Burundi,1985,48.8
bdi,Burundi,1986,48.9
bdi,Burundi,1987,48.8
bdi,Burundi,1988,48.7
bdi,Burundi,1989,48.4
bdi,Burundi,1990,48.0
bdi,Burundi,1991,47.6
bdi,Burundi,1992,47.1
bdi,Burundi,1993,44.0
bdi,Burundi,1994,42.9
bdi,Burundi,1995,42.9
bdi,Burundi,1996,43.2
bdi,Burundi,1997,43.3
bdi,Burundi,1998,43.8
bdi,Burundi,1999,44.5
bdi,Burundi,2000,45.4
bdi,Burundi,2001,46.5
bdi,Burundi,2002,47.8
bdi,Burundi,2003,49.1
bdi,Burundi,2004,50.4
bdi,Burundi,2005,51.5
bdi,Burundi,2006,55.6
bdi,Burundi,2007,56.7
bdi,Burundi,2008,57.4
bdi,Burundi,2009,58.2
bdi,Burundi,2010,59.0
bdi,Burundi,2011,59.5
bdi,Burundi,2012,59.9
bdi,Burundi,2013,60.3
bdi,Burundi,2014,60.7
bdi,Burundi,2015,60.8
bdi,Burundi,2016,61.2
bdi,Burundi,2017,61.5
bdi,Burundi,2018,61.8
bdi,Burundi,2019,62.0
bdi,Burundi,2020,61.2
bdi,Burundi,2021,59.5
bdi,Burundi,2022,61.6
bdi,Burundi,2023,61.8
bdi,Burundi,2024,61.9
bdi,Burundi,2025,62.09
bel,Belgium,1900,47.36
bel,Belgium,1901,50.27
bel,Belgium,1902,50.02
bel,Belgium,1903,50.12
bel,Belgium,1904,50.2
bel,Belgium,1905,50.91
bel,Belgium,1906,50.66
bel,Belgium,1907,52.07
bel,Belgium,1908,50.65
bel,Belgium,1909,51.68
bel,Belgium,1910,52.38
bel,Belgium,1911,50.24
bel,Belgium,1912,53.33
bel,Belgium,1913,53.6
bel,Belgium,1914,42.88
bel,Belgium,1915,40.85
bel,Belgium,1916,42.91
bel,Belgium,1917,43.95
bel,Belgium,1918,35.72
bel,Belgium,1919,50.99
bel,Belgium,1920,54.89
bel,Belgium,1921,56.03
bel,Belgium,1922,56.46
bel,Belgium,1923,58.13
bel,Belgium,1924,58.91
bel,Belgium,1925,58.57
bel,Belgium,1926,58.39
bel,Belgium,1927,58.65
bel,Belgium,1928,59.01
bel,Belgium,1929,56.5
bel,Belgium,1930,58.67
bel,Belgium,1931,60.07
bel,Belgium,1932,60.17
bel,Belgium,1933,60.36
bel,Belgium,1934,62.09
bel,Belgium,1935,61.69
bel,Belgium,1936,61.71
bel,Belgium,1937,61.72
bel,Belgium,1938,61.89
bel,Belgium,1939,61.77
bel,Belgium,1940,57.62
bel,Belgium,1941,60.71
bel,Belgium,1942,60.98
bel,Belgium,1943,62.23
bel,Belgium,1944,58.69
bel,Belgium,1945,60.2
bel,Belgium,1946,63.85
bel,Belgium,1947,65.46
bel,Belgium,1948,67.05
bel,Belgium,1949,67.58
bel,Belgium,1950,68.5
bel,Belgium,1951,68.7
bel,Belgium,1952,68.8
bel,Belgium,1953,68.9
bel,Belgium,1954,68.9
bel,Belgium,1955,68.9
bel,Belgium,1956,69.1
bel,Belgium,1957,69.5
bel,Belgium,1958,69.9
bel,Belgium,1959,70.2
bel,Belgium,1960,70.0
bel,Belgium,1961,70.3
bel,Belgium,1962,70.3
bel,Belgium,1963,70.2
bel,Belgium,1964,70.6
bel,Belgium,1965,70.6
bel,Belgium,1966,70.7
bel,Belgium,1967,70.7
bel,Belgium,1968,70.6
bel,Belgium,1969,70.7
bel,Belgium,1970,70.9
bel,Belgium,1971,71.1
bel,Belgium,1972,71.4
bel,Belgium,1973,71.6
bel,Belgium,1974,71.9
bel,Belgium,1975,72.0
bel,Belgium,1976,72.2
bel,Belgium,1977,72.6
bel,Belgium,1978,72.8
bel,Belgium,1979,73.1
bel,Belgium,1980,73.2
bel,Belgium,1981,73.4
bel,Belgium,1982,73.7
bel,Belgium,1983,73.8
bel,Belgium,1984,74.2
bel,Belgium,1985,74.4
bel,Belgium,1986,74.7
bel,Belgium,1987,75.4
bel,Belgium,1988,75.6
bel,Belgium,1989,75.7
bel,Belgium,1990,76.0
bel,Belgium,1991,76.2
bel,Belgium,1992,76.4
bel,Belgium,1993,76.4
bel,Belgium,1994,76.7
bel,Belgium,1995,76.9
bel,Belgium,1996,77.1
bel,Belgium,1997,77.4
bel,Belgium,1998,77.5
bel,Belgium,1999,77.6
bel,Belgium,2000,77.9
bel,Belgium,2001,78.2
bel,Belgium,2002,78.3
bel,Belgium,2003,78.5
bel,Belgium,2004,78.9
bel,Belgium,2005,79.1
bel,Belgium,2006,79.5
bel,Belgium,2007,79.6
bel,Belgium,2008,79.7
bel,Belgium,2009,79.8
bel,Belgium,2010,80.0
bel,Belgium,2011,80.2
bel,Belgium,2012,80.3
bel,Belgium,2013,80.5
bel,Belgium,2014,80.9
bel,Belgium,2015,80.9
bel,Belgium,2016,81.1
bel,Belgium,2017,81.3
bel,Belgium,2018,81.5
bel,Belgium,2019,81.8
bel,Belgium,2020,80.4
bel,Belgium,2021,81.5
bel,Belgium,2022,81.6
bel,Belgium,2023,82.1
bel,Belgium,2024,82.3
bel,Belgium,2025,82.4
ben,Benin,1900,35.8
ben,Benin,1901,35.89
ben,Benin,1902,35.99
ben,Benin,1903,36.08
ben,Benin,1904,36.18
ben,Benin,1905,36.28
ben,Benin,1906,36.37
ben,Benin,1907,36.47
ben,Benin,1908,36.56
ben,Benin,1909,36.66
ben,Benin,1910,36.76
ben,Benin,1911,36.85
ben,Benin,1912,36.95
ben,Benin,1913,37.04
ben,Benin,1914,37.14
ben,Benin,1915,37.24
ben,Benin,1916,37.33
ben,Benin,1917,37.43
ben,Benin,1918,14.51
ben,Benin,1919,37.62
ben,Benin,1920,37.72
ben,Benin,1921,37.81
ben,Benin,1922,37.91
ben,Benin,1923,38.0
ben,Benin,1924,38.1
ben,Benin,1925,38.19
ben,Benin,1926,38.29
ben,Benin,1927,38.39
ben,Benin,1928,38.48
ben,Benin,1929,38.58
ben,Benin,1930,38.67
ben,Benin,1931,38.77
ben,Benin,1932,38.87
ben,Benin,1933,38.96
ben,Benin,1934,39.06
ben,Benin,1935,39.15
ben,Benin,1936,39.25
ben,Benin,1937,39.35
ben,Benin,1938,39.44
ben,Benin,1939,39.54
ben,Benin,1940,39.63
ben,Benin,1941,39.79
ben,Benin,1942,39.95
ben,Benin,1943,40.11
ben,Benin,1944,40.29
ben,Benin,1945,40.81
ben,Benin,1946,41.35
ben,Benin,1947,41.88
ben,Benin,1948,42.41
ben,Benin,1949,42.94
ben,Benin,1950,43.5
ben,Benin,1951,43.6
ben,Benin,1952,43.2
ben,Benin,1953,43.6
ben,Benin,1954,44.0
ben,Benin,1955,43.7
ben,Benin,1956,43.9
ben,Benin,1957,44.0
ben,Benin,1958,44.2
ben,Benin,1959,44.4
ben,Benin,1960,44.5
ben,Benin,1961,44.8
ben,Benin,1962,45.1
ben,Benin,1963,45.4
ben,Benin,1964,45.8
ben,Benin,1965,46.1
ben,Benin,1966,46.5
ben,Benin,1967,46.8
ben,Benin,1968,47.1
ben,Benin,1969,47.4
ben,Benin,1970,47.6
ben,Benin,1971,47.8
ben,Benin,1972,48.1
ben,Benin,1973,48.4
ben,Benin,1974,48.7
ben,Benin,1975,48.9
ben,Benin,1976,49.3
ben,Benin,1977,49.6
ben,Benin,1978,49.9
ben,Benin,1979,50.2
ben,Benin,1980,50.6
ben,Benin,1981,50.9
ben,Benin,1982,51.2
ben,Benin,1983,51.4
ben,Benin,1984,51.7
ben,Benin,1985,52.1
ben,Benin,1986,52.5
ben,Benin,1987,52.9
ben,Benin,1988,53.3
ben,Benin,1989,53.6
ben,Benin,1990,54.2
ben,Benin,1991,54.5
ben,Benin,1992,55.1
ben,Benin,1993,55.5
ben,Benin,1994,55.9
ben,Benin,1995,56.3
ben,Benin,1996,56.5
ben,Benin,1997,57.0
ben,Benin,1998,57.2
ben,Benin,1999,57.7
ben,Benin,2000,58.0
ben,Benin,2001,58.6
ben,Benin,2002,59.2
ben,Benin,2003,59.8
ben,Benin,2004,60.6
ben,Benin,2005,61.0
ben,Benin,2006,61.3
ben,Benin,2007,61.7
ben,Benin,2008,62.1
ben,Benin,2009,62.3
ben,Benin,2010,62.5
ben,Benin,2011,62.5
ben,Benin,2012,62.6
ben,Benin,2013,62.7
ben,Benin,2014,62.9
ben,Benin,2015,63.1
ben,Benin,2016,63.7
ben,Benin,2017,64.1
ben,Benin,2018,64.6
ben,Benin,2019,64.9
ben,Benin,2020,65.1
ben,Benin,2021,65.4
ben,Benin,2022,65.9
ben,Benin,2023,66.2
ben,Benin,2024,66.42
ben,Benin,2025,66.53
bfa,Burkina Faso,1900,35.75
bfa,Burkina Faso,1901,35.88
bfa,Burkina Faso,1902,36.01
bfa,Burkina Faso,1903,36.15
bfa,Burkina Faso,1904,36.28
bfa,Burkina Faso,1905,36.41
bfa,Burkina Faso,1906,36.54
bfa,Burkina Faso,1907,36.67
bfa,Burkina Faso,1908,36.8
bfa,Burkina Faso,1909,36.93
bfa,Burkina Faso,1910,37.06
bfa,Burkina Faso,1911,37.19
bfa,Burkina Faso,1912,37.33
bfa,Burkina Faso,1913,37.46
bfa,Burkina Faso,1914,37.59
bfa,Burkina Faso,1915,37.72
bfa,Burkina Faso,1916,37.85
bfa,Burkina Faso,1917,37.98
bfa,Burkina Faso,1918,14.74
bfa,Burkina Faso,1919,38.24
bfa,Burkina Faso,1920,38.37
bfa,Burkina Faso,1921,38.5
bfa,Burkina Faso,1922,38.64
bfa,Burkina Faso,1923,38.77
bfa,Burkina Faso,1924,38.9
bfa,Burkina Faso,1925,39.03
bfa,Burkina Faso,1926,39.16
bfa,Burkina Faso,1927,39.29
bfa,Burkina Faso,1928,39.42
bfa,Burkina Faso,1929,39.55
bfa,Burkina Faso,1930,39.68
bfa,Burkina Faso,1931,39.81
bfa,Burkina Faso,1932,39.95
bfa,Burkina Faso,1933,40.08
bfa,Burkina Faso,1934,40.21
bfa,Burkina Faso,1935,40.34
bfa,Burkina Faso,1936,40.47
bfa,Burkina Faso,1937,40.6
bfa,Burkina Faso,1938,40.73
bfa,Burkina Faso,1939,40.86
bfa,Burkina Faso,1940,40.99
bfa,Burkina Faso,1941,41.18
bfa,Burkina Faso,1942,41.37
bfa,Burkina Faso,1943,41.56
bfa,Burkina Faso,1944,41.75
bfa,Burkina Faso,1945,41.93
bfa,Burkina Faso,1946,42.34
bfa,Burkina Faso,1947,42.74
bfa,Burkina Faso,1948,43.17
bfa,Burkina Faso,1949,43.59
bfa,Burkina Faso,1950,44.0
bfa,Burkina Faso,1951,43.9
bfa,Burkina Faso,1952,44.1
bfa,Burkina Faso,1953,44.3
bfa,Burkina Faso,1954,44.4
bfa,Burkina Faso,1955,44.5
bfa,Burkina Faso,1956,44.6
bfa,Burkina Faso,1957,44.7
bfa,Burkina Faso,1958,44.8
bfa,Burkina Faso,1959,44.9
bfa,Burkina Faso,1960,45.0
bfa,Burkina Faso,1961,45.1
bfa,Burkina Faso,1962,45.2
bfa,Burkina Faso,1963,45.3
bfa,Burkina Faso,1964,45.4
bfa,Burkina Faso,1965,45.4
bfa,Burkina Faso,1966,45.5
bfa,Burkina Faso,1967,45.6
bfa,Burkina Faso,1968,45.6
bfa,Burkina Faso,1969,45.6
bfa,Burkina Faso,1970,45.8
bfa,Burkina Faso,1971,45.8
bfa,Burkina Faso,1972,46.0
bfa,Burkina Faso,1973,46.1
bfa,Burkina Faso,1974,46.3
bfa,Burkina Faso,1975,46.6
bfa,Burkina Faso,1976,46.9
bfa,Burkina Faso,1977,47.2
bfa,Burkina Faso,1978,47.6
bfa,Burkina Faso,1979,48.0
bfa,Burkina Faso,1980,48.5
bfa,Burkina Faso,1981,48.8
bfa,Burkina Faso,1982,49.4
bfa,Burkina Faso,1983,49.6
bfa,Burkina Faso,1984,49.9
bfa,Burkina Faso,1985,50.1
bfa,Burkina Faso,1986,50.3
bfa,Burkina Faso,1987,50.3
bfa,Burkina Faso,1988,50.2
bfa,Burkina Faso,1989,50.2
bfa,Burkina Faso,1990,50.0
bfa,Burkina Faso,1991,50.2
bfa,Burkina Faso,1992,50.2
bfa,Burkina Faso,1993,50.3
bfa,Burkina Faso,1994,50.5
bfa,Burkina Faso,1995,50.7
bfa,Burkina Faso,1996,50.1
bfa,Burkina Faso,1997,51.1
bfa,Burkina Faso,1998,52.1
bfa,Burkina Faso,1999,52.7
bfa,Burkina Faso,2000,53.3
bfa,Burkina Faso,2001,54.1
bfa,Burkina Faso,2002,54.9
bfa,Burkina Faso,2003,56.0
bfa,Burkina Faso,2004,56.9
bfa,Burkina Faso,2005,57.9
bfa,Burkina Faso,2006,58.8
bfa,Burkina Faso,2007,59.8
bfa,Burkina Faso,2008,61.1
bfa,Burkina Faso,2009,62.1
bfa,Burkina Faso,2010,63.1
bfa,Burkina Faso,2011,64.1
bfa,Burkina Faso,2012,64.8
bfa,Burkina Faso,2013,65.4
bfa,Burkina Faso,2014,66.0
bfa,Burkina Faso,2015,66.3
bfa,Burkina Faso,2016,66.6
bfa,Burkina Faso,2017,66.9
bfa,Burkina Faso,2018,67.4
bfa,Burkina Faso,2019,67.5
bfa,Burkina Faso,2020,67.2
bfa,Burkina Faso,2021,67.2
bfa,Burkina Faso,2022,67.8
bfa,Burkina Faso,2023,67.7
bfa,Burkina Faso,2024,67.92
bfa,Burkina Faso,2025,68.14
bgd,Bangladesh,1900,21.93
bgd,Bangladesh,1901,21.9
bgd,Bangladesh,1902,21.85
bgd,Bangladesh,1903,21.81
bgd,Bangladesh,1904,21.77
bgd,Bangladesh,1905,21.73
bgd,Bangladesh,1906,21.68
bgd,Bangladesh,1907,21.86
bgd,Bangladesh,1908,22.03
bgd,Bangladesh,1909,22.21
bgd,Bangladesh,1910,22.38
bgd,Bangladesh,1911,22.56
bgd,Bangladesh,1912,22.73
bgd,Bangladesh,1913,22.91
bgd,Bangladesh,1914,23.08
bgd,Bangladesh,1915,23.26
bgd,Bangladesh,1916,23.43
bgd,Bangladesh,1917,23.61
bgd,Bangladesh,1918,13.18
bgd,Bangladesh,1919,23.96
bgd,Bangladesh,1920,24.13
bgd,Bangladesh,1921,24.31
bgd,Bangladesh,1922,24.48
bgd,Bangladesh,1923,24.66
bgd,Bangladesh,1924,24.83
bgd,Bangladesh,1925,25.01
bgd,Bangladesh,1926,25.19
bgd,Bangladesh,1927,25.95
bgd,Bangladesh,1928,26.71
bgd,Bangladesh,1929,27.46
bgd,Bangladesh,1930,28.23
bgd,Bangladesh,1931,28.99
bgd,Bangladesh,1932,29.75
bgd,Bangladesh,1933,30.51
bgd,Bangladesh,1934,31.27
bgd,Bangladesh,1935,32.04
bgd,Bangladesh,1936,32.8
bgd,Bangladesh,1937,33.55
bgd,Bangladesh,1938,34.32
bgd,Bangladesh,1939,35.08
bgd,Bangladesh,1940,35.85
bgd,Bangladesh,1941,36.56
bgd,Bangladesh,1942,34.2
bgd,Bangladesh,1943,23.75
bgd,Bangladesh,1944,26.19
bgd,Bangladesh,1945,37.4
bgd,Bangladesh,1946,43.37
bgd,Bangladesh,1947,37.32
bgd,Bangladesh,1948,38.79
bgd,Bangladesh,1949,42.24
bgd,Bangladesh,1950,43.1
bgd,Bangladesh,1951,43.5
bgd,Bangladesh,1952,43.8
bgd,Bangladesh,1953,44.2
bgd,Bangladesh,1954,44.6
bgd,Bangladesh,1955,45.1
bgd,Bangladesh,1956,45.6
bgd,Bangladesh,1957,46.1
bgd,Bangladesh,1958,46.0
bgd,Bangladesh,1959,47.1
bgd,Bangladesh,1960,47.0
bgd,Bangladesh,1961,47.1
bgd,Bangladesh,1962,47.0
bgd,Bangladesh,1963,45.8
bgd,Bangladesh,1964,45.0
bgd,Bangladesh,1965,42.9
bgd,Bangladesh,1966,44.2
bgd,Bangladesh,1967,44.3
bgd,Bangladesh,1968,45.2
bgd,Bangladesh,1969,46.8
bgd,Bangladesh,1970,42.2
bgd,Bangladesh,1971,41.5
bgd,Bangladesh,1972,49.1
bgd,Bangladesh,1973,50.1
bgd,Bangladesh,1974,49.9
bgd,Bangladesh,1975,50.8
bgd,Bangladesh,1976,51.0
bgd,Bangladesh,1977,51.3
bgd,Bangladesh,1978,51.6
bgd,Bangladesh,1979,52.1
bgd,Bangladesh,1980,52.5
bgd,Bangladesh,1981,52.9
bgd,Bangladesh,1982,53.3
bgd,Bangladesh,1983,53.8
bgd,Bangladesh,1984,54.2
bgd,Bangladesh,1985,54.3
bgd,Bangladesh,1986,55.0
bgd,Bangladesh,1987,55.4
bgd,Bangladesh,1988,55.9
bgd,Bangladesh,1989,56.4
bgd,Bangladesh,1990,57.0
bgd,Bangladesh,1991,54.8
bgd,Bangladesh,1992,58.3
bgd,Bangladesh,1993,59.1
bgd,Bangladesh,1994,59.8
bgd,Bangladesh,1995,60.4
bgd,Bangladesh,1996,61.1
bgd,Bangladesh,1997,61.8
bgd,Bangladesh,1998,62.4
bgd,Bangladesh,1999,63.0
bgd,Bangladesh,2000,63.6
bgd,Bangladesh,2001,64.2
bgd,Bangladesh,2002,64.6
bgd,Bangladesh,2003,65.0
bgd,Bangladesh,2004,65.6
bgd,Bangladesh,2005,66.1
bgd,Bangladesh,2006,66.6
bgd,Bangladesh,2007,67.0
bgd,Bangladesh,2008,67.7
bgd,Bangladesh,2009,68.0
bgd,Bangladesh,2010,68.3
bgd,Bangladesh,2011,68.7
bgd,Bangladesh,2012,69.0
bgd,Bangladesh,2013,69.3
bgd,Bangladesh,2014,69.5
bgd,Bangladesh,2015,69.9
bgd,Bangladesh,2016,70.1
bgd,Bangladesh,2017,70.3
bgd,Bangladesh,2018,70.5
bgd,Bangladesh,2019,70.8
bgd,Bangladesh,2020,69.6
bgd,Bangladesh,2021,68.4
bgd,Bangladesh,2022,70.9
bgd,Bangladesh,2023,71.1
bgd,Bangladesh,2024,71.29
bgd,Bangladesh,2025,71.58
bgr,Bulgaria,1900,39.71
bgr,Bulgaria,1901,40.83
bgr,Bulgaria,1902,41.96
bgr,Bulgaria,1903,42.21
bgr,Bulgaria,1904,42.46
bgr,Bulgaria,1905,42.71
bgr,Bulgaria,1906,42.77
bgr,Bulgaria,1907,42.83
bgr,Bulgaria,1908,42.9
bgr,Bulgaria,1909,42.96
bgr,Bulgaria,1910,43.02
bgr,Bulgaria,1911,43.07
bgr,Bulgaria,1912,43.14
bgr,Bulgaria,1913,43.2
bgr,Bulgaria,1914,43.26
bgr,Bulgaria,1915,43.32
bgr,Bulgaria,1916,43.37
bgr,Bulgaria,1917,43.44
bgr,Bulgaria,1918,33.16
bgr,Bulgaria,1919,43.56
bgr,Bulgaria,1920,43.62
bgr,Bulgaria,1921,43.68
bgr,Bulgaria,1922,43.74
bgr,Bulgaria,1923,43.8
bgr,Bulgaria,1924,44.01
bgr,Bulgaria,1925,44.24
bgr,Bulgaria,1926,44.45
bgr,Bulgaria,1927,45.18
bgr,Bulgaria,1928,45.9
bgr,Bulgaria,1929,46.63
bgr,Bulgaria,1930,47.35
bgr,Bulgaria,1931,47.83
bgr,Bulgaria,1932,48.31
bgr,Bulgaria,1933,48.78
bgr,Bulgaria,1934,49.26
bgr,Bulgaria,1935,49.74
bgr,Bulgaria,1936,50.22
bgr,Bulgaria,1937,50.69
bgr,Bulgaria,1938,50.9
bgr,Bulgaria,1939,51.12
bgr,Bulgaria,1940,51.32
bgr,Bulgaria,1941,51.53
bgr,Bulgaria,1942,50.82
bgr,Bulgaria,1943,50.33
bgr,Bulgaria,1944,48.85
bgr,Bulgaria,1945,50.8
bgr,Bulgaria,1946,52.34
bgr,Bulgaria,1947,52.8
bgr,Bulgaria,1948,54.46
bgr,Bulgaria,1949,56.53
bgr,Bulgaria,1950,59.9
bgr,Bulgaria,1951,60.6
bgr,Bulgaria,1952,61.2
bgr,Bulgaria,1953,62.6
bgr,Bulgaria,1954,63.8
bgr,Bulgaria,1955,64.6
bgr,Bulgaria,1956,65.4
bgr,Bulgaria,1957,66.4
bgr,Bulgaria,1958,67.1
bgr,Bulgaria,1959,67.5
bgr,Bulgaria,1960,68.3
bgr,Bulgaria,1961,69.1
bgr,Bulgaria,1962,69.5
bgr,Bulgaria,1963,70.0
bgr,Bulgaria,1964,70.4
bgr,Bulgaria,1965,70.7
bgr,Bulgaria,1966,70.8
bgr,Bulgaria,1967,70.6
bgr,Bulgaria,1968,70.6
bgr,Bulgaria,1969,70.6
bgr,Bulgaria,1970,70.7
bgr,Bulgaria,1971,70.8
bgr,Bulgaria,1972,70.9
bgr,Bulgaria,1973,71.0
bgr,Bulgaria,1974,70.9
bgr,Bulgaria,1975,70.9
bgr,Bulgaria,1976,70.9
bgr,Bulgaria,1977,70.8
bgr,Bulgaria,1978,70.9
bgr,Bulgaria,1979,71.0
bgr,Bulgaria,1980,71.1
bgr,Bulgaria,1981,71.2
bgr,Bulgaria,1982,71.2
bgr,Bulgaria,1983,71.2
bgr,Bulgaria,1984,71.3
bgr,Bulgaria,1985,71.2
bgr,Bulgaria,1986,71.3
bgr,Bulgaria,1987,71.3
bgr,Bulgaria,1988,71.2
bgr,Bulgaria,1989,71.3
bgr,Bulgaria,1990,71.3
bgr,Bulgaria,1991,71.2
bgr,Bulgaria,1992,71.2
bgr,Bulgaria,1993,70.9
bgr,Bulgaria,1994,70.9
bgr,Bulgaria,1995,70.8
bgr,Bulgaria,1996,70.8
bgr,Bulgaria,1997,70.7
bgr,Bulgaria,1998,71.0
bgr,Bulgaria,1999,71.4
bgr,Bulgaria,2000,71.6
bgr,Bulgaria,2001,71.9
bgr,Bulgaria,2002,72.1
bgr,Bulgaria,2003,72.4
bgr,Bulgaria,2004,72.6
bgr,Bulgaria,2005,72.6
bgr,Bulgaria,2006,72.7
bgr,Bulgaria,2007,73.0
bgr,Bulgaria,2008,73.5
bgr,Bulgaria,2009,73.8
bgr,Bulgaria,2010,74.0
bgr,Bulgaria,2011,74.3
bgr,Bulgaria,2012,74.6
bgr,Bulgaria,2013,74.9
bgr,Bulgaria,2014,74.9
bgr,Bulgaria,2015,75.0
bgr,Bulgaria,2016,75.2
bgr,Bulgaria,2017,75.3
bgr,Bulgaria,2018,75.5
bgr,Bulgaria,2019,75.5
bgr,Bulgaria,2020,74.2
bgr,Bulgaria,2021,72.2
bgr,Bulgaria,2022,74.5
bgr,Bulgaria,2023,75.9
bgr,Bulgaria,2024,76.1
bgr,Bulgaria,2025,76.3
bhr,Bahrain,1900,33.2
bhr,Bahrain,1901,33.26
bhr,Bahrain,1902,33.32
bhr,Bahrain,1903,33.38
bhr,Bahrain,1904,33.43
bhr,Bahrain,1905,33.49
bhr,Bahrain,1906,33.55
bhr,Bahrain,1907,33.61
bhr,Bahrain,1908,33.67
bhr,Bahrain,1909,33.72
bhr,Bahrain,1910,33.78
bhr,Bahrain,1911,33.84
bhr,Bahrain,1912,33.9
bhr,Bahrain,1913,33.96
bhr,Bahrain,1914,34.01
bhr,Bahrain,1915,34.07
bhr,Bahrain,1916,34.13
bhr,Bahrain,1917,34.19
bhr,Bahrain,1918,28.39
bhr,Bahrain,1919,34.3
bhr,Bahrain,1920,34.36
bhr,Bahrain,1921,34.42
bhr,Bahrain,1922,34.48
bhr,Bahrain,1923,34.54
bhr,Bahrain,1924,34.59
bhr,Bahrain,1925,34.65
bhr,Bahrain,1926,34.71
bhr,Bahrain,1927,34.77
bhr,Bahrain,1928,34.83
bhr,Bahrain,1929,34.88
bhr,Bahrain,1930,34.94
bhr,Bahrain,1931,35.0
bhr,Bahrain,1932,35.06
bhr,Bahrain,1933,35.12
bhr,Bahrain,1934,35.17
bhr,Bahrain,1935,35.23
bhr,Bahrain,1936,36.13
bhr,Bahrain,1937,37.04
bhr,Bahrain,1938,37.94
bhr,Bahrain,1939,38.86
bhr,Bahrain,1940,39.77
bhr,Bahrain,1941,40.68
bhr,Bahrain,1942,41.58
bhr,Bahrain,1943,42.48
bhr,Bahrain,1944,43.39
bhr,Bahrain,1945,44.3
bhr,Bahrain,1946,45.22
bhr,Bahrain,1947,46.14
bhr,Bahrain,1948,47.07
bhr,Bahrain,1949,47.99
bhr,Bahrain,1950,48.9
bhr,Bahrain,1951,49.6
bhr,Bahrain,1952,50.2
bhr,Bahrain,1953,50.8
bhr,Bahrain,1954,51.5
bhr,Bahrain,1955,52.3
bhr,Bahrain,1956,52.9
bhr,Bahrain,1957,53.6
bhr,Bahrain,1958,54.3
bhr,Bahrain,1959,55.0
bhr,Bahrain,1960,55.7
bhr,Bahrain,1961,56.4
bhr,Bahrain,1962,57.1
bhr,Bahrain,1963,57.8
bhr,Bahrain,1964,58.6
bhr,Bahrain,1965,59.3
bhr,Bahrain,1966,60.0
bhr,Bahrain,1967,60.6
bhr,Bahrain,1968,61.3
bhr,Bahrain,1969,62.0
bhr,Bahrain,1970,62.7
bhr,Bahrain,1971,63.4
bhr,Bahrain,1972,64.1
bhr,Bahrain,1973,64.8
bhr,Bahrain,1974,65.5
bhr,Bahrain,1975,66.1
bhr,Bahrain,1976,66.6
bhr,Bahrain,1977,67.2
bhr,Bahrain,1978,66.8
bhr,Bahrain,1979,68.0
bhr,Bahrain,1980,68.4
bhr,Bahrain,1981,68.7
bhr,Bahrain,1982,69.0
bhr,Bahrain,1983,69.3
bhr,Bahrain,1984,69.4
bhr,Bahrain,1985,69.6
bhr,Bahrain,1986,69.2
bhr,Bahrain,1987,69.7
bhr,Bahrain,1988,69.8
bhr,Bahrain,1989,69.8
bhr,Bahrain,1990,69.9
bhr,Bahrain,1991,70.1
bhr,Bahrain,1992,70.2
bhr,Bahrain,1993,70.4
bhr,Bahrain,1994,70.5
bhr,Bahrain,1995,70.5
bhr,Bahrain,1996,70.5
bhr,Bahrain,1997,70.6
bhr,Bahrain,1998,70.7
bhr,Bahrain,1999,71.0
bhr,Bahrain,2000,70.7
bhr,Bahrain,2001,71.6
bhr,Bahrain,2002,71.8
bhr,Bahrain,2003,72.0
bhr,Bahrain,2004,72.3
bhr,Bahrain,2005,72.7
bhr,Bahrain,2006,72.9
bhr,Bahrain,2007,73.6
bhr,Bahrain,2008,74.1
bhr,Bahrain,2009,74.5
bhr,Bahrain,2010,74.9
bhr,Bahrain,2011,75.2
bhr,Bahrain,2012,75.5
bhr,Bahrain,2013,75.8
bhr,Bahrain,2014,76.2
bhr,Bahrain,2015,76.3
bhr,Bahrain,2016,76.5
bhr,Bahrain,2017,76.7
bhr,Bahrain,2018,76.9
bhr,Bahrain,2019,77.0
bhr,Bahrain,2020,76.1
bhr,Bahrain,2021,75.5
bhr,Bahrain,2022,77.0
bhr,Bahrain,2023,77.2
bhr,Bahrain,2024,77.29
bhr,Bahrain,2025,77.48
bhs,Bahamas,1900,35.8
bhs,Bahamas,1901,35.81
bhs,Bahamas,1902,35.82
bhs,Bahamas,1903,35.83
bhs,Bahamas,1904,35.85
bhs,Bahamas,1905,35.86
bhs,Bahamas,1906,35.87
bhs,Bahamas,1907,35.88
bhs,Bahamas,1908,35.9
bhs,Bahamas,1909,35.91
bhs,Bahamas,1910,35.92
bhs,Bahamas,1911,35.93
bhs,Bahamas,1912,35.94
bhs,Bahamas,1913,35.96
bhs,Bahamas,1914,35.97
bhs,Bahamas,1915,35.98
bhs,Bahamas,1916,35.99
bhs,Bahamas,1917,36.01
bhs,Bahamas,1918,23.36
bhs,Bahamas,1919,36.03
bhs,Bahamas,1920,36.04
bhs,Bahamas,1921,36.06
bhs,Bahamas,1922,36.92
bhs,Bahamas,1923,37.77
bhs,Bahamas,1924,38.64
bhs,Bahamas,1925,39.5
bhs,Bahamas,1926,40.37
bhs,Bahamas,1927,41.22
bhs,Bahamas,1928,42.09
bhs,Bahamas,1929,42.96
bhs,Bahamas,1930,43.83
bhs,Bahamas,1931,44.68
bhs,Bahamas,1932,45.55
bhs,Bahamas,1933,46.42
bhs,Bahamas,1934,47.29
bhs,Bahamas,1935,48.16
bhs,Bahamas,1936,49.03
bhs,Bahamas,1937,49.9
bhs,Bahamas,1938,50.77
bhs,Bahamas,1939,51.64
bhs,Bahamas,1940,52.51
bhs,Bahamas,1941,53.34
bhs,Bahamas,1942,54.16
bhs,Bahamas,1943,55.0
bhs,Bahamas,1944,55.81
bhs,Bahamas,1945,56.65
bhs,Bahamas,1946,57.47
bhs,Bahamas,1947,58.31
bhs,Bahamas,1948,59.13
bhs,Bahamas,1949,59.96
bhs,Bahamas,1950,60.8
bhs,Bahamas,1951,60.9
bhs,Bahamas,1952,60.9
bhs,Bahamas,1953,61.0
bhs,Bahamas,1954,61.4
bhs,Bahamas,1955,61.9
bhs,Bahamas,1956,62.5
bhs,Bahamas,1957,63.0
bhs,Bahamas,1958,63.4
bhs,Bahamas,1959,63.6
bhs,Bahamas,1960,63.6
bhs,Bahamas,1961,63.5
bhs,Bahamas,1962,63.2
bhs,Bahamas,1963,63.0
bhs,Bahamas,1964,63.2
bhs,Bahamas,1965,62.3
bhs,Bahamas,1966,64.3
bhs,Bahamas,1967,65.0
bhs,Bahamas,1968,65.6
bhs,Bahamas,1969,66.0
bhs,Bahamas,1970,66.4
bhs,Bahamas,1971,66.8
bhs,Bahamas,1972,67.1
bhs,Bahamas,1973,67.5
bhs,Bahamas,1974,67.6
bhs,Bahamas,1975,67.6
bhs,Bahamas,1976,67.6
bhs,Bahamas,1977,67.7
bhs,Bahamas,1978,67.9
bhs,Bahamas,1979,68.0
bhs,Bahamas,1980,68.2
bhs,Bahamas,1981,68.4
bhs,Bahamas,1982,68.8
bhs,Bahamas,1983,69.3
bhs,Bahamas,1984,69.8
bhs,Bahamas,1985,70.4
bhs,Bahamas,1986,70.8
bhs,Bahamas,1987,71.1
bhs,Bahamas,1988,71.2
bhs,Bahamas,1989,71.1
bhs,Bahamas,1990,71.0
bhs,Bahamas,1991,70.9
bhs,Bahamas,1992,70.8
bhs,Bahamas,1993,70.8
bhs,Bahamas,1994,71.0
bhs,Bahamas,1995,71.1
bhs,Bahamas,1996,71.1
bhs,Bahamas,1997,71.4
bhs,Bahamas,1998,71.5
bhs,Bahamas,1999,71.3
bhs,Bahamas,2000,71.2
bhs,Bahamas,2001,71.2
bhs,Bahamas,2002,71.4
bhs,Bahamas,2003,71.6
bhs,Bahamas,2004,71.5
bhs,Bahamas,2005,71.8
bhs,Bahamas,2006,72.0
bhs,Bahamas,2007,72.4
bhs,Bahamas,2008,72.4
bhs,Bahamas,2009,72.3
bhs,Bahamas,2010,72.4
bhs,Bahamas,2011,72.6
bhs,Bahamas,2012,72.8
bhs,Bahamas,2013,72.9
bhs,Bahamas,2014,72.8
bhs,Bahamas,2015,72.6
bhs,Bahamas,2016,72.8
bhs,Bahamas,2017,72.9
bhs,Bahamas,2018,72.9
bhs,Bahamas,2019,70.0
bhs,Bahamas,2020,71.2
bhs,Bahamas,2021,67.4
bhs,Bahamas,2022,71.5
bhs,Bahamas,2023,72.8
bhs,Bahamas,2024,72.9
bhs,Bahamas,2025,73.09
bih,Bosnia and Herzegovina,1900,34.89
bih,Bosnia and Herzegovina,1901,34.89
bih,Bosnia and Herzegovina,1902,34.88
bih,Bosnia and Herzegovina,1903,34.88
bih,Bosnia and Herzegovina,1904,34.88
bih,Bosnia and Herzegovina,1905,34.87
bih,Bosnia and Herzegovina,1906,34.87
bih,Bosnia and Herzegovina,1907,34.86
bih,Bosnia and Herzegovina,1908,34.86
bih,Bosnia and Herzegovina,1909,34.86
bih,Bosnia and Herzegovina,1910,34.85
bih,Bosnia and Herzegovina,1911,34.85
bih,Bosnia and Herzegovina,1912,34.84
bih,Bosnia and Herzegovina,1913,34.84
bih,Bosnia and Herzegovina,1914,34.83
bih,Bosnia and Herzegovina,1915,34.83
bih,Bosnia and Herzegovina,1916,34.83
bih,Bosnia and Herzegovina,1917,34.82
bih,Bosnia and Herzegovina,1918,19.11
bih,Bosnia and Herzegovina,1919,34.81
bih,Bosnia and Herzegovina,1920,34.81
bih,Bosnia and Herzegovina,1921,35.34
bih,Bosnia and Herzegovina,1922,35.88
bih,Bosnia and Herzegovina,1923,36.41
bih,Bosnia and Herzegovina,1924,36.95
bih,Bosnia and Herzegovina,1925,37.49
bih,Bosnia and Herzegovina,1926,38.02
bih,Bosnia and Herzegovina,1927,38.56
bih,Bosnia and Herzegovina,1928,39.09
bih,Bosnia and Herzegovina,1929,39.63
bih,Bosnia and Herzegovina,1930,40.16
bih,Bosnia and Herzegovina,1931,40.69
bih,Bosnia and Herzegovina,1932,41.23
bih,Bosnia and Herzegovina,1933,41.76
bih,Bosnia and Herzegovina,1934,42.3
bih,Bosnia and Herzegovina,1935,42.83
bih,Bosnia and Herzegovina,1936,43.37
bih,Bosnia and Herzegovina,1937,43.89
bih,Bosnia and Herzegovina,1938,44.42
bih,Bosnia and Herzegovina,1939,44.96
bih,Bosnia and Herzegovina,1940,45.49
bih,Bosnia and Herzegovina,1941,31.14
bih,Bosnia and Herzegovina,1942,27.44
bih,Bosnia and Herzegovina,1943,23.87
bih,Bosnia and Herzegovina,1944,21.97
bih,Bosnia and Herzegovina,1945,26.15
bih,Bosnia and Herzegovina,1946,41.19
bih,Bosnia and Herzegovina,1947,49.2
bih,Bosnia and Herzegovina,1948,50.29
bih,Bosnia and Herzegovina,1949,51.09
bih,Bosnia and Herzegovina,1950,51.9
bih,Bosnia and Herzegovina,1951,52.5
bih,Bosnia and Herzegovina,1952,53.9
bih,Bosnia and Herzegovina,1953,55.2
bih,Bosnia and Herzegovina,1954,56.3
bih,Bosnia and Herzegovina,1955,57.4
bih,Bosnia and Herzegovina,1956,58.2
bih,Bosnia and Herzegovina,1957,59.3
bih,Bosnia and Herzegovina,1958,60.5
bih,Bosnia and Herzegovina,1959,61.4
bih,Bosnia and Herzegovina,1960,62.1
bih,Bosnia and Herzegovina,1961,62.6
bih,Bosnia and Herzegovina,1962,63.0
bih,Bosnia and Herzegovina,1963,63.5
bih,Bosnia and Herzegovina,1964,64.1
bih,Bosnia and Herzegovina,1965,64.5
bih,Bosnia and Herzegovina,1966,65.0
bih,Bosnia and Herzegovina,1967,65.3
bih,Bosnia and Herzegovina,1968,65.4
bih,Bosnia and Herzegovina,1969,65.6
bih,Bosnia and Herzegovina,1970,65.9
bih,Bosnia and Herzegovina,1971,66.2
bih,Bosnia and Herzegovina,1972,66.8
bih,Bosnia and Herzegovina,1973,67.3
bih,Bosnia and Herzegovina,1974,67.8
bih,Bosnia and Herzegovina,1975,68.2
bih,Bosnia and Herzegovina,1976,68.5
bih,Bosnia and Herzegovina,1977,68.8
bih,Bosnia and Herzegovina,1978,69.1
bih,Bosnia and Herzegovina,1979,69.4
bih,Bosnia and Herzegovina,1980,69.5
bih,Bosnia and Herzegovina,1981,69.6
bih,Bosnia and Herzegovina,1982,69.9
bih,Bosnia and Herzegovina,1983,70.1
bih,Bosnia and Herzegovina,1984,70.6
bih,Bosnia and Herzegovina,1985,70.9
bih,Bosnia and Herzegovina,1986,71.4
bih,Bosnia and Herzegovina,1987,71.8
bih,Bosnia and Herzegovina,1988,72.1
bih,Bosnia and Herzegovina,1989,72.3
bih,Bosnia and Herzegovina,1990,72.4
bih,Bosnia and Herzegovina,1991,72.7
bih,Bosnia and Herzegovina,1992,59.1
bih,Bosnia and Herzegovina,1993,65.0
bih,Bosnia and Herzegovina,1994,68.9
bih,Bosnia and Herzegovina,1995,62.1
bih,Bosnia and Herzegovina,1996,74.0
bih,Bosnia and Herzegovina,1997,74.3
bih,Bosnia and Herzegovina,1998,74.6
bih,Bosnia and Herzegovina,1999,74.7
bih,Bosnia and Herzegovina,2000,74.8
bih,Bosnia and Herzegovina,2001,74.9
bih,Bosnia and Herzegovina,2002,75.1
bih,Bosnia and Herzegovina,2003,75.2
bih,Bosnia and Herzegovina,2004,75.3
bih,Bosnia and Herzegovina,2005,75.3
bih,Bosnia and Herzegovina,2006,75.5
bih,Bosnia and Herzegovina,2007,75.6
bih,Bosnia and Herzegovina,2008,75.8
bih,Bosnia and Herzegovina,2009,76.0
bih,Bosnia and Herzegovina,2010,76.2
bih,Bosnia and Herzegovina,2011,76.3
bih,Bosnia and Herzegovina,2012,76.5
bih,Bosnia and Herzegovina,2013,76.7
bih,Bosnia and Herzegovina,2014,76.8
bih,Bosnia and Herzegovina,2015,76.8
bih,Bosnia and Herzegovina,2016,77.0
bih,Bosnia and Herzegovina,2017,77.0
bih,Bosnia and Herzegovina,2018,77.1
bih,Bosnia and Herzegovina,2019,77.1
bih,Bosnia and Herzegovina,2020,75.8
bih,Bosnia and Herzegovina,2021,74.6
bih,Bosnia and Herzegovina,2022,76.6
bih,Bosnia and Herzegovina,2023,77.7
bih,Bosnia and Herzegovina,2024,77.8
bih,Bosnia and Herzegovina,2025,78.0
blr,Belarus,1900,36.98
blr,Belarus,1901,37.62
blr,Belarus,1902,38.26
blr,Belarus,1903,38.9
blr,Belarus,1904,39.55
blr,Belarus,1905,40.2
blr,Belarus,1906,40.84
blr,Belarus,1907,41.48
blr,Belarus,1908,42.12
blr,Belarus,1909,42.77
blr,Belarus,1910,43.41
blr,Belarus,1911,44.05
blr,Belarus,1912,44.71
blr,Belarus,1913,45.35
blr,Belarus,1914,44.11
blr,Belarus,1915,38.42
blr,Belarus,1916,38.44
blr,Belarus,1917,36.4
blr,Belarus,1918,32.29
blr,Belarus,1919,34.37
blr,Belarus,1920,31.34
blr,Belarus,1921,34.76
blr,Belarus,1922,35.7
blr,Belarus,1923,44.9
blr,Belarus,1924,47.49
blr,Belarus,1925,46.59
blr,Belarus,1926,49.91
blr,Belarus,1927,49.0
blr,Belarus,1928,50.68
blr,Belarus,1929,48.73
blr,Belarus,1930,48.7
blr,Belarus,1931,49.76
blr,Belarus,1932,40.72
blr,Belarus,1933,26.93
blr,Belarus,1934,43.65
blr,Belarus,1935,53.88
blr,Belarus,1936,54.63
blr,Belarus,1937,53.36
blr,Belarus,1938,54.68
blr,Belarus,1939,54.49
blr,Belarus,1940,54.31
blr,Belarus,1941,20.78
blr,Belarus,1942,15.57
blr,Belarus,1943,14.52
blr,Belarus,1944,21.8
blr,Belarus,1945,31.17
blr,Belarus,1946,59.98
blr,Belarus,1947,49.53
blr,Belarus,1948,62.72
blr,Belarus,1949,65.65
blr,Belarus,1950,67.7
blr,Belarus,1951,68.0
blr,Belarus,1952,68.6
blr,Belarus,1953,68.9
blr,Belarus,1954,69.0
blr,Belarus,1955,69.1
blr,Belarus,1956,69.3
blr,Belarus,1957,69.4
blr,Belarus,1958,69.5
blr,Belarus,1959,69.7
blr,Belarus,1960,70.2
blr,Belarus,1961,70.7
blr,Belarus,1962,70.9
blr,Belarus,1963,71.5
blr,Belarus,1964,72.1
blr,Belarus,1965,72.4
blr,Belarus,1966,72.4
blr,Belarus,1967,72.4
blr,Belarus,1968,72.4
blr,Belarus,1969,72.2
blr,Belarus,1970,72.1
blr,Belarus,1971,72.1
blr,Belarus,1972,72.1
blr,Belarus,1973,72.1
blr,Belarus,1974,72.1
blr,Belarus,1975,71.8
blr,Belarus,1976,71.6
blr,Belarus,1977,71.4
blr,Belarus,1978,71.2
blr,Belarus,1979,71.0
blr,Belarus,1980,70.9
blr,Belarus,1981,71.0
blr,Belarus,1982,71.0
blr,Belarus,1983,70.9
blr,Belarus,1984,70.8
blr,Belarus,1985,71.0
blr,Belarus,1986,71.6
blr,Belarus,1987,71.8
blr,Belarus,1988,71.7
blr,Belarus,1989,71.5
blr,Belarus,1990,71.0
blr,Belarus,1991,70.5
blr,Belarus,1992,70.0
blr,Belarus,1993,69.2
blr,Belarus,1994,68.8
blr,Belarus,1995,68.5
blr,Belarus,1996,68.5
blr,Belarus,1997,68.4
blr,Belarus,1998,68.3
blr,Belarus,1999,68.3
blr,Belarus,2000,68.5
blr,Belarus,2001,68.4
blr,Belarus,2002,68.2
blr,Belarus,2003,68.4
blr,Belarus,2004,68.7
blr,Belarus,2005,69.0
blr,Belarus,2006,69.5
blr,Belarus,2007,70.1
blr,Belarus,2008,70.4
blr,Belarus,2009,70.5
blr,Belarus,2010,70.6
blr,Belarus,2011,71.1
blr,Belarus,2012,72.0
blr,Belarus,2013,72.7
blr,Belarus,2014,73.3
blr,Belarus,2015,73.8
blr,Belarus,2016,74.2
blr,Belarus,2017,74.4
blr,Belarus,2018,74.4
blr,Belarus,2019,74.5
blr,Belarus,2020,74.2
blr,Belarus,2021,73.9
blr,Belarus,2022,73.8
blr,Belarus,2023,74.5
blr,Belarus,2024,74.7
blr,Belarus,2025,74.9
blz,Belize,1900,27.38
blz,Belize,1901,27.4
blz,Belize,1902,27.41
blz,Belize,1903,27.43
blz,Belize,1904,27.45
blz,Belize,1905,27.47
blz,Belize,1906,27.48
blz,Belize,1907,27.5
blz,Belize,1908,27.52
blz,Belize,1909,27.54
blz,Belize,1910,27.55
blz,Belize,1911,28.16
blz,Belize,1912,28.77
blz,Belize,1913,29.37
blz,Belize,1914,29.97
blz,Belize,1915,30.57
blz,Belize,1916,31.19
blz,Belize,1917,31.79
blz,Belize,1918,28.12
blz,Belize,1919,33.0
blz,Belize,1920,33.62
blz,Belize,1921,34.23
blz,Belize,1922,34.84
blz,Belize,1923,35.45
blz,Belize,1924,36.07
blz,Belize,1925,36.68
blz,Belize,1926,37.29
blz,Belize,1927,37.9
blz,Belize,1928,38.53
blz,Belize,1929,39.14
blz,Belize,1930,39.75
blz,Belize,1931,40.37
blz,Belize,1932,41.0
blz,Belize,1933,41.61
blz,Belize,1934,42.23
blz,Belize,1935,43.24
blz,Belize,1936,44.24
blz,Belize,1937,45.25
blz,Belize,1938,46.25
blz,Belize,1939,47.27
blz,Belize,1940,48.27
blz,Belize,1941,49.3
blz,Belize,1942,50.3
blz,Belize,1943,51.33
blz,Belize,1944,52.34
blz,Belize,1945,53.37
blz,Belize,1946,54.39
blz,Belize,1947,55.42
blz,Belize,1948,56.45
blz,Belize,1949,57.47
blz,Belize,1950,58.5
blz,Belize,1951,58.8
blz,Belize,1952,59.1
blz,Belize,1953,59.4
blz,Belize,1954,59.7
blz,Belize,1955,59.7
blz,Belize,1956,60.6
blz,Belize,1957,61.2
blz,Belize,1958,61.9
blz,Belize,1959,62.6
blz,Belize,1960,63.2
blz,Belize,1961,58.3
blz,Belize,1962,64.3
blz,Belize,1963,64.8
blz,Belize,1964,65.3
blz,Belize,1965,65.7
blz,Belize,1966,66.1
blz,Belize,1967,66.5
blz,Belize,1968,67.0
blz,Belize,1969,67.5
blz,Belize,1970,67.9
blz,Belize,1971,68.3
blz,Belize,1972,68.6
blz,Belize,1973,68.9
blz,Belize,1974,69.2
blz,Belize,1975,69.4
blz,Belize,1976,69.5
blz,Belize,1977,69.8
blz,Belize,1978,70.0
blz,Belize,1979,70.5
blz,Belize,1980,70.9
blz,Belize,1981,71.2
blz,Belize,1982,71.6
blz,Belize,1983,71.9
blz,Belize,1984,72.2
blz,Belize,1985,72.5
blz,Belize,1986,72.7
blz,Belize,1987,72.9
blz,Belize,1988,73.0
blz,Belize,1989,73.0
blz,Belize,1990,73.2
blz,Belize,1991,73.1
blz,Belize,1992,73.5
blz,Belize,1993,73.3
blz,Belize,1994,72.9
blz,Belize,1995,72.6
blz,Belize,1996,72.2
blz,Belize,1997,71.7
blz,Belize,1998,71.2
blz,Belize,1999,70.8
blz,Belize,2000,70.3
blz,Belize,2001,70.6
blz,Belize,2002,71.3
blz,Belize,2003,71.5
blz,Belize,2004,71.9
blz,Belize,2005,72.2
blz,Belize,2006,72.7
blz,Belize,2007,73.0
blz,Belize,2008,73.4
blz,Belize,2009,73.6
blz,Belize,2010,73.8
blz,Belize,2011,73.9
blz,Belize,2012,74.1
blz,Belize,2013,74.2
blz,Belize,2014,74.1
blz,Belize,2015,74.1
blz,Belize,2016,74.1
blz,Belize,2017,74.2
blz,Belize,2018,74.3
blz,Belize,2019,74.4
blz,Belize,2020,73.2
blz,Belize,2021,71.6
blz,Belize,2022,73.8
blz,Belize,2023,75.2
blz,Belize,2024,75.3
blz,Belize,2025,75.51
bol,Bolivia,1900,31.28
bol,Bolivia,1901,31.25
bol,Bolivia,1902,31.21
bol,Bolivia,1903,31.18
bol,Bolivia,1904,31.14
bol,Bolivia,1905,31.11
bol,Bolivia,1906,31.07
bol,Bolivia,1907,31.04
bol,Bolivia,1908,31.01
bol,Bolivia,1909,30.97
bol,Bolivia,1910,30.94
bol,Bolivia,1911,30.9
bol,Bolivia,1912,30.87
bol,Bolivia,1913,30.83
bol,Bolivia,1914,30.8
bol,Bolivia,1915,30.77
bol,Bolivia,1916,30.73
bol,Bolivia,1917,30.7
bol,Bolivia,1918,27.1
bol,Bolivia,1919,30.63
bol,Bolivia,1920,30.59
bol,Bolivia,1921,30.56
bol,Bolivia,1922,30.52
bol,Bolivia,1923,30.49
bol,Bolivia,1924,30.46
bol,Bolivia,1925,30.42
bol,Bolivia,1926,30.39
bol,Bolivia,1927,30.35
bol,Bolivia,1928,30.32
bol,Bolivia,1929,30.28
bol,Bolivia,1930,30.25
bol,Bolivia,1931,30.22
bol,Bolivia,1932,30.18
bol,Bolivia,1933,30.15
bol,Bolivia,1934,30.11
bol,Bolivia,1935,30.08
bol,Bolivia,1936,30.04
bol,Bolivia,1937,30.01
bol,Bolivia,1938,29.97
bol,Bolivia,1939,29.94
bol,Bolivia,1940,29.91
bol,Bolivia,1941,30.54
bol,Bolivia,1942,31.18
bol,Bolivia,1943,31.81
bol,Bolivia,1944,32.44
bol,Bolivia,1945,33.07
bol,Bolivia,1946,33.7
bol,Bolivia,1947,34.32
bol,Bolivia,1948,34.95
bol,Bolivia,1949,35.57
bol,Bolivia,1950,36.2
bol,Bolivia,1951,37.1
bol,Bolivia,1952,37.1
bol,Bolivia,1953,38.6
bol,Bolivia,1954,39.3
bol,Bolivia,1955,40.0
bol,Bolivia,1956,40.7
bol,Bolivia,1957,41.4
bol,Bolivia,1958,42.1
bol,Bolivia,1959,42.7
bol,Bolivia,1960,43.3
bol,Bolivia,1961,44.0
bol,Bolivia,1962,44.6
bol,Bolivia,1963,45.3
bol,Bolivia,1964,46.1
bol,Bolivia,1965,46.8
bol,Bolivia,1966,47.6
bol,Bolivia,1967,48.3
bol,Bolivia,1968,49.1
bol,Bolivia,1969,49.9
bol,Bolivia,1970,50.6
bol,Bolivia,1971,51.3
bol,Bolivia,1972,52.0
bol,Bolivia,1973,52.7
bol,Bolivia,1974,53.4
bol,Bolivia,1975,54.1
bol,Bolivia,1976,54.7
bol,Bolivia,1977,55.5
bol,Bolivia,1978,56.1
bol,Bolivia,1979,56.8
bol,Bolivia,1980,57.5
bol,Bolivia,1981,58.2
bol,Bolivia,1982,58.9
bol,Bolivia,1983,59.4
bol,Bolivia,1984,60.2
bol,Bolivia,1985,60.8
bol,Bolivia,1986,61.3
bol,Bolivia,1987,61.8
bol,Bolivia,1988,62.2
bol,Bolivia,1989,62.6
bol,Bolivia,1990,63.0
bol,Bolivia,1991,63.2
bol,Bolivia,1992,63.5
bol,Bolivia,1993,64.0
bol,Bolivia,1994,64.5
bol,Bolivia,1995,65.0
bol,Bolivia,1996,65.3
bol,Bolivia,1997,65.8
bol,Bolivia,1998,66.1
bol,Bolivia,1999,66.5
bol,Bolivia,2000,66.8
bol,Bolivia,2001,67.1
bol,Bolivia,2002,67.3
bol,Bolivia,2003,67.6
bol,Bolivia,2004,67.8
bol,Bolivia,2005,68.0
bol,Bolivia,2006,68.2
bol,Bolivia,2007,68.5
bol,Bolivia,2008,68.8
bol,Bolivia,2009,69.1
bol,Bolivia,2010,69.4
bol,Bolivia,2011,69.6
bol,Bolivia,2012,69.8
bol,Bolivia,2013,70.0
bol,Bolivia,2014,70.3
bol,Bolivia,2015,70.6
bol,Bolivia,2016,70.8
bol,Bolivia,2017,71.1
bol,Bolivia,2018,71.3
bol,Bolivia,2019,71.5
bol,Bolivia,2020,63.8
bol,Bolivia,2021,64.6
bol,Bolivia,2022,70.6
bol,Bolivia,2023,71.9
bol,Bolivia,2024,72.0
bol,Bolivia,2025,72.21
bra,Brazil,1900,32.76
bra,Brazil,1901,32.78
bra,Brazil,1902,32.8
bra,Brazil,1903,32.81
bra,Brazil,1904,32.83
bra,Brazil,1905,32.84
bra,Brazil,1906,32.86
bra,Brazil,1907,32.87
bra,Brazil,1908,32.89
bra,Brazil,1909,32.91
bra,Brazil,1910,32.92
bra,Brazil,1911,32.94
bra,Brazil,1912,32.95
bra,Brazil,1913,32.97
bra,Brazil,1914,32.98
bra,Brazil,1915,33.0
bra,Brazil,1916,33.02
bra,Brazil,1917,33.03
bra,Brazil,1918,27.88
bra,Brazil,1919,33.06
bra,Brazil,1920,33.08
bra,Brazil,1921,33.09
bra,Brazil,1922,33.11
bra,Brazil,1923,33.13
bra,Brazil,1924,33.15
bra,Brazil,1925,33.17
bra,Brazil,1926,33.18
bra,Brazil,1927,33.2
bra,Brazil,1928,33.22
bra,Brazil,1929,33.24
bra,Brazil,1930,33.26
bra,Brazil,1931,33.75
bra,Brazil,1932,34.26
bra,Brazil,1933,34.75
bra,Brazil,1934,35.26
bra,Brazil,1935,35.75
bra,Brazil,1936,36.25
bra,Brazil,1937,36.76
bra,Brazil,1938,37.25
bra,Brazil,1939,37.76
bra,Brazil,1940,38.26
bra,Brazil,1941,39.49
bra,Brazil,1942,40.72
bra,Brazil,1943,41.96
bra,Brazil,1944,43.18
bra,Brazil,1945,44.42
bra,Brazil,1946,46.09
bra,Brazil,1947,47.77
bra,Brazil,1948,49.44
bra,Brazil,1949,51.12
bra,Brazil,1950,52.8
bra,Brazil,1951,53.4
bra,Brazil,1952,53.9
bra,Brazil,1953,54.4
bra,Brazil,1954,54.9
bra,Brazil,1955,55.4
bra,Brazil,1956,55.8
bra,Brazil,1957,56.3
bra,Brazil,1958,56.7
bra,Brazil,1959,57.1
bra,Brazil,1960,57.5
bra,Brazil,1961,57.8
bra,Brazil,1962,58.2
bra,Brazil,1963,58.6
bra,Brazil,1964,58.9
bra,Brazil,1965,59.3
bra,Brazil,1966,59.7
bra,Brazil,1967,60.1
bra,Brazil,1968,60.6
bra,Brazil,1969,61.0
bra,Brazil,1970,61.5
bra,Brazil,1971,62.0
bra,Brazil,1972,62.6
bra,Brazil,1973,63.1
bra,Brazil,1974,63.4
bra,Brazil,1975,63.7
bra,Brazil,1976,63.9
bra,Brazil,1977,64.7
bra,Brazil,1978,65.2
bra,Brazil,1979,65.4
bra,Brazil,1980,65.9
bra,Brazil,1981,67.2
bra,Brazil,1982,67.8
bra,Brazil,1983,67.6
bra,Brazil,1984,67.5
bra,Brazil,1985,67.9
bra,Brazil,1986,68.1
bra,Brazil,1987,68.5
bra,Brazil,1988,68.5
bra,Brazil,1989,69.1
bra,Brazil,1990,69.7
bra,Brazil,1991,70.3
bra,Brazil,1992,70.3
bra,Brazil,1993,70.0
bra,Brazil,1994,70.3
bra,Brazil,1995,70.7
bra,Brazil,1996,71.0
bra,Brazil,1997,71.5
bra,Brazil,1998,71.8
bra,Brazil,1999,72.1
bra,Brazil,2000,72.4
bra,Brazil,2001,72.7
bra,Brazil,2002,73.0
bra,Brazil,2003,73.2
bra,Brazil,2004,73.4
bra,Brazil,2005,74.0
bra,Brazil,2006,74.3
bra,Brazil,2007,74.5
bra,Brazil,2008,74.7
bra,Brazil,2009,74.8
bra,Brazil,2010,74.9
bra,Brazil,2011,75.0
bra,Brazil,2012,75.3
bra,Brazil,2013,75.5
bra,Brazil,2014,75.7
bra,Brazil,2015,75.8
bra,Brazil,2016,75.8
bra,Brazil,2017,76.1
bra,Brazil,2018,76.5
bra,Brazil,2019,76.7
bra,Brazil,2020,75.2
bra,Brazil,2021,73.3
bra,Brazil,2022,76.1
bra,Brazil,2023,76.9
bra,Brazil,2024,77.1
bra,Brazil,2025,77.31
brb,Barbados,1900,32.4
brb,Barbados,1901,32.41
brb,Barbados,1902,32.42
brb,Barbados,1903,32.42
brb,Barbados,1904,32.43
brb,Barbados,1905,32.43
brb,Barbados,1906,32.44
brb,Barbados,1907,32.44
brb,Barbados,1908,32.45
brb,Barbados,1909,32.46
brb,Barbados,1910,32.46
brb,Barbados,1911,32.47
brb,Barbados,1912,32.47
brb,Barbados,1913,32.48
brb,Barbados,1914,32.48
brb,Barbados,1915,32.49
brb,Barbados,1916,32.5
brb,Barbados,1917,32.5
brb,Barbados,1918,21.08
brb,Barbados,1919,32.51
brb,Barbados,1920,32.52
brb,Barbados,1921,32.52
brb,Barbados,1922,33.37
brb,Barbados,1923,34.22
brb,Barbados,1924,35.06
brb,Barbados,1925,35.9
brb,Barbados,1926,36.75
brb,Barbados,1927,37.6
brb,Barbados,1928,38.44
brb,Barbados,1929,39.28
brb,Barbados,1930,40.13
brb,Barbados,1931,40.98
brb,Barbados,1932,41.83
brb,Barbados,1933,42.68
brb,Barbados,1934,43.52
brb,Barbados,1935,44.37
brb,Barbados,1936,45.22
brb,Barbados,1937,46.07
brb,Barbados,1938,46.91
brb,Barbados,1939,47.76
brb,Barbados,1940,48.61
brb,Barbados,1941,49.5
brb,Barbados,1942,50.39
brb,Barbados,1943,51.28
brb,Barbados,1944,52.16
brb,Barbados,1945,53.06
brb,Barbados,1946,53.94
brb,Barbados,1947,54.84
brb,Barbados,1948,55.73
brb,Barbados,1949,56.63
brb,Barbados,1950,57.5
brb,Barbados,1951,57.5
brb,Barbados,1952,57.6
brb,Barbados,1953,57.9
brb,Barbados,1954,58.7
brb,Barbados,1955,59.5
brb,Barbados,1956,61.4
brb,Barbados,1957,62.6
brb,Barbados,1958,63.6
brb,Barbados,1959,64.3
brb,Barbados,1960,65.2
brb,Barbados,1961,66.1
brb,Barbados,1962,66.8
brb,Barbados,1963,67.3
brb,Barbados,1964,67.6
brb,Barbados,1965,67.9
brb,Barbados,1966,68.2
brb,Barbados,1967,68.6
brb,Barbados,1968,68.9
brb,Barbados,1969,69.2
brb,Barbados,1970,69.3
brb,Barbados,1971,69.5
brb,Barbados,1972,69.6
brb,Barbados,1973,69.9
brb,Barbados,1974,70.2
brb,Barbados,1975,70.6
brb,Barbados,1976,70.2
brb,Barbados,1977,71.3
brb,Barbados,1978,71.7
brb,Barbados,1979,72.2
brb,Barbados,1980,72.7
brb,Barbados,1981,73.0
brb,Barbados,1982,73.3
brb,Barbados,1983,73.5
brb,Barbados,1984,73.7
brb,Barbados,1985,73.8
brb,Barbados,1986,74.0
brb,Barbados,1987,74.1
brb,Barbados,1988,74.1
brb,Barbados,1989,74.1
brb,Barbados,1990,74.0
brb,Barbados,1991,74.0
brb,Barbados,1992,74.0
brb,Barbados,1993,74.0
brb,Barbados,1994,74.1
brb,Barbados,1995,74.1
brb,Barbados,1996,74.3
brb,Barbados,1997,74.4
brb,Barbados,1998,74.9
brb,Barbados,1999,75.2
brb,Barbados,2000,75.3
brb,Barbados,2001,75.6
brb,Barbados,2002,75.7
brb,Barbados,2003,75.6
brb,Barbados,2004,75.8
brb,Barbados,2005,76.1
brb,Barbados,2006,76.2
brb,Barbados,2007,76.3
brb,Barbados,2008,76.5
brb,Barbados,2009,76.8
brb,Barbados,2010,77.1
brb,Barbados,2011,77.2
brb,Barbados,2012,77.4
brb,Barbados,2013,77.4
brb,Barbados,2014,77.4
brb,Barbados,2015,77.3
brb,Barbados,2016,77.3
brb,Barbados,2017,77.3
brb,Barbados,2018,77.2
brb,Barbados,2019,77.1
brb,Barbados,2020,76.5
brb,Barbados,2021,75.5
brb,Barbados,2022,75.6
brb,Barbados,2023,76.7
brb,Barbados,2024,76.8
brb,Barbados,2025,77.0
brn,Brunei,1900,28.23
brn,Brunei,1901,28.21
brn,Brunei,1902,28.19
brn,Brunei,1903,28.17
brn,Brunei,1904,28.15
brn,Brunei,1905,28.13
brn,Brunei,1906,28.11
brn,Brunei,1907,28.09
brn,Brunei,1908,28.07
brn,Brunei,1909,28.05
brn,Brunei,1910,28.03
brn,Brunei,1911,28.01
brn,Brunei,1912,28.66
brn,Brunei,1913,29.32
brn,Brunei,1914,29.97
brn,Brunei,1915,30.62
brn,Brunei,1916,31.28
brn,Brunei,1917,31.93
brn,Brunei,1918,26.45
brn,Brunei,1919,33.23
brn,Brunei,1920,33.87
brn,Brunei,1921,34.51
brn,Brunei,1922,35.17
brn,Brunei,1923,35.81
brn,Brunei,1924,36.45
brn,Brunei,1925,37.1
brn,Brunei,1926,37.74
brn,Brunei,1927,38.37
brn,Brunei,1928,39.02
brn,Brunei,1929,39.65
brn,Brunei,1930,40.29
brn,Brunei,1931,40.93
brn,Brunei,1932,41.57
brn,Brunei,1933,42.2
brn,Brunei,1934,42.84
brn,Brunei,1935,43.47
brn,Brunei,1936,44.1
brn,Brunei,1937,44.73
brn,Brunei,1938,45.36
brn,Brunei,1939,45.99
brn,Brunei,1940,46.62
brn,Brunei,1941,47.26
brn,Brunei,1942,47.88
brn,Brunei,1943,48.52
brn,Brunei,1944,49.14
brn,Brunei,1945,49.78
brn,Brunei,1946,50.4
brn,Brunei,1947,51.03
brn,Brunei,1948,51.66
brn,Brunei,1949,52.28
brn,Brunei,1950,52.9
brn,Brunei,1951,52.9
brn,Brunei,1952,53.0
brn,Brunei,1953,52.9
brn,Brunei,1954,52.9
brn,Brunei,1955,52.9
brn,Brunei,1956,53.1
brn,Brunei,1957,53.4
brn,Brunei,1958,53.7
brn,Brunei,1959,54.3
brn,Brunei,1960,55.2
brn,Brunei,1961,56.3
brn,Brunei,1962,56.4
brn,Brunei,1963,58.5
brn,Brunei,1964,59.4
brn,Brunei,1965,60.2
brn,Brunei,1966,61.0
brn,Brunei,1967,61.7
brn,Brunei,1968,62.4
brn,Brunei,1969,63.2
brn,Brunei,1970,63.9
brn,Brunei,1971,64.6
brn,Brunei,1972,65.3
brn,Brunei,1973,65.9
brn,Brunei,1974,66.4
brn,Brunei,1975,66.9
brn,Brunei,1976,67.3
brn,Brunei,1977,67.7
brn,Brunei,1978,68.0
brn,Brunei,1979,68.4
brn,Brunei,1980,68.8
brn,Brunei,1981,69.2
brn,Brunei,1982,69.6
brn,Brunei,1983,69.9
brn,Brunei,1984,70.3
brn,Brunei,1985,70.5
brn,Brunei,1986,70.8
brn,Brunei,1987,71.1
brn,Brunei,1988,71.4
brn,Brunei,1989,71.7
brn,Brunei,1990,71.8
brn,Brunei,1991,72.1
brn,Brunei,1992,72.3
brn,Brunei,1993,72.6
brn,Brunei,1994,72.9
brn,Brunei,1995,73.0
brn,Brunei,1996,73.3
brn,Brunei,1997,73.5
brn,Brunei,1998,73.7
brn,Brunei,1999,74.0
brn,Brunei,2000,74.1
brn,Brunei,2001,74.4
brn,Brunei,2002,74.6
brn,Brunei,2003,74.9
brn,Brunei,2004,75.1
brn,Brunei,2005,75.3
brn,Brunei,2006,75.6
brn,Brunei,2007,75.9
brn,Brunei,2008,76.1
brn,Brunei,2009,76.4
brn,Brunei,2010,76.5
brn,Brunei,2011,76.8
brn,Brunei,2012,77.0
brn,Brunei,2013,77.0
brn,Brunei,2014,77.2
brn,Brunei,2015,77.3
brn,Brunei,2016,77.4
brn,Brunei,2017,77.6
brn,Brunei,2018,77.8
brn,Brunei,2019,78.0
brn,Brunei,2020,78.0
brn,Brunei,2021,77.7
brn,Brunei,2022,77.4
brn,Brunei,2023,78.1
brn,Brunei,2024,78.31
brn,Brunei,2025,78.51
btn,Bhutan,1900,31.68
btn,Bhutan,1901,31.73
btn,Bhutan,1902,31.79
btn,Bhutan,1903,31.85
btn,Bhutan,1904,31.91
btn,Bhutan,1905,31.96
btn,Bhutan,1906,32.02
btn,Bhutan,1907,32.08
btn,Bhutan,1908,32.14
btn,Bhutan,1909,32.19
btn,Bhutan,1910,32.25
btn,Bhutan,1911,32.31
btn,Bhutan,1912,32.37
btn,Bhutan,1913,32.42
btn,Bhutan,1914,32.48
btn,Bhutan,1915,32.54
btn,Bhutan,1916,32.6
btn,Bhutan,1917,32.65
btn,Bhutan,1918,20.97
btn,Bhutan,1919,32.77
btn,Bhutan,1920,32.83
btn,Bhutan,1921,32.88
btn,Bhutan,1922,32.94
btn,Bhutan,1923,33.0
btn,Bhutan,1924,33.06
btn,Bhutan,1925,33.11
btn,Bhutan,1926,33.17
btn,Bhutan,1927,33.23
btn,Bhutan,1928,33.29
btn,Bhutan,1929,33.34
btn,Bhutan,1930,33.4
btn,Bhutan,1931,33.46
btn,Bhutan,1932,33.52
btn,Bhutan,1933,33.57
btn,Bhutan,1934,33.63
btn,Bhutan,1935,33.69
btn,Bhutan,1936,33.75
btn,Bhutan,1937,33.8
btn,Bhutan,1938,33.86
btn,Bhutan,1939,33.92
btn,Bhutan,1940,33.98
btn,Bhutan,1941,34.25
btn,Bhutan,1942,34.52
btn,Bhutan,1943,34.79
btn,Bhutan,1944,35.05
btn,Bhutan,1945,35.32
btn,Bhutan,1946,35.6
btn,Bhutan,1947,35.87
btn,Bhutan,1948,36.15
btn,Bhutan,1949,36.42
btn,Bhutan,1950,36.7
btn,Bhutan,1951,37.1
btn,Bhutan,1952,37.4
btn,Bhutan,1953,37.8
btn,Bhutan,1954,38.1
btn,Bhutan,1955,38.5
btn,Bhutan,1956,38.9
btn,Bhutan,1957,39.3
btn,Bhutan,1958,39.7
btn,Bhutan,1959,40.1
btn,Bhutan,1960,40.5
btn,Bhutan,1961,41.0
btn,Bhutan,1962,41.4
btn,Bhutan,1963,41.9
btn,Bhutan,1964,42.4
btn,Bhutan,1965,42.9
btn,Bhutan,1966,43.5
btn,Bhutan,1967,44.0
btn,Bhutan,1968,44.5
btn,Bhutan,1969,45.1
btn,Bhutan,1970,45.6
btn,Bhutan,1971,46.2
btn,Bhutan,1972,46.7
btn,Bhutan,1973,47.2
btn,Bhutan,1974,47.7
btn,Bhutan,1975,48.2
btn,Bhutan,1976,48.8
btn,Bhutan,1977,49.4
btn,Bhutan,1978,50.0
btn,Bhutan,1979,50.6
btn,Bhutan,1980,51.3
btn,Bhutan,1981,52.1
btn,Bhutan,1982,53.0
btn,Bhutan,1983,53.9
btn,Bhutan,1984,54.8
btn,Bhutan,1985,55.5
btn,Bhutan,1986,56.5
btn,Bhutan,1987,57.4
btn,Bhutan,1988,58.1
btn,Bhutan,1989,58.7
btn,Bhutan,1990,59.4
btn,Bhutan,1991,59.7
btn,Bhutan,1992,60.2
btn,Bhutan,1993,60.6
btn,Bhutan,1994,61.0
btn,Bhutan,1995,61.5
btn,Bhutan,1996,62.0
btn,Bhutan,1997,62.3
btn,Bhutan,1998,63.0
btn,Bhutan,1999,63.6
btn,Bhutan,2000,63.4
btn,Bhutan,2001,64.5
btn,Bhutan,2002,65.0
btn,Bhutan,2003,65.4
btn,Bhutan,2004,65.9
btn,Bhutan,2005,66.4
btn,Bhutan,2006,67.0
btn,Bhutan,2007,67.6
btn,Bhutan,2008,68.2
btn,Bhutan,2009,68.8
btn,Bhutan,2010,69.4
btn,Bhutan,2011,69.8
btn,Bhutan,2012,70.1
btn,Bhutan,2013,70.5
btn,Bhutan,2014,70.8
btn,Bhutan,2015,71.1
btn,Bhutan,2016,71.4
btn,Bhutan,2017,71.7
btn,Bhutan,2018,71.9
btn,Bhutan,2019,72.2
btn,Bhutan,2020,72.3
btn,Bhutan,2021,72.5
btn,Bhutan,2022,72.4
btn,Bhutan,2023,72.6
btn,Bhutan,2024,72.9
btn,Bhutan,2025,73.1
bwa,Botswana,1900,33.43
bwa,Botswana,1901,33.42
bwa,Botswana,1902,33.42
bwa,Botswana,1903,33.42
bwa,Botswana,1904,33.41
bwa,Botswana,1905,33.41
bwa,Botswana,1906,33.41
bwa,Botswana,1907,33.4
bwa,Botswana,1908,33.4
bwa,Botswana,1909,33.4
bwa,Botswana,1910,33.39
bwa,Botswana,1911,33.39
bwa,Botswana,1912,33.39
bwa,Botswana,1913,33.38
bwa,Botswana,1914,33.38
bwa,Botswana,1915,33.38
bwa,Botswana,1916,33.37
bwa,Botswana,1917,33.37
bwa,Botswana,1918,10.83
bwa,Botswana,1919,33.36
bwa,Botswana,1920,33.36
bwa,Botswana,1921,33.35
bwa,Botswana,1922,33.35
bwa,Botswana,1923,33.35
bwa,Botswana,1924,33.34
bwa,Botswana,1925,33.34
bwa,Botswana,1926,33.34
bwa,Botswana,1927,33.33
bwa,Botswana,1928,33.33
bwa,Botswana,1929,33.33
bwa,Botswana,1930,33.32
bwa,Botswana,1931,33.32
bwa,Botswana,1932,33.32
bwa,Botswana,1933,33.31
bwa,Botswana,1934,33.31
bwa,Botswana,1935,33.31
bwa,Botswana,1936,33.3
bwa,Botswana,1937,33.3
bwa,Botswana,1938,33.3
bwa,Botswana,1939,33.29
bwa,Botswana,1940,33.29
bwa,Botswana,1941,33.27
bwa,Botswana,1942,33.25
bwa,Botswana,1943,33.23
bwa,Botswana,1944,33.22
bwa,Botswana,1945,33.19
bwa,Botswana,1946,35.8
bwa,Botswana,1947,38.39
bwa,Botswana,1948,41.0
bwa,Botswana,1949,43.59
bwa,Botswana,1950,46.2
bwa,Botswana,1951,46.4
bwa,Botswana,1952,46.5
bwa,Botswana,1953,46.7
bwa,Botswana,1954,46.9
bwa,Botswana,1955,47.0
bwa,Botswana,1956,47.2
bwa,Botswana,1957,47.5
bwa,Botswana,1958,47.7
bwa,Botswana,1959,47.9
bwa,Botswana,1960,48.1
bwa,Botswana,1961,48.4
bwa,Botswana,1962,48.7
bwa,Botswana,1963,48.9
bwa,Botswana,1964,49.3
bwa,Botswana,1965,49.5
bwa,Botswana,1966,49.9
bwa,Botswana,1967,50.3
bwa,Botswana,1968,50.8
bwa,Botswana,1969,51.3
bwa,Botswana,1970,51.8
bwa,Botswana,1971,52.4
bwa,Botswana,1972,53.2
bwa,Botswana,1973,53.9
bwa,Botswana,1974,54.7
bwa,Botswana,1975,55.3
bwa,Botswana,1976,56.0
bwa,Botswana,1977,56.7
bwa,Botswana,1978,57.3
bwa,Botswana,1979,58.0
bwa,Botswana,1980,58.7
bwa,Botswana,1981,59.4
bwa,Botswana,1982,60.2
bwa,Botswana,1983,60.9
bwa,Botswana,1984,61.7
bwa,Botswana,1985,62.4
bwa,Botswana,1986,63.1
bwa,Botswana,1987,63.6
bwa,Botswana,1988,63.7
bwa,Botswana,1989,64.4
bwa,Botswana,1990,64.4
bwa,Botswana,1991,64.0
bwa,Botswana,1992,63.3
bwa,Botswana,1993,62.3
bwa,Botswana,1994,61.0
bwa,Botswana,1995,59.5
bwa,Botswana,1996,57.5
bwa,Botswana,1997,55.1
bwa,Botswana,1998,52.6
bwa,Botswana,1999,50.7
bwa,Botswana,2000,48.8
bwa,Botswana,2001,47.3
bwa,Botswana,2002,48.2
bwa,Botswana,2003,51.9
bwa,Botswana,2004,57.1
bwa,Botswana,2005,60.8
bwa,Botswana,2006,61.0
bwa,Botswana,2007,63.7
bwa,Botswana,2008,64.4
bwa,Botswana,2009,65.1
bwa,Botswana,2010,65.8
bwa,Botswana,2011,66.3
bwa,Botswana,2012,66.9
bwa,Botswana,2013,67.3
bwa,Botswana,2014,67.8
bwa,Botswana,2015,68.0
bwa,Botswana,2016,68.3
bwa,Botswana,2017,68.8
bwa,Botswana,2018,69.0
bwa,Botswana,2019,69.2
bwa,Botswana,2020,69.0
bwa,Botswana,2021,65.8
bwa,Botswana,2022,69.3
bwa,Botswana,2023,70.1
bwa,Botswana,2024,70.2
bwa,Botswana,2025,70.3
caf,Central African Republic,1900,33.95
caf,Central African Republic,1901,34.03
caf,Central African Republic,1902,34.11
caf,Central African Republic,1903,34.19
caf,Central African Republic,1904,34.27
caf,Central African Republic,1905,34.35
caf,Central African Republic,1906,34.43
caf,Central African Republic,1907,34.51
caf,Central African Republic,1908,34.59
caf,Central African Republic,1909,34.67
caf,Central African Republic,1910,34.74
caf,Central African Republic,1911,34.82
caf,Central African Republic,1912,34.9
caf,Central African Republic,1913,34.98
caf,Central African Republic,1914,35.06
caf,Central African Republic,1915,35.14
caf,Central African Republic,1916,35.22
caf,Central African Republic,1917,35.3
caf,Central African Republic,1918,13.68
caf,Central African Republic,1919,35.46
caf,Central African Republic,1920,35.54
caf,Central African Republic,1921,35.61
caf,Central African Republic,1922,35.69
caf,Central African Republic,1923,35.77
caf,Central African Republic,1924,35.85
caf,Central African Republic,1925,35.93
caf,Central African Republic,1926,36.01
caf,Central African Republic,1927,36.09
caf,Central African Republic,1928,36.17
caf,Central African Republic,1929,36.25
caf,Central African Republic,1930,36.33
caf,Central African Republic,1931,36.41
caf,Central African Republic,1932,36.48
caf,Central African Republic,1933,36.56
caf,Central African Republic,1934,36.64
caf,Central African Republic,1935,36.72
caf,Central African Republic,1936,36.8
caf,Central African Republic,1937,36.88
caf,Central African Republic,1938,36.96
caf,Central African Republic,1939,37.04
caf,Central African Republic,1940,37.12
caf,Central African Republic,1941,37.26
caf,Central African Republic,1942,37.39
caf,Central African Republic,1943,37.53
caf,Central African Republic,1944,37.67
caf,Central African Republic,1945,37.81
caf,Central African Republic,1946,37.94
caf,Central African Republic,1947,38.9
caf,Central African Republic,1948,39.88
caf,Central African Republic,1949,40.83
caf,Central African Republic,1950,41.8
caf,Central African Republic,1951,41.9
caf,Central African Republic,1952,42.1
caf,Central African Republic,1953,42.2
caf,Central African Republic,1954,42.4
caf,Central African Republic,1955,42.5
caf,Central African Republic,1956,42.7
caf,Central African Republic,1957,42.9
caf,Central African Republic,1958,43.1
caf,Central African Republic,1959,43.3
caf,Central African Republic,1960,43.5
caf,Central African Republic,1961,43.7
caf,Central African Republic,1962,43.9
caf,Central African Republic,1963,44.1
caf,Central African Republic,1964,44.3
caf,Central African Republic,1965,44.5
caf,Central African Republic,1966,44.7
caf,Central African Republic,1967,44.9
caf,Central African Republic,1968,45.2
caf,Central African Republic,1969,45.4
caf,Central African Republic,1970,45.6
caf,Central African Republic,1971,45.8
caf,Central African Republic,1972,46.1
caf,Central African Republic,1973,46.3
caf,Central African Republic,1974,46.5
caf,Central African Republic,1975,46.7
caf,Central African Republic,1976,46.9
caf,Central African Republic,1977,47.2
caf,Central African Republic,1978,47.4
caf,Central African Republic,1979,47.6
caf,Central African Republic,1980,47.8
caf,Central African Republic,1981,47.9
caf,Central African Republic,1982,48.1
caf,Central African Republic,1983,48.2
caf,Central African Republic,1984,48.3
caf,Central African Republic,1985,48.6
caf,Central African Republic,1986,48.8
caf,Central African Republic,1987,49.0
caf,Central African Republic,1988,49.0
caf,Central African Republic,1989,48.9
caf,Central African Republic,1990,48.5
caf,Central African Republic,1991,47.8
caf,Central African Republic,1992,47.1
caf,Central African Republic,1993,46.2
caf,Central African Republic,1994,45.5
caf,Central African Republic,1995,45.0
caf,Central African Republic,1996,44.4
caf,Central African Republic,1997,44.1
caf,Central African Republic,1998,44.0
caf,Central African Republic,1999,44.1
caf,Central African Republic,2000,44.4
caf,Central African Republic,2001,44.7
caf,Central African Republic,2002,45.2
caf,Central African Republic,2003,45.9
caf,Central African Republic,2004,46.5
caf,Central African Republic,2005,47.3
caf,Central African Republic,2006,48.1
caf,Central African Republic,2007,49.1
caf,Central African Republic,2008,50.3
caf,Central African Republic,2009,50.8
caf,Central African Republic,2010,50.8
caf,Central African Republic,2011,50.8
caf,Central African Republic,2012,51.4
caf,Central African Republic,2013,50.5
caf,Central African Republic,2014,50.9
caf,Central African Republic,2015,52.4
caf,Central African Republic,2016,52.9
caf,Central African Republic,2017,52.6
caf,Central African Republic,2018,53.5
caf,Central African Republic,2019,53.8
caf,Central African Republic,2020,53.8
caf,Central African Republic,2021,53.9
caf,Central African Republic,2022,54.6
caf,Central African Republic,2023,55.0
caf,Central African Republic,2024,55.29
caf,Central African Republic,2025,55.48
can,Canada,1900,48.41
can,Canada,1901,48.75
can,Canada,1902,49.15
can,Canada,1903,49.54
can,Canada,1904,49.93
can,Canada,1905,50.32
can,Canada,1906,50.71
can,Canada,1907,51.1
can,Canada,1908,51.5
can,Canada,1909,51.89
can,Canada,1910,52.28
can,Canada,1911,52.67
can,Canada,1912,53.12
can,Canada,1913,53.58
can,Canada,1914,54.03
can,Canada,1915,54.49
can,Canada,1916,54.95
can,Canada,1917,55.4
can,Canada,1918,47.33
can,Canada,1919,56.31
can,Canada,1920,56.77
can,Canada,1921,57.22
can,Canada,1922,57.22
can,Canada,1923,57.23
can,Canada,1924,59.05
can,Canada,1925,59.53
can,Canada,1926,58.21
can,Canada,1927,58.91
can,Canada,1928,58.8
can,Canada,1929,58.2
can,Canada,1930,59.18
can,Canada,1931,60.6
can,Canada,1932,61.68
can,Canada,1933,62.62
can,Canada,1934,63.03
can,Canada,1935,62.75
can,Canada,1936,62.99
can,Canada,1937,61.62
can,Canada,1938,63.59
can,Canada,1939,64.02
can,Canada,1940,64.3
can,Canada,1941,64.05
can,Canada,1942,65.0
can,Canada,1943,64.9
can,Canada,1944,65.65
can,Canada,1945,66.63
can,Canada,1946,66.84
can,Canada,1947,67.08
can,Canada,1948,67.64
can,Canada,1949,67.96
can,Canada,1950,68.6
can,Canada,1951,68.8
can,Canada,1952,69.1
can,Canada,1953,69.4
can,Canada,1954,70.0
can,Canada,1955,70.3
can,Canada,1956,70.3
can,Canada,1957,70.3
can,Canada,1958,70.6
can,Canada,1959,70.8
can,Canada,1960,71.0
can,Canada,1961,71.2
can,Canada,1962,71.3
can,Canada,1963,71.4
can,Canada,1964,71.6
can,Canada,1965,71.8
can,Canada,1966,71.9
can,Canada,1967,72.1
can,Canada,1968,72.3
can,Canada,1969,72.5
can,Canada,1970,72.7
can,Canada,1971,72.9
can,Canada,1972,72.9
can,Canada,1973,73.1
can,Canada,1974,73.3
can,Canada,1975,73.6
can,Canada,1976,73.9
can,Canada,1977,74.2
can,Canada,1978,74.5
can,Canada,1979,74.9
can,Canada,1980,75.1
can,Canada,1981,75.5
can,Canada,1982,75.7
can,Canada,1983,76.0
can,Canada,1984,76.3
can,Canada,1985,76.3
can,Canada,1986,76.5
can,Canada,1987,76.8
can,Canada,1988,76.9
can,Canada,1989,77.1
can,Canada,1990,77.4
can,Canada,1991,77.6
can,Canada,1992,77.8
can,Canada,1993,77.8
can,Canada,1994,77.9
can,Canada,1995,78.1
can,Canada,1996,78.3
can,Canada,1997,78.5
can,Canada,1998,78.7
can,Canada,1999,79.0
can,Canada,2000,79.3
can,Canada,2001,79.6
can,Canada,2002,79.7
can,Canada,2003,79.9
can,Canada,2004,80.2
can,Canada,2005,80.4
can,Canada,2006,80.7
can,Canada,2007,80.8
can,Canada,2008,80.9
can,Canada,2009,81.2
can,Canada,2010,81.5
can,Canada,2011,81.7
can,Canada,2012,81.9
can,Canada,2013,81.9
can,Canada,2014,82.0
can,Canada,2015,82.0
can,Canada,2016,82.1
can,Canada,2017,82.1
can,Canada,2018,82.2
can,Canada,2019,82.3
can,Canada,2020,81.6
can,Canada,2021,81.5
can,Canada,2022,81.2
can,Canada,2023,81.9
can,Canada,2024,82.0
can,Canada,2025,82.2
che,Switzerland,1900,47.46
che,Switzerland,1901,48.92
che,Switzerland,1902,50.39
che,Switzerland,1903,50.01
che,Switzerland,1904,49.14
che,Switzerland,1905,49.65
che,Switzerland,1906,50.7
che,Switzerland,1907,51.17
che,Switzerland,1908,52.24
che,Switzerland,1909,51.59
che,Switzerland,1910,52.89
che,Switzerland,1911,51.7
che,Switzerland,1912,54.4
che,Switzerland,1913,54.19
che,Switzerland,1914,55.1
che,Switzerland,1915,55.92
che,Switzerland,1916,56.56
che,Switzerland,1917,55.78
che,Switzerland,1918,46.28
che,Switzerland,1919,54.94
che,Switzerland,1920,54.35
che,Switzerland,1921,57.84
che,Switzerland,1922,58.47
che,Switzerland,1923,60.01
che,Switzerland,1924,59.46
che,Switzerland,1925,59.92
che,Switzerland,1926,60.61
che,Switzerland,1927,60.07
che,Switzerland,1928,60.44
che,Switzerland,1929,60.14
che,Switzerland,1930,61.39
che,Switzerland,1931,61.2
che,Switzerland,1932,61.19
che,Switzerland,1933,62.37
che,Switzerland,1934,62.85
che,Switzerland,1935,62.09
che,Switzerland,1936,63.14
che,Switzerland,1937,63.47
che,Switzerland,1938,63.81
che,Switzerland,1939,63.97
che,Switzerland,1940,63.54
che,Switzerland,1941,64.94
che,Switzerland,1942,65.61
che,Switzerland,1943,65.8
che,Switzerland,1944,64.84
che,Switzerland,1945,65.38
che,Switzerland,1946,66.03
che,Switzerland,1947,66.22
che,Switzerland,1948,67.3
che,Switzerland,1949,67.93
che,Switzerland,1950,68.9
che,Switzerland,1951,69.0
che,Switzerland,1952,69.5
che,Switzerland,1953,69.7
che,Switzerland,1954,70.0
che,Switzerland,1955,70.2
che,Switzerland,1956,70.3
che,Switzerland,1957,70.7
che,Switzerland,1958,71.3
che,Switzerland,1959,71.6
che,Switzerland,1960,71.7
che,Switzerland,1961,71.8
che,Switzerland,1962,71.6
che,Switzerland,1963,71.6
che,Switzerland,1964,72.1
che,Switzerland,1965,72.3
che,Switzerland,1966,72.6
che,Switzerland,1967,72.8
che,Switzerland,1968,72.8
che,Switzerland,1969,72.9
che,Switzerland,1970,73.2
che,Switzerland,1971,73.5
che,Switzerland,1972,73.8
che,Switzerland,1973,74.2
che,Switzerland,1974,74.5
che,Switzerland,1975,74.9
che,Switzerland,1976,75.1
che,Switzerland,1977,75.4
che,Switzerland,1978,75.5
che,Switzerland,1979,75.7
che,Switzerland,1980,75.8
che,Switzerland,1981,76.0
che,Switzerland,1982,76.2
che,Switzerland,1983,76.4
che,Switzerland,1984,76.8
che,Switzerland,1985,77.0
che,Switzerland,1986,77.2
che,Switzerland,1987,77.5
che,Switzerland,1988,77.6
che,Switzerland,1989,77.7
che,Switzerland,1990,77.7
che,Switzerland,1991,77.9
che,Switzerland,1992,78.1
che,Switzerland,1993,78.4
che,Switzerland,1994,78.6
che,Switzerland,1995,78.8
che,Switzerland,1996,79.1
che,Switzerland,1997,79.4
che,Switzerland,1998,79.7
che,Switzerland,1999,79.9
che,Switzerland,2000,80.1
che,Switzerland,2001,80.4
che,Switzerland,2002,80.6
che,Switzerland,2003,80.8
che,Switzerland,2004,81.2
che,Switzerland,2005,81.4
che,Switzerland,2006,81.7
che,Switzerland,2007,81.9
che,Switzerland,2008,82.1
che,Switzerland,2009,82.2
che,Switzerland,2010,82.4
che,Switzerland,2011,82.7
che,Switzerland,2012,82.8
che,Switzerland,2013,82.9
che,Switzerland,2014,83.1
che,Switzerland,2015,83.2
che,Switzerland,2016,83.4
che,Switzerland,2017,83.6
che,Switzerland,2018,83.7
che,Switzerland,2019,83.9
che,Switzerland,2020,83.1
che,Switzerland,2021,83.6
che,Switzerland,2022,83.7
che,Switzerland,2023,84.4
che,Switzerland,2024,84.5
che,Switzerland,2025,84.6
chl,Chile,1900,30.95
chl,Chile,1901,30.93
chl,Chile,1902,30.91
chl,Chile,1903,30.6
chl,Chile,1904,30.29
chl,Chile,1905,29.98
chl,Chile,1906,29.67
chl,Chile,1907,29.36
chl,Chile,1908,29.61
chl,Chile,1909,29.86
chl,Chile,1910,30.11
chl,Chile,1911,30.36
chl,Chile,1912,30.61
chl,Chile,1913,30.64
chl,Chile,1914,30.68
chl,Chile,1915,30.72
chl,Chile,1916,30.75
chl,Chile,1917,30.79
chl,Chile,1918,27.01
chl,Chile,1919,30.52
chl,Chile,1920,30.38
chl,Chile,1921,30.25
chl,Chile,1922,30.11
chl,Chile,1923,31.12
chl,Chile,1924,32.13
chl,Chile,1925,33.13
chl,Chile,1926,34.13
chl,Chile,1927,35.14
chl,Chile,1928,35.43
chl,Chile,1929,35.73
chl,Chile,1930,36.03
chl,Chile,1931,36.33
chl,Chile,1932,36.62
chl,Chile,1933,36.67
chl,Chile,1934,36.72
chl,Chile,1935,36.77
chl,Chile,1936,36.82
chl,Chile,1937,36.87
chl,Chile,1938,37.77
chl,Chile,1939,38.67
chl,Chile,1940,39.56
chl,Chile,1941,40.45
chl,Chile,1942,41.33
chl,Chile,1943,42.03
chl,Chile,1944,42.72
chl,Chile,1945,43.41
chl,Chile,1946,44.1
chl,Chile,1947,44.8
chl,Chile,1948,46.77
chl,Chile,1949,48.73
chl,Chile,1950,50.7
chl,Chile,1951,51.8
chl,Chile,1952,53.7
chl,Chile,1953,54.9
chl,Chile,1954,55.2
chl,Chile,1955,55.3
chl,Chile,1956,55.7
chl,Chile,1957,55.9
chl,Chile,1958,56.2
chl,Chile,1959,56.2
chl,Chile,1960,55.2
chl,Chile,1961,57.2
chl,Chile,1962,57.2
chl,Chile,1963,57.2
chl,Chile,1964,58.1
chl,Chile,1965,58.7
chl,Chile,1966,59.7
chl,Chile,1967,60.3
chl,Chile,1968,61.0
chl,Chile,1969,61.6
chl,Chile,1970,62.3
chl,Chile,1971,62.5
chl,Chile,1972,62.7
chl,Chile,1973,63.5
chl,Chile,1974,65.5
chl,Chile,1975,66.5
chl,Chile,1976,66.9
chl,Chile,1977,67.7
chl,Chile,1978,68.5
chl,Chile,1979,69.1
chl,Chile,1980,69.8
chl,Chile,1981,70.8
chl,Chile,1982,71.2
chl,Chile,1983,71.2
chl,Chile,1984,71.5
chl,Chile,1985,72.1
chl,Chile,1986,72.9
chl,Chile,1987,73.3
chl,Chile,1988,73.4
chl,Chile,1989,73.3
chl,Chile,1990,73.5
chl,Chile,1991,74.2
chl,Chile,1992,74.8
chl,Chile,1993,75.0
chl,Chile,1994,75.2
chl,Chile,1995,75.3
chl,Chile,1996,75.6
chl,Chile,1997,76.1
chl,Chile,1998,76.4
chl,Chile,1999,76.7
chl,Chile,2000,77.0
chl,Chile,2001,77.1
chl,Chile,2002,77.4
chl,Chile,2003,77.6
chl,Chile,2004,77.8
chl,Chile,2005,78.1
chl,Chile,2006,78.4
chl,Chile,2007,78.5
chl,Chile,2008,78.9
chl,Chile,2009,78.9
chl,Chile,2010,78.8
chl,Chile,2011,79.2
chl,Chile,2012,79.4
chl,Chile,2013,79.5
chl,Chile,2014,79.7
chl,Chile,2015,79.8
chl,Chile,2016,80.1
chl,Chile,2017,80.4
chl,Chile,2018,80.7
chl,Chile,2019,80.8
chl,Chile,2020,79.4
chl,Chile,2021,78.7
chl,Chile,2022,79.6
chl,Chile,2023,80.8
chl,Chile,2024,81.0
chl,Chile,2025,81.1
chn,China,1900,34.56
chn,China,1901,34.61
chn,China,1902,34.66
chn,China,1903,34.71
chn,China,1904,34.76
chn,China,1905,34.81
chn,China,1906,34.86
chn,China,1907,34.92
chn,China,1908,34.97
chn,China,1909,35.02
chn,China,1910,35.07
chn,China,1911,35.12
chn,China,1912,35.17
chn,China,1913,35.22
chn,China,1914,35.27
chn,China,1915,35.32
chn,China,1916,35.38
chn,China,1917,35.43
chn,China,1918,24.85
chn,China,1919,35.53
chn,China,1920,35.58
chn,China,1921,35.63
chn,China,1922,35.68
chn,China,1923,35.73
chn,China,1924,35.79
chn,China,1925,35.84
chn,China,1926,36.29
chn,China,1927,28.81
chn,China,1928,37.2
chn,China,1929,33.62
chn,China,1930,38.12
chn,China,1931,38.63
chn,China,1932,39.14
chn,China,1933,39.64
chn,China,1934,40.15
chn,China,1935,40.66
chn,China,1936,41.18
chn,China,1937,38.73
chn,China,1938,38.62
chn,China,1939,38.96
chn,China,1940,39.3
chn,China,1941,38.89
chn,China,1942,36.58
chn,China,1943,33.13
chn,China,1944,40.01
chn,China,1945,42.31
chn,China,1946,44.03
chn,China,1947,45.3
chn,China,1948,45.87
chn,China,1949,46.46
chn,China,1950,47.6
chn,China,1951,48.8
chn,China,1952,49.7
chn,China,1953,50.6
chn,China,1954,51.3
chn,China,1955,52.0
chn,China,1956,52.6
chn,China,1957,53.3
chn,China,1958,47.3
chn,China,1959,39.4
chn,China,1960,26.4
chn,China,1961,38.5
chn,China,1962,51.8
chn,China,1963,55.7
chn,China,1964,56.2
chn,China,1965,56.6
chn,China,1966,56.9
chn,China,1967,57.1
chn,China,1968,57.3
chn,China,1969,57.8
chn,China,1970,58.4
chn,China,1971,58.9
chn,China,1972,59.4
chn,China,1973,59.8
chn,China,1974,60.3
chn,China,1975,60.8
chn,China,1976,60.7
chn,China,1977,61.5
chn,China,1978,62.0
chn,China,1979,62.2
chn,China,1980,62.8
chn,China,1981,63.4
chn,China,1982,63.9
chn,China,1983,64.4
chn,China,1984,65.0
chn,China,1985,65.6
chn,China,1986,66.1
chn,China,1987,66.4
chn,China,1988,66.6
chn,China,1989,66.7
chn,China,1990,66.8
chn,China,1991,67.0
chn,China,1992,67.3
chn,China,1993,67.7
chn,China,1994,68.0
chn,China,1995,68.4
chn,China,1996,68.8
chn,China,1997,69.3
chn,China,1998,69.7
chn,China,1999,70.0
chn,China,2000,70.3
chn,China,2001,70.7
chn,China,2002,71.2
chn,China,2003,71.8
chn,China,2004,72.4
chn,China,2005,73.0
chn,China,2006,73.7
chn,China,2007,74.3
chn,China,2008,74.6
chn,China,2009,75.4
chn,China,2010,76.0
chn,China,2011,76.7
chn,China,2012,77.3
chn,China,2013,77.8
chn,China,2014,78.2
chn,China,2015,78.4
chn,China,2016,78.4
chn,China,2017,78.6
chn,China,2018,79.2
chn,China,2019,80.1
chn,China,2020,80.7
chn,China,2021,80.2
chn,China,2022,79.9
chn,China,2023,80.1
chn,China,2024,80.1
chn,China,2025,80.51
civ,Cote d'Ivoire,1900,36.06
civ,Cote d'Ivoire,1901,36.16
civ,Cote d'Ivoire,1902,36.26
civ,Cote d'Ivoire,1903,36.36
civ,Cote d'Ivoire,1904,36.45
civ,Cote d'Ivoire,1905,36.55
civ,Cote d'Ivoire,1906,36.65
civ,Cote d'Ivoire,1907,36.75
civ,Cote d'Ivoire,1908,36.85
civ,Cote d'Ivoire,1909,36.94
civ,Cote d'Ivoire,1910,37.04
civ,Cote d'Ivoire,1911,37.14
civ,Cote d'Ivoire,1912,37.24
civ,Cote d'Ivoire,1913,37.34
civ,Cote d'Ivoire,1914,37.43
civ,Cote d'Ivoire,1915,37.53
civ,Cote d'Ivoire,1916,37.63
civ,Cote d'Ivoire,1917,37.73
civ,Cote d'Ivoire,1918,14.63
civ,Cote d'Ivoire,1919,37.92
civ,Cote d'Ivoire,1920,38.02
civ,Cote d'Ivoire,1921,38.12
civ,Cote d'Ivoire,1922,38.22
civ,Cote d'Ivoire,1923,38.32
civ,Cote d'Ivoire,1924,38.41
civ,Cote d'Ivoire,1925,38.51
civ,Cote d'Ivoire,1926,38.61
civ,Cote d'Ivoire,1927,38.71
civ,Cote d'Ivoire,1928,38.81
civ,Cote d'Ivoire,1929,38.91
civ,Cote d'Ivoire,1930,39.0
civ,Cote d'Ivoire,1931,39.1
civ,Cote d'Ivoire,1932,39.2
civ,Cote d'Ivoire,1933,39.3
civ,Cote d'Ivoire,1934,39.4
civ,Cote d'Ivoire,1935,39.49
civ,Cote d'Ivoire,1936,39.59
civ,Cote d'Ivoire,1937,39.69
civ,Cote d'Ivoire,1938,39.79
civ,Cote d'Ivoire,1939,39.89
civ,Cote d'Ivoire,1940,39.98
civ,Cote d'Ivoire,1941,40.16
civ,Cote d'Ivoire,1942,40.32
civ,Cote d'Ivoire,1943,40.5
civ,Cote d'Ivoire,1944,40.67
civ,Cote d'Ivoire,1945,40.84
civ,Cote d'Ivoire,1946,41.01
civ,Cote d'Ivoire,1947,41.18
civ,Cote d'Ivoire,1948,41.36
civ,Cote d'Ivoire,1949,41.53
civ,Cote d'Ivoire,1950,41.7
civ,Cote d'Ivoire,1951,41.9
civ,Cote d'Ivoire,1952,42.1
civ,Cote d'Ivoire,1953,42.1
civ,Cote d'Ivoire,1954,42.4
civ,Cote d'Ivoire,1955,42.7
civ,Cote d'Ivoire,1956,42.9
civ,Cote d'Ivoire,1957,43.1
civ,Cote d'Ivoire,1958,43.5
civ,Cote d'Ivoire,1959,43.9
civ,Cote d'Ivoire,1960,44.3
civ,Cote d'Ivoire,1961,44.7
civ,Cote d'Ivoire,1962,45.1
civ,Cote d'Ivoire,1963,45.6
civ,Cote d'Ivoire,1964,46.1
civ,Cote d'Ivoire,1965,46.6
civ,Cote d'Ivoire,1966,47.0
civ,Cote d'Ivoire,1967,47.4
civ,Cote d'Ivoire,1968,47.9
civ,Cote d'Ivoire,1969,48.4
civ,Cote d'Ivoire,1970,48.9
civ,Cote d'Ivoire,1971,49.4
civ,Cote d'Ivoire,1972,49.9
civ,Cote d'Ivoire,1973,50.5
civ,Cote d'Ivoire,1974,51.0
civ,Cote d'Ivoire,1975,51.5
civ,Cote d'Ivoire,1976,52.1
civ,Cote d'Ivoire,1977,52.5
civ,Cote d'Ivoire,1978,53.1
civ,Cote d'Ivoire,1979,53.5
civ,Cote d'Ivoire,1980,53.9
civ,Cote d'Ivoire,1981,54.3
civ,Cote d'Ivoire,1982,54.6
civ,Cote d'Ivoire,1983,54.9
civ,Cote d'Ivoire,1984,55.2
civ,Cote d'Ivoire,1985,55.4
civ,Cote d'Ivoire,1986,55.5
civ,Cote d'Ivoire,1987,55.4
civ,Cote d'Ivoire,1988,55.3
civ,Cote d'Ivoire,1989,54.9
civ,Cote d'Ivoire,1990,54.5
civ,Cote d'Ivoire,1991,54.1
civ,Cote d'Ivoire,1992,53.6
civ,Cote d'Ivoire,1993,53.0
civ,Cote d'Ivoire,1994,52.5
civ,Cote d'Ivoire,1995,52.0
civ,Cote d'Ivoire,1996,51.8
civ,Cote d'Ivoire,1997,51.6
civ,Cote d'Ivoire,1998,51.6
civ,Cote d'Ivoire,1999,51.8
civ,Cote d'Ivoire,2000,52.0
civ,Cote d'Ivoire,2001,52.8
civ,Cote d'Ivoire,2002,53.3
civ,Cote d'Ivoire,2003,54.2
civ,Cote d'Ivoire,2004,54.9
civ,Cote d'Ivoire,2005,56.1
civ,Cote d'Ivoire,2006,57.2
civ,Cote d'Ivoire,2007,58.1
civ,Cote d'Ivoire,2008,58.9
civ,Cote d'Ivoire,2009,59.4
civ,Cote d'Ivoire,2010,59.6
civ,Cote d'Ivoire,2011,59.8
civ,Cote d'Ivoire,2012,60.1
civ,Cote d'Ivoire,2013,60.3
civ,Cote d'Ivoire,2014,60.8
civ,Cote d'Ivoire,2015,61.1
civ,Cote d'Ivoire,2016,61.7
civ,Cote d'Ivoire,2017,62.3
civ,Cote d'Ivoire,2018,62.9
civ,Cote d'Ivoire,2019,63.5
civ,Cote d'Ivoire,2020,63.1
civ,Cote d'Ivoire,2021,63.2
civ,Cote d'Ivoire,2022,63.9
civ,Cote d'Ivoire,2023,64.3
civ,Cote d'Ivoire,2024,64.51
civ,Cote d'Ivoire,2025,64.72
cmr,Cameroon,1900,29.15
cmr,Cameroon,1901,29.15
cmr,Cameroon,1902,29.16
cmr,Cameroon,1903,29.17
cmr,Cameroon,1904,29.18
cmr,Cameroon,1905,29.19
cmr,Cameroon,1906,29.19
cmr,Cameroon,1907,29.2
cmr,Cameroon,1908,29.21
cmr,Cameroon,1909,29.22
cmr,Cameroon,1910,29.23
cmr,Cameroon,1911,29.23
cmr,Cameroon,1912,29.24
cmr,Cameroon,1913,29.25
cmr,Cameroon,1914,29.26
cmr,Cameroon,1915,29.26
cmr,Cameroon,1916,29.27
cmr,Cameroon,1917,29.28
cmr,Cameroon,1918,5.77
cmr,Cameroon,1919,29.3
cmr,Cameroon,1920,29.3
cmr,Cameroon,1921,29.31
cmr,Cameroon,1922,29.32
cmr,Cameroon,1923,29.33
cmr,Cameroon,1924,29.34
cmr,Cameroon,1925,29.34
cmr,Cameroon,1926,29.35
cmr,Cameroon,1927,29.36
cmr,Cameroon,1928,29.37
cmr,Cameroon,1929,29.38
cmr,Cameroon,1930,29.38
cmr,Cameroon,1931,29.39
cmr,Cameroon,1932,29.4
cmr,Cameroon,1933,29.41
cmr,Cameroon,1934,29.42
cmr,Cameroon,1935,29.42
cmr,Cameroon,1936,29.43
cmr,Cameroon,1937,29.44
cmr,Cameroon,1938,29.45
cmr,Cameroon,1939,29.46
cmr,Cameroon,1940,29.46
cmr,Cameroon,1941,29.57
cmr,Cameroon,1942,29.67
cmr,Cameroon,1943,29.78
cmr,Cameroon,1944,29.88
cmr,Cameroon,1945,30.0
cmr,Cameroon,1946,31.96
cmr,Cameroon,1947,33.95
cmr,Cameroon,1948,35.92
cmr,Cameroon,1949,37.92
cmr,Cameroon,1950,39.9
cmr,Cameroon,1951,40.3
cmr,Cameroon,1952,40.6
cmr,Cameroon,1953,41.2
cmr,Cameroon,1954,41.7
cmr,Cameroon,1955,42.3
cmr,Cameroon,1956,42.9
cmr,Cameroon,1957,42.4
cmr,Cameroon,1958,42.9
cmr,Cameroon,1959,43.4
cmr,Cameroon,1960,24.7
cmr,Cameroon,1961,25.8
cmr,Cameroon,1962,45.4
cmr,Cameroon,1963,45.9
cmr,Cameroon,1964,46.3
cmr,Cameroon,1965,46.6
cmr,Cameroon,1966,47.1
cmr,Cameroon,1967,47.4
cmr,Cameroon,1968,47.7
cmr,Cameroon,1969,48.1
cmr,Cameroon,1970,48.4
cmr,Cameroon,1971,48.7
cmr,Cameroon,1972,49.0
cmr,Cameroon,1973,49.3
cmr,Cameroon,1974,49.5
cmr,Cameroon,1975,49.7
cmr,Cameroon,1976,49.9
cmr,Cameroon,1977,50.1
cmr,Cameroon,1978,50.4
cmr,Cameroon,1979,50.7
cmr,Cameroon,1980,51.0
cmr,Cameroon,1981,51.4
cmr,Cameroon,1982,51.8
cmr,Cameroon,1983,52.3
cmr,Cameroon,1984,52.7
cmr,Cameroon,1985,53.3
cmr,Cameroon,1986,53.5
cmr,Cameroon,1987,54.3
cmr,Cameroon,1988,54.6
cmr,Cameroon,1989,54.9
cmr,Cameroon,1990,55.0
cmr,Cameroon,1991,55.0
cmr,Cameroon,1992,54.9
cmr,Cameroon,1993,54.7
cmr,Cameroon,1994,54.6
cmr,Cameroon,1995,54.1
cmr,Cameroon,1996,53.7
cmr,Cameroon,1997,53.2
cmr,Cameroon,1998,52.7
cmr,Cameroon,1999,52.3
cmr,Cameroon,2000,51.8
cmr,Cameroon,2001,51.9
cmr,Cameroon,2002,51.8
cmr,Cameroon,2003,52.1
cmr,Cameroon,2004,52.9
cmr,Cameroon,2005,53.5
cmr,Cameroon,2006,53.7
cmr,Cameroon,2007,54.4
cmr,Cameroon,2008,54.9
cmr,Cameroon,2009,55.3
cmr,Cameroon,2010,55.7
cmr,Cameroon,2011,56.2
cmr,Cameroon,2012,56.7
cmr,Cameroon,2013,57.0
cmr,Cameroon,2014,57.4
cmr,Cameroon,2015,57.7
cmr,Cameroon,2016,58.7
cmr,Cameroon,2017,59.6
cmr,Cameroon,2018,60.2
cmr,Cameroon,2019,60.7
cmr,Cameroon,2020,60.2
cmr,Cameroon,2021,59.0
cmr,Cameroon,2022,61.5
cmr,Cameroon,2023,62.0
cmr,Cameroon,2024,62.29
cmr,Cameroon,2025,62.49
cod,"Congo, Dem. Rep.",1900,32.82
cod,"Congo, Dem. Rep.",1901,32.84
cod,"Congo, Dem. Rep.",1902,32.87
cod,"Congo, Dem. Rep.",1903,32.89
cod,"Congo, Dem. Rep.",1904,32.91
cod,"Congo, Dem. Rep.",1905,32.94
cod,"Congo, Dem. Rep.",1906,32.96
cod,"Congo, Dem. Rep.",1907,32.99
cod,"Congo, Dem. Rep.",1908,33.01
cod,"Congo, Dem. Rep.",1909,33.04
cod,"Congo, Dem. Rep.",1910,33.06
cod,"Congo, Dem. Rep.",1911,33.08
cod,"Congo, Dem. Rep.",1912,33.11
cod,"Congo, Dem. Rep.",1913,33.13
cod,"Congo, Dem. Rep.",1914,33.16
cod,"Congo, Dem. Rep.",1915,33.18
cod,"Congo, Dem. Rep.",1916,33.21
cod,"Congo, Dem. Rep.",1917,33.23
cod,"Congo, Dem. Rep.",1918,9.52
cod,"Congo, Dem. Rep.",1919,33.28
cod,"Congo, Dem. Rep.",1920,33.3
cod,"Congo, Dem. Rep.",1921,33.33
cod,"Congo, Dem. Rep.",1922,33.35
cod,"Congo, Dem. Rep.",1923,33.38
cod,"Congo, Dem. Rep.",1924,33.4
cod,"Congo, Dem. Rep.",1925,33.42
cod,"Congo, Dem. Rep.",1926,33.45
cod,"Congo, Dem. Rep.",1927,33.47
cod,"Congo, Dem. Rep.",1928,33.5
cod,"Congo, Dem. Rep.",1929,33.52
cod,"Congo, Dem. Rep.",1930,33.55
cod,"Congo, Dem. Rep.",1931,33.57
cod,"Congo, Dem. Rep.",1932,33.6
cod,"Congo, Dem. Rep.",1933,33.62
cod,"Congo, Dem. Rep.",1934,33.64
cod,"Congo, Dem. Rep.",1935,33.67
cod,"Congo, Dem. Rep.",1936,33.69
cod,"Congo, Dem. Rep.",1937,33.72
cod,"Congo, Dem. Rep.",1938,33.74
cod,"Congo, Dem. Rep.",1939,33.77
cod,"Congo, Dem. Rep.",1940,33.79
cod,"Congo, Dem. Rep.",1941,34.68
cod,"Congo, Dem. Rep.",1942,35.58
cod,"Congo, Dem. Rep.",1943,36.48
cod,"Congo, Dem. Rep.",1944,37.38
cod,"Congo, Dem. Rep.",1945,38.28
cod,"Congo, Dem. Rep.",1946,39.19
cod,"Congo, Dem. Rep.",1947,40.09
cod,"Congo, Dem. Rep.",1948,40.99
cod,"Congo, Dem. Rep.",1949,41.9
cod,"Congo, Dem. Rep.",1950,42.8
cod,"Congo, Dem. Rep.",1951,43.2
cod,"Congo, Dem. Rep.",1952,43.4
cod,"Congo, Dem. Rep.",1953,43.7
cod,"Congo, Dem. Rep.",1954,44.0
cod,"Congo, Dem. Rep.",1955,44.1
cod,"Congo, Dem. Rep.",1956,44.3
cod,"Congo, Dem. Rep.",1957,44.5
cod,"Congo, Dem. Rep.",1958,44.7
cod,"Congo, Dem. Rep.",1959,44.8
cod,"Congo, Dem. Rep.",1960,44.9
cod,"Congo, Dem. Rep.",1961,45.0
cod,"Congo, Dem. Rep.",1962,45.3
cod,"Congo, Dem. Rep.",1963,45.6
cod,"Congo, Dem. Rep.",1964,45.4
cod,"Congo, Dem. Rep.",1965,45.6
cod,"Congo, Dem. Rep.",1966,46.2
cod,"Congo, Dem. Rep.",1967,46.4
cod,"Congo, Dem. Rep.",1968,46.7
cod,"Congo, Dem. Rep.",1969,47.1
cod,"Congo, Dem. Rep.",1970,47.4
cod,"Congo, Dem. Rep.",1971,47.7
cod,"Congo, Dem. Rep.",1972,48.0
cod,"Congo, Dem. Rep.",1973,48.4
cod,"Congo, Dem. Rep.",1974,48.9
cod,"Congo, Dem. Rep.",1975,49.2
cod,"Congo, Dem. Rep.",1976,49.5
cod,"Congo, Dem. Rep.",1977,49.7
cod,"Congo, Dem. Rep.",1978,49.9
cod,"Congo, Dem. Rep.",1979,50.2
cod,"Congo, Dem. Rep.",1980,50.5
cod,"Congo, Dem. Rep.",1981,50.6
cod,"Congo, Dem. Rep.",1982,50.8
cod,"Congo, Dem. Rep.",1983,50.9
cod,"Congo, Dem. Rep.",1984,51.1
cod,"Congo, Dem. Rep.",1985,51.3
cod,"Congo, Dem. Rep.",1986,51.4
cod,"Congo, Dem. Rep.",1987,51.5
cod,"Congo, Dem. Rep.",1988,51.8
cod,"Congo, Dem. Rep.",1989,52.1
cod,"Congo, Dem. Rep.",1990,52.2
cod,"Congo, Dem. Rep.",1991,52.1
cod,"Congo, Dem. Rep.",1992,52.2
cod,"Congo, Dem. Rep.",1993,52.0
cod,"Congo, Dem. Rep.",1994,52.0
cod,"Congo, Dem. Rep.",1995,52.1
cod,"Congo, Dem. Rep.",1996,50.7
cod,"Congo, Dem. Rep.",1997,51.8
cod,"Congo, Dem. Rep.",1998,52.1
cod,"Congo, Dem. Rep.",1999,52.2
cod,"Congo, Dem. Rep.",2000,52.5
cod,"Congo, Dem. Rep.",2001,52.8
cod,"Congo, Dem. Rep.",2002,52.8
cod,"Congo, Dem. Rep.",2003,53.3
cod,"Congo, Dem. Rep.",2004,54.0
cod,"Congo, Dem. Rep.",2005,54.6
cod,"Congo, Dem. Rep.",2006,55.2
cod,"Congo, Dem. Rep.",2007,55.7
cod,"Congo, Dem. Rep.",2008,56.1
cod,"Congo, Dem. Rep.",2009,56.4
cod,"Congo, Dem. Rep.",2010,57.1
cod,"Congo, Dem. Rep.",2011,57.5
cod,"Congo, Dem. Rep.",2012,58.0
cod,"Congo, Dem. Rep.",2013,58.5
cod,"Congo, Dem. Rep.",2014,58.9
cod,"Congo, Dem. Rep.",2015,59.4
cod,"Congo, Dem. Rep.",2016,59.8
cod,"Congo, Dem. Rep.",2017,60.2
cod,"Congo, Dem. Rep.",2018,60.5
cod,"Congo, Dem. Rep.",2019,60.6
cod,"Congo, Dem. Rep.",2020,59.6
cod,"Congo, Dem. Rep.",2021,59.7
cod,"Congo, Dem. Rep.",2022,60.7
cod,"Congo, Dem. Rep.",2023,61.3
cod,"Congo, Dem. Rep.",2024,61.5
cod,"Congo, Dem. Rep.",2025,61.6
cog,"Congo, Rep.",1900,31.06
cog,"Congo, Rep.",1901,31.03
cog,"Congo, Rep.",1902,31.0
cog,"Congo, Rep.",1903,30.96
cog,"Congo, Rep.",1904,30.93
cog,"Congo, Rep.",1905,30.9
cog,"Congo, Rep.",1906,30.87
cog,"Congo, Rep.",1907,30.83
cog,"Congo, Rep.",1908,30.8
cog,"Congo, Rep.",1909,30.77
cog,"Congo, Rep.",1910,30.74
cog,"Congo, Rep.",1911,30.7
cog,"Congo, Rep.",1912,30.67
cog,"Congo, Rep.",1913,30.64
cog,"Congo, Rep.",1914,30.6
cog,"Congo, Rep.",1915,30.57
cog,"Congo, Rep.",1916,30.54
cog,"Congo, Rep.",1917,30.51
cog,"Congo, Rep.",1918,11.79
cog,"Congo, Rep.",1919,30.44
cog,"Congo, Rep.",1920,30.41
cog,"Congo, Rep.",1921,30.38
cog,"Congo, Rep.",1922,30.34
cog,"Congo, Rep.",1923,30.31
cog,"Congo, Rep.",1924,30.28
cog,"Congo, Rep.",1925,30.24
cog,"Congo, Rep.",1926,30.21
cog,"Congo, Rep.",1927,30.18
cog,"Congo, Rep.",1928,30.15
cog,"Congo, Rep.",1929,30.11
cog,"Congo, Rep.",1930,30.08
cog,"Congo, Rep.",1931,30.05
cog,"Congo, Rep.",1932,30.02
cog,"Congo, Rep.",1933,29.98
cog,"Congo, Rep.",1934,29.95
cog,"Congo, Rep.",1935,29.92
cog,"Congo, Rep.",1936,29.88
cog,"Congo, Rep.",1937,29.85
cog,"Congo, Rep.",1938,29.82
cog,"Congo, Rep.",1939,29.79
cog,"Congo, Rep.",1940,29.75
cog,"Congo, Rep.",1941,29.7
cog,"Congo, Rep.",1942,29.65
cog,"Congo, Rep.",1943,29.61
cog,"Congo, Rep.",1944,29.56
cog,"Congo, Rep.",1945,29.51
cog,"Congo, Rep.",1946,31.08
cog,"Congo, Rep.",1947,32.63
cog,"Congo, Rep.",1948,34.2
cog,"Congo, Rep.",1949,35.75
cog,"Congo, Rep.",1950,37.3
cog,"Congo, Rep.",1951,37.7
cog,"Congo, Rep.",1952,37.8
cog,"Congo, Rep.",1953,38.2
cog,"Congo, Rep.",1954,38.6
cog,"Congo, Rep.",1955,38.7
cog,"Congo, Rep.",1956,39.1
cog,"Congo, Rep.",1957,39.4
cog,"Congo, Rep.",1958,39.8
cog,"Congo, Rep.",1959,40.1
cog,"Congo, Rep.",1960,40.4
cog,"Congo, Rep.",1961,40.8
cog,"Congo, Rep.",1962,41.2
cog,"Congo, Rep.",1963,41.7
cog,"Congo, Rep.",1964,42.1
cog,"Congo, Rep.",1965,42.4
cog,"Congo, Rep.",1966,42.8
cog,"Congo, Rep.",1967,43.1
cog,"Congo, Rep.",1968,43.7
cog,"Congo, Rep.",1969,44.2
cog,"Congo, Rep.",1970,44.7
cog,"Congo, Rep.",1971,45.3
cog,"Congo, Rep.",1972,45.9
cog,"Congo, Rep.",1973,46.5
cog,"Congo, Rep.",1974,47.2
cog,"Congo, Rep.",1975,47.8
cog,"Congo, Rep.",1976,48.4
cog,"Congo, Rep.",1977,48.9
cog,"Congo, Rep.",1978,49.4
cog,"Congo, Rep.",1979,50.0
cog,"Congo, Rep.",1980,50.7
cog,"Congo, Rep.",1981,51.5
cog,"Congo, Rep.",1982,52.3
cog,"Congo, Rep.",1983,53.0
cog,"Congo, Rep.",1984,53.7
cog,"Congo, Rep.",1985,54.4
cog,"Congo, Rep.",1986,54.8
cog,"Congo, Rep.",1987,55.2
cog,"Congo, Rep.",1988,55.3
cog,"Congo, Rep.",1989,55.3
cog,"Congo, Rep.",1990,55.2
cog,"Congo, Rep.",1991,55.0
cog,"Congo, Rep.",1992,54.9
cog,"Congo, Rep.",1993,54.2
cog,"Congo, Rep.",1994,53.9
cog,"Congo, Rep.",1995,54.0
cog,"Congo, Rep.",1996,54.0
cog,"Congo, Rep.",1997,48.1
cog,"Congo, Rep.",1998,52.4
cog,"Congo, Rep.",1999,54.4
cog,"Congo, Rep.",2000,55.2
cog,"Congo, Rep.",2001,56.5
cog,"Congo, Rep.",2002,57.0
cog,"Congo, Rep.",2003,57.5
cog,"Congo, Rep.",2004,58.4
cog,"Congo, Rep.",2005,59.2
cog,"Congo, Rep.",2006,60.0
cog,"Congo, Rep.",2007,60.4
cog,"Congo, Rep.",2008,61.1
cog,"Congo, Rep.",2009,61.7
cog,"Congo, Rep.",2010,62.0
cog,"Congo, Rep.",2011,62.6
cog,"Congo, Rep.",2012,62.7
cog,"Congo, Rep.",2013,63.0
cog,"Congo, Rep.",2014,63.2
cog,"Congo, Rep.",2015,63.4
cog,"Congo, Rep.",2016,63.5
cog,"Congo, Rep.",2017,63.7
cog,"Congo, Rep.",2018,63.8
cog,"Congo, Rep.",2019,63.7
cog,"Congo, Rep.",2020,62.7
cog,"Congo, Rep.",2021,61.9
cog,"Congo, Rep.",2022,63.5
cog,"Congo, Rep.",2023,63.7
cog,"Congo, Rep.",2024,63.89
cog,"Congo, Rep.",2025,64.09
col,Colombia,1900,33.52
col,Colombia,1901,33.55
col,Colombia,1902,33.58
col,Colombia,1903,33.62
col,Colombia,1904,33.65
col,Colombia,1905,33.68
col,Colombia,1906,33.71
col,Colombia,1907,33.74
col,Colombia,1908,33.77
col,Colombia,1909,33.8
col,Colombia,1910,33.83
col,Colombia,1911,33.86
col,Colombia,1912,33.89
col,Colombia,1913,33.92
col,Colombia,1914,33.95
col,Colombia,1915,33.98
col,Colombia,1916,34.01
col,Colombia,1917,34.04
col,Colombia,1918,30.11
col,Colombia,1919,34.1
col,Colombia,1920,34.13
col,Colombia,1921,34.16
col,Colombia,1922,34.19
col,Colombia,1923,34.22
col,Colombia,1924,34.26
col,Colombia,1925,34.29
col,Colombia,1926,34.32
col,Colombia,1927,34.35
col,Colombia,1928,34.38
col,Colombia,1929,34.41
col,Colombia,1930,34.44
col,Colombia,1931,35.09
col,Colombia,1932,35.74
col,Colombia,1933,36.4
col,Colombia,1934,37.04
col,Colombia,1935,37.7
col,Colombia,1936,38.35
col,Colombia,1937,39.02
col,Colombia,1938,39.67
col,Colombia,1939,40.66
col,Colombia,1940,41.64
col,Colombia,1941,42.7
col,Colombia,1942,43.76
col,Colombia,1943,44.82
col,Colombia,1944,45.88
col,Colombia,1945,47.17
col,Colombia,1946,48.48
col,Colombia,1947,49.78
col,Colombia,1948,51.08
col,Colombia,1949,52.39
col,Colombia,1950,53.7
col,Colombia,1951,54.4
col,Colombia,1952,55.4
col,Colombia,1953,56.2
col,Colombia,1954,57.0
col,Colombia,1955,57.2
col,Colombia,1956,56.6
col,Colombia,1957,57.3
col,Colombia,1958,57.7
col,Colombia,1959,58.0
col,Colombia,1960,58.4
col,Colombia,1961,59.1
col,Colombia,1962,59.7
col,Colombia,1963,60.3
col,Colombia,1964,60.7
col,Colombia,1965,61.0
col,Colombia,1966,61.2
col,Colombia,1967,61.5
col,Colombia,1968,62.7
col,Colombia,1969,64.3
col,Colombia,1970,65.5
col,Colombia,1971,65.5
col,Colombia,1972,64.7
col,Colombia,1973,64.2
col,Colombia,1974,64.5
col,Colombia,1975,65.3
col,Colombia,1976,66.1
col,Colombia,1977,67.1
col,Colombia,1978,68.0
col,Colombia,1979,68.6
col,Colombia,1980,69.3
col,Colombia,1981,69.7
col,Colombia,1982,70.2
col,Colombia,1983,70.4
col,Colombia,1984,70.4
col,Colombia,1985,68.3
col,Colombia,1986,70.5
col,Colombia,1987,70.8
col,Colombia,1988,71.1
col,Colombia,1989,71.6
col,Colombia,1990,71.9
col,Colombia,1991,72.0
col,Colombia,1992,72.2
col,Colombia,1993,72.6
col,Colombia,1994,72.9
col,Colombia,1995,73.2
col,Colombia,1996,73.4
col,Colombia,1997,74.0
col,Colombia,1998,74.2
col,Colombia,1999,74.0
col,Colombia,2000,73.8
col,Colombia,2001,74.0
col,Colombia,2002,74.2
col,Colombia,2003,75.1
col,Colombia,2004,75.7
col,Colombia,2005,76.3
col,Colombia,2006,76.6
col,Colombia,2007,77.0
col,Colombia,2008,77.3
col,Colombia,2009,77.7
col,Colombia,2010,78.0
col,Colombia,2011,78.6
col,Colombia,2012,78.9
col,Colombia,2013,79.2
col,Colombia,2014,79.3
col,Colombia,2015,79.3
col,Colombia,2016,79.4
col,Colombia,2017,79.6
col,Colombia,2018,79.6
col,Colombia,2019,80.0
col,Colombia,2020,77.5
col,Colombia,2021,75.3
col,Colombia,2022,78.7
col,Colombia,2023,80.1
col,Colombia,2024,80.31
col,Colombia,2025,80.51
com,Comoros,1900,36.47
com,Comoros,1901,36.56
com,Comoros,1902,36.64
com,Comoros,1903,36.73
com,Comoros,1904,36.82
com,Comoros,1905,36.91
com,Comoros,1906,36.99
com,Comoros,1907,37.08
com,Comoros,1908,37.17
com,Comoros,1909,37.26
com,Comoros,1910,37.34
com,Comoros,1911,37.43
com,Comoros,1912,37.52
com,Comoros,1913,37.61
com,Comoros,1914,37.69
com,Comoros,1915,37.78
com,Comoros,1916,37.87
com,Comoros,1917,37.96
com,Comoros,1918,14.71
com,Comoros,1919,38.13
com,Comoros,1920,38.22
com,Comoros,1921,38.31
com,Comoros,1922,38.39
com,Comoros,1923,38.48
com,Comoros,1924,38.57
com,Comoros,1925,38.66
com,Comoros,1926,38.74
com,Comoros,1927,38.83
com,Comoros,1928,38.92
com,Comoros,1929,39.0
com,Comoros,1930,39.09
com,Comoros,1931,39.18
com,Comoros,1932,39.27
com,Comoros,1933,39.35
com,Comoros,1934,39.44
com,Comoros,1935,39.53
com,Comoros,1936,39.62
com,Comoros,1937,39.7
com,Comoros,1938,39.79
com,Comoros,1939,39.88
com,Comoros,1940,39.97
com,Comoros,1941,40.09
com,Comoros,1942,40.22
com,Comoros,1943,40.34
com,Comoros,1944,40.47
com,Comoros,1945,40.59
com,Comoros,1946,42.74
com,Comoros,1947,44.89
com,Comoros,1948,47.05
com,Comoros,1949,49.22
com,Comoros,1950,51.4
com,Comoros,1951,46.3
com,Comoros,1952,51.3
com,Comoros,1953,51.5
com,Comoros,1954,51.5
com,Comoros,1955,51.4
com,Comoros,1956,51.4
com,Comoros,1957,51.4
com,Comoros,1958,51.3
com,Comoros,1959,51.3
com,Comoros,1960,51.4
com,Comoros,1961,51.4
com,Comoros,1962,51.6
com,Comoros,1963,51.8
com,Comoros,1964,52.0
com,Comoros,1965,52.1
com,Comoros,1966,52.4
com,Comoros,1967,52.6
com,Comoros,1968,52.9
com,Comoros,1969,53.2
com,Comoros,1970,53.6
com,Comoros,1971,54.0
com,Comoros,1972,54.4
com,Comoros,1973,54.8
com,Comoros,1974,55.3
com,Comoros,1975,55.9
com,Comoros,1976,56.4
com,Comoros,1977,57.0
com,Comoros,1978,57.6
com,Comoros,1979,58.3
com,Comoros,1980,59.0
com,Comoros,1981,59.7
com,Comoros,1982,60.6
com,Comoros,1983,61.2
com,Comoros,1984,62.3
com,Comoros,1985,63.1
com,Comoros,1986,63.9
com,Comoros,1987,64.6
com,Comoros,1988,65.3
com,Comoros,1989,65.8
com,Comoros,1990,66.5
com,Comoros,1991,66.9
com,Comoros,1992,67.3
com,Comoros,1993,67.8
com,Comoros,1994,68.2
com,Comoros,1995,68.7
com,Comoros,1996,67.7
com,Comoros,1997,69.3
com,Comoros,1998,69.2
com,Comoros,1999,70.5
com,Comoros,2000,70.1
com,Comoros,2001,71.2
com,Comoros,2002,71.1
com,Comoros,2003,72.0
com,Comoros,2004,72.8
com,Comoros,2005,72.7
com,Comoros,2006,73.3
com,Comoros,2007,72.7
com,Comoros,2008,73.6
com,Comoros,2009,73.2
com,Comoros,2010,74.8
com,Comoros,2011,74.2
com,Comoros,2012,75.0
com,Comoros,2013,75.1
com,Comoros,2014,74.8
com,Comoros,2015,75.1
com,Comoros,2016,75.4
com,Comoros,2017,75.5
com,Comoros,2018,76.0
com,Comoros,2019,75.7
com,Comoros,2020,74.3
com,Comoros,2021,71.6
com,Comoros,2022,75.4
com,Comoros,2023,76.3
com,Comoros,2024,76.53
com,Comoros,2025,76.76
cpv,Cape Verde,1900,37.47
cpv,Cape Verde,1901,37.54
cpv,Cape Verde,1902,37.61
cpv,Cape Verde,1903,37.69
cpv,Cape Verde,1904,37.76
cpv,Cape Verde,1905,37.83
cpv,Cape Verde,1906,37.91
cpv,Cape Verde,1907,37.98
cpv,Cape Verde,1908,38.05
cpv,Cape Verde,1909,38.13
cpv,Cape Verde,1910,38.2
cpv,Cape Verde,1911,38.27
cpv,Cape Verde,1912,38.35
cpv,Cape Verde,1913,38.42
cpv,Cape Verde,1914,38.49
cpv,Cape Verde,1915,38.57
cpv,Cape Verde,1916,38.64
cpv,Cape Verde,1917,38.71
cpv,Cape Verde,1918,15.0
cpv,Cape Verde,1919,38.86
cpv,Cape Verde,1920,38.93
cpv,Cape Verde,1921,39.0
cpv,Cape Verde,1922,39.08
cpv,Cape Verde,1923,39.15
cpv,Cape Verde,1924,39.22
cpv,Cape Verde,1925,39.3
cpv,Cape Verde,1926,39.37
cpv,Cape Verde,1927,39.44
cpv,Cape Verde,1928,39.52
cpv,Cape Verde,1929,39.59
cpv,Cape Verde,1930,39.66
cpv,Cape Verde,1931,39.74
cpv,Cape Verde,1932,39.81
cpv,Cape Verde,1933,39.88
cpv,Cape Verde,1934,39.96
cpv,Cape Verde,1935,40.03
cpv,Cape Verde,1936,41.21
cpv,Cape Verde,1937,42.4
cpv,Cape Verde,1938,43.59
cpv,Cape Verde,1939,44.77
cpv,Cape Verde,1940,45.98
cpv,Cape Verde,1941,47.24
cpv,Cape Verde,1942,48.5
cpv,Cape Verde,1943,49.79
cpv,Cape Verde,1944,51.06
cpv,Cape Verde,1945,52.33
cpv,Cape Verde,1946,53.62
cpv,Cape Verde,1947,54.91
cpv,Cape Verde,1948,56.2
cpv,Cape Verde,1949,57.5
cpv,Cape Verde,1950,58.8
cpv,Cape Verde,1951,58.7
cpv,Cape Verde,1952,58.6
cpv,Cape Verde,1953,58.8
cpv,Cape Verde,1954,58.6
cpv,Cape Verde,1955,58.3
cpv,Cape Verde,1956,58.3
cpv,Cape Verde,1957,58.2
cpv,Cape Verde,1958,58.1
cpv,Cape Verde,1959,58.1
cpv,Cape Verde,1960,58.2
cpv,Cape Verde,1961,58.4
cpv,Cape Verde,1962,58.5
cpv,Cape Verde,1963,58.7
cpv,Cape Verde,1964,58.8
cpv,Cape Verde,1965,59.0
cpv,Cape Verde,1966,59.4
cpv,Cape Verde,1967,59.7
cpv,Cape Verde,1968,60.1
cpv,Cape Verde,1969,60.5
cpv,Cape Verde,1970,60.9
cpv,Cape Verde,1971,61.2
cpv,Cape Verde,1972,61.7
cpv,Cape Verde,1973,62.3
cpv,Cape Verde,1974,62.8
cpv,Cape Verde,1975,63.3
cpv,Cape Verde,1976,63.7
cpv,Cape Verde,1977,64.3
cpv,Cape Verde,1978,64.8
cpv,Cape Verde,1979,65.2
cpv,Cape Verde,1980,65.6
cpv,Cape Verde,1981,66.0
cpv,Cape Verde,1982,66.4
cpv,Cape Verde,1983,66.8
cpv,Cape Verde,1984,67.0
cpv,Cape Verde,1985,67.7
cpv,Cape Verde,1986,68.1
cpv,Cape Verde,1987,68.5
cpv,Cape Verde,1988,68.9
cpv,Cape Verde,1989,69.2
cpv,Cape Verde,1990,69.6
cpv,Cape Verde,1991,69.6
cpv,Cape Verde,1992,69.9
cpv,Cape Verde,1993,70.1
cpv,Cape Verde,1994,70.1
cpv,Cape Verde,1995,68.1
cpv,Cape Verde,1996,71.1
cpv,Cape Verde,1997,71.3
cpv,Cape Verde,1998,71.6
cpv,Cape Verde,1999,71.8
cpv,Cape Verde,2000,72.2
cpv,Cape Verde,2001,72.5
cpv,Cape Verde,2002,72.7
cpv,Cape Verde,2003,72.9
cpv,Cape Verde,2004,73.2
cpv,Cape Verde,2005,73.5
cpv,Cape Verde,2006,73.9
cpv,Cape Verde,2007,73.8
cpv,Cape Verde,2008,74.5
cpv,Cape Verde,2009,74.7
cpv,Cape Verde,2010,75.0
cpv,Cape Verde,2011,74.9
cpv,Cape Verde,2012,75.0
cpv,Cape Verde,2013,75.1
cpv,Cape Verde,2014,75.2
cpv,Cape Verde,2015,75.0
cpv,Cape Verde,2016,75.2
cpv,Cape Verde,2017,75.3
cpv,Cape Verde,2018,75.1
cpv,Cape Verde,2019,75.3
cpv,Cape Verde,2020,73.3
cpv,Cape Verde,2021,72.3
cpv,Cape Verde,2022,74.8
cpv,Cape Verde,2023,75.7
cpv,Cape Verde,2024,75.8
cpv,Cape Verde,2025,76.0
cri,Costa Rica,1900,35.57
cri,Costa Rica,1901,35.62
cri,Costa Rica,1902,35.68
cri,Costa Rica,1903,35.74
cri,Costa Rica,1904,35.8
cri,Costa Rica,1905,35.86
cri,Costa Rica,1906,35.92
cri,Costa Rica,1907,35.98
cri,Costa Rica,1908,36.03
cri,Costa Rica,1909,36.09
cri,Costa Rica,1910,36.15
cri,Costa Rica,1911,36.17
cri,Costa Rica,1912,36.19
cri,Costa Rica,1913,36.2
cri,Costa Rica,1914,36.22
cri,Costa Rica,1915,36.24
cri,Costa Rica,1916,36.26
cri,Costa Rica,1917,36.27
cri,Costa Rica,1918,32.08
cri,Costa Rica,1919,36.31
cri,Costa Rica,1920,36.33
cri,Costa Rica,1921,37.08
cri,Costa Rica,1922,37.83
cri,Costa Rica,1923,38.59
cri,Costa Rica,1924,39.34
cri,Costa Rica,1925,40.1
cri,Costa Rica,1926,40.85
cri,Costa Rica,1927,41.61
cri,Costa Rica,1928,42.37
cri,Costa Rica,1929,43.13
cri,Costa Rica,1930,43.89
cri,Costa Rica,1931,44.4
cri,Costa Rica,1932,44.91
cri,Costa Rica,1933,45.42
cri,Costa Rica,1934,45.93
cri,Costa Rica,1935,46.44
cri,Costa Rica,1936,46.95
cri,Costa Rica,1937,47.47
cri,Costa Rica,1938,47.98
cri,Costa Rica,1939,48.49
cri,Costa Rica,1940,49.01
cri,Costa Rica,1941,50.01
cri,Costa Rica,1942,51.02
cri,Costa Rica,1943,52.03
cri,Costa Rica,1944,53.04
cri,Costa Rica,1945,54.05
cri,Costa Rica,1946,55.06
cri,Costa Rica,1947,56.07
cri,Costa Rica,1948,57.08
cri,Costa Rica,1949,58.1
cri,Costa Rica,1950,59.1
cri,Costa Rica,1951,59.6
cri,Costa Rica,1952,60.3
cri,Costa Rica,1953,61.2
cri,Costa Rica,1954,61.8
cri,Costa Rica,1955,62.6
cri,Costa Rica,1956,63.4
cri,Costa Rica,1957,63.9
cri,Costa Rica,1958,64.2
cri,Costa Rica,1959,64.4
cri,Costa Rica,1960,64.9
cri,Costa Rica,1961,65.3
cri,Costa Rica,1962,65.5
cri,Costa Rica,1963,65.7
cri,Costa Rica,1964,65.9
cri,Costa Rica,1965,66.2
cri,Costa Rica,1966,66.6
cri,Costa Rica,1967,67.0
cri,Costa Rica,1968,67.3
cri,Costa Rica,1969,67.8
cri,Costa Rica,1970,68.4
cri,Costa Rica,1971,69.0
cri,Costa Rica,1972,69.7
cri,Costa Rica,1973,70.5
cri,Costa Rica,1974,71.2
cri,Costa Rica,1975,72.0
cri,Costa Rica,1976,72.7
cri,Costa Rica,1977,73.3
cri,Costa Rica,1978,73.9
cri,Costa Rica,1979,74.4
cri,Costa Rica,1980,74.9
cri,Costa Rica,1981,75.2
cri,Costa Rica,1982,75.5
cri,Costa Rica,1983,75.7
cri,Costa Rica,1984,75.7
cri,Costa Rica,1985,75.8
cri,Costa Rica,1986,76.0
cri,Costa Rica,1987,76.2
cri,Costa Rica,1988,76.4
cri,Costa Rica,1989,76.6
cri,Costa Rica,1990,76.7
cri,Costa Rica,1991,76.7
cri,Costa Rica,1992,76.8
cri,Costa Rica,1993,76.8
cri,Costa Rica,1994,76.7
cri,Costa Rica,1995,76.7
cri,Costa Rica,1996,76.8
cri,Costa Rica,1997,77.2
cri,Costa Rica,1998,77.3
cri,Costa Rica,1999,77.4
cri,Costa Rica,2000,77.6
cri,Costa Rica,2001,77.9
cri,Costa Rica,2002,78.3
cri,Costa Rica,2003,78.5
cri,Costa Rica,2004,78.7
cri,Costa Rica,2005,79.1
cri,Costa Rica,2006,79.3
cri,Costa Rica,2007,79.7
cri,Costa Rica,2008,79.8
cri,Costa Rica,2009,79.9
cri,Costa Rica,2010,79.8
cri,Costa Rica,2011,79.9
cri,Costa Rica,2012,80.0
cri,Costa Rica,2013,80.0
cri,Costa Rica,2014,80.0
cri,Costa Rica,2015,80.0
cri,Costa Rica,2016,79.9
cri,Costa Rica,2017,80.0
cri,Costa Rica,2018,80.1
cri,Costa Rica,2019,80.4
cri,Costa Rica,2020,79.4
cri,Costa Rica,2021,77.9
cri,Costa Rica,2022,79.0
cri,Costa Rica,2023,79.4
cri,Costa Rica,2024,79.6
cri,Costa Rica,2025,79.79
cub,Cuba,1900,36.31
cub,Cuba,1901,36.61
cub,Cuba,1902,36.9
cub,Cuba,1903,37.2
cub,Cuba,1904,37.49
cub,Cuba,1905,37.79
cub,Cuba,1906,38.09
cub,Cuba,1907,38.39
cub,Cuba,1908,38.69
cub,Cuba,1909,39.0
cub,Cuba,1910,39.31
cub,Cuba,1911,39.61
cub,Cuba,1912,39.92
cub,Cuba,1913,40.23
cub,Cuba,1914,40.54
cub,Cuba,1915,40.85
cub,Cuba,1916,41.17
cub,Cuba,1917,41.49
cub,Cuba,1918,26.95
cub,Cuba,1919,42.12
cub,Cuba,1920,42.44
cub,Cuba,1921,42.83
cub,Cuba,1922,43.21
cub,Cuba,1923,43.6
cub,Cuba,1924,43.99
cub,Cuba,1925,44.38
cub,Cuba,1926,45.09
cub,Cuba,1927,45.78
cub,Cuba,1928,46.49
cub,Cuba,1929,47.2
cub,Cuba,1930,47.92
cub,Cuba,1931,48.7
cub,Cuba,1932,49.5
cub,Cuba,1933,50.29
cub,Cuba,1934,51.1
cub,Cuba,1935,51.89
cub,Cuba,1936,52.66
cub,Cuba,1937,53.42
cub,Cuba,1938,54.19
cub,Cuba,1939,54.96
cub,Cuba,1940,55.73
cub,Cuba,1941,56.63
cub,Cuba,1942,57.55
cub,Cuba,1943,58.46
cub,Cuba,1944,59.37
cub,Cuba,1945,60.3
cub,Cuba,1946,62.13
cub,Cuba,1947,63.96
cub,Cuba,1948,65.8
cub,Cuba,1949,67.65
cub,Cuba,1950,69.5
cub,Cuba,1951,69.9
cub,Cuba,1952,70.1
cub,Cuba,1953,70.1
cub,Cuba,1954,70.2
cub,Cuba,1955,70.2
cub,Cuba,1956,70.0
cub,Cuba,1957,70.2
cub,Cuba,1958,70.3
cub,Cuba,1959,70.8
cub,Cuba,1960,70.7
cub,Cuba,1961,70.2
cub,Cuba,1962,70.4
cub,Cuba,1963,69.8
cub,Cuba,1964,70.5
cub,Cuba,1965,70.7
cub,Cuba,1966,70.9
cub,Cuba,1967,71.1
cub,Cuba,1968,71.1
cub,Cuba,1969,71.3
cub,Cuba,1970,71.6
cub,Cuba,1971,72.1
cub,Cuba,1972,72.7
cub,Cuba,1973,73.2
cub,Cuba,1974,73.4
cub,Cuba,1975,73.5
cub,Cuba,1976,73.5
cub,Cuba,1977,73.5
cub,Cuba,1978,73.6
cub,Cuba,1979,73.8
cub,Cuba,1980,74.0
cub,Cuba,1981,74.2
cub,Cuba,1982,74.5
cub,Cuba,1983,74.7
cub,Cuba,1984,74.7
cub,Cuba,1985,74.8
cub,Cuba,1986,75.0
cub,Cuba,1987,75.1
cub,Cuba,1988,75.2
cub,Cuba,1989,75.3
cub,Cuba,1990,75.3
cub,Cuba,1991,75.4
cub,Cuba,1992,75.3
cub,Cuba,1993,75.3
cub,Cuba,1994,75.4
cub,Cuba,1995,75.6
cub,Cuba,1996,75.8
cub,Cuba,1997,76.2
cub,Cuba,1998,76.5
cub,Cuba,1999,76.8
cub,Cuba,2000,77.2
cub,Cuba,2001,77.5
cub,Cuba,2002,78.0
cub,Cuba,2003,78.1
cub,Cuba,2004,78.1
cub,Cuba,2005,78.1
cub,Cuba,2006,78.4
cub,Cuba,2007,78.6
cub,Cuba,2008,78.5
cub,Cuba,2009,78.5
cub,Cuba,2010,78.5
cub,Cuba,2011,78.8
cub,Cuba,2012,78.9
cub,Cuba,2013,78.7
cub,Cuba,2014,78.5
cub,Cuba,2015,78.4
cub,Cuba,2016,78.4
cub,Cuba,2017,78.2
cub,Cuba,2018,78.2
cub,Cuba,2019,78.3
cub,Cuba,2020,77.8
cub,Cuba,2021,73.6
cub,Cuba,2022,77.5
cub,Cuba,2023,78.1
cub,Cuba,2024,78.3
cub,Cuba,2025,78.4
cyp,Cyprus,1900,40.56
cyp,Cyprus,1901,41.16
cyp,Cyprus,1902,41.76
cyp,Cyprus,1903,42.37
cyp,Cyprus,1904,42.97
cyp,Cyprus,1905,43.58
cyp,Cyprus,1906,43.79
cyp,Cyprus,1907,44.0
cyp,Cyprus,1908,44.21
cyp,Cyprus,1909,44.43
cyp,Cyprus,1910,44.63
cyp,Cyprus,1911,44.85
cyp,Cyprus,1912,45.05
cyp,Cyprus,1913,45.27
cyp,Cyprus,1914,45.48
cyp,Cyprus,1915,45.69
cyp,Cyprus,1916,45.75
cyp,Cyprus,1917,45.82
cyp,Cyprus,1918,25.14
cyp,Cyprus,1919,45.96
cyp,Cyprus,1920,46.03
cyp,Cyprus,1921,46.1
cyp,Cyprus,1922,46.17
cyp,Cyprus,1923,46.23
cyp,Cyprus,1924,46.3
cyp,Cyprus,1925,46.37
cyp,Cyprus,1926,46.34
cyp,Cyprus,1927,46.31
cyp,Cyprus,1928,46.29
cyp,Cyprus,1929,46.26
cyp,Cyprus,1930,46.23
cyp,Cyprus,1931,46.2
cyp,Cyprus,1932,46.17
cyp,Cyprus,1933,46.15
cyp,Cyprus,1934,46.12
cyp,Cyprus,1935,46.09
cyp,Cyprus,1936,46.06
cyp,Cyprus,1937,46.03
cyp,Cyprus,1938,46.8
cyp,Cyprus,1939,47.56
cyp,Cyprus,1940,48.32
cyp,Cyprus,1941,49.1
cyp,Cyprus,1942,49.85
cyp,Cyprus,1943,50.62
cyp,Cyprus,1944,52.26
cyp,Cyprus,1945,53.91
cyp,Cyprus,1946,55.55
cyp,Cyprus,1947,57.19
cyp,Cyprus,1948,58.83
cyp,Cyprus,1949,60.47
cyp,Cyprus,1950,62.1
cyp,Cyprus,1951,62.2
cyp,Cyprus,1952,62.3
cyp,Cyprus,1953,62.1
cyp,Cyprus,1954,62.2
cyp,Cyprus,1955,61.7
cyp,Cyprus,1956,61.8
cyp,Cyprus,1957,62.2
cyp,Cyprus,1958,62.8
cyp,Cyprus,1959,63.4
cyp,Cyprus,1960,64.3
cyp,Cyprus,1961,64.7
cyp,Cyprus,1962,65.2
cyp,Cyprus,1963,65.6
cyp,Cyprus,1964,66.0
cyp,Cyprus,1965,66.5
cyp,Cyprus,1966,66.9
cyp,Cyprus,1967,67.3
cyp,Cyprus,1968,67.8
cyp,Cyprus,1969,68.3
cyp,Cyprus,1970,68.9
cyp,Cyprus,1971,69.2
cyp,Cyprus,1972,69.5
cyp,Cyprus,1973,69.6
cyp,Cyprus,1974,50.3
cyp,Cyprus,1975,69.7
cyp,Cyprus,1976,70.2
cyp,Cyprus,1977,70.9
cyp,Cyprus,1978,71.2
cyp,Cyprus,1979,71.5
cyp,Cyprus,1980,71.7
cyp,Cyprus,1981,71.9
cyp,Cyprus,1982,72.2
cyp,Cyprus,1983,72.6
cyp,Cyprus,1984,73.0
cyp,Cyprus,1985,73.6
cyp,Cyprus,1986,73.9
cyp,Cyprus,1987,74.3
cyp,Cyprus,1988,74.5
cyp,Cyprus,1989,74.9
cyp,Cyprus,1990,75.0
cyp,Cyprus,1991,75.2
cyp,Cyprus,1992,75.5
cyp,Cyprus,1993,75.6
cyp,Cyprus,1994,75.9
cyp,Cyprus,1995,76.0
cyp,Cyprus,1996,76.1
cyp,Cyprus,1997,76.2
cyp,Cyprus,1998,76.3
cyp,Cyprus,1999,76.8
cyp,Cyprus,2000,77.1
cyp,Cyprus,2001,77.4
cyp,Cyprus,2002,77.7
cyp,Cyprus,2003,77.9
cyp,Cyprus,2004,78.1
cyp,Cyprus,2005,78.2
cyp,Cyprus,2006,78.5
cyp,Cyprus,2007,78.7
cyp,Cyprus,2008,78.9
cyp,Cyprus,2009,79.1
cyp,Cyprus,2010,79.3
cyp,Cyprus,2011,79.5
cyp,Cyprus,2012,79.6
cyp,Cyprus,2013,79.8
cyp,Cyprus,2014,79.9
cyp,Cyprus,2015,80.1
cyp,Cyprus,2016,80.2
cyp,Cyprus,2017,80.3
cyp,Cyprus,2018,80.4
cyp,Cyprus,2019,80.3
cyp,Cyprus,2020,80.1
cyp,Cyprus,2021,79.7
cyp,Cyprus,2022,80.0
cyp,Cyprus,2023,80.5
cyp,Cyprus,2024,80.7
cyp,Cyprus,2025,80.89
cze,Czech Republic,1900,40.46
cze,Czech Republic,1901,40.87
cze,Czech Republic,1902,41.28
cze,Czech Republic,1903,41.69
cze,Czech Republic,1904,42.09
cze,Czech Republic,1905,42.51
cze,Czech Republic,1906,42.92
cze,Czech Republic,1907,43.33
cze,Czech Republic,1908,43.74
cze,Czech Republic,1909,44.16
cze,Czech Republic,1910,44.56
cze,Czech Republic,1911,45.13
cze,Czech Republic,1912,45.71
cze,Czech Republic,1913,46.27
cze,Czech Republic,1914,46.84
cze,Czech Republic,1915,47.41
cze,Czech Republic,1916,47.99
cze,Czech Republic,1917,48.56
cze,Czech Republic,1918,35.97
cze,Czech Republic,1919,49.69
cze,Czech Republic,1920,50.26
cze,Czech Republic,1921,50.84
cze,Czech Republic,1922,51.41
cze,Czech Republic,1923,51.98
cze,Czech Republic,1924,52.55
cze,Czech Republic,1925,53.11
cze,Czech Republic,1926,53.69
cze,Czech Republic,1927,54.26
cze,Czech Republic,1928,54.83
cze,Czech Republic,1929,55.4
cze,Czech Republic,1930,55.97
cze,Czech Republic,1931,56.4
cze,Czech Republic,1932,56.82
cze,Czech Republic,1933,57.25
cze,Czech Republic,1934,57.66
cze,Czech Republic,1935,58.08
cze,Czech Republic,1936,58.51
cze,Czech Republic,1937,58.93
cze,Czech Republic,1938,59.4
cze,Czech Republic,1939,59.72
cze,Czech Republic,1940,59.5
cze,Czech Republic,1941,59.22
cze,Czech Republic,1942,57.3
cze,Czech Republic,1943,52.48
cze,Czech Republic,1944,47.34
cze,Czech Republic,1945,45.33
cze,Czech Republic,1946,58.57
cze,Czech Republic,1947,62.61
cze,Czech Republic,1948,63.63
cze,Czech Republic,1949,64.66
cze,Czech Republic,1950,65.1
cze,Czech Republic,1951,65.9
cze,Czech Republic,1952,66.7
cze,Czech Republic,1953,67.4
cze,Czech Republic,1954,68.0
cze,Czech Republic,1955,68.6
cze,Czech Republic,1956,69.0
cze,Czech Republic,1957,69.2
cze,Czech Republic,1958,69.6
cze,Czech Republic,1959,69.9
cze,Czech Republic,1960,70.2
cze,Czech Republic,1961,70.3
cze,Czech Republic,1962,70.1
cze,Czech Republic,1963,70.2
cze,Czech Republic,1964,70.3
cze,Czech Republic,1965,70.3
cze,Czech Republic,1966,70.4
cze,Czech Republic,1967,70.2
cze,Czech Republic,1968,69.9
cze,Czech Republic,1969,69.6
cze,Czech Republic,1970,69.6
cze,Czech Republic,1971,69.9
cze,Czech Republic,1972,70.1
cze,Czech Republic,1973,70.1
cze,Czech Republic,1974,70.2
cze,Czech Republic,1975,70.4
cze,Czech Republic,1976,70.6
cze,Czech Republic,1977,70.6
cze,Czech Republic,1978,70.6
cze,Czech Republic,1979,70.6
cze,Czech Republic,1980,70.6
cze,Czech Republic,1981,70.7
cze,Czech Republic,1982,70.8
cze,Czech Republic,1983,70.8
cze,Czech Republic,1984,70.9
cze,Czech Republic,1985,71.0
cze,Czech Republic,1986,71.1
cze,Czech Republic,1987,71.4
cze,Czech Republic,1988,71.6
cze,Czech Republic,1989,71.5
cze,Czech Republic,1990,71.5
cze,Czech Republic,1991,71.9
cze,Czech Republic,1992,72.3
cze,Czech Republic,1993,72.7
cze,Czech Republic,1994,73.1
cze,Czech Republic,1995,73.3
cze,Czech Republic,1996,73.7
cze,Czech Republic,1997,74.0
cze,Czech Republic,1998,74.4
cze,Czech Republic,1999,74.7
cze,Czech Republic,2000,75.0
cze,Czech Republic,2001,75.3
cze,Czech Republic,2002,75.4
cze,Czech Republic,2003,75.6
cze,Czech Republic,2004,75.9
cze,Czech Republic,2005,76.3
cze,Czech Republic,2006,76.7
cze,Czech Republic,2007,77.0
cze,Czech Republic,2008,77.2
cze,Czech Republic,2009,77.4
cze,Czech Republic,2010,77.6
cze,Czech Republic,2011,77.8
cze,Czech Republic,2012,78.1
cze,Czech Republic,2013,78.3
cze,Czech Republic,2014,78.6
cze,Czech Republic,2015,78.8
cze,Czech Republic,2016,79.0
cze,Czech Republic,2017,79.1
cze,Czech Republic,2018,79.2
cze,Czech Republic,2019,79.3
cze,Czech Republic,2020,78.3
cze,Czech Republic,2021,77.4
cze,Czech Republic,2022,79.1
cze,Czech Republic,2023,79.9
cze,Czech Republic,2024,80.1
cze,Czech Republic,2025,80.2
deu,Germany,1900,44.18
deu,Germany,1901,44.49
deu,Germany,1902,44.8
deu,Germany,1903,45.12
deu,Germany,1904,45.43
deu,Germany,1905,45.75
deu,Germany,1906,46.34
deu,Germany,1907,46.94
deu,Germany,1908,47.55
deu,Germany,1909,48.15
deu,Germany,1910,48.75
deu,Germany,1911,49.35
deu,Germany,1912,49.95
deu,Germany,1913,50.55
deu,Germany,1914,46.53
deu,Germany,1915,40.84
deu,Germany,1916,39.29
deu,Germany,1917,40.4
deu,Germany,1918,33.2
deu,Germany,1919,48.71
deu,Germany,1920,53.94
deu,Germany,1921,55.47
deu,Germany,1922,56.09
deu,Germany,1923,56.7
deu,Germany,1924,57.32
deu,Germany,1925,57.93
deu,Germany,1926,58.35
deu,Germany,1927,58.77
deu,Germany,1928,59.18
deu,Germany,1929,59.6
deu,Germany,1930,60.02
deu,Germany,1931,60.44
deu,Germany,1932,60.86
deu,Germany,1933,61.27
deu,Germany,1934,61.7
deu,Germany,1935,62.12
deu,Germany,1936,62.42
deu,Germany,1937,62.71
deu,Germany,1938,63.01
deu,Germany,1939,61.64
deu,Germany,1940,61.3
deu,Germany,1941,59.63
deu,Germany,1942,55.6
deu,Germany,1943,50.25
deu,Germany,1944,37.41
deu,Germany,1945,29.33
deu,Germany,1946,61.2
deu,Germany,1947,62.82
deu,Germany,1948,64.45
deu,Germany,1949,66.08
deu,Germany,1950,67.7
deu,Germany,1951,68.0
deu,Germany,1952,68.3
deu,Germany,1953,68.6
deu,Germany,1954,68.8
deu,Germany,1955,68.8
deu,Germany,1956,68.7
deu,Germany,1957,68.7
deu,Germany,1958,69.2
deu,Germany,1959,69.3
deu,Germany,1960,69.3
deu,Germany,1961,69.8
deu,Germany,1962,69.8
deu,Germany,1963,70.0
deu,Germany,1964,70.4
deu,Germany,1965,70.4
deu,Germany,1966,70.6
deu,Germany,1967,70.7
deu,Germany,1968,70.4
deu,Germany,1969,70.2
deu,Germany,1970,70.4
deu,Germany,1971,70.7
deu,Germany,1972,71.0
deu,Germany,1973,71.3
deu,Germany,1974,71.6
deu,Germany,1975,71.6
deu,Germany,1976,72.0
deu,Germany,1977,72.6
deu,Germany,1978,72.7
deu,Germany,1979,73.0
deu,Germany,1980,73.2
deu,Germany,1981,73.5
deu,Germany,1982,73.8
deu,Germany,1983,74.1
deu,Germany,1984,74.5
deu,Germany,1985,74.7
deu,Germany,1986,75.0
deu,Germany,1987,75.3
deu,Germany,1988,75.4
deu,Germany,1989,75.6
deu,Germany,1990,75.6
deu,Germany,1991,75.7
deu,Germany,1992,76.1
deu,Germany,1993,76.2
deu,Germany,1994,76.5
deu,Germany,1995,76.7
deu,Germany,1996,77.0
deu,Germany,1997,77.4
deu,Germany,1998,77.7
deu,Germany,1999,77.9
deu,Germany,2000,78.3
deu,Germany,2001,78.6
deu,Germany,2002,78.8
deu,Germany,2003,78.9
deu,Germany,2004,79.3
deu,Germany,2005,79.4
deu,Germany,2006,79.7
deu,Germany,2007,79.9
deu,Germany,2008,80.1
deu,Germany,2009,80.2
deu,Germany,2010,80.3
deu,Germany,2011,80.6
deu,Germany,2012,80.7
deu,Germany,2013,80.7
deu,Germany,2014,81.0
deu,Germany,2015,80.8
deu,Germany,2016,80.9
deu,Germany,2017,81.0
deu,Germany,2018,81.1
deu,Germany,2019,81.3
deu,Germany,2020,81.0
deu,Germany,2021,80.6
deu,Germany,2022,80.5
deu,Germany,2023,80.9
deu,Germany,2024,81.0
deu,Germany,2025,81.2
dji,Djibouti,1900,33.15
dji,Djibouti,1901,33.21
dji,Djibouti,1902,33.28
dji,Djibouti,1903,33.34
dji,Djibouti,1904,33.41
dji,Djibouti,1905,33.47
dji,Djibouti,1906,33.54
dji,Djibouti,1907,33.6
dji,Djibouti,1908,33.67
dji,Djibouti,1909,33.73
dji,Djibouti,1910,33.8
dji,Djibouti,1911,33.86
dji,Djibouti,1912,33.93
dji,Djibouti,1913,33.99
dji,Djibouti,1914,34.06
dji,Djibouti,1915,34.12
dji,Djibouti,1916,34.19
dji,Djibouti,1917,34.25
dji,Djibouti,1918,13.27
dji,Djibouti,1919,34.38
dji,Djibouti,1920,34.45
dji,Djibouti,1921,34.51
dji,Djibouti,1922,34.58
dji,Djibouti,1923,34.64
dji,Djibouti,1924,34.71
dji,Djibouti,1925,34.77
dji,Djibouti,1926,34.84
dji,Djibouti,1927,34.9
dji,Djibouti,1928,34.97
dji,Djibouti,1929,35.03
dji,Djibouti,1930,35.1
dji,Djibouti,1931,35.16
dji,Djibouti,1932,35.23
dji,Djibouti,1933,35.29
dji,Djibouti,1934,35.36
dji,Djibouti,1935,35.42
dji,Djibouti,1936,35.49
dji,Djibouti,1937,35.55
dji,Djibouti,1938,35.62
dji,Djibouti,1939,35.68
dji,Djibouti,1940,35.75
dji,Djibouti,1941,35.92
dji,Djibouti,1942,36.08
dji,Djibouti,1943,36.25
dji,Djibouti,1944,36.43
dji,Djibouti,1945,36.59
dji,Djibouti,1946,39.3
dji,Djibouti,1947,42.0
dji,Djibouti,1948,44.73
dji,Djibouti,1949,47.46
dji,Djibouti,1950,50.2
dji,Djibouti,1951,50.5
dji,Djibouti,1952,50.7
dji,Djibouti,1953,51.0
dji,Djibouti,1954,51.2
dji,Djibouti,1955,51.6
dji,Djibouti,1956,51.9
dji,Djibouti,1957,52.2
dji,Djibouti,1958,52.6
dji,Djibouti,1959,52.9
dji,Djibouti,1960,53.3
dji,Djibouti,1961,53.7
dji,Djibouti,1962,54.0
dji,Djibouti,1963,54.4
dji,Djibouti,1964,54.8
dji,Djibouti,1965,55.1
dji,Djibouti,1966,55.4
dji,Djibouti,1967,55.7
dji,Djibouti,1968,56.0
dji,Djibouti,1969,56.3
dji,Djibouti,1970,56.7
dji,Djibouti,1971,56.3
dji,Djibouti,1972,57.4
dji,Djibouti,1973,57.8
dji,Djibouti,1974,58.2
dji,Djibouti,1975,58.5
dji,Djibouti,1976,58.8
dji,Djibouti,1977,59.1
dji,Djibouti,1978,59.3
dji,Djibouti,1979,58.9
dji,Djibouti,1980,59.9
dji,Djibouti,1981,59.9
dji,Djibouti,1982,60.2
dji,Djibouti,1983,60.4
dji,Djibouti,1984,60.5
dji,Djibouti,1985,60.6
dji,Djibouti,1986,60.8
dji,Djibouti,1987,61.0
dji,Djibouti,1988,61.2
dji,Djibouti,1989,61.4
dji,Djibouti,1990,61.5
dji,Djibouti,1991,61.8
dji,Djibouti,1992,62.1
dji,Djibouti,1993,61.4
dji,Djibouti,1994,61.9
dji,Djibouti,1995,62.6
dji,Djibouti,1996,62.8
dji,Djibouti,1997,62.8
dji,Djibouti,1998,62.7
dji,Djibouti,1999,62.9
dji,Djibouti,2000,63.0
dji,Djibouti,2001,63.1
dji,Djibouti,2002,63.1
dji,Djibouti,2003,63.7
dji,Djibouti,2004,63.4
dji,Djibouti,2005,63.8
dji,Djibouti,2006,63.7
dji,Djibouti,2007,64.4
dji,Djibouti,2008,64.6
dji,Djibouti,2009,64.8
dji,Djibouti,2010,64.9
dji,Djibouti,2011,65.2
dji,Djibouti,2012,65.5
dji,Djibouti,2013,65.9
dji,Djibouti,2014,66.3
dji,Djibouti,2015,66.4
dji,Djibouti,2016,66.9
dji,Djibouti,2017,67.1
dji,Djibouti,2018,67.6
dji,Djibouti,2019,67.7
dji,Djibouti,2020,67.0
dji,Djibouti,2021,65.3
dji,Djibouti,2022,67.8
dji,Djibouti,2023,68.4
dji,Djibouti,2024,68.61
dji,Djibouti,2025,68.81
dma,Dominica,1950,56.7
dma,Dominica,1951,56.9
dma,Dominica,1952,57.1
dma,Dominica,1953,57.0
dma,Dominica,1954,56.8
dma,Dominica,1955,57.0
dma,Dominica,1956,57.3
dma,Dominica,1957,57.7
dma,Dominica,1958,58.4
dma,Dominica,1959,59.5
dma,Dominica,1960,60.9
dma,Dominica,1961,62.2
dma,Dominica,1962,63.3
dma,Dominica,1963,64.0
dma,Dominica,1964,64.4
dma,Dominica,1965,64.7
dma,Dominica,1966,65.1
dma,Dominica,1967,65.5
dma,Dominica,1968,65.8
dma,Dominica,1969,66.2
dma,Dominica,1970,66.7
dma,Dominica,1971,67.3
dma,Dominica,1972,68.3
dma,Dominica,1973,69.7
dma,Dominica,1974,71.0
dma,Dominica,1975,72.0
dma,Dominica,1976,72.7
dma,Dominica,1977,73.3
dma,Dominica,1978,73.8
dma,Dominica,1979,72.6
dma,Dominica,1980,74.2
dma,Dominica,1981,74.2
dma,Dominica,1982,74.4
dma,Dominica,1983,74.6
dma,Dominica,1984,74.7
dma,Dominica,1985,74.8
dma,Dominica,1986,74.8
dma,Dominica,1987,74.8
dma,Dominica,1988,74.7
dma,Dominica,1989,74.6
dma,Dominica,1990,74.5
dma,Dominica,1991,74.4
dma,Dominica,1992,74.3
dma,Dominica,1993,74.3
dma,Dominica,1994,74.3
dma,Dominica,1995,74.3
dma,Dominica,1996,74.5
dma,Dominica,1997,74.7
dma,Dominica,1998,74.3
dma,Dominica,1999,75.0
dma,Dominica,2000,75.1
dma,Dominica,2001,75.2
dma,Dominica,2002,75.2
dma,Dominica,2003,75.2
dma,Dominica,2004,75.2
dma,Dominica,2005,75.4
dma,Dominica,2006,75.5
dma,Dominica,2007,75.4
dma,Dominica,2008,75.6
dma,Dominica,2009,75.7
dma,Dominica,2010,75.5
dma,Dominica,2011,75.6
dma,Dominica,2012,75.6
dma,Dominica,2013,75.7
dma,Dominica,2014,75.7
dma,Dominica,2015,74.4
dma,Dominica,2016,75.5
dma,Dominica,2017,73.4
dma,Dominica,2018,75.9
dma,Dominica,2019,75.9
dma,Dominica,2020,75.3
dma,Dominica,2021,74.3
dma,Dominica,2022,75.7
dma,Dominica,2023,76.1
dma,Dominica,2024,76.31
dma,Dominica,2025,76.53
dnk,Denmark,1900,51.96
dnk,Denmark,1901,52.67
dnk,Denmark,1902,54.75
dnk,Denmark,1903,54.82
dnk,Denmark,1904,55.82
dnk,Denmark,1905,54.42
dnk,Denmark,1906,56.61
dnk,Denmark,1907,56.14
dnk,Denmark,1908,54.97
dnk,Denmark,1909,57.45
dnk,Denmark,1910,58.1
dnk,Denmark,1911,57.02
dnk,Denmark,1912,58.11
dnk,Denmark,1913,58.95
dnk,Denmark,1914,58.55
dnk,Denmark,1915,58.48
dnk,Denmark,1916,56.99
dnk,Denmark,1917,57.33
dnk,Denmark,1918,56.27
dnk,Denmark,1919,57.02
dnk,Denmark,1920,57.57
dnk,Denmark,1921,61.8
dnk,Denmark,1922,60.67
dnk,Denmark,1923,61.24
dnk,Denmark,1924,61.21
dnk,Denmark,1925,61.98
dnk,Denmark,1926,61.73
dnk,Denmark,1927,61.26
dnk,Denmark,1928,61.95
dnk,Denmark,1929,62.02
dnk,Denmark,1930,62.33
dnk,Denmark,1931,61.91
dnk,Denmark,1932,62.76
dnk,Denmark,1933,63.68
dnk,Denmark,1934,64.17
dnk,Denmark,1935,62.94
dnk,Denmark,1936,63.52
dnk,Denmark,1937,64.0
dnk,Denmark,1938,65.01
dnk,Denmark,1939,65.85
dnk,Denmark,1940,66.3
dnk,Denmark,1941,66.05
dnk,Denmark,1942,67.2
dnk,Denmark,1943,67.5
dnk,Denmark,1944,66.45
dnk,Denmark,1945,66.14
dnk,Denmark,1946,67.29
dnk,Denmark,1947,68.6
dnk,Denmark,1948,70.18
dnk,Denmark,1949,70.21
dnk,Denmark,1950,70.4
dnk,Denmark,1951,70.8
dnk,Denmark,1952,71.0
dnk,Denmark,1953,71.2
dnk,Denmark,1954,71.4
dnk,Denmark,1955,71.8
dnk,Denmark,1956,71.9
dnk,Denmark,1957,72.0
dnk,Denmark,1958,72.1
dnk,Denmark,1959,72.3
dnk,Denmark,1960,72.3
dnk,Denmark,1961,72.4
dnk,Denmark,1962,72.4
dnk,Denmark,1963,72.5
dnk,Denmark,1964,72.5
dnk,Denmark,1965,72.4
dnk,Denmark,1966,72.5
dnk,Denmark,1967,72.8
dnk,Denmark,1968,73.1
dnk,Denmark,1969,73.3
dnk,Denmark,1970,73.4
dnk,Denmark,1971,73.4
dnk,Denmark,1972,73.5
dnk,Denmark,1973,73.7
dnk,Denmark,1974,73.8
dnk,Denmark,1975,74.0
dnk,Denmark,1976,74.1
dnk,Denmark,1977,74.4
dnk,Denmark,1978,74.4
dnk,Denmark,1979,74.3
dnk,Denmark,1980,74.2
dnk,Denmark,1981,74.3
dnk,Denmark,1982,74.5
dnk,Denmark,1983,74.5
dnk,Denmark,1984,74.6
dnk,Denmark,1985,74.6
dnk,Denmark,1986,74.7
dnk,Denmark,1987,74.8
dnk,Denmark,1988,74.9
dnk,Denmark,1989,74.9
dnk,Denmark,1990,75.0
dnk,Denmark,1991,75.2
dnk,Denmark,1992,75.3
dnk,Denmark,1993,75.2
dnk,Denmark,1994,75.4
dnk,Denmark,1995,75.4
dnk,Denmark,1996,75.7
dnk,Denmark,1997,76.1
dnk,Denmark,1998,76.4
dnk,Denmark,1999,76.5
dnk,Denmark,2000,76.9
dnk,Denmark,2001,77.1
dnk,Denmark,2002,77.2
dnk,Denmark,2003,77.5
dnk,Denmark,2004,77.8
dnk,Denmark,2005,78.1
dnk,Denmark,2006,78.3
dnk,Denmark,2007,78.4
dnk,Denmark,2008,78.8
dnk,Denmark,2009,79.0
dnk,Denmark,2010,79.3
dnk,Denmark,2011,79.7
dnk,Denmark,2012,80.0
dnk,Denmark,2013,80.3
dnk,Denmark,2014,80.6
dnk,Denmark,2015,80.8
dnk,Denmark,2016,80.9
dnk,Denmark,2017,81.0
dnk,Denmark,2018,81.1
dnk,Denmark,2019,81.4
dnk,Denmark,2020,81.5
dnk,Denmark,2021,81.4
dnk,Denmark,2022,81.2
dnk,Denmark,2023,81.5
dnk,Denmark,2024,81.7
dnk,Denmark,2025,81.8
dom,Dominican Republic,1900,33.38
dom,Dominican Republic,1901,33.45
dom,Dominican Republic,1902,33.52
dom,Dominican Republic,1903,33.59
dom,Dominican Republic,1904,33.66
dom,Dominican Republic,1905,33.73
dom,Dominican Republic,1906,33.8
dom,Dominican Republic,1907,33.87
dom,Dominican Republic,1908,33.94
dom,Dominican Republic,1909,34.01
dom,Dominican Republic,1910,34.08
dom,Dominican Republic,1911,34.15
dom,Dominican Republic,1912,34.22
dom,Dominican Republic,1913,34.29
dom,Dominican Republic,1914,34.36
dom,Dominican Republic,1915,34.42
dom,Dominican Republic,1916,34.49
dom,Dominican Republic,1917,34.56
dom,Dominican Republic,1918,22.46
dom,Dominican Republic,1919,34.7
dom,Dominican Republic,1920,34.77
dom,Dominican Republic,1921,34.84
dom,Dominican Republic,1922,34.91
dom,Dominican Republic,1923,34.98
dom,Dominican Republic,1924,35.05
dom,Dominican Republic,1925,35.12
dom,Dominican Republic,1926,35.19
dom,Dominican Republic,1927,35.26
dom,Dominican Republic,1928,35.33
dom,Dominican Republic,1929,35.4
dom,Dominican Republic,1930,35.47
dom,Dominican Republic,1931,35.54
dom,Dominican Republic,1932,35.61
dom,Dominican Republic,1933,35.68
dom,Dominican Republic,1934,35.75
dom,Dominican Republic,1935,35.82
dom,Dominican Republic,1936,37.04
dom,Dominican Republic,1937,38.27
dom,Dominican Republic,1938,39.5
dom,Dominican Republic,1939,40.73
dom,Dominican Republic,1940,41.97
dom,Dominican Republic,1941,43.31
dom,Dominican Republic,1942,44.67
dom,Dominican Republic,1943,46.02
dom,Dominican Republic,1944,47.38
dom,Dominican Republic,1945,48.72
dom,Dominican Republic,1946,50.09
dom,Dominican Republic,1947,51.46
dom,Dominican Republic,1948,52.84
dom,Dominican Republic,1949,54.22
dom,Dominican Republic,1950,55.6
dom,Dominican Republic,1951,55.9
dom,Dominican Republic,1952,56.1
dom,Dominican Republic,1953,56.3
dom,Dominican Republic,1954,56.5
dom,Dominican Republic,1955,56.6
dom,Dominican Republic,1956,56.9
dom,Dominican Republic,1957,57.2
dom,Dominican Republic,1958,57.4
dom,Dominican Republic,1959,57.6
dom,Dominican Republic,1960,57.9
dom,Dominican Republic,1961,58.2
dom,Dominican Republic,1962,58.5
dom,Dominican Republic,1963,58.7
dom,Dominican Republic,1964,59.3
dom,Dominican Republic,1965,57.2
dom,Dominican Republic,1966,59.9
dom,Dominican Republic,1967,60.3
dom,Dominican Republic,1968,60.6
dom,Dominican Republic,1969,61.0
dom,Dominican Republic,1970,61.4
dom,Dominican Republic,1971,61.8
dom,Dominican Republic,1972,62.2
dom,Dominican Republic,1973,62.7
dom,Dominican Republic,1974,63.2
dom,Dominican Republic,1975,63.7
dom,Dominican Republic,1976,64.1
dom,Dominican Republic,1977,64.6
dom,Dominican Republic,1978,65.1
dom,Dominican Republic,1979,65.0
dom,Dominican Republic,1980,66.1
dom,Dominican Republic,1981,66.6
dom,Dominican Republic,1982,67.1
dom,Dominican Republic,1983,67.7
dom,Dominican Republic,1984,68.2
dom,Dominican Republic,1985,68.7
dom,Dominican Republic,1986,69.2
dom,Dominican Republic,1987,69.6
dom,Dominican Republic,1988,70.1
dom,Dominican Republic,1989,70.5
dom,Dominican Republic,1990,70.9
dom,Dominican Republic,1991,71.3
dom,Dominican Republic,1992,71.6
dom,Dominican Republic,1993,72.0
dom,Dominican Republic,1994,72.4
dom,Dominican Republic,1995,72.7
dom,Dominican Republic,1996,72.8
dom,Dominican Republic,1997,73.2
dom,Dominican Republic,1998,73.4
dom,Dominican Republic,1999,73.8
dom,Dominican Republic,2000,74.0
dom,Dominican Republic,2001,74.2
dom,Dominican Republic,2002,74.4
dom,Dominican Republic,2003,74.5
dom,Dominican Republic,2004,74.4
dom,Dominican Republic,2005,74.7
dom,Dominican Republic,2006,74.9
dom,Dominican Republic,2007,75.0
dom,Dominican Republic,2008,75.1
dom,Dominican Republic,2009,75.1
dom,Dominican Republic,2010,75.0
dom,Dominican Republic,2011,74.8
dom,Dominican Republic,2012,74.5
dom,Dominican Republic,2013,74.4
dom,Dominican Republic,2014,74.3
dom,Dominican Republic,2015,74.0
dom,Dominican Republic,2016,73.8
dom,Dominican Republic,2017,73.7
dom,Dominican Republic,2018,73.6
dom,Dominican Republic,2019,73.4
dom,Dominican Republic,2020,72.0
dom,Dominican Republic,2021,72.2
dom,Dominican Republic,2022,72.4
dom,Dominican Republic,2023,73.0
dom,Dominican Republic,2024,73.2
dom,Dominican Republic,2025,73.3
dza,Algeria,1900,26.61
dza,Algeria,1901,26.6
dza,Algeria,1902,26.59
dza,Algeria,1903,27.39
dza,Algeria,1904,22.09
dza,Algeria,1905,24.41
dza,Algeria,1906,25.58
dza,Algeria,1907,25.45
dza,Algeria,1908,25.32
dza,Algeria,1909,26.57
dza,Algeria,1910,27.91
dza,Algeria,1911,27.61
dza,Algeria,1912,28.72
dza,Algeria,1913,26.75
dza,Algeria,1914,26.25
dza,Algeria,1915,25.75
dza,Algeria,1916,25.38
dza,Algeria,1917,25.33
dza,Algeria,1918,19.72
dza,Algeria,1919,25.25
dza,Algeria,1920,24.5
dza,Algeria,1921,24.46
dza,Algeria,1922,24.16
dza,Algeria,1923,26.25
dza,Algeria,1924,27.4
dza,Algeria,1925,27.94
dza,Algeria,1926,27.3
dza,Algeria,1927,23.31
dza,Algeria,1928,26.17
dza,Algeria,1929,26.27
dza,Algeria,1930,27.25
dza,Algeria,1931,25.49
dza,Algeria,1932,26.51
dza,Algeria,1933,27.44
dza,Algeria,1934,26.89
dza,Algeria,1935,28.28
dza,Algeria,1936,29.18
dza,Algeria,1937,27.59
dza,Algeria,1938,27.0
dza,Algeria,1939,28.73
dza,Algeria,1940,28.99
dza,Algeria,1941,27.6
dza,Algeria,1942,27.07
dza,Algeria,1943,23.41
dza,Algeria,1944,27.62
dza,Algeria,1945,25.85
dza,Algeria,1946,27.56
dza,Algeria,1947,30.11
dza,Algeria,1948,32.48
dza,Algeria,1949,34.29
dza,Algeria,1950,36.1
dza,Algeria,1951,36.7
dza,Algeria,1952,37.3
dza,Algeria,1953,37.8
dza,Algeria,1954,35.7
dza,Algeria,1955,36.4
dza,Algeria,1956,37.1
dza,Algeria,1957,37.8
dza,Algeria,1958,38.5
dza,Algeria,1959,39.3
dza,Algeria,1960,40.1
dza,Algeria,1961,40.8
dza,Algeria,1962,41.4
dza,Algeria,1963,45.0
dza,Algeria,1964,45.8
dza,Algeria,1965,46.7
dza,Algeria,1966,47.4
dza,Algeria,1967,48.2
dza,Algeria,1968,49.0
dza,Algeria,1969,49.8
dza,Algeria,1970,50.6
dza,Algeria,1971,51.4
dza,Algeria,1972,52.2
dza,Algeria,1973,53.1
dza,Algeria,1974,54.1
dza,Algeria,1975,55.0
dza,Algeria,1976,55.9
dza,Algeria,1977,56.9
dza,Algeria,1978,57.9
dza,Algeria,1979,58.9
dza,Algeria,1980,59.7
dza,Algeria,1981,61.0
dza,Algeria,1982,62.1
dza,Algeria,1983,63.2
dza,Algeria,1984,64.2
dza,Algeria,1985,65.2
dza,Algeria,1986,66.0
dza,Algeria,1987,66.8
dza,Algeria,1988,67.4
dza,Algeria,1989,67.9
dza,Algeria,1990,68.4
dza,Algeria,1991,68.9
dza,Algeria,1992,69.3
dza,Algeria,1993,69.7
dza,Algeria,1994,70.0
dza,Algeria,1995,70.2
dza,Algeria,1996,70.8
dza,Algeria,1997,71.1
dza,Algeria,1998,71.4
dza,Algeria,1999,71.8
dza,Algeria,2000,72.2
dza,Algeria,2001,72.5
dza,Algeria,2002,72.8
dza,Algeria,2003,72.9
dza,Algeria,2004,73.4
dza,Algeria,2005,73.7
dza,Algeria,2006,73.9
dza,Algeria,2007,74.1
dza,Algeria,2008,74.2
dza,Algeria,2009,74.4
dza,Algeria,2010,74.5
dza,Algeria,2011,74.6
dza,Algeria,2012,74.8
dza,Algeria,2013,74.9
dza,Algeria,2014,75.0
dza,Algeria,2015,75.1
dza,Algeria,2016,75.2
dza,Algeria,2017,75.3
dza,Algeria,2018,75.4
dza,Algeria,2019,75.5
dza,Algeria,2020,74.7
dza,Algeria,2021,75.0
dza,Algeria,2022,75.7
dza,Algeria,2023,76.0
dza,Algeria,2024,76.2
dza,Algeria,2025,76.4
ecu,Ecuador,1900,33.99
ecu,Ecuador,1901,34.01
ecu,Ecuador,1902,34.03
ecu,Ecuador,1903,34.05
ecu,Ecuador,1904,34.07
ecu,Ecuador,1905,34.09
ecu,Ecuador,1906,34.12
ecu,Ecuador,1907,34.14
ecu,Ecuador,1908,34.16
ecu,Ecuador,1909,34.18
ecu,Ecuador,1910,34.2
ecu,Ecuador,1911,34.22
ecu,Ecuador,1912,34.25
ecu,Ecuador,1913,34.27
ecu,Ecuador,1914,34.29
ecu,Ecuador,1915,34.31
ecu,Ecuador,1916,34.33
ecu,Ecuador,1917,34.35
ecu,Ecuador,1918,30.38
ecu,Ecuador,1919,34.4
ecu,Ecuador,1920,34.42
ecu,Ecuador,1921,34.44
ecu,Ecuador,1922,34.46
ecu,Ecuador,1923,34.48
ecu,Ecuador,1924,34.51
ecu,Ecuador,1925,34.53
ecu,Ecuador,1926,34.55
ecu,Ecuador,1927,34.57
ecu,Ecuador,1928,34.59
ecu,Ecuador,1929,34.61
ecu,Ecuador,1930,34.64
ecu,Ecuador,1931,34.66
ecu,Ecuador,1932,34.68
ecu,Ecuador,1933,34.7
ecu,Ecuador,1934,34.72
ecu,Ecuador,1935,34.74
ecu,Ecuador,1936,34.77
ecu,Ecuador,1937,34.79
ecu,Ecuador,1938,34.81
ecu,Ecuador,1939,34.83
ecu,Ecuador,1940,36.24
ecu,Ecuador,1941,37.69
ecu,Ecuador,1942,39.15
ecu,Ecuador,1943,40.62
ecu,Ecuador,1944,42.09
ecu,Ecuador,1945,43.55
ecu,Ecuador,1946,45.01
ecu,Ecuador,1947,46.49
ecu,Ecuador,1948,47.95
ecu,Ecuador,1949,49.42
ecu,Ecuador,1950,50.9
ecu,Ecuador,1951,51.3
ecu,Ecuador,1952,51.7
ecu,Ecuador,1953,52.1
ecu,Ecuador,1954,52.7
ecu,Ecuador,1955,53.1
ecu,Ecuador,1956,53.7
ecu,Ecuador,1957,54.1
ecu,Ecuador,1958,54.4
ecu,Ecuador,1959,55.0
ecu,Ecuador,1960,55.8
ecu,Ecuador,1961,56.5
ecu,Ecuador,1962,57.2
ecu,Ecuador,1963,57.8
ecu,Ecuador,1964,58.4
ecu,Ecuador,1965,59.0
ecu,Ecuador,1966,59.6
ecu,Ecuador,1967,60.1
ecu,Ecuador,1968,60.3
ecu,Ecuador,1969,60.3
ecu,Ecuador,1970,60.7
ecu,Ecuador,1971,60.8
ecu,Ecuador,1972,61.0
ecu,Ecuador,1973,61.6
ecu,Ecuador,1974,62.7
ecu,Ecuador,1975,63.8
ecu,Ecuador,1976,64.4
ecu,Ecuador,1977,64.9
ecu,Ecuador,1978,65.2
ecu,Ecuador,1979,65.7
ecu,Ecuador,1980,66.4
ecu,Ecuador,1981,67.0
ecu,Ecuador,1982,67.6
ecu,Ecuador,1983,68.0
ecu,Ecuador,1984,68.7
ecu,Ecuador,1985,69.3
ecu,Ecuador,1986,69.9
ecu,Ecuador,1987,68.9
ecu,Ecuador,1988,70.5
ecu,Ecuador,1989,70.8
ecu,Ecuador,1990,70.9
ecu,Ecuador,1991,70.7
ecu,Ecuador,1992,71.0
ecu,Ecuador,1993,71.3
ecu,Ecuador,1994,71.6
ecu,Ecuador,1995,72.0
ecu,Ecuador,1996,72.0
ecu,Ecuador,1997,72.0
ecu,Ecuador,1998,71.9
ecu,Ecuador,1999,71.7
ecu,Ecuador,2000,71.8
ecu,Ecuador,2001,72.0
ecu,Ecuador,2002,72.4
ecu,Ecuador,2003,72.8
ecu,Ecuador,2004,73.2
ecu,Ecuador,2005,73.3
ecu,Ecuador,2006,73.6
ecu,Ecuador,2007,74.1
ecu,Ecuador,2008,74.7
ecu,Ecuador,2009,75.2
ecu,Ecuador,2010,75.8
ecu,Ecuador,2011,76.3
ecu,Ecuador,2012,76.9
ecu,Ecuador,2013,77.5
ecu,Ecuador,2014,78.1
ecu,Ecuador,2015,78.5
ecu,Ecuador,2016,78.5
ecu,Ecuador,2017,78.8
ecu,Ecuador,2018,78.9
ecu,Ecuador,2019,78.8
ecu,Ecuador,2020,73.7
ecu,Ecuador,2021,74.8
ecu,Ecuador,2022,76.7
ecu,Ecuador,2023,76.7
ecu,Ecuador,2024,76.9
ecu,Ecuador,2025,77.1
egy,Egypt,1900,33.47
egy,Egypt,1901,33.48
egy,Egypt,1902,33.49
egy,Egypt,1903,33.5
egy,Egypt,1904,33.51
egy,Egypt,1905,33.52
egy,Egypt,1906,33.53
egy,Egypt,1907,33.54
egy,Egypt,1908,33.55
egy,Egypt,1909,33.56
egy,Egypt,1910,33.57
egy,Egypt,1911,33.58
egy,Egypt,1912,33.59
egy,Egypt,1913,33.6
egy,Egypt,1914,33.61
egy,Egypt,1915,33.62
egy,Egypt,1916,33.63
egy,Egypt,1917,33.64
egy,Egypt,1918,25.74
egy,Egypt,1919,33.65
egy,Egypt,1920,33.66
egy,Egypt,1921,33.67
egy,Egypt,1922,33.68
egy,Egypt,1923,33.69
egy,Egypt,1924,33.7
egy,Egypt,1925,33.71
egy,Egypt,1926,33.72
egy,Egypt,1927,33.73
egy,Egypt,1928,31.39
egy,Egypt,1929,31.3
egy,Egypt,1930,36.21
egy,Egypt,1931,33.26
egy,Egypt,1932,31.73
egy,Egypt,1933,33.07
egy,Egypt,1934,32.26
egy,Egypt,1935,34.01
egy,Egypt,1936,32.07
egy,Egypt,1937,35.36
egy,Egypt,1938,35.68
egy,Egypt,1939,36.92
egy,Egypt,1940,35.29
egy,Egypt,1941,36.64
egy,Egypt,1942,31.33
egy,Egypt,1943,30.64
egy,Egypt,1944,34.35
egy,Egypt,1945,33.24
egy,Egypt,1946,35.42
egy,Egypt,1947,37.19
egy,Egypt,1948,37.32
egy,Egypt,1949,37.86
egy,Egypt,1950,39.7
egy,Egypt,1951,40.8
egy,Egypt,1952,41.8
egy,Egypt,1953,42.8
egy,Egypt,1954,43.8
egy,Egypt,1955,44.4
egy,Egypt,1956,44.8
egy,Egypt,1957,45.5
egy,Egypt,1958,46.6
egy,Egypt,1959,47.8
egy,Egypt,1960,48.7
egy,Egypt,1961,49.4
egy,Egypt,1962,49.7
egy,Egypt,1963,50.0
egy,Egypt,1964,50.1
egy,Egypt,1965,50.2
egy,Egypt,1966,50.1
egy,Egypt,1967,50.5
egy,Egypt,1968,51.2
egy,Egypt,1969,51.2
egy,Egypt,1970,51.4
egy,Egypt,1971,52.6
egy,Egypt,1972,52.4
egy,Egypt,1973,52.8
egy,Egypt,1974,53.9
egy,Egypt,1975,54.6
egy,Egypt,1976,55.4
egy,Egypt,1977,56.0
egy,Egypt,1978,57.1
egy,Egypt,1979,57.6
egy,Egypt,1980,58.4
egy,Egypt,1981,58.7
egy,Egypt,1982,58.9
egy,Egypt,1983,59.2
egy,Egypt,1984,59.4
egy,Egypt,1985,59.6
egy,Egypt,1986,60.0
egy,Egypt,1987,60.7
egy,Egypt,1988,61.8
egy,Egypt,1989,62.8
egy,Egypt,1990,63.8
egy,Egypt,1991,64.5
egy,Egypt,1992,65.1
egy,Egypt,1993,65.3
egy,Egypt,1994,65.5
egy,Egypt,1995,65.9
egy,Egypt,1996,66.2
egy,Egypt,1997,66.4
egy,Egypt,1998,66.5
egy,Egypt,1999,66.9
egy,Egypt,2000,67.4
egy,Egypt,2001,67.3
egy,Egypt,2002,67.3
egy,Egypt,2003,67.3
egy,Egypt,2004,67.7
egy,Egypt,2005,68.0
egy,Egypt,2006,68.1
egy,Egypt,2007,68.4
egy,Egypt,2008,68.4
egy,Egypt,2009,68.5
egy,Egypt,2010,68.7
egy,Egypt,2011,68.8
egy,Egypt,2012,68.8
egy,Egypt,2013,69.2
egy,Egypt,2014,69.2
egy,Egypt,2015,69.0
egy,Egypt,2016,69.5
egy,Egypt,2017,70.0
egy,Egypt,2018,70.2
egy,Egypt,2019,70.5
egy,Egypt,2020,69.1
egy,Egypt,2021,68.4
egy,Egypt,2022,69.6
egy,Egypt,2023,70.0
egy,Egypt,2024,70.2
egy,Egypt,2025,70.39
eri,Eritrea,1900,29.75
eri,Eritrea,1901,29.74
eri,Eritrea,1902,29.73
eri,Eritrea,1903,29.72
eri,Eritrea,1904,29.71
eri,Eritrea,1905,29.7
eri,Eritrea,1906,29.69
eri,Eritrea,1907,29.68
eri,Eritrea,1908,29.67
eri,Eritrea,1909,29.66
eri,Eritrea,1910,29.66
eri,Eritrea,1911,29.65
eri,Eritrea,1912,29.64
eri,Eritrea,1913,29.63
eri,Eritrea,1914,29.62
eri,Eritrea,1915,29.61
eri,Eritrea,1916,29.6
eri,Eritrea,1917,29.59
eri,Eritrea,1918,11.44
eri,Eritrea,1919,29.57
eri,Eritrea,1920,29.57
eri,Eritrea,1921,29.56
eri,Eritrea,1922,29.55
eri,Eritrea,1923,29.54
eri,Eritrea,1924,29.53
eri,Eritrea,1925,29.52
eri,Eritrea,1926,29.51
eri,Eritrea,1927,29.5
eri,Eritrea,1928,29.49
eri,Eritrea,1929,29.48
eri,Eritrea,1930,29.47
eri,Eritrea,1931,29.47
eri,Eritrea,1932,29.46
eri,Eritrea,1933,29.45
eri,Eritrea,1934,29.44
eri,Eritrea,1935,29.43
eri,Eritrea,1936,29.42
eri,Eritrea,1937,29.41
eri,Eritrea,1938,29.4
eri,Eritrea,1939,29.39
eri,Eritrea,1940,29.38
eri,Eritrea,1941,29.45
eri,Eritrea,1942,29.53
eri,Eritrea,1943,29.6
eri,Eritrea,1944,29.67
eri,Eritrea,1945,29.75
eri,Eritrea,1946,30.83
eri,Eritrea,1947,31.92
eri,Eritrea,1948,33.02
eri,Eritrea,1949,34.11
eri,Eritrea,1950,35.2
eri,Eritrea,1951,35.3
eri,Eritrea,1952,35.6
eri,Eritrea,1953,35.8
eri,Eritrea,1954,35.9
eri,Eritrea,1955,36.2
eri,Eritrea,1956,36.5
eri,Eritrea,1957,36.7
eri,Eritrea,1958,36.9
eri,Eritrea,1959,37.2
eri,Eritrea,1960,37.4
eri,Eritrea,1961,37.7
eri,Eritrea,1962,38.0
eri,Eritrea,1963,38.3
eri,Eritrea,1964,35.6
eri,Eritrea,1965,35.9
eri,Eritrea,1966,36.2
eri,Eritrea,1967,36.6
eri,Eritrea,1968,36.9
eri,Eritrea,1969,37.3
eri,Eritrea,1970,37.7
eri,Eritrea,1971,38.1
eri,Eritrea,1972,38.5
eri,Eritrea,1973,38.9
eri,Eritrea,1974,36.1
eri,Eritrea,1975,36.6
eri,Eritrea,1976,37.0
eri,Eritrea,1977,37.5
eri,Eritrea,1978,38.0
eri,Eritrea,1979,38.5
eri,Eritrea,1980,39.0
eri,Eritrea,1981,39.6
eri,Eritrea,1982,40.1
eri,Eritrea,1983,40.7
eri,Eritrea,1984,41.3
eri,Eritrea,1985,41.9
eri,Eritrea,1986,42.6
eri,Eritrea,1987,43.2
eri,Eritrea,1988,43.8
eri,Eritrea,1989,44.4
eri,Eritrea,1990,45.0
eri,Eritrea,1991,45.7
eri,Eritrea,1992,51.1
eri,Eritrea,1993,51.9
eri,Eritrea,1994,52.8
eri,Eritrea,1995,53.5
eri,Eritrea,1996,54.3
eri,Eritrea,1997,55.0
eri,Eritrea,1998,55.2
eri,Eritrea,1999,54.1
eri,Eritrea,2000,55.8
eri,Eritrea,2001,57.2
eri,Eritrea,2002,57.6
eri,Eritrea,2003,58.0
eri,Eritrea,2004,58.4
eri,Eritrea,2005,58.8
eri,Eritrea,2006,59.2
eri,Eritrea,2007,59.5
eri,Eritrea,2008,59.6
eri,Eritrea,2009,59.8
eri,Eritrea,2010,60.0
eri,Eritrea,2011,60.3
eri,Eritrea,2012,60.6
eri,Eritrea,2013,60.8
eri,Eritrea,2014,61.4
eri,Eritrea,2015,61.5
eri,Eritrea,2016,61.8
eri,Eritrea,2017,61.9
eri,Eritrea,2018,62.2
eri,Eritrea,2019,62.4
eri,Eritrea,2020,62.1
eri,Eritrea,2021,62.1
eri,Eritrea,2022,61.3
eri,Eritrea,2023,62.9
eri,Eritrea,2024,63.18
eri,Eritrea,2025,63.45
esp,Spain,1900,34.84
esp,Spain,1901,35.67
esp,Spain,1902,36.51
esp,Spain,1903,37.34
esp,Spain,1904,38.18
esp,Spain,1905,39.01
esp,Spain,1906,39.84
esp,Spain,1907,40.68
esp,Spain,1908,41.51
esp,Spain,1909,41.12
esp,Spain,1910,40.98
esp,Spain,1911,39.86
esp,Spain,1912,43.6
esp,Spain,1913,42.63
esp,Spain,1914,42.91
esp,Spain,1915,43.12
esp,Spain,1916,44.05
esp,Spain,1917,42.7
esp,Spain,1918,30.34
esp,Spain,1919,41.19
esp,Spain,1920,39.38
esp,Spain,1921,42.1
esp,Spain,1922,44.29
esp,Spain,1923,44.83
esp,Spain,1924,46.38
esp,Spain,1925,47.04
esp,Spain,1926,47.85
esp,Spain,1927,48.58
esp,Spain,1928,48.76
esp,Spain,1929,49.58
esp,Spain,1930,49.44
esp,Spain,1931,49.35
esp,Spain,1932,51.3
esp,Spain,1933,51.7
esp,Spain,1934,52.35
esp,Spain,1935,52.83
esp,Spain,1936,51.01
esp,Spain,1937,47.32
esp,Spain,1938,47.63
esp,Spain,1939,47.19
esp,Spain,1940,48.5
esp,Spain,1941,47.26
esp,Spain,1942,52.6
esp,Spain,1943,54.96
esp,Spain,1944,56.37
esp,Spain,1945,57.96
esp,Spain,1946,57.69
esp,Spain,1947,59.46
esp,Spain,1948,61.41
esp,Spain,1949,61.15
esp,Spain,1950,62.0
esp,Spain,1951,62.4
esp,Spain,1952,64.6
esp,Spain,1953,65.7
esp,Spain,1954,66.7
esp,Spain,1955,66.9
esp,Spain,1956,66.6
esp,Spain,1957,67.0
esp,Spain,1958,68.4
esp,Spain,1959,68.8
esp,Spain,1960,69.3
esp,Spain,1961,69.8
esp,Spain,1962,69.6
esp,Spain,1963,69.8
esp,Spain,1964,70.5
esp,Spain,1965,70.8
esp,Spain,1966,71.1
esp,Spain,1967,71.4
esp,Spain,1968,71.5
esp,Spain,1969,71.4
esp,Spain,1970,72.0
esp,Spain,1971,72.0
esp,Spain,1972,72.8
esp,Spain,1973,72.8
esp,Spain,1974,73.1
esp,Spain,1975,73.4
esp,Spain,1976,73.7
esp,Spain,1977,74.1
esp,Spain,1978,74.4
esp,Spain,1979,74.8
esp,Spain,1980,75.3
esp,Spain,1981,75.6
esp,Spain,1982,76.0
esp,Spain,1983,76.0
esp,Spain,1984,76.2
esp,Spain,1985,76.2
esp,Spain,1986,76.5
esp,Spain,1987,76.7
esp,Spain,1988,76.7
esp,Spain,1989,76.8
esp,Spain,1990,76.8
esp,Spain,1991,77.0
esp,Spain,1992,77.4
esp,Spain,1993,77.6
esp,Spain,1994,77.9
esp,Spain,1995,78.0
esp,Spain,1996,78.2
esp,Spain,1997,78.7
esp,Spain,1998,78.8
esp,Spain,1999,78.9
esp,Spain,2000,79.4
esp,Spain,2001,79.7
esp,Spain,2002,79.8
esp,Spain,2003,79.8
esp,Spain,2004,80.3
esp,Spain,2005,80.4
esp,Spain,2006,80.9
esp,Spain,2007,81.0
esp,Spain,2008,81.3
esp,Spain,2009,81.6
esp,Spain,2010,82.0
esp,Spain,2011,82.2
esp,Spain,2012,82.2
esp,Spain,2013,82.6
esp,Spain,2014,82.8
esp,Spain,2015,82.6
esp,Spain,2016,82.9
esp,Spain,2017,83.0
esp,Spain,2018,83.1
esp,Spain,2019,83.3
esp,Spain,2020,82.1
esp,Spain,2021,82.9
esp,Spain,2022,82.4
esp,Spain,2023,83.2
esp,Spain,2024,83.3
esp,Spain,2025,83.5
est,Estonia,1900,46.21
est,Estonia,1901,46.69
est,Estonia,1902,47.17
est,Estonia,1903,47.66
est,Estonia,1904,48.14
est,Estonia,1905,48.61
est,Estonia,1906,49.1
est,Estonia,1907,49.58
est,Estonia,1908,50.07
est,Estonia,1909,50.56
est,Estonia,1910,51.05
est,Estonia,1911,51.54
est,Estonia,1912,52.02
est,Estonia,1913,52.51
est,Estonia,1914,51.82
est,Estonia,1915,48.61
est,Estonia,1916,48.45
est,Estonia,1917,40.52
est,Estonia,1918,38.38
est,Estonia,1919,41.42
est,Estonia,1920,50.97
est,Estonia,1921,57.89
est,Estonia,1922,56.99
est,Estonia,1923,58.84
est,Estonia,1924,59.85
est,Estonia,1925,60.77
est,Estonia,1926,58.15
est,Estonia,1927,55.53
est,Estonia,1928,58.89
est,Estonia,1929,57.4
est,Estonia,1930,61.04
est,Estonia,1931,60.22
est,Estonia,1932,62.26
est,Estonia,1933,63.48
est,Estonia,1934,64.28
est,Estonia,1935,63.06
est,Estonia,1936,63.69
est,Estonia,1937,64.79
est,Estonia,1938,66.33
est,Estonia,1939,65.67
est,Estonia,1940,64.06
est,Estonia,1941,51.94
est,Estonia,1942,61.52
est,Estonia,1943,61.14
est,Estonia,1944,35.16
est,Estonia,1945,52.34
est,Estonia,1946,61.38
est,Estonia,1947,53.51
est,Estonia,1948,65.76
est,Estonia,1949,66.43
est,Estonia,1950,67.0
est,Estonia,1951,67.2
est,Estonia,1952,67.5
est,Estonia,1953,67.7
est,Estonia,1954,67.9
est,Estonia,1955,68.2
est,Estonia,1956,68.4
est,Estonia,1957,68.6
est,Estonia,1958,68.8
est,Estonia,1959,69.0
est,Estonia,1960,69.2
est,Estonia,1961,69.5
est,Estonia,1962,69.8
est,Estonia,1963,70.1
est,Estonia,1964,70.3
est,Estonia,1965,70.5
est,Estonia,1966,70.6
est,Estonia,1967,70.5
est,Estonia,1968,70.4
est,Estonia,1969,70.2
est,Estonia,1970,70.2
est,Estonia,1971,70.3
est,Estonia,1972,70.4
est,Estonia,1973,70.4
est,Estonia,1974,70.3
est,Estonia,1975,70.1
est,Estonia,1976,69.9
est,Estonia,1977,69.7
est,Estonia,1978,69.6
est,Estonia,1979,69.5
est,Estonia,1980,69.5
est,Estonia,1981,69.6
est,Estonia,1982,69.7
est,Estonia,1983,69.7
est,Estonia,1984,69.9
est,Estonia,1985,70.0
est,Estonia,1986,70.3
est,Estonia,1987,70.4
est,Estonia,1988,70.4
est,Estonia,1989,70.3
est,Estonia,1990,70.0
est,Estonia,1991,69.6
est,Estonia,1992,69.1
est,Estonia,1993,68.7
est,Estonia,1994,67.9
est,Estonia,1995,68.7
est,Estonia,1996,69.3
est,Estonia,1997,69.8
est,Estonia,1998,70.2
est,Estonia,1999,70.5
est,Estonia,2000,70.9
est,Estonia,2001,71.2
est,Estonia,2002,71.5
est,Estonia,2003,71.9
est,Estonia,2004,72.3
est,Estonia,2005,72.7
est,Estonia,2006,73.2
est,Estonia,2007,73.7
est,Estonia,2008,74.2
est,Estonia,2009,74.9
est,Estonia,2010,75.5
est,Estonia,2011,76.1
est,Estonia,2012,76.5
est,Estonia,2013,76.9
est,Estonia,2014,77.2
est,Estonia,2015,77.6
est,Estonia,2016,77.8
est,Estonia,2017,78.1
est,Estonia,2018,78.4
est,Estonia,2019,78.8
est,Estonia,2020,78.5
est,Estonia,2021,77.4
est,Estonia,2022,77.8
est,Estonia,2023,78.7
est,Estonia,2024,78.8
est,Estonia,2025,79.0
eth,Ethiopia,1900,33.87
eth,Ethiopia,1901,33.95
eth,Ethiopia,1902,34.04
eth,Ethiopia,1903,34.12
eth,Ethiopia,1904,34.2
eth,Ethiopia,1905,34.29
eth,Ethiopia,1906,34.37
eth,Ethiopia,1907,34.45
eth,Ethiopia,1908,34.54
eth,Ethiopia,1909,34.62
eth,Ethiopia,1910,34.7
eth,Ethiopia,1911,34.79
eth,Ethiopia,1912,34.87
eth,Ethiopia,1913,34.95
eth,Ethiopia,1914,35.04
eth,Ethiopia,1915,35.12
eth,Ethiopia,1916,35.2
eth,Ethiopia,1917,35.29
eth,Ethiopia,1918,13.68
eth,Ethiopia,1919,35.45
eth,Ethiopia,1920,35.54
eth,Ethiopia,1921,35.62
eth,Ethiopia,1922,35.7
eth,Ethiopia,1923,35.79
eth,Ethiopia,1924,35.87
eth,Ethiopia,1925,35.95
eth,Ethiopia,1926,36.04
eth,Ethiopia,1927,36.12
eth,Ethiopia,1928,36.2
eth,Ethiopia,1929,36.29
eth,Ethiopia,1930,36.37
eth,Ethiopia,1931,36.45
eth,Ethiopia,1932,36.54
eth,Ethiopia,1933,36.62
eth,Ethiopia,1934,36.7
eth,Ethiopia,1935,34.06
eth,Ethiopia,1936,28.55
eth,Ethiopia,1937,36.08
eth,Ethiopia,1938,36.16
eth,Ethiopia,1939,36.25
eth,Ethiopia,1940,35.07
eth,Ethiopia,1941,35.12
eth,Ethiopia,1942,37.28
eth,Ethiopia,1943,37.33
eth,Ethiopia,1944,37.36
eth,Ethiopia,1945,37.41
eth,Ethiopia,1946,38.35
eth,Ethiopia,1947,39.31
eth,Ethiopia,1948,40.27
eth,Ethiopia,1949,41.24
eth,Ethiopia,1950,42.2
eth,Ethiopia,1951,42.5
eth,Ethiopia,1952,42.5
eth,Ethiopia,1953,42.6
eth,Ethiopia,1954,42.7
eth,Ethiopia,1955,42.7
eth,Ethiopia,1956,42.7
eth,Ethiopia,1957,42.8
eth,Ethiopia,1958,42.8
eth,Ethiopia,1959,42.9
eth,Ethiopia,1960,42.9
eth,Ethiopia,1961,43.0
eth,Ethiopia,1962,43.0
eth,Ethiopia,1963,43.1
eth,Ethiopia,1964,43.1
eth,Ethiopia,1965,43.1
eth,Ethiopia,1966,43.3
eth,Ethiopia,1967,43.4
eth,Ethiopia,1968,43.5
eth,Ethiopia,1969,43.6
eth,Ethiopia,1970,43.6
eth,Ethiopia,1971,43.7
eth,Ethiopia,1972,43.8
eth,Ethiopia,1973,43.9
eth,Ethiopia,1974,43.1
eth,Ethiopia,1975,43.2
eth,Ethiopia,1976,42.9
eth,Ethiopia,1977,43.1
eth,Ethiopia,1978,43.2
eth,Ethiopia,1979,44.4
eth,Ethiopia,1980,44.4
eth,Ethiopia,1981,44.5
eth,Ethiopia,1982,44.8
eth,Ethiopia,1983,41.3
eth,Ethiopia,1984,39.9
eth,Ethiopia,1985,45.4
eth,Ethiopia,1986,45.6
eth,Ethiopia,1987,45.7
eth,Ethiopia,1988,45.6
eth,Ethiopia,1989,45.0
eth,Ethiopia,1990,44.5
eth,Ethiopia,1991,45.8
eth,Ethiopia,1992,46.3
eth,Ethiopia,1993,46.6
eth,Ethiopia,1994,46.9
eth,Ethiopia,1995,47.3
eth,Ethiopia,1996,47.9
eth,Ethiopia,1997,48.6
eth,Ethiopia,1998,49.3
eth,Ethiopia,1999,49.2
eth,Ethiopia,2000,49.7
eth,Ethiopia,2001,51.9
eth,Ethiopia,2002,52.9
eth,Ethiopia,2003,53.9
eth,Ethiopia,2004,54.9
eth,Ethiopia,2005,55.9
eth,Ethiopia,2006,56.9
eth,Ethiopia,2007,58.0
eth,Ethiopia,2008,58.9
eth,Ethiopia,2009,59.8
eth,Ethiopia,2010,60.5
eth,Ethiopia,2011,61.2
eth,Ethiopia,2012,61.8
eth,Ethiopia,2013,62.3
eth,Ethiopia,2014,62.8
eth,Ethiopia,2015,63.2
eth,Ethiopia,2016,63.5
eth,Ethiopia,2017,63.9
eth,Ethiopia,2018,64.2
eth,Ethiopia,2019,64.5
eth,Ethiopia,2020,63.7
eth,Ethiopia,2021,62.1
eth,Ethiopia,2022,64.4
eth,Ethiopia,2023,64.7
eth,Ethiopia,2024,64.99
eth,Ethiopia,2025,65.28
fin,Finland,1900,41.98
fin,Finland,1901,43.06
fin,Finland,1902,46.44
fin,Finland,1903,46.85
fin,Finland,1904,47.43
fin,Finland,1905,46.26
fin,Finland,1906,47.3
fin,Finland,1907,47.21
fin,Finland,1908,46.38
fin,Finland,1909,48.92
fin,Finland,1910,48.78
fin,Finland,1911,48.98
fin,Finland,1912,49.39
fin,Finland,1913,49.31
fin,Finland,1914,50.0
fin,Finland,1915,49.82
fin,Finland,1916,48.3
fin,Finland,1917,46.76
fin,Finland,1918,32.9
fin,Finland,1919,43.32
fin,Finland,1920,47.83
fin,Finland,1921,52.73
fin,Finland,1922,52.24
fin,Finland,1923,52.85
fin,Finland,1924,50.54
fin,Finland,1925,53.76
fin,Finland,1926,54.18
fin,Finland,1927,52.2
fin,Finland,1928,54.07
fin,Finland,1929,51.63
fin,Finland,1930,54.84
fin,Finland,1931,55.26
fin,Finland,1932,56.18
fin,Finland,1933,55.84
fin,Finland,1934,56.44
fin,Finland,1935,57.78
fin,Finland,1936,56.57
fin,Finland,1937,57.53
fin,Finland,1938,57.63
fin,Finland,1939,55.09
fin,Finland,1940,47.01
fin,Finland,1941,46.86
fin,Finland,1942,54.32
fin,Finland,1943,56.72
fin,Finland,1944,48.39
fin,Finland,1945,57.67
fin,Finland,1946,60.78
fin,Finland,1947,61.04
fin,Finland,1948,62.52
fin,Finland,1949,62.41
fin,Finland,1950,64.8
fin,Finland,1951,65.6
fin,Finland,1952,66.4
fin,Finland,1953,66.9
fin,Finland,1954,67.4
fin,Finland,1955,67.6
fin,Finland,1956,67.8
fin,Finland,1957,68.0
fin,Finland,1958,68.5
fin,Finland,1959,68.8
fin,Finland,1960,69.0
fin,Finland,1961,69.0
fin,Finland,1962,68.9
fin,Finland,1963,69.1
fin,Finland,1964,69.3
fin,Finland,1965,69.4
fin,Finland,1966,69.6
fin,Finland,1967,69.7
fin,Finland,1968,69.8
fin,Finland,1969,69.9
fin,Finland,1970,70.2
fin,Finland,1971,70.4
fin,Finland,1972,70.9
fin,Finland,1973,71.3
fin,Finland,1974,71.5
fin,Finland,1975,71.9
fin,Finland,1976,72.1
fin,Finland,1977,72.6
fin,Finland,1978,73.0
fin,Finland,1979,73.4
fin,Finland,1980,73.7
fin,Finland,1981,74.0
fin,Finland,1982,74.4
fin,Finland,1983,74.5
fin,Finland,1984,74.6
fin,Finland,1985,74.6
fin,Finland,1986,74.7
fin,Finland,1987,74.8
fin,Finland,1988,74.9
fin,Finland,1989,75.1
fin,Finland,1990,75.2
fin,Finland,1991,75.5
fin,Finland,1992,75.7
fin,Finland,1993,76.0
fin,Finland,1994,76.5
fin,Finland,1995,76.7
fin,Finland,1996,76.9
fin,Finland,1997,77.2
fin,Finland,1998,77.3
fin,Finland,1999,77.6
fin,Finland,2000,77.9
fin,Finland,2001,78.2
fin,Finland,2002,78.4
fin,Finland,2003,78.6
fin,Finland,2004,79.0
fin,Finland,2005,79.2
fin,Finland,2006,79.4
fin,Finland,2007,79.5
fin,Finland,2008,79.8
fin,Finland,2009,79.9
fin,Finland,2010,80.1
fin,Finland,2011,80.4
fin,Finland,2012,80.6
fin,Finland,2013,80.9
fin,Finland,2014,81.1
fin,Finland,2015,81.3
fin,Finland,2016,81.4
fin,Finland,2017,81.6
fin,Finland,2018,81.7
fin,Finland,2019,81.9
fin,Finland,2020,81.9
fin,Finland,2021,81.9
fin,Finland,2022,81.2
fin,Finland,2023,81.7
fin,Finland,2024,81.9
fin,Finland,2025,82.0
fji,Fiji,1900,28.34
fji,Fiji,1901,28.39
fji,Fiji,1902,28.43
fji,Fiji,1903,28.48
fji,Fiji,1904,28.52
fji,Fiji,1905,28.57
fji,Fiji,1906,28.61
fji,Fiji,1907,28.66
fji,Fiji,1908,28.7
fji,Fiji,1909,28.75
fji,Fiji,1910,28.79
fji,Fiji,1911,28.84
fji,Fiji,1912,28.88
fji,Fiji,1913,28.93
fji,Fiji,1914,28.97
fji,Fiji,1915,29.02
fji,Fiji,1916,29.06
fji,Fiji,1917,29.11
fji,Fiji,1918,7.39
fji,Fiji,1919,29.2
fji,Fiji,1920,29.24
fji,Fiji,1921,29.28
fji,Fiji,1922,29.33
fji,Fiji,1923,29.37
fji,Fiji,1924,29.42
fji,Fiji,1925,29.46
fji,Fiji,1926,30.64
fji,Fiji,1927,31.82
fji,Fiji,1928,33.0
fji,Fiji,1929,34.19
fji,Fiji,1930,35.38
fji,Fiji,1931,36.57
fji,Fiji,1932,37.76
fji,Fiji,1933,38.96
fji,Fiji,1934,40.17
fji,Fiji,1935,41.37
fji,Fiji,1936,42.58
fji,Fiji,1937,43.8
fji,Fiji,1938,45.01
fji,Fiji,1939,46.25
fji,Fiji,1940,47.47
fji,Fiji,1941,48.68
fji,Fiji,1942,49.9
fji,Fiji,1943,51.14
fji,Fiji,1944,52.36
fji,Fiji,1945,53.59
fji,Fiji,1946,54.82
fji,Fiji,1947,56.06
fji,Fiji,1948,57.3
fji,Fiji,1949,58.55
fji,Fiji,1950,59.8
fji,Fiji,1951,60.0
fji,Fiji,1952,60.1
fji,Fiji,1953,60.5
fji,Fiji,1954,60.7
fji,Fiji,1955,61.0
fji,Fiji,1956,61.2
fji,Fiji,1957,61.5
fji,Fiji,1958,61.7
fji,Fiji,1959,62.0
fji,Fiji,1960,62.2
fji,Fiji,1961,62.5
fji,Fiji,1962,62.8
fji,Fiji,1963,63.1
fji,Fiji,1964,63.5
fji,Fiji,1965,63.8
fji,Fiji,1966,64.0
fji,Fiji,1967,64.3
fji,Fiji,1968,64.5
fji,Fiji,1969,64.7
fji,Fiji,1970,64.9
fji,Fiji,1971,65.1
fji,Fiji,1972,65.3
fji,Fiji,1973,65.2
fji,Fiji,1974,65.6
fji,Fiji,1975,65.8
fji,Fiji,1976,66.0
fji,Fiji,1977,66.1
fji,Fiji,1978,66.2
fji,Fiji,1979,66.1
fji,Fiji,1980,66.4
fji,Fiji,1981,66.6
fji,Fiji,1982,66.7
fji,Fiji,1983,66.8
fji,Fiji,1984,67.0
fji,Fiji,1985,67.0
fji,Fiji,1986,67.2
fji,Fiji,1987,67.3
fji,Fiji,1988,67.4
fji,Fiji,1989,67.3
fji,Fiji,1990,67.4
fji,Fiji,1991,67.3
fji,Fiji,1992,67.3
fji,Fiji,1993,67.2
fji,Fiji,1994,67.2
fji,Fiji,1995,67.2
fji,Fiji,1996,67.2
fji,Fiji,1997,67.1
fji,Fiji,1998,67.2
fji,Fiji,1999,67.1
fji,Fiji,2000,67.2
fji,Fiji,2001,67.3
fji,Fiji,2002,67.3
fji,Fiji,2003,67.2
fji,Fiji,2004,67.3
fji,Fiji,2005,67.4
fji,Fiji,2006,67.4
fji,Fiji,2007,67.3
fji,Fiji,2008,67.3
fji,Fiji,2009,67.2
fji,Fiji,2010,67.3
fji,Fiji,2011,67.4
fji,Fiji,2012,67.4
fji,Fiji,2013,67.5
fji,Fiji,2014,67.6
fji,Fiji,2015,67.8
fji,Fiji,2016,67.8
fji,Fiji,2017,68.1
fji,Fiji,2018,68.2
fji,Fiji,2019,68.3
fji,Fiji,2020,68.0
fji,Fiji,2021,66.3
fji,Fiji,2022,67.7
fji,Fiji,2023,67.7
fji,Fiji,2024,67.9
fji,Fiji,2025,68.0
fra,France,1900,45.31
fra,France,1901,47.25
fra,France,1902,48.26
fra,France,1903,48.69
fra,France,1904,48.34
fra,France,1905,48.63
fra,France,1906,48.01
fra,France,1907,48.56
fra,France,1908,49.59
fra,France,1909,50.31
fra,France,1910,51.68
fra,France,1911,48.47
fra,France,1912,51.94
fra,France,1913,51.68
fra,France,1914,38.09
fra,France,1915,35.86
fra,France,1916,39.77
fra,France,1917,42.89
fra,France,1918,34.58
fra,France,1919,47.85
fra,France,1920,51.96
fra,France,1921,53.07
fra,France,1922,55.32
fra,France,1923,55.05
fra,France,1924,55.68
fra,France,1925,54.8
fra,France,1926,54.44
fra,France,1927,56.23
fra,France,1928,55.88
fra,France,1929,54.7
fra,France,1930,57.33
fra,France,1931,57.4
fra,France,1932,57.73
fra,France,1933,58.18
fra,France,1934,58.85
fra,France,1935,58.82
fra,France,1936,59.32
fra,France,1937,59.69
fra,France,1938,59.49
fra,France,1939,60.16
fra,France,1940,49.9
fra,France,1941,58.2
fra,France,1942,57.98
fra,France,1943,53.84
fra,France,1944,47.66
fra,France,1945,55.51
fra,France,1946,63.01
fra,France,1947,64.64
fra,France,1948,66.52
fra,France,1949,65.61
fra,France,1950,67.1
fra,France,1951,66.9
fra,France,1952,68.1
fra,France,1953,68.2
fra,France,1954,69.0
fra,France,1955,69.3
fra,France,1956,69.3
fra,France,1957,69.8
fra,France,1958,70.8
fra,France,1959,71.0
fra,France,1960,71.1
fra,France,1961,71.4
fra,France,1962,71.1
fra,France,1963,71.1
fra,France,1964,71.8
fra,France,1965,71.8
fra,France,1966,72.1
fra,France,1967,72.1
fra,France,1968,72.1
fra,France,1969,72.0
fra,France,1970,72.7
fra,France,1971,72.8
fra,France,1972,72.9
fra,France,1973,73.2
fra,France,1974,73.4
fra,France,1975,73.4
fra,France,1976,73.6
fra,France,1977,74.1
fra,France,1978,74.3
fra,France,1979,74.6
fra,France,1980,74.7
fra,France,1981,74.9
fra,France,1982,75.2
fra,France,1983,75.3
fra,France,1984,75.7
fra,France,1985,75.8
fra,France,1986,76.1
fra,France,1987,76.6
fra,France,1988,76.9
fra,France,1989,77.1
fra,France,1990,77.3
fra,France,1991,77.5
fra,France,1992,77.7
fra,France,1993,77.9
fra,France,1994,78.2
fra,France,1995,78.3
fra,France,1996,78.5
fra,France,1997,78.8
fra,France,1998,78.8
fra,France,1999,79.0
fra,France,2000,79.2
fra,France,2001,79.4
fra,France,2002,79.5
fra,France,2003,79.7
fra,France,2004,80.4
fra,France,2005,80.5
fra,France,2006,80.9
fra,France,2007,81.1
fra,France,2008,81.1
fra,France,2009,81.3
fra,France,2010,81.5
fra,France,2011,81.8
fra,France,2012,81.9
fra,France,2013,82.2
fra,France,2014,82.5
fra,France,2015,82.4
fra,France,2016,82.6
fra,France,2017,82.8
fra,France,2018,82.9
fra,France,2019,83.0
fra,France,2020,82.3
fra,France,2021,82.8
fra,France,2022,82.4
fra,France,2023,82.6
fra,France,2024,82.8
fra,France,2025,82.9
fsm,"Micronesia, Fed. Sts.",1900,24.48
fsm,"Micronesia, Fed. Sts.",1901,24.43
fsm,"Micronesia, Fed. Sts.",1902,24.39
fsm,"Micronesia, Fed. Sts.",1903,24.34
fsm,"Micronesia, Fed. Sts.",1904,24.3
fsm,"Micronesia, Fed. Sts.",1905,24.25
fsm,"Micronesia, Fed. Sts.",1906,24.21
fsm,"Micronesia, Fed. Sts.",1907,24.16
fsm,"Micronesia, Fed. Sts.",1908,24.12
fsm,"Micronesia, Fed. Sts.",1909,24.07
fsm,"Micronesia, Fed. Sts.",1910,24.03
fsm,"Micronesia, Fed. Sts.",1911,23.99
fsm,"Micronesia, Fed. Sts.",1912,23.94
fsm,"Micronesia, Fed. Sts.",1913,23.9
fsm,"Micronesia, Fed. Sts.",1914,23.85
fsm,"Micronesia, Fed. Sts.",1915,23.81
fsm,"Micronesia, Fed. Sts.",1916,23.76
fsm,"Micronesia, Fed. Sts.",1917,23.72
fsm,"Micronesia, Fed. Sts.",1918,7.69
fsm,"Micronesia, Fed. Sts.",1919,23.63
fsm,"Micronesia, Fed. Sts.",1920,23.59
fsm,"Micronesia, Fed. Sts.",1921,23.54
fsm,"Micronesia, Fed. Sts.",1922,23.5
fsm,"Micronesia, Fed. Sts.",1923,23.45
fsm,"Micronesia, Fed. Sts.",1924,23.41
fsm,"Micronesia, Fed. Sts.",1925,23.36
fsm,"Micronesia, Fed. Sts.",1926,24.26
fsm,"Micronesia, Fed. Sts.",1927,25.17
fsm,"Micronesia, Fed. Sts.",1928,26.06
fsm,"Micronesia, Fed. Sts.",1929,26.94
fsm,"Micronesia, Fed. Sts.",1930,27.84
fsm,"Micronesia, Fed. Sts.",1931,28.72
fsm,"Micronesia, Fed. Sts.",1932,29.6
fsm,"Micronesia, Fed. Sts.",1933,30.47
fsm,"Micronesia, Fed. Sts.",1934,31.35
fsm,"Micronesia, Fed. Sts.",1935,32.21
fsm,"Micronesia, Fed. Sts.",1936,33.08
fsm,"Micronesia, Fed. Sts.",1937,33.94
fsm,"Micronesia, Fed. Sts.",1938,34.8
fsm,"Micronesia, Fed. Sts.",1939,35.65
fsm,"Micronesia, Fed. Sts.",1940,36.51
fsm,"Micronesia, Fed. Sts.",1941,37.32
fsm,"Micronesia, Fed. Sts.",1942,36.34
fsm,"Micronesia, Fed. Sts.",1943,31.17
fsm,"Micronesia, Fed. Sts.",1944,23.49
fsm,"Micronesia, Fed. Sts.",1945,37.72
fsm,"Micronesia, Fed. Sts.",1946,40.13
fsm,"Micronesia, Fed. Sts.",1947,41.69
fsm,"Micronesia, Fed. Sts.",1948,42.91
fsm,"Micronesia, Fed. Sts.",1949,43.72
fsm,"Micronesia, Fed. Sts.",1950,44.5
fsm,"Micronesia, Fed. Sts.",1951,44.9
fsm,"Micronesia, Fed. Sts.",1952,45.2
fsm,"Micronesia, Fed. Sts.",1953,45.7
fsm,"Micronesia, Fed. Sts.",1954,46.1
fsm,"Micronesia, Fed. Sts.",1955,46.4
fsm,"Micronesia, Fed. Sts.",1956,46.9
fsm,"Micronesia, Fed. Sts.",1957,47.3
fsm,"Micronesia, Fed. Sts.",1958,47.7
fsm,"Micronesia, Fed. Sts.",1959,48.1
fsm,"Micronesia, Fed. Sts.",1960,48.5
fsm,"Micronesia, Fed. Sts.",1961,49.0
fsm,"Micronesia, Fed. Sts.",1962,49.5
fsm,"Micronesia, Fed. Sts.",1963,50.0
fsm,"Micronesia, Fed. Sts.",1964,50.4
fsm,"Micronesia, Fed. Sts.",1965,50.9
fsm,"Micronesia, Fed. Sts.",1966,51.4
fsm,"Micronesia, Fed. Sts.",1967,51.9
fsm,"Micronesia, Fed. Sts.",1968,52.4
fsm,"Micronesia, Fed. Sts.",1969,52.9
fsm,"Micronesia, Fed. Sts.",1970,53.4
fsm,"Micronesia, Fed. Sts.",1971,53.9
fsm,"Micronesia, Fed. Sts.",1972,54.3
fsm,"Micronesia, Fed. Sts.",1973,54.9
fsm,"Micronesia, Fed. Sts.",1974,55.5
fsm,"Micronesia, Fed. Sts.",1975,56.1
fsm,"Micronesia, Fed. Sts.",1976,56.7
fsm,"Micronesia, Fed. Sts.",1977,57.2
fsm,"Micronesia, Fed. Sts.",1978,57.7
fsm,"Micronesia, Fed. Sts.",1979,58.1
fsm,"Micronesia, Fed. Sts.",1980,58.6
fsm,"Micronesia, Fed. Sts.",1981,59.0
fsm,"Micronesia, Fed. Sts.",1982,59.2
fsm,"Micronesia, Fed. Sts.",1983,59.8
fsm,"Micronesia, Fed. Sts.",1984,60.2
fsm,"Micronesia, Fed. Sts.",1985,60.6
fsm,"Micronesia, Fed. Sts.",1986,60.9
fsm,"Micronesia, Fed. Sts.",1987,61.2
fsm,"Micronesia, Fed. Sts.",1988,61.6
fsm,"Micronesia, Fed. Sts.",1989,61.9
fsm,"Micronesia, Fed. Sts.",1990,62.1
fsm,"Micronesia, Fed. Sts.",1991,62.4
fsm,"Micronesia, Fed. Sts.",1992,62.6
fsm,"Micronesia, Fed. Sts.",1993,62.9
fsm,"Micronesia, Fed. Sts.",1994,63.1
fsm,"Micronesia, Fed. Sts.",1995,63.3
fsm,"Micronesia, Fed. Sts.",1996,63.5
fsm,"Micronesia, Fed. Sts.",1997,63.6
fsm,"Micronesia, Fed. Sts.",1998,63.7
fsm,"Micronesia, Fed. Sts.",1999,63.8
fsm,"Micronesia, Fed. Sts.",2000,63.3
fsm,"Micronesia, Fed. Sts.",2001,64.1
fsm,"Micronesia, Fed. Sts.",2002,63.3
fsm,"Micronesia, Fed. Sts.",2003,64.4
fsm,"Micronesia, Fed. Sts.",2004,64.5
fsm,"Micronesia, Fed. Sts.",2005,64.7
fsm,"Micronesia, Fed. Sts.",2006,64.9
fsm,"Micronesia, Fed. Sts.",2007,65.0
fsm,"Micronesia, Fed. Sts.",2008,65.2
fsm,"Micronesia, Fed. Sts.",2009,65.3
fsm,"Micronesia, Fed. Sts.",2010,65.5
fsm,"Micronesia, Fed. Sts.",2011,65.7
fsm,"Micronesia, Fed. Sts.",2012,65.8
fsm,"Micronesia, Fed. Sts.",2013,65.9
fsm,"Micronesia, Fed. Sts.",2014,66.0
fsm,"Micronesia, Fed. Sts.",2015,66.1
fsm,"Micronesia, Fed. Sts.",2016,66.3
fsm,"Micronesia, Fed. Sts.",2017,66.4
fsm,"Micronesia, Fed. Sts.",2018,66.6
fsm,"Micronesia, Fed. Sts.",2019,66.8
fsm,"Micronesia, Fed. Sts.",2020,66.3
fsm,"Micronesia, Fed. Sts.",2021,64.8
fsm,"Micronesia, Fed. Sts.",2022,66.5
fsm,"Micronesia, Fed. Sts.",2023,67.0
fsm,"Micronesia, Fed. Sts.",2024,67.2
fsm,"Micronesia, Fed. Sts.",2025,67.3
gab,Gabon,1900,32.45
gab,Gabon,1901,32.49
gab,Gabon,1902,32.53
gab,Gabon,1903,32.56
gab,Gabon,1904,32.6
gab,Gabon,1905,32.64
gab,Gabon,1906,32.68
gab,Gabon,1907,32.71
gab,Gabon,1908,32.75
gab,Gabon,1909,32.79
gab,Gabon,1910,32.82
gab,Gabon,1911,32.86
gab,Gabon,1912,32.9
gab,Gabon,1913,32.93
gab,Gabon,1914,32.97
gab,Gabon,1915,33.01
gab,Gabon,1916,33.05
gab,Gabon,1917,33.08
gab,Gabon,1918,12.8
gab,Gabon,1919,33.16
gab,Gabon,1920,33.19
gab,Gabon,1921,33.23
gab,Gabon,1922,33.27
gab,Gabon,1923,33.31
gab,Gabon,1924,33.34
gab,Gabon,1925,33.38
gab,Gabon,1926,33.42
gab,Gabon,1927,33.45
gab,Gabon,1928,33.49
gab,Gabon,1929,33.53
gab,Gabon,1930,33.56
gab,Gabon,1931,33.6
gab,Gabon,1932,33.64
gab,Gabon,1933,33.68
gab,Gabon,1934,33.71
gab,Gabon,1935,33.75
gab,Gabon,1936,33.79
gab,Gabon,1937,33.82
gab,Gabon,1938,33.86
gab,Gabon,1939,33.9
gab,Gabon,1940,33.94
gab,Gabon,1941,33.93
gab,Gabon,1942,33.93
gab,Gabon,1943,33.92
gab,Gabon,1944,33.92
gab,Gabon,1945,33.91
gab,Gabon,1946,35.11
gab,Gabon,1947,36.31
gab,Gabon,1948,37.5
gab,Gabon,1949,38.7
gab,Gabon,1950,39.9
gab,Gabon,1951,39.9
gab,Gabon,1952,40.0
gab,Gabon,1953,40.7
gab,Gabon,1954,40.8
gab,Gabon,1955,40.8
gab,Gabon,1956,41.2
gab,Gabon,1957,41.5
gab,Gabon,1958,41.8
gab,Gabon,1959,42.1
gab,Gabon,1960,42.4
gab,Gabon,1961,42.9
gab,Gabon,1962,43.3
gab,Gabon,1963,43.9
gab,Gabon,1964,44.2
gab,Gabon,1965,44.8
gab,Gabon,1966,45.6
gab,Gabon,1967,46.3
gab,Gabon,1968,47.1
gab,Gabon,1969,47.9
gab,Gabon,1970,48.8
gab,Gabon,1971,49.6
gab,Gabon,1972,50.4
gab,Gabon,1973,51.2
gab,Gabon,1974,52.2
gab,Gabon,1975,53.2
gab,Gabon,1976,54.3
gab,Gabon,1977,55.2
gab,Gabon,1978,55.9
gab,Gabon,1979,56.7
gab,Gabon,1980,57.5
gab,Gabon,1981,58.2
gab,Gabon,1982,58.8
gab,Gabon,1983,59.5
gab,Gabon,1984,60.1
gab,Gabon,1985,60.7
gab,Gabon,1986,61.1
gab,Gabon,1987,61.4
gab,Gabon,1988,61.7
gab,Gabon,1989,61.8
gab,Gabon,1990,62.0
gab,Gabon,1991,61.9
gab,Gabon,1992,62.1
gab,Gabon,1993,62.2
gab,Gabon,1994,62.1
gab,Gabon,1995,61.9
gab,Gabon,1996,61.6
gab,Gabon,1997,61.7
gab,Gabon,1998,61.6
gab,Gabon,1999,61.7
gab,Gabon,2000,61.5
gab,Gabon,2001,61.5
gab,Gabon,2002,61.5
gab,Gabon,2003,61.8
gab,Gabon,2004,62.3
gab,Gabon,2005,63.1
gab,Gabon,2006,63.5
gab,Gabon,2007,63.6
gab,Gabon,2008,63.8
gab,Gabon,2009,64.2
gab,Gabon,2010,64.7
gab,Gabon,2011,65.0
gab,Gabon,2012,65.4
gab,Gabon,2013,65.6
gab,Gabon,2014,65.9
gab,Gabon,2015,65.9
gab,Gabon,2016,65.9
gab,Gabon,2017,66.0
gab,Gabon,2018,66.1
gab,Gabon,2019,66.2
gab,Gabon,2020,65.4
gab,Gabon,2021,65.1
gab,Gabon,2022,66.6
gab,Gabon,2023,67.0
gab,Gabon,2024,67.2
gab,Gabon,2025,67.39
gbr,UK,1900,46.3
gbr,UK,1901,47.89
gbr,UK,1902,49.06
gbr,UK,1903,50.41
gbr,UK,1904,49.09
gbr,UK,1905,50.84
gbr,UK,1906,50.56
gbr,UK,1907,51.41
gbr,UK,1908,51.81
gbr,UK,1909,52.49
gbr,UK,1910,53.96
gbr,UK,1911,51.51
gbr,UK,1912,54.52
gbr,UK,1913,53.8
gbr,UK,1914,51.96
gbr,UK,1915,48.17
gbr,UK,1916,47.7
gbr,UK,1917,45.54
gbr,UK,1918,40.41
gbr,UK,1919,54.09
gbr,UK,1920,56.57
gbr,UK,1921,58.31
gbr,UK,1922,57.09
gbr,UK,1923,59.36
gbr,UK,1924,58.13
gbr,UK,1925,58.47
gbr,UK,1926,59.62
gbr,UK,1927,59.0
gbr,UK,1928,59.95
gbr,UK,1929,57.67
gbr,UK,1930,60.85
gbr,UK,1931,60.07
gbr,UK,1932,60.59
gbr,UK,1933,60.63
gbr,UK,1934,61.35
gbr,UK,1935,62.0
gbr,UK,1936,61.8
gbr,UK,1937,61.83
gbr,UK,1938,63.25
gbr,UK,1939,63.64
gbr,UK,1940,60.92
gbr,UK,1941,61.32
gbr,UK,1942,63.93
gbr,UK,1943,63.95
gbr,UK,1944,64.78
gbr,UK,1945,65.78
gbr,UK,1946,66.39
gbr,UK,1947,66.35
gbr,UK,1948,68.41
gbr,UK,1949,68.1
gbr,UK,1950,68.6
gbr,UK,1951,68.3
gbr,UK,1952,69.2
gbr,UK,1953,69.8
gbr,UK,1954,70.1
gbr,UK,1955,70.1
gbr,UK,1956,70.3
gbr,UK,1957,70.5
gbr,UK,1958,70.6
gbr,UK,1959,70.8
gbr,UK,1960,71.0
gbr,UK,1961,70.8
gbr,UK,1962,70.8
gbr,UK,1963,70.8
gbr,UK,1964,71.4
gbr,UK,1965,71.4
gbr,UK,1966,71.4
gbr,UK,1967,71.9
gbr,UK,1968,71.7
gbr,UK,1969,71.7
gbr,UK,1970,71.9
gbr,UK,1971,72.2
gbr,UK,1972,72.0
gbr,UK,1973,72.1
gbr,UK,1974,72.3
gbr,UK,1975,72.6
gbr,UK,1976,72.7
gbr,UK,1977,73.1
gbr,UK,1978,73.1
gbr,UK,1979,73.2
gbr,UK,1980,73.6
gbr,UK,1981,73.9
gbr,UK,1982,74.0
gbr,UK,1983,74.3
gbr,UK,1984,74.6
gbr,UK,1985,74.6
gbr,UK,1986,74.8
gbr,UK,1987,75.1
gbr,UK,1988,75.3
gbr,UK,1989,75.4
gbr,UK,1990,75.7
gbr,UK,1991,75.9
gbr,UK,1992,76.2
gbr,UK,1993,76.2
gbr,UK,1994,76.7
gbr,UK,1995,76.7
gbr,UK,1996,76.9
gbr,UK,1997,77.2
gbr,UK,1998,77.3
gbr,UK,1999,77.5
gbr,UK,2000,77.9
gbr,UK,2001,78.2
gbr,UK,2002,78.3
gbr,UK,2003,78.5
gbr,UK,2004,79.0
gbr,UK,2005,79.2
gbr,UK,2006,79.5
gbr,UK,2007,79.6
gbr,UK,2008,79.7
gbr,UK,2009,80.1
gbr,UK,2010,80.4
gbr,UK,2011,80.8
gbr,UK,2012,80.9
gbr,UK,2013,81.0
gbr,UK,2014,81.2
gbr,UK,2015,81.1
gbr,UK,2016,81.2
gbr,UK,2017,81.2
gbr,UK,2018,81.2
gbr,UK,2019,81.5
gbr,UK,2020,80.4
gbr,UK,2021,80.6
gbr,UK,2022,81.0
gbr,UK,2023,81.0
gbr,UK,2024,81.1
gbr,UK,2025,81.3
geo,Georgia,1900,33.52
geo,Georgia,1901,33.77
geo,Georgia,1902,34.01
geo,Georgia,1903,34.25
geo,Georgia,1904,34.5
geo,Georgia,1905,34.74
geo,Georgia,1906,34.98
geo,Georgia,1907,35.23
geo,Georgia,1908,35.47
geo,Georgia,1909,35.71
geo,Georgia,1910,35.95
geo,Georgia,1911,38.88
geo,Georgia,1912,39.29
geo,Georgia,1913,37.14
geo,Georgia,1914,36.72
geo,Georgia,1915,36.32
geo,Georgia,1916,36.32
geo,Georgia,1917,33.34
geo,Georgia,1918,24.75
geo,Georgia,1919,34.65
geo,Georgia,1920,36.62
geo,Georgia,1921,32.66
geo,Georgia,1922,35.13
geo,Georgia,1923,35.62
geo,Georgia,1924,34.62
geo,Georgia,1925,38.91
geo,Georgia,1926,42.07
geo,Georgia,1927,41.41
geo,Georgia,1928,42.89
geo,Georgia,1929,41.66
geo,Georgia,1930,40.98
geo,Georgia,1931,40.02
geo,Georgia,1932,37.55
geo,Georgia,1933,23.71
geo,Georgia,1934,43.28
geo,Georgia,1935,44.82
geo,Georgia,1936,46.46
geo,Georgia,1937,45.48
geo,Georgia,1938,47.13
geo,Georgia,1939,49.49
geo,Georgia,1940,47.05
geo,Georgia,1941,32.85
geo,Georgia,1942,29.39
geo,Georgia,1943,27.4
geo,Georgia,1944,34.49
geo,Georgia,1945,44.34
geo,Georgia,1946,53.87
geo,Georgia,1947,45.96
geo,Georgia,1948,53.9
geo,Georgia,1949,56.64
geo,Georgia,1950,58.9
geo,Georgia,1951,59.0
geo,Georgia,1952,59.3
geo,Georgia,1953,59.4
geo,Georgia,1954,59.6
geo,Georgia,1955,59.8
geo,Georgia,1956,60.0
geo,Georgia,1957,60.2
geo,Georgia,1958,60.5
geo,Georgia,1959,60.7
geo,Georgia,1960,61.0
geo,Georgia,1961,61.4
geo,Georgia,1962,61.8
geo,Georgia,1963,62.2
geo,Georgia,1964,62.6
geo,Georgia,1965,63.1
geo,Georgia,1966,63.5
geo,Georgia,1967,63.9
geo,Georgia,1968,64.3
geo,Georgia,1969,64.7
geo,Georgia,1970,65.0
geo,Georgia,1971,65.1
geo,Georgia,1972,65.0
geo,Georgia,1973,64.9
geo,Georgia,1974,65.0
geo,Georgia,1975,65.3
geo,Georgia,1976,65.6
geo,Georgia,1977,66.1
geo,Georgia,1978,66.5
geo,Georgia,1979,67.0
geo,Georgia,1980,67.4
geo,Georgia,1981,67.8
geo,Georgia,1982,68.1
geo,Georgia,1983,68.3
geo,Georgia,1984,68.3
geo,Georgia,1985,68.4
geo,Georgia,1986,68.6
geo,Georgia,1987,68.7
geo,Georgia,1988,68.8
geo,Georgia,1989,69.0
geo,Georgia,1990,69.2
geo,Georgia,1991,69.3
geo,Georgia,1992,69.0
geo,Georgia,1993,68.8
geo,Georgia,1994,70.1
geo,Georgia,1995,70.3
geo,Georgia,1996,70.2
geo,Georgia,1997,70.0
geo,Georgia,1998,69.7
geo,Georgia,1999,69.5
geo,Georgia,2000,69.5
geo,Georgia,2001,69.6
geo,Georgia,2002,69.7
geo,Georgia,2003,70.2
geo,Georgia,2004,70.8
geo,Georgia,2005,71.5
geo,Georgia,2006,72.0
geo,Georgia,2007,71.9
geo,Georgia,2008,71.1
geo,Georgia,2009,71.6
geo,Georgia,2010,71.7
geo,Georgia,2011,72.0
geo,Georgia,2012,72.2
geo,Georgia,2013,72.4
geo,Georgia,2014,72.6
geo,Georgia,2015,72.8
geo,Georgia,2016,73.0
geo,Georgia,2017,73.3
geo,Georgia,2018,73.7
geo,Georgia,2019,74.2
geo,Georgia,2020,73.2
geo,Georgia,2021,71.3
geo,Georgia,2022,73.5
geo,Georgia,2023,74.7
geo,Georgia,2024,74.9
geo,Georgia,2025,75.0
gha,Ghana,1900,29.36
gha,Ghana,1901,29.39
gha,Ghana,1902,29.42
gha,Ghana,1903,29.45
gha,Ghana,1904,29.47
gha,Ghana,1905,29.5
gha,Ghana,1906,29.53
gha,Ghana,1907,29.55
gha,Ghana,1908,29.58
gha,Ghana,1909,29.61
gha,Ghana,1910,29.64
gha,Ghana,1911,29.66
gha,Ghana,1912,29.69
gha,Ghana,1913,29.72
gha,Ghana,1914,29.75
gha,Ghana,1915,29.77
gha,Ghana,1916,29.8
gha,Ghana,1917,29.83
gha,Ghana,1918,10.07
gha,Ghana,1919,29.88
gha,Ghana,1920,29.91
gha,Ghana,1921,29.94
gha,Ghana,1922,29.96
gha,Ghana,1923,29.99
gha,Ghana,1924,30.02
gha,Ghana,1925,30.05
gha,Ghana,1926,30.63
gha,Ghana,1927,31.23
gha,Ghana,1928,31.82
gha,Ghana,1929,32.42
gha,Ghana,1930,33.01
gha,Ghana,1931,33.61
gha,Ghana,1932,34.2
gha,Ghana,1933,34.8
gha,Ghana,1934,35.4
gha,Ghana,1935,36.0
gha,Ghana,1936,36.6
gha,Ghana,1937,37.21
gha,Ghana,1938,37.8
gha,Ghana,1939,38.41
gha,Ghana,1940,39.01
gha,Ghana,1941,39.65
gha,Ghana,1942,40.28
gha,Ghana,1943,40.92
gha,Ghana,1944,41.56
gha,Ghana,1945,42.19
gha,Ghana,1946,42.83
gha,Ghana,1947,43.47
gha,Ghana,1948,44.11
gha,Ghana,1949,44.76
gha,Ghana,1950,45.4
gha,Ghana,1951,45.7
gha,Ghana,1952,45.8
gha,Ghana,1953,46.0
gha,Ghana,1954,46.3
gha,Ghana,1955,46.5
gha,Ghana,1956,46.7
gha,Ghana,1957,46.9
gha,Ghana,1958,47.1
gha,Ghana,1959,47.4
gha,Ghana,1960,47.7
gha,Ghana,1961,48.0
gha,Ghana,1962,48.2
gha,Ghana,1963,48.5
gha,Ghana,1964,48.7
gha,Ghana,1965,49.0
gha,Ghana,1966,49.2
gha,Ghana,1967,49.4
gha,Ghana,1968,49.6
gha,Ghana,1969,49.8
gha,Ghana,1970,50.1
gha,Ghana,1971,50.3
gha,Ghana,1972,50.7
gha,Ghana,1973,51.0
gha,Ghana,1974,51.4
gha,Ghana,1975,51.7
gha,Ghana,1976,52.0
gha,Ghana,1977,52.3
gha,Ghana,1978,52.7
gha,Ghana,1979,52.9
gha,Ghana,1980,53.2
gha,Ghana,1981,53.4
gha,Ghana,1982,53.5
gha,Ghana,1983,53.7
gha,Ghana,1984,54.0
gha,Ghana,1985,54.3
gha,Ghana,1986,54.7
gha,Ghana,1987,55.1
gha,Ghana,1988,55.5
gha,Ghana,1989,55.8
gha,Ghana,1990,56.2
gha,Ghana,1991,56.5
gha,Ghana,1992,56.8
gha,Ghana,1993,57.0
gha,Ghana,1994,56.9
gha,Ghana,1995,57.5
gha,Ghana,1996,57.7
gha,Ghana,1997,57.8
gha,Ghana,1998,58.1
gha,Ghana,1999,58.4
gha,Ghana,2000,58.6
gha,Ghana,2001,58.9
gha,Ghana,2002,59.3
gha,Ghana,2003,59.8
gha,Ghana,2004,60.3
gha,Ghana,2005,60.6
gha,Ghana,2006,60.8
gha,Ghana,2007,61.3
gha,Ghana,2008,61.8
gha,Ghana,2009,62.2
gha,Ghana,2010,62.6
gha,Ghana,2011,62.9
gha,Ghana,2012,63.3
gha,Ghana,2013,63.6
gha,Ghana,2014,63.9
gha,Ghana,2015,63.9
gha,Ghana,2016,64.1
gha,Ghana,2017,64.2
gha,Ghana,2018,64.4
gha,Ghana,2019,64.6
gha,Ghana,2020,64.3
gha,Ghana,2021,63.7
gha,Ghana,2022,65.0
gha,Ghana,2023,65.4
gha,Ghana,2024,65.6
gha,Ghana,2025,65.8
gin,Guinea,1900,32.73
gin,Guinea,1901,32.79
gin,Guinea,1902,32.85
gin,Guinea,1903,32.91
gin,Guinea,1904,32.96
gin,Guinea,1905,33.02
gin,Guinea,1906,33.07
gin,Guinea,1907,33.13
gin,Guinea,1908,33.18
gin,Guinea,1909,33.24
gin,Guinea,1910,33.29
gin,Guinea,1911,33.35
gin,Guinea,1912,33.4
gin,Guinea,1913,33.46
gin,Guinea,1914,33.51
gin,Guinea,1915,33.57
gin,Guinea,1916,33.62
gin,Guinea,1917,33.68
gin,Guinea,1918,13.04
gin,Guinea,1919,33.79
gin,Guinea,1920,33.84
gin,Guinea,1921,33.9
gin,Guinea,1922,33.95
gin,Guinea,1923,34.01
gin,Guinea,1924,34.06
gin,Guinea,1925,34.12
gin,Guinea,1926,34.17
gin,Guinea,1927,34.23
gin,Guinea,1928,34.29
gin,Guinea,1929,34.34
gin,Guinea,1930,34.4
gin,Guinea,1931,34.46
gin,Guinea,1932,34.52
gin,Guinea,1933,34.57
gin,Guinea,1934,34.63
gin,Guinea,1935,34.69
gin,Guinea,1936,34.74
gin,Guinea,1937,34.8
gin,Guinea,1938,34.85
gin,Guinea,1939,34.91
gin,Guinea,1940,34.97
gin,Guinea,1941,35.07
gin,Guinea,1942,35.17
gin,Guinea,1943,35.27
gin,Guinea,1944,35.37
gin,Guinea,1945,35.48
gin,Guinea,1946,35.93
gin,Guinea,1947,36.36
gin,Guinea,1948,36.81
gin,Guinea,1949,37.25
gin,Guinea,1950,37.7
gin,Guinea,1951,37.9
gin,Guinea,1952,38.1
gin,Guinea,1953,38.3
gin,Guinea,1954,38.6
gin,Guinea,1955,38.8
gin,Guinea,1956,39.1
gin,Guinea,1957,39.3
gin,Guinea,1958,39.6
gin,Guinea,1959,39.9
gin,Guinea,1960,40.3
gin,Guinea,1961,40.6
gin,Guinea,1962,41.0
gin,Guinea,1963,41.3
gin,Guinea,1964,41.6
gin,Guinea,1965,42.0
gin,Guinea,1966,42.3
gin,Guinea,1967,42.6
gin,Guinea,1968,42.9
gin,Guinea,1969,43.2
gin,Guinea,1970,43.4
gin,Guinea,1971,43.7
gin,Guinea,1972,43.9
gin,Guinea,1973,44.1
gin,Guinea,1974,44.3
gin,Guinea,1975,44.5
gin,Guinea,1976,44.5
gin,Guinea,1977,44.7
gin,Guinea,1978,45.1
gin,Guinea,1979,45.4
gin,Guinea,1980,45.6
gin,Guinea,1981,45.8
gin,Guinea,1982,45.9
gin,Guinea,1983,46.1
gin,Guinea,1984,46.4
gin,Guinea,1985,46.6
gin,Guinea,1986,46.9
gin,Guinea,1987,47.3
gin,Guinea,1988,47.7
gin,Guinea,1989,48.1
gin,Guinea,1990,48.5
gin,Guinea,1991,49.0
gin,Guinea,1992,49.3
gin,Guinea,1993,49.9
gin,Guinea,1994,50.3
gin,Guinea,1995,50.7
gin,Guinea,1996,51.4
gin,Guinea,1997,52.0
gin,Guinea,1998,52.4
gin,Guinea,1999,53.0
gin,Guinea,2000,53.5
gin,Guinea,2001,54.0
gin,Guinea,2002,54.7
gin,Guinea,2003,55.4
gin,Guinea,2004,56.0
gin,Guinea,2005,56.6
gin,Guinea,2006,56.9
gin,Guinea,2007,57.4
gin,Guinea,2008,57.8
gin,Guinea,2009,58.1
gin,Guinea,2010,58.6
gin,Guinea,2011,58.9
gin,Guinea,2012,59.1
gin,Guinea,2013,59.5
gin,Guinea,2014,58.9
gin,Guinea,2015,59.4
gin,Guinea,2016,60.2
gin,Guinea,2017,60.6
gin,Guinea,2018,61.1
gin,Guinea,2019,61.4
gin,Guinea,2020,61.1
gin,Guinea,2021,61.2
gin,Guinea,2022,62.0
gin,Guinea,2023,62.5
gin,Guinea,2024,62.71
gin,Guinea,2025,62.91
gmb,Gambia,1900,36.69
gmb,Gambia,1901,36.85
gmb,Gambia,1902,37.01
gmb,Gambia,1903,37.17
gmb,Gambia,1904,37.33
gmb,Gambia,1905,37.48
gmb,Gambia,1906,37.64
gmb,Gambia,1907,37.8
gmb,Gambia,1908,37.96
gmb,Gambia,1909,38.12
gmb,Gambia,1910,38.27
gmb,Gambia,1911,38.43
gmb,Gambia,1912,38.59
gmb,Gambia,1913,38.75
gmb,Gambia,1914,38.9
gmb,Gambia,1915,39.06
gmb,Gambia,1916,39.22
gmb,Gambia,1917,39.38
gmb,Gambia,1918,15.68
gmb,Gambia,1919,39.69
gmb,Gambia,1920,39.85
gmb,Gambia,1921,40.01
gmb,Gambia,1922,40.17
gmb,Gambia,1923,40.33
gmb,Gambia,1924,40.48
gmb,Gambia,1925,40.64
gmb,Gambia,1926,40.8
gmb,Gambia,1927,40.96
gmb,Gambia,1928,41.12
gmb,Gambia,1929,41.27
gmb,Gambia,1930,41.43
gmb,Gambia,1931,41.59
gmb,Gambia,1932,41.75
gmb,Gambia,1933,41.9
gmb,Gambia,1934,42.06
gmb,Gambia,1935,42.22
gmb,Gambia,1936,42.38
gmb,Gambia,1937,42.54
gmb,Gambia,1938,42.69
gmb,Gambia,1939,42.85
gmb,Gambia,1940,43.01
gmb,Gambia,1941,43.44
gmb,Gambia,1942,43.88
gmb,Gambia,1943,44.31
gmb,Gambia,1944,44.75
gmb,Gambia,1945,45.2
gmb,Gambia,1946,45.91
gmb,Gambia,1947,46.63
gmb,Gambia,1948,47.33
gmb,Gambia,1949,48.07
gmb,Gambia,1950,48.8
gmb,Gambia,1951,48.9
gmb,Gambia,1952,49.0
gmb,Gambia,1953,48.9
gmb,Gambia,1954,49.0
gmb,Gambia,1955,49.1
gmb,Gambia,1956,49.2
gmb,Gambia,1957,49.2
gmb,Gambia,1958,49.3
gmb,Gambia,1959,49.5
gmb,Gambia,1960,49.6
gmb,Gambia,1961,49.8
gmb,Gambia,1962,49.9
gmb,Gambia,1963,50.0
gmb,Gambia,1964,50.2
gmb,Gambia,1965,50.4
gmb,Gambia,1966,50.6
gmb,Gambia,1967,50.8
gmb,Gambia,1968,51.0
gmb,Gambia,1969,51.2
gmb,Gambia,1970,51.5
gmb,Gambia,1971,51.8
gmb,Gambia,1972,52.1
gmb,Gambia,1973,52.4
gmb,Gambia,1974,52.8
gmb,Gambia,1975,53.2
gmb,Gambia,1976,53.6
gmb,Gambia,1977,54.1
gmb,Gambia,1978,54.0
gmb,Gambia,1979,55.1
gmb,Gambia,1980,55.6
gmb,Gambia,1981,54.2
gmb,Gambia,1982,56.8
gmb,Gambia,1983,57.5
gmb,Gambia,1984,58.1
gmb,Gambia,1985,58.7
gmb,Gambia,1986,59.2
gmb,Gambia,1987,59.7
gmb,Gambia,1988,60.1
gmb,Gambia,1989,60.5
gmb,Gambia,1990,60.8
gmb,Gambia,1991,61.0
gmb,Gambia,1992,60.8
gmb,Gambia,1993,61.5
gmb,Gambia,1994,61.9
gmb,Gambia,1995,61.4
gmb,Gambia,1996,62.2
gmb,Gambia,1997,62.1
gmb,Gambia,1998,62.3
gmb,Gambia,1999,62.0
gmb,Gambia,2000,62.8
gmb,Gambia,2001,63.5
gmb,Gambia,2002,63.7
gmb,Gambia,2003,63.8
gmb,Gambia,2004,63.5
gmb,Gambia,2005,63.5
gmb,Gambia,2006,64.0
gmb,Gambia,2007,64.2
gmb,Gambia,2008,64.9
gmb,Gambia,2009,65.1
gmb,Gambia,2010,65.8
gmb,Gambia,2011,67.2
gmb,Gambia,2012,67.5
gmb,Gambia,2013,67.5
gmb,Gambia,2014,66.8
gmb,Gambia,2015,67.2
gmb,Gambia,2016,66.9
gmb,Gambia,2017,66.4
gmb,Gambia,2018,66.8
gmb,Gambia,2019,66.6
gmb,Gambia,2020,64.4
gmb,Gambia,2021,63.7
gmb,Gambia,2022,66.4
gmb,Gambia,2023,67.3
gmb,Gambia,2024,67.5
gmb,Gambia,2025,67.71
gnb,Guinea-Bissau,1900,31.49
gnb,Guinea-Bissau,1901,31.48
gnb,Guinea-Bissau,1902,31.47
gnb,Guinea-Bissau,1903,31.46
gnb,Guinea-Bissau,1904,31.45
gnb,Guinea-Bissau,1905,31.44
gnb,Guinea-Bissau,1906,31.42
gnb,Guinea-Bissau,1907,31.41
gnb,Guinea-Bissau,1908,31.4
gnb,Guinea-Bissau,1909,31.39
gnb,Guinea-Bissau,1910,31.38
gnb,Guinea-Bissau,1911,31.37
gnb,Guinea-Bissau,1912,31.36
gnb,Guinea-Bissau,1913,31.35
gnb,Guinea-Bissau,1914,31.34
gnb,Guinea-Bissau,1915,31.33
gnb,Guinea-Bissau,1916,31.32
gnb,Guinea-Bissau,1917,31.31
gnb,Guinea-Bissau,1918,12.11
gnb,Guinea-Bissau,1919,31.29
gnb,Guinea-Bissau,1920,31.28
gnb,Guinea-Bissau,1921,31.27
gnb,Guinea-Bissau,1922,31.26
gnb,Guinea-Bissau,1923,31.25
gnb,Guinea-Bissau,1924,31.24
gnb,Guinea-Bissau,1925,31.23
gnb,Guinea-Bissau,1926,31.22
gnb,Guinea-Bissau,1927,31.21
gnb,Guinea-Bissau,1928,31.2
gnb,Guinea-Bissau,1929,31.19
gnb,Guinea-Bissau,1930,31.18
gnb,Guinea-Bissau,1931,31.5
gnb,Guinea-Bissau,1932,31.82
gnb,Guinea-Bissau,1933,32.14
gnb,Guinea-Bissau,1934,32.46
gnb,Guinea-Bissau,1935,32.77
gnb,Guinea-Bissau,1936,33.09
gnb,Guinea-Bissau,1937,33.41
gnb,Guinea-Bissau,1938,33.73
gnb,Guinea-Bissau,1939,34.05
gnb,Guinea-Bissau,1940,34.37
gnb,Guinea-Bissau,1941,34.74
gnb,Guinea-Bissau,1942,35.1
gnb,Guinea-Bissau,1943,35.46
gnb,Guinea-Bissau,1944,35.82
gnb,Guinea-Bissau,1945,36.18
gnb,Guinea-Bissau,1946,36.55
gnb,Guinea-Bissau,1947,36.91
gnb,Guinea-Bissau,1948,37.28
gnb,Guinea-Bissau,1949,37.64
gnb,Guinea-Bissau,1950,38.0
gnb,Guinea-Bissau,1951,38.3
gnb,Guinea-Bissau,1952,38.5
gnb,Guinea-Bissau,1953,38.9
gnb,Guinea-Bissau,1954,39.3
gnb,Guinea-Bissau,1955,39.5
gnb,Guinea-Bissau,1956,40.0
gnb,Guinea-Bissau,1957,40.4
gnb,Guinea-Bissau,1958,40.9
gnb,Guinea-Bissau,1959,41.3
gnb,Guinea-Bissau,1960,41.7
gnb,Guinea-Bissau,1961,42.1
gnb,Guinea-Bissau,1962,42.6
gnb,Guinea-Bissau,1963,39.5
gnb,Guinea-Bissau,1964,40.0
gnb,Guinea-Bissau,1965,40.4
gnb,Guinea-Bissau,1966,40.9
gnb,Guinea-Bissau,1967,41.3
gnb,Guinea-Bissau,1968,41.7
gnb,Guinea-Bissau,1969,42.2
gnb,Guinea-Bissau,1970,42.6
gnb,Guinea-Bissau,1971,42.9
gnb,Guinea-Bissau,1972,43.2
gnb,Guinea-Bissau,1973,43.4
gnb,Guinea-Bissau,1974,46.9
gnb,Guinea-Bissau,1975,47.0
gnb,Guinea-Bissau,1976,47.2
gnb,Guinea-Bissau,1977,47.3
gnb,Guinea-Bissau,1978,47.4
gnb,Guinea-Bissau,1979,47.6
gnb,Guinea-Bissau,1980,47.8
gnb,Guinea-Bissau,1981,47.9
gnb,Guinea-Bissau,1982,48.1
gnb,Guinea-Bissau,1983,48.4
gnb,Guinea-Bissau,1984,48.7
gnb,Guinea-Bissau,1985,49.0
gnb,Guinea-Bissau,1986,49.3
gnb,Guinea-Bissau,1987,49.6
gnb,Guinea-Bissau,1988,50.0
gnb,Guinea-Bissau,1989,50.3
gnb,Guinea-Bissau,1990,50.7
gnb,Guinea-Bissau,1991,51.1
gnb,Guinea-Bissau,1992,51.4
gnb,Guinea-Bissau,1993,51.7
gnb,Guinea-Bissau,1994,51.6
gnb,Guinea-Bissau,1995,52.3
gnb,Guinea-Bissau,1996,50.4
gnb,Guinea-Bissau,1997,51.1
gnb,Guinea-Bissau,1998,51.7
gnb,Guinea-Bissau,1999,51.9
gnb,Guinea-Bissau,2000,53.6
gnb,Guinea-Bissau,2001,53.9
gnb,Guinea-Bissau,2002,54.1
gnb,Guinea-Bissau,2003,54.3
gnb,Guinea-Bissau,2004,54.5
gnb,Guinea-Bissau,2005,53.9
gnb,Guinea-Bissau,2006,55.2
gnb,Guinea-Bissau,2007,56.0
gnb,Guinea-Bissau,2008,56.3
gnb,Guinea-Bissau,2009,57.1
gnb,Guinea-Bissau,2010,57.6
gnb,Guinea-Bissau,2011,58.1
gnb,Guinea-Bissau,2012,58.4
gnb,Guinea-Bissau,2013,58.8
gnb,Guinea-Bissau,2014,59.0
gnb,Guinea-Bissau,2015,59.2
gnb,Guinea-Bissau,2016,59.6
gnb,Guinea-Bissau,2017,59.8
gnb,Guinea-Bissau,2018,60.0
gnb,Guinea-Bissau,2019,60.3
gnb,Guinea-Bissau,2020,59.3
gnb,Guinea-Bissau,2021,59.8
gnb,Guinea-Bissau,2022,60.6
gnb,Guinea-Bissau,2023,61.2
gnb,Guinea-Bissau,2024,61.39
gnb,Guinea-Bissau,2025,61.49
gnq,Equatorial Guinea,1900,29.69
gnq,Equatorial Guinea,1901,29.69
gnq,Equatorial Guinea,1902,29.69
gnq,Equatorial Guinea,1903,29.69
gnq,Equatorial Guinea,1904,29.68
gnq,Equatorial Guinea,1905,29.68
gnq,Equatorial Guinea,1906,29.68
gnq,Equatorial Guinea,1907,29.68
gnq,Equatorial Guinea,1908,29.67
gnq,Equatorial Guinea,1909,29.67
gnq,Equatorial Guinea,1910,29.67
gnq,Equatorial Guinea,1911,29.67
gnq,Equatorial Guinea,1912,29.67
gnq,Equatorial Guinea,1913,29.66
gnq,Equatorial Guinea,1914,29.66
gnq,Equatorial Guinea,1915,29.66
gnq,Equatorial Guinea,1916,29.66
gnq,Equatorial Guinea,1917,29.65
gnq,Equatorial Guinea,1918,11.46
gnq,Equatorial Guinea,1919,29.65
gnq,Equatorial Guinea,1920,29.65
gnq,Equatorial Guinea,1921,29.65
gnq,Equatorial Guinea,1922,29.64
gnq,Equatorial Guinea,1923,29.64
gnq,Equatorial Guinea,1924,29.64
gnq,Equatorial Guinea,1925,29.64
gnq,Equatorial Guinea,1926,29.64
gnq,Equatorial Guinea,1927,29.63
gnq,Equatorial Guinea,1928,29.63
gnq,Equatorial Guinea,1929,29.63
gnq,Equatorial Guinea,1930,29.63
gnq,Equatorial Guinea,1931,29.62
gnq,Equatorial Guinea,1932,29.62
gnq,Equatorial Guinea,1933,29.62
gnq,Equatorial Guinea,1934,29.62
gnq,Equatorial Guinea,1935,29.62
gnq,Equatorial Guinea,1936,29.61
gnq,Equatorial Guinea,1937,29.61
gnq,Equatorial Guinea,1938,29.61
gnq,Equatorial Guinea,1939,29.61
gnq,Equatorial Guinea,1940,29.6
gnq,Equatorial Guinea,1941,29.65
gnq,Equatorial Guinea,1942,29.69
gnq,Equatorial Guinea,1943,29.74
gnq,Equatorial Guinea,1944,29.78
gnq,Equatorial Guinea,1945,29.83
gnq,Equatorial Guinea,1946,30.68
gnq,Equatorial Guinea,1947,31.54
gnq,Equatorial Guinea,1948,32.4
gnq,Equatorial Guinea,1949,33.26
gnq,Equatorial Guinea,1950,34.1
gnq,Equatorial Guinea,1951,34.3
gnq,Equatorial Guinea,1952,34.5
gnq,Equatorial Guinea,1953,34.9
gnq,Equatorial Guinea,1954,35.1
gnq,Equatorial Guinea,1955,35.2
gnq,Equatorial Guinea,1956,35.5
gnq,Equatorial Guinea,1957,35.8
gnq,Equatorial Guinea,1958,36.0
gnq,Equatorial Guinea,1959,36.2
gnq,Equatorial Guinea,1960,36.5
gnq,Equatorial Guinea,1961,36.9
gnq,Equatorial Guinea,1962,37.3
gnq,Equatorial Guinea,1963,37.9
gnq,Equatorial Guinea,1964,38.4
gnq,Equatorial Guinea,1965,38.8
gnq,Equatorial Guinea,1966,39.3
gnq,Equatorial Guinea,1967,39.9
gnq,Equatorial Guinea,1968,40.4
gnq,Equatorial Guinea,1969,40.9
gnq,Equatorial Guinea,1970,41.2
gnq,Equatorial Guinea,1971,41.6
gnq,Equatorial Guinea,1972,41.9
gnq,Equatorial Guinea,1973,42.3
gnq,Equatorial Guinea,1974,42.7
gnq,Equatorial Guinea,1975,43.2
gnq,Equatorial Guinea,1976,43.8
gnq,Equatorial Guinea,1977,44.3
gnq,Equatorial Guinea,1978,44.8
gnq,Equatorial Guinea,1979,42.3
gnq,Equatorial Guinea,1980,45.4
gnq,Equatorial Guinea,1981,45.7
gnq,Equatorial Guinea,1982,46.1
gnq,Equatorial Guinea,1983,46.5
gnq,Equatorial Guinea,1984,46.9
gnq,Equatorial Guinea,1985,47.4
gnq,Equatorial Guinea,1986,47.8
gnq,Equatorial Guinea,1987,48.0
gnq,Equatorial Guinea,1988,48.5
gnq,Equatorial Guinea,1989,48.8
gnq,Equatorial Guinea,1990,49.0
gnq,Equatorial Guinea,1991,49.3
gnq,Equatorial Guinea,1992,49.7
gnq,Equatorial Guinea,1993,50.0
gnq,Equatorial Guinea,1994,50.3
gnq,Equatorial Guinea,1995,50.6
gnq,Equatorial Guinea,1996,51.0
gnq,Equatorial Guinea,1997,52.2
gnq,Equatorial Guinea,1998,53.0
gnq,Equatorial Guinea,1999,53.7
gnq,Equatorial Guinea,2000,54.3
gnq,Equatorial Guinea,2001,55.2
gnq,Equatorial Guinea,2002,56.0
gnq,Equatorial Guinea,2003,56.6
gnq,Equatorial Guinea,2004,57.1
gnq,Equatorial Guinea,2005,57.4
gnq,Equatorial Guinea,2006,58.3
gnq,Equatorial Guinea,2007,59.0
gnq,Equatorial Guinea,2008,59.3
gnq,Equatorial Guinea,2009,59.3
gnq,Equatorial Guinea,2010,59.4
gnq,Equatorial Guinea,2011,59.9
gnq,Equatorial Guinea,2012,60.8
gnq,Equatorial Guinea,2013,61.4
gnq,Equatorial Guinea,2014,61.8
gnq,Equatorial Guinea,2015,61.8
gnq,Equatorial Guinea,2016,61.7
gnq,Equatorial Guinea,2017,61.9
gnq,Equatorial Guinea,2018,62.1
gnq,Equatorial Guinea,2019,62.1
gnq,Equatorial Guinea,2020,60.1
gnq,Equatorial Guinea,2021,59.9
gnq,Equatorial Guinea,2022,61.1
gnq,Equatorial Guinea,2023,61.3
gnq,Equatorial Guinea,2024,61.49
gnq,Equatorial Guinea,2025,61.68
grc,Greece,1900,40.85
grc,Greece,1901,41.08
grc,Greece,1902,41.3
grc,Greece,1903,41.48
grc,Greece,1904,41.66
grc,Greece,1905,41.84
grc,Greece,1906,42.02
grc,Greece,1907,42.2
grc,Greece,1908,42.5
grc,Greece,1909,42.78
grc,Greece,1910,43.08
grc,Greece,1911,43.36
grc,Greece,1912,43.66
grc,Greece,1913,43.94
grc,Greece,1914,44.24
grc,Greece,1915,44.52
grc,Greece,1916,44.82
grc,Greece,1917,45.12
grc,Greece,1918,24.77
grc,Greece,1919,45.7
grc,Greece,1920,45.99
grc,Greece,1921,46.29
grc,Greece,1922,46.59
grc,Greece,1923,47.23
grc,Greece,1924,47.87
grc,Greece,1925,48.51
grc,Greece,1926,49.15
grc,Greece,1927,49.79
grc,Greece,1928,47.71
grc,Greece,1929,51.66
grc,Greece,1930,51.87
grc,Greece,1931,52.06
grc,Greece,1932,52.27
grc,Greece,1933,52.77
grc,Greece,1934,53.27
grc,Greece,1935,53.77
grc,Greece,1936,54.26
grc,Greece,1937,54.76
grc,Greece,1938,55.32
grc,Greece,1939,55.87
grc,Greece,1940,56.43
grc,Greece,1941,41.77
grc,Greece,1942,30.68
grc,Greece,1943,40.58
grc,Greece,1944,46.84
grc,Greece,1945,60.4
grc,Greece,1946,58.45
grc,Greece,1947,55.78
grc,Greece,1948,50.29
grc,Greece,1949,57.72
grc,Greece,1950,68.3
grc,Greece,1951,69.2
grc,Greece,1952,70.0
grc,Greece,1953,70.3
grc,Greece,1954,70.9
grc,Greece,1955,71.3
grc,Greece,1956,71.2
grc,Greece,1957,71.4
grc,Greece,1958,71.9
grc,Greece,1959,72.1
grc,Greece,1960,72.3
grc,Greece,1961,72.2
grc,Greece,1962,72.1
grc,Greece,1963,72.2
grc,Greece,1964,72.3
grc,Greece,1965,72.7
grc,Greece,1966,73.0
grc,Greece,1967,72.9
grc,Greece,1968,73.0
grc,Greece,1969,73.3
grc,Greece,1970,73.6
grc,Greece,1971,73.8
grc,Greece,1972,73.9
grc,Greece,1973,74.1
grc,Greece,1974,74.4
grc,Greece,1975,74.4
grc,Greece,1976,74.4
grc,Greece,1977,74.6
grc,Greece,1978,75.0
grc,Greece,1979,75.2
grc,Greece,1980,75.2
grc,Greece,1981,75.4
grc,Greece,1982,75.6
grc,Greece,1983,75.7
grc,Greece,1984,75.9
grc,Greece,1985,76.0
grc,Greece,1986,76.2
grc,Greece,1987,76.2
grc,Greece,1988,76.6
grc,Greece,1989,76.9
grc,Greece,1990,77.1
grc,Greece,1991,77.1
grc,Greece,1992,77.2
grc,Greece,1993,77.3
grc,Greece,1994,77.5
grc,Greece,1995,77.6
grc,Greece,1996,77.7
grc,Greece,1997,77.9
grc,Greece,1998,78.0
grc,Greece,1999,78.1
grc,Greece,2000,78.3
grc,Greece,2001,78.7
grc,Greece,2002,78.9
grc,Greece,2003,79.0
grc,Greece,2004,79.2
grc,Greece,2005,79.4
grc,Greece,2006,79.6
grc,Greece,2007,79.5
grc,Greece,2008,79.9
grc,Greece,2009,80.0
grc,Greece,2010,80.3
grc,Greece,2011,80.3
grc,Greece,2012,80.3
grc,Greece,2013,80.7
grc,Greece,2014,80.9
grc,Greece,2015,80.8
grc,Greece,2016,81.0
grc,Greece,2017,81.1
grc,Greece,2018,81.4
grc,Greece,2019,81.6
grc,Greece,2020,81.2
grc,Greece,2021,80.2
grc,Greece,2022,80.3
grc,Greece,2023,81.0
grc,Greece,2024,81.1
grc,Greece,2025,81.3
grd,Grenada,1900,37.34
grd,Grenada,1901,37.34
grd,Grenada,1902,37.34
grd,Grenada,1903,37.34
grd,Grenada,1904,37.34
grd,Grenada,1905,37.34
grd,Grenada,1906,37.34
grd,Grenada,1907,37.34
grd,Grenada,1908,37.34
grd,Grenada,1909,37.34
grd,Grenada,1910,37.34
grd,Grenada,1911,37.35
grd,Grenada,1912,37.35
grd,Grenada,1913,37.35
grd,Grenada,1914,37.35
grd,Grenada,1915,37.35
grd,Grenada,1916,37.35
grd,Grenada,1917,37.35
grd,Grenada,1918,24.22
grd,Grenada,1919,37.35
grd,Grenada,1920,37.35
grd,Grenada,1921,37.35
grd,Grenada,1922,38.04
grd,Grenada,1923,38.74
grd,Grenada,1924,39.43
grd,Grenada,1925,40.12
grd,Grenada,1926,40.81
grd,Grenada,1927,41.5
grd,Grenada,1928,42.2
grd,Grenada,1929,42.89
grd,Grenada,1930,43.58
grd,Grenada,1931,44.27
grd,Grenada,1932,44.86
grd,Grenada,1933,45.44
grd,Grenada,1934,46.04
grd,Grenada,1935,46.63
grd,Grenada,1936,47.21
grd,Grenada,1937,47.8
grd,Grenada,1938,48.39
grd,Grenada,1939,48.98
grd,Grenada,1940,49.57
grd,Grenada,1941,50.19
grd,Grenada,1942,50.79
grd,Grenada,1943,51.41
grd,Grenada,1944,52.03
grd,Grenada,1945,52.64
grd,Grenada,1946,53.26
grd,Grenada,1947,53.84
grd,Grenada,1948,54.44
grd,Grenada,1949,55.01
grd,Grenada,1950,55.6
grd,Grenada,1951,55.9
grd,Grenada,1952,56.2
grd,Grenada,1953,56.6
grd,Grenada,1954,57.0
grd,Grenada,1955,57.4
grd,Grenada,1956,58.0
grd,Grenada,1957,58.6
grd,Grenada,1958,59.3
grd,Grenada,1959,60.0
grd,Grenada,1960,60.9
grd,Grenada,1961,61.7
grd,Grenada,1962,62.5
grd,Grenada,1963,63.1
grd,Grenada,1964,63.8
grd,Grenada,1965,64.4
grd,Grenada,1966,64.9
grd,Grenada,1967,65.3
grd,Grenada,1968,65.7
grd,Grenada,1969,66.1
grd,Grenada,1970,66.4
grd,Grenada,1971,66.7
grd,Grenada,1972,67.1
grd,Grenada,1973,67.4
grd,Grenada,1974,67.7
grd,Grenada,1975,68.0
grd,Grenada,1976,68.2
grd,Grenada,1977,68.4
grd,Grenada,1978,68.6
grd,Grenada,1979,68.8
grd,Grenada,1980,68.7
grd,Grenada,1981,69.0
grd,Grenada,1982,69.1
grd,Grenada,1983,65.0
grd,Grenada,1984,69.3
grd,Grenada,1985,69.5
grd,Grenada,1986,69.6
grd,Grenada,1987,69.8
grd,Grenada,1988,70.0
grd,Grenada,1989,70.3
grd,Grenada,1990,70.6
grd,Grenada,1991,70.9
grd,Grenada,1992,71.1
grd,Grenada,1993,71.5
grd,Grenada,1994,71.8
grd,Grenada,1995,72.0
grd,Grenada,1996,72.2
grd,Grenada,1997,72.3
grd,Grenada,1998,72.5
grd,Grenada,1999,72.8
grd,Grenada,2000,73.1
grd,Grenada,2001,73.2
grd,Grenada,2002,73.4
grd,Grenada,2003,73.6
grd,Grenada,2004,73.3
grd,Grenada,2005,74.0
grd,Grenada,2006,74.4
grd,Grenada,2007,74.8
grd,Grenada,2008,74.8
grd,Grenada,2009,75.0
grd,Grenada,2010,75.1
grd,Grenada,2011,75.3
grd,Grenada,2012,75.4
grd,Grenada,2013,75.4
grd,Grenada,2014,75.4
grd,Grenada,2015,75.5
grd,Grenada,2016,75.5
grd,Grenada,2017,75.6
grd,Grenada,2018,75.4
grd,Grenada,2019,75.3
grd,Grenada,2020,74.6
grd,Grenada,2021,72.2
grd,Grenada,2022,74.3
grd,Grenada,2023,75.2
grd,Grenada,2024,75.4
grd,Grenada,2025,75.5
gtm,Guatemala,1900,26.48
gtm,Guatemala,1901,26.49
gtm,Guatemala,1902,26.51
gtm,Guatemala,1903,26.52
gtm,Guatemala,1904,26.53
gtm,Guatemala,1905,26.55
gtm,Guatemala,1906,26.56
gtm,Guatemala,1907,26.57
gtm,Guatemala,1908,26.59
gtm,Guatemala,1909,26.6
gtm,Guatemala,1910,26.61
gtm,Guatemala,1911,26.63
gtm,Guatemala,1912,26.64
gtm,Guatemala,1913,26.65
gtm,Guatemala,1914,26.66
gtm,Guatemala,1915,26.68
gtm,Guatemala,1916,26.69
gtm,Guatemala,1917,26.7
gtm,Guatemala,1918,10.03
gtm,Guatemala,1919,26.73
gtm,Guatemala,1920,26.74
gtm,Guatemala,1921,26.76
gtm,Guatemala,1922,26.77
gtm,Guatemala,1923,26.78
gtm,Guatemala,1924,26.79
gtm,Guatemala,1925,26.8
gtm,Guatemala,1926,26.81
gtm,Guatemala,1927,26.83
gtm,Guatemala,1928,26.84
gtm,Guatemala,1929,26.85
gtm,Guatemala,1930,26.87
gtm,Guatemala,1931,26.87
gtm,Guatemala,1932,26.88
gtm,Guatemala,1933,26.89
gtm,Guatemala,1934,26.91
gtm,Guatemala,1935,27.71
gtm,Guatemala,1936,28.52
gtm,Guatemala,1937,29.33
gtm,Guatemala,1938,30.13
gtm,Guatemala,1939,30.94
gtm,Guatemala,1940,31.75
gtm,Guatemala,1941,32.97
gtm,Guatemala,1942,34.2
gtm,Guatemala,1943,35.42
gtm,Guatemala,1944,36.64
gtm,Guatemala,1945,37.85
gtm,Guatemala,1946,39.08
gtm,Guatemala,1947,40.31
gtm,Guatemala,1948,41.54
gtm,Guatemala,1949,42.77
gtm,Guatemala,1950,44.0
gtm,Guatemala,1951,43.7
gtm,Guatemala,1952,43.0
gtm,Guatemala,1953,43.5
gtm,Guatemala,1954,44.7
gtm,Guatemala,1955,45.1
gtm,Guatemala,1956,45.0
gtm,Guatemala,1957,44.9
gtm,Guatemala,1958,45.6
gtm,Guatemala,1959,47.2
gtm,Guatemala,1960,48.4
gtm,Guatemala,1961,49.2
gtm,Guatemala,1962,49.3
gtm,Guatemala,1963,49.3
gtm,Guatemala,1964,49.5
gtm,Guatemala,1965,49.3
gtm,Guatemala,1966,49.3
gtm,Guatemala,1967,49.2
gtm,Guatemala,1968,48.6
gtm,Guatemala,1969,48.3
gtm,Guatemala,1970,49.5
gtm,Guatemala,1971,51.1
gtm,Guatemala,1972,52.7
gtm,Guatemala,1973,53.9
gtm,Guatemala,1974,54.2
gtm,Guatemala,1975,54.2
gtm,Guatemala,1976,48.6
gtm,Guatemala,1977,56.8
gtm,Guatemala,1978,57.9
gtm,Guatemala,1979,58.4
gtm,Guatemala,1980,58.3
gtm,Guatemala,1981,57.5
gtm,Guatemala,1982,56.6
gtm,Guatemala,1983,59.2
gtm,Guatemala,1984,59.9
gtm,Guatemala,1985,60.5
gtm,Guatemala,1986,61.1
gtm,Guatemala,1987,61.8
gtm,Guatemala,1988,62.5
gtm,Guatemala,1989,62.6
gtm,Guatemala,1990,62.2
gtm,Guatemala,1991,61.9
gtm,Guatemala,1992,62.1
gtm,Guatemala,1993,62.6
gtm,Guatemala,1994,63.5
gtm,Guatemala,1995,65.0
gtm,Guatemala,1996,65.9
gtm,Guatemala,1997,66.4
gtm,Guatemala,1998,66.6
gtm,Guatemala,1999,67.1
gtm,Guatemala,2000,67.7
gtm,Guatemala,2001,67.9
gtm,Guatemala,2002,68.6
gtm,Guatemala,2003,69.0
gtm,Guatemala,2004,69.3
gtm,Guatemala,2005,69.3
gtm,Guatemala,2006,69.9
gtm,Guatemala,2007,70.3
gtm,Guatemala,2008,70.7
gtm,Guatemala,2009,70.9
gtm,Guatemala,2010,71.3
gtm,Guatemala,2011,71.6
gtm,Guatemala,2012,71.9
gtm,Guatemala,2013,72.1
gtm,Guatemala,2014,72.1
gtm,Guatemala,2015,72.2
gtm,Guatemala,2016,72.4
gtm,Guatemala,2017,72.6
gtm,Guatemala,2018,72.8
gtm,Guatemala,2019,73.1
gtm,Guatemala,2020,71.2
gtm,Guatemala,2021,68.8
gtm,Guatemala,2022,71.8
gtm,Guatemala,2023,73.2
gtm,Guatemala,2024,73.3
gtm,Guatemala,2025,73.5
guy,Guyana,1900,30.01
guy,Guyana,1901,29.99
guy,Guyana,1902,29.97
guy,Guyana,1903,29.94
guy,Guyana,1904,29.92
guy,Guyana,1905,29.9
guy,Guyana,1906,29.88
guy,Guyana,1907,29.86
guy,Guyana,1908,29.83
guy,Guyana,1909,29.81
guy,Guyana,1910,29.79
guy,Guyana,1911,29.77
guy,Guyana,1912,30.08
guy,Guyana,1913,30.39
guy,Guyana,1914,30.7
guy,Guyana,1915,31.01
guy,Guyana,1916,31.32
guy,Guyana,1917,31.63
guy,Guyana,1918,27.95
guy,Guyana,1919,32.25
guy,Guyana,1920,32.56
guy,Guyana,1921,32.87
guy,Guyana,1922,33.56
guy,Guyana,1923,34.25
guy,Guyana,1924,34.94
guy,Guyana,1925,35.63
guy,Guyana,1926,36.32
guy,Guyana,1927,37.01
guy,Guyana,1928,37.69
guy,Guyana,1929,38.38
guy,Guyana,1930,39.06
guy,Guyana,1931,39.76
guy,Guyana,1932,40.47
guy,Guyana,1933,41.16
guy,Guyana,1934,41.86
guy,Guyana,1935,42.57
guy,Guyana,1936,43.26
guy,Guyana,1937,43.95
guy,Guyana,1938,44.65
guy,Guyana,1939,45.34
guy,Guyana,1940,46.03
guy,Guyana,1941,46.77
guy,Guyana,1942,47.5
guy,Guyana,1943,48.23
guy,Guyana,1944,48.95
guy,Guyana,1945,49.68
guy,Guyana,1946,50.41
guy,Guyana,1947,51.13
guy,Guyana,1948,51.87
guy,Guyana,1949,52.58
guy,Guyana,1950,53.3
guy,Guyana,1951,53.7
guy,Guyana,1952,54.1
guy,Guyana,1953,54.6
guy,Guyana,1954,55.2
guy,Guyana,1955,55.9
guy,Guyana,1956,56.7
guy,Guyana,1957,57.4
guy,Guyana,1958,58.2
guy,Guyana,1959,58.8
guy,Guyana,1960,59.5
guy,Guyana,1961,60.0
guy,Guyana,1962,60.5
guy,Guyana,1963,60.8
guy,Guyana,1964,61.1
guy,Guyana,1965,61.5
guy,Guyana,1966,61.9
guy,Guyana,1967,62.2
guy,Guyana,1968,62.5
guy,Guyana,1969,62.7
guy,Guyana,1970,62.9
guy,Guyana,1971,62.9
guy,Guyana,1972,62.8
guy,Guyana,1973,62.6
guy,Guyana,1974,62.6
guy,Guyana,1975,62.6
guy,Guyana,1976,62.6
guy,Guyana,1977,62.7
guy,Guyana,1978,60.2
guy,Guyana,1979,63.1
guy,Guyana,1980,63.4
guy,Guyana,1981,63.6
guy,Guyana,1982,63.9
guy,Guyana,1983,64.2
guy,Guyana,1984,64.1
guy,Guyana,1985,64.5
guy,Guyana,1986,64.7
guy,Guyana,1987,64.8
guy,Guyana,1988,64.9
guy,Guyana,1989,64.9
guy,Guyana,1990,64.8
guy,Guyana,1991,65.3
guy,Guyana,1992,65.5
guy,Guyana,1993,65.4
guy,Guyana,1994,65.4
guy,Guyana,1995,65.5
guy,Guyana,1996,65.3
guy,Guyana,1997,65.6
guy,Guyana,1998,66.0
guy,Guyana,1999,66.3
guy,Guyana,2000,66.4
guy,Guyana,2001,66.3
guy,Guyana,2002,66.2
guy,Guyana,2003,66.4
guy,Guyana,2004,66.5
guy,Guyana,2005,66.7
guy,Guyana,2006,67.1
guy,Guyana,2007,67.3
guy,Guyana,2008,67.4
guy,Guyana,2009,67.6
guy,Guyana,2010,67.8
guy,Guyana,2011,67.8
guy,Guyana,2012,67.9
guy,Guyana,2013,68.2
guy,Guyana,2014,68.3
guy,Guyana,2015,68.6
guy,Guyana,2016,69.0
guy,Guyana,2017,69.5
guy,Guyana,2018,69.9
guy,Guyana,2019,70.2
guy,Guyana,2020,69.6
guy,Guyana,2021,66.8
guy,Guyana,2022,68.3
guy,Guyana,2023,69.0
guy,Guyana,2024,69.1
guy,Guyana,2025,69.2
hnd,Honduras,1900,33.75
hnd,Honduras,1901,33.75
hnd,Honduras,1902,33.74
hnd,Honduras,1903,33.74
hnd,Honduras,1904,33.74
hnd,Honduras,1905,33.73
hnd,Honduras,1906,33.73
hnd,Honduras,1907,33.73
hnd,Honduras,1908,33.72
hnd,Honduras,1909,33.72
hnd,Honduras,1910,33.72
hnd,Honduras,1911,33.72
hnd,Honduras,1912,33.71
hnd,Honduras,1913,33.71
hnd,Honduras,1914,33.71
hnd,Honduras,1915,33.7
hnd,Honduras,1916,33.7
hnd,Honduras,1917,33.7
hnd,Honduras,1918,29.79
hnd,Honduras,1919,33.69
hnd,Honduras,1920,33.69
hnd,Honduras,1921,33.69
hnd,Honduras,1922,33.68
hnd,Honduras,1923,33.68
hnd,Honduras,1924,33.68
hnd,Honduras,1925,33.67
hnd,Honduras,1926,33.67
hnd,Honduras,1927,33.67
hnd,Honduras,1928,33.66
hnd,Honduras,1929,33.66
hnd,Honduras,1930,33.66
hnd,Honduras,1931,34.0
hnd,Honduras,1932,34.34
hnd,Honduras,1933,34.68
hnd,Honduras,1934,35.03
hnd,Honduras,1935,35.37
hnd,Honduras,1936,35.7
hnd,Honduras,1937,36.05
hnd,Honduras,1938,36.39
hnd,Honduras,1939,36.74
hnd,Honduras,1940,37.07
hnd,Honduras,1941,37.48
hnd,Honduras,1942,37.9
hnd,Honduras,1943,38.32
hnd,Honduras,1944,38.72
hnd,Honduras,1945,39.14
hnd,Honduras,1946,39.55
hnd,Honduras,1947,39.96
hnd,Honduras,1948,40.37
hnd,Honduras,1949,40.79
hnd,Honduras,1950,41.2
hnd,Honduras,1951,42.0
hnd,Honduras,1952,42.7
hnd,Honduras,1953,43.6
hnd,Honduras,1954,44.5
hnd,Honduras,1955,45.2
hnd,Honduras,1956,46.1
hnd,Honduras,1957,46.9
hnd,Honduras,1958,47.8
hnd,Honduras,1959,48.7
hnd,Honduras,1960,49.5
hnd,Honduras,1961,50.1
hnd,Honduras,1962,51.2
hnd,Honduras,1963,52.0
hnd,Honduras,1964,52.8
hnd,Honduras,1965,53.5
hnd,Honduras,1966,54.3
hnd,Honduras,1967,55.1
hnd,Honduras,1968,55.8
hnd,Honduras,1969,55.9
hnd,Honduras,1970,57.2
hnd,Honduras,1971,57.9
hnd,Honduras,1972,58.6
hnd,Honduras,1973,57.4
hnd,Honduras,1974,54.8
hnd,Honduras,1975,60.7
hnd,Honduras,1976,61.4
hnd,Honduras,1977,62.2
hnd,Honduras,1978,63.0
hnd,Honduras,1979,63.8
hnd,Honduras,1980,64.7
hnd,Honduras,1981,65.5
hnd,Honduras,1982,66.2
hnd,Honduras,1983,67.1
hnd,Honduras,1984,67.9
hnd,Honduras,1985,68.6
hnd,Honduras,1986,69.1
hnd,Honduras,1987,69.6
hnd,Honduras,1988,70.0
hnd,Honduras,1989,70.2
hnd,Honduras,1990,70.5
hnd,Honduras,1991,70.8
hnd,Honduras,1992,71.0
hnd,Honduras,1993,70.9
hnd,Honduras,1994,71.2
hnd,Honduras,1995,71.3
hnd,Honduras,1996,71.4
hnd,Honduras,1997,71.6
hnd,Honduras,1998,65.7
hnd,Honduras,1999,72.0
hnd,Honduras,2000,72.2
hnd,Honduras,2001,72.4
hnd,Honduras,2002,72.6
hnd,Honduras,2003,72.8
hnd,Honduras,2004,73.0
hnd,Honduras,2005,73.3
hnd,Honduras,2006,73.5
hnd,Honduras,2007,73.8
hnd,Honduras,2008,73.9
hnd,Honduras,2009,74.1
hnd,Honduras,2010,74.1
hnd,Honduras,2011,74.1
hnd,Honduras,2012,72.4
hnd,Honduras,2013,72.8
hnd,Honduras,2014,73.0
hnd,Honduras,2015,72.9
hnd,Honduras,2016,74.8
hnd,Honduras,2017,75.0
hnd,Honduras,2018,75.0
hnd,Honduras,2019,75.2
hnd,Honduras,2020,72.6
hnd,Honduras,2021,70.8
hnd,Honduras,2022,75.5
hnd,Honduras,2023,76.1
hnd,Honduras,2024,76.2
hnd,Honduras,2025,76.41
hrv,Croatia,1900,34.93
hrv,Croatia,1901,34.91
hrv,Croatia,1902,34.89
hrv,Croatia,1903,34.86
hrv,Croatia,1904,34.84
hrv,Croatia,1905,34.82
hrv,Croatia,1906,34.79
hrv,Croatia,1907,34.77
hrv,Croatia,1908,34.75
hrv,Croatia,1909,34.72
hrv,Croatia,1910,34.7
hrv,Croatia,1911,34.68
hrv,Croatia,1912,34.65
hrv,Croatia,1913,34.63
hrv,Croatia,1914,34.61
hrv,Croatia,1915,34.58
hrv,Croatia,1916,34.56
hrv,Croatia,1917,34.54
hrv,Croatia,1918,13.4
hrv,Croatia,1919,34.49
hrv,Croatia,1920,34.47
hrv,Croatia,1921,35.22
hrv,Croatia,1922,35.95
hrv,Croatia,1923,36.7
hrv,Croatia,1924,37.44
hrv,Croatia,1925,38.18
hrv,Croatia,1926,38.92
hrv,Croatia,1927,39.66
hrv,Croatia,1928,40.39
hrv,Croatia,1929,41.14
hrv,Croatia,1930,41.87
hrv,Croatia,1931,42.6
hrv,Croatia,1932,43.33
hrv,Croatia,1933,44.07
hrv,Croatia,1934,44.8
hrv,Croatia,1935,45.53
hrv,Croatia,1936,46.26
hrv,Croatia,1937,46.99
hrv,Croatia,1938,47.71
hrv,Croatia,1939,48.44
hrv,Croatia,1940,49.16
hrv,Croatia,1941,39.23
hrv,Croatia,1942,35.95
hrv,Croatia,1943,33.58
hrv,Croatia,1944,32.09
hrv,Croatia,1945,34.56
hrv,Croatia,1946,47.02
hrv,Croatia,1947,53.46
hrv,Croatia,1948,54.83
hrv,Croatia,1949,55.64
hrv,Croatia,1950,56.4
hrv,Croatia,1951,56.9
hrv,Croatia,1952,57.6
hrv,Croatia,1953,58.4
hrv,Croatia,1954,59.2
hrv,Croatia,1955,60.1
hrv,Croatia,1956,61.1
hrv,Croatia,1957,62.2
hrv,Croatia,1958,63.2
hrv,Croatia,1959,63.9
hrv,Croatia,1960,64.6
hrv,Croatia,1961,65.3
hrv,Croatia,1962,66.0
hrv,Croatia,1963,66.6
hrv,Croatia,1964,67.1
hrv,Croatia,1965,67.5
hrv,Croatia,1966,68.0
hrv,Croatia,1967,68.3
hrv,Croatia,1968,68.5
hrv,Croatia,1969,68.7
hrv,Croatia,1970,68.8
hrv,Croatia,1971,69.0
hrv,Croatia,1972,69.4
hrv,Croatia,1973,69.8
hrv,Croatia,1974,70.2
hrv,Croatia,1975,70.5
hrv,Croatia,1976,70.7
hrv,Croatia,1977,71.0
hrv,Croatia,1978,71.1
hrv,Croatia,1979,71.2
hrv,Croatia,1980,71.1
hrv,Croatia,1981,71.1
hrv,Croatia,1982,71.0
hrv,Croatia,1983,71.0
hrv,Croatia,1984,71.1
hrv,Croatia,1985,71.2
hrv,Croatia,1986,71.5
hrv,Croatia,1987,71.7
hrv,Croatia,1988,72.0
hrv,Croatia,1989,72.3
hrv,Croatia,1990,72.5
hrv,Croatia,1991,71.1
hrv,Croatia,1992,72.0
hrv,Croatia,1993,73.0
hrv,Croatia,1994,73.4
hrv,Croatia,1995,72.8
hrv,Croatia,1996,73.6
hrv,Croatia,1997,73.7
hrv,Croatia,1998,73.9
hrv,Croatia,1999,74.2
hrv,Croatia,2000,74.4
hrv,Croatia,2001,74.7
hrv,Croatia,2002,74.9
hrv,Croatia,2003,75.0
hrv,Croatia,2004,75.4
hrv,Croatia,2005,75.5
hrv,Croatia,2006,75.8
hrv,Croatia,2007,75.9
hrv,Croatia,2008,76.1
hrv,Croatia,2009,76.4
hrv,Croatia,2010,76.6
hrv,Croatia,2011,77.0
hrv,Croatia,2012,77.3
hrv,Croatia,2013,77.5
hrv,Croatia,2014,77.7
hrv,Croatia,2015,77.8
hrv,Croatia,2016,78.0
hrv,Croatia,2017,78.1
hrv,Croatia,2018,78.3
hrv,Croatia,2019,78.5
hrv,Croatia,2020,77.7
hrv,Croatia,2021,77.0
hrv,Croatia,2022,77.5
hrv,Croatia,2023,78.6
hrv,Croatia,2024,78.8
hrv,Croatia,2025,78.9
hti,Haiti,1900,30.18
hti,Haiti,1901,30.21
hti,Haiti,1902,30.23
hti,Haiti,1903,30.26
hti,Haiti,1904,30.28
hti,Haiti,1905,30.3
hti,Haiti,1906,30.33
hti,Haiti,1907,30.35
hti,Haiti,1908,30.37
hti,Haiti,1909,30.4
hti,Haiti,1910,30.42
hti,Haiti,1911,30.44
hti,Haiti,1912,30.47
hti,Haiti,1913,30.49
hti,Haiti,1914,30.52
hti,Haiti,1915,30.54
hti,Haiti,1916,30.56
hti,Haiti,1917,30.59
hti,Haiti,1918,19.85
hti,Haiti,1919,30.63
hti,Haiti,1920,30.66
hti,Haiti,1921,30.68
hti,Haiti,1922,30.71
hti,Haiti,1923,30.73
hti,Haiti,1924,30.75
hti,Haiti,1925,30.78
hti,Haiti,1926,30.8
hti,Haiti,1927,30.82
hti,Haiti,1928,30.85
hti,Haiti,1929,30.87
hti,Haiti,1930,30.89
hti,Haiti,1931,30.92
hti,Haiti,1932,30.94
hti,Haiti,1933,30.97
hti,Haiti,1934,30.99
hti,Haiti,1935,31.01
hti,Haiti,1936,31.04
hti,Haiti,1937,31.06
hti,Haiti,1938,31.08
hti,Haiti,1939,31.11
hti,Haiti,1940,31.13
hti,Haiti,1941,31.16
hti,Haiti,1942,31.17
hti,Haiti,1943,32.17
hti,Haiti,1944,33.18
hti,Haiti,1945,34.17
hti,Haiti,1946,35.17
hti,Haiti,1947,36.18
hti,Haiti,1948,37.18
hti,Haiti,1949,38.19
hti,Haiti,1950,39.2
hti,Haiti,1951,39.6
hti,Haiti,1952,40.2
hti,Haiti,1953,40.6
hti,Haiti,1954,40.8
hti,Haiti,1955,41.3
hti,Haiti,1956,41.8
hti,Haiti,1957,42.2
hti,Haiti,1958,42.5
hti,Haiti,1959,42.9
hti,Haiti,1960,43.2
hti,Haiti,1961,43.6
hti,Haiti,1962,43.9
hti,Haiti,1963,42.6
hti,Haiti,1964,44.5
hti,Haiti,1965,44.8
hti,Haiti,1966,44.9
hti,Haiti,1967,45.3
hti,Haiti,1968,45.5
hti,Haiti,1969,45.8
hti,Haiti,1970,46.0
hti,Haiti,1971,46.3
hti,Haiti,1972,46.5
hti,Haiti,1973,46.8
hti,Haiti,1974,47.1
hti,Haiti,1975,47.3
hti,Haiti,1976,47.6
hti,Haiti,1977,47.8
hti,Haiti,1978,48.1
hti,Haiti,1979,48.5
hti,Haiti,1980,48.8
hti,Haiti,1981,49.2
hti,Haiti,1982,49.6
hti,Haiti,1983,50.0
hti,Haiti,1984,50.4
hti,Haiti,1985,50.7
hti,Haiti,1986,50.9
hti,Haiti,1987,51.1
hti,Haiti,1988,51.1
hti,Haiti,1989,51.2
hti,Haiti,1990,51.4
hti,Haiti,1991,51.7
hti,Haiti,1992,51.9
hti,Haiti,1993,51.6
hti,Haiti,1994,52.5
hti,Haiti,1995,53.1
hti,Haiti,1996,53.7
hti,Haiti,1997,54.0
hti,Haiti,1998,55.1
hti,Haiti,1999,55.6
hti,Haiti,2000,56.1
hti,Haiti,2001,56.6
hti,Haiti,2002,57.1
hti,Haiti,2003,57.5
hti,Haiti,2004,56.7
hti,Haiti,2005,58.3
hti,Haiti,2006,58.8
hti,Haiti,2007,59.2
hti,Haiti,2008,59.5
hti,Haiti,2009,60.0
hti,Haiti,2010,31.0
hti,Haiti,2011,59.2
hti,Haiti,2012,60.5
hti,Haiti,2013,60.5
hti,Haiti,2014,60.8
hti,Haiti,2015,61.0
hti,Haiti,2016,60.9
hti,Haiti,2017,61.3
hti,Haiti,2018,61.5
hti,Haiti,2019,61.6
hti,Haiti,2020,61.6
hti,Haiti,2021,60.9
hti,Haiti,2022,61.4
hti,Haiti,2023,61.0
hti,Haiti,2024,61.19
hti,Haiti,2025,61.38
hun,Hungary,1900,37.61
hun,Hungary,1901,37.86
hun,Hungary,1902,38.11
hun,Hungary,1903,38.36
hun,Hungary,1904,38.6
hun,Hungary,1905,38.86
hun,Hungary,1906,39.11
hun,Hungary,1907,39.36
hun,Hungary,1908,39.6
hun,Hungary,1909,39.86
hun,Hungary,1910,40.11
hun,Hungary,1911,40.35
hun,Hungary,1912,40.59
hun,Hungary,1913,40.82
hun,Hungary,1914,41.06
hun,Hungary,1915,41.3
hun,Hungary,1916,41.54
hun,Hungary,1917,41.78
hun,Hungary,1918,30.41
hun,Hungary,1919,42.25
hun,Hungary,1920,42.49
hun,Hungary,1921,43.32
hun,Hungary,1922,44.15
hun,Hungary,1923,44.98
hun,Hungary,1924,45.81
hun,Hungary,1925,46.64
hun,Hungary,1926,47.47
hun,Hungary,1927,48.31
hun,Hungary,1928,49.14
hun,Hungary,1929,49.97
hun,Hungary,1930,50.8
hun,Hungary,1931,51.49
hun,Hungary,1932,52.19
hun,Hungary,1933,52.89
hun,Hungary,1934,53.58
hun,Hungary,1935,54.28
hun,Hungary,1936,54.97
hun,Hungary,1937,55.66
hun,Hungary,1938,56.36
hun,Hungary,1939,57.05
hun,Hungary,1940,57.75
hun,Hungary,1941,57.31
hun,Hungary,1942,51.69
hun,Hungary,1943,41.57
hun,Hungary,1944,26.37
hun,Hungary,1945,47.66
hun,Hungary,1946,55.78
hun,Hungary,1947,59.85
hun,Hungary,1948,61.58
hun,Hungary,1949,62.2
hun,Hungary,1950,63.0
hun,Hungary,1951,63.6
hun,Hungary,1952,64.0
hun,Hungary,1953,64.5
hun,Hungary,1954,65.2
hun,Hungary,1955,66.1
hun,Hungary,1956,65.6
hun,Hungary,1957,66.8
hun,Hungary,1958,67.2
hun,Hungary,1959,67.5
hun,Hungary,1960,67.9
hun,Hungary,1961,68.3
hun,Hungary,1962,68.5
hun,Hungary,1963,69.0
hun,Hungary,1964,69.3
hun,Hungary,1965,69.4
hun,Hungary,1966,69.6
hun,Hungary,1967,69.5
hun,Hungary,1968,69.4
hun,Hungary,1969,69.3
hun,Hungary,1970,69.3
hun,Hungary,1971,69.4
hun,Hungary,1972,69.7
hun,Hungary,1973,69.7
hun,Hungary,1974,69.6
hun,Hungary,1975,69.5
hun,Hungary,1976,69.6
hun,Hungary,1977,69.6
hun,Hungary,1978,69.4
hun,Hungary,1979,69.3
hun,Hungary,1980,69.1
hun,Hungary,1981,69.0
hun,Hungary,1982,69.0
hun,Hungary,1983,68.9
hun,Hungary,1984,68.9
hun,Hungary,1985,69.0
hun,Hungary,1986,69.1
hun,Hungary,1987,69.5
hun,Hungary,1988,69.6
hun,Hungary,1989,69.5
hun,Hungary,1990,69.4
hun,Hungary,1991,69.3
hun,Hungary,1992,69.2
hun,Hungary,1993,69.2
hun,Hungary,1994,69.5
hun,Hungary,1995,69.9
hun,Hungary,1996,70.4
hun,Hungary,1997,70.8
hun,Hungary,1998,70.9
hun,Hungary,1999,71.2
hun,Hungary,2000,71.8
hun,Hungary,2001,72.3
hun,Hungary,2002,72.5
hun,Hungary,2003,72.7
hun,Hungary,2004,72.9
hun,Hungary,2005,73.0
hun,Hungary,2006,73.3
hun,Hungary,2007,73.6
hun,Hungary,2008,74.0
hun,Hungary,2009,74.3
hun,Hungary,2010,74.6
hun,Hungary,2011,75.0
hun,Hungary,2012,75.3
hun,Hungary,2013,75.7
hun,Hungary,2014,75.9
hun,Hungary,2015,75.9
hun,Hungary,2016,76.1
hun,Hungary,2017,76.1
hun,Hungary,2018,76.3
hun,Hungary,2019,76.4
hun,Hungary,2020,75.7
hun,Hungary,2021,74.3
hun,Hungary,2022,76.0
hun,Hungary,2023,76.8
hun,Hungary,2024,77.0
hun,Hungary,2025,77.1
idn,Indonesia,1900,32.17
idn,Indonesia,1901,32.22
idn,Indonesia,1902,32.26
idn,Indonesia,1903,32.3
idn,Indonesia,1904,32.35
idn,Indonesia,1905,32.39
idn,Indonesia,1906,32.43
idn,Indonesia,1907,32.48
idn,Indonesia,1908,32.52
idn,Indonesia,1909,32.56
idn,Indonesia,1910,32.61
idn,Indonesia,1911,32.65
idn,Indonesia,1912,32.69
idn,Indonesia,1913,32.74
idn,Indonesia,1914,32.78
idn,Indonesia,1915,32.83
idn,Indonesia,1916,32.87
idn,Indonesia,1917,32.91
idn,Indonesia,1918,15.41
idn,Indonesia,1919,33.0
idn,Indonesia,1920,33.04
idn,Indonesia,1921,33.09
idn,Indonesia,1922,33.13
idn,Indonesia,1923,33.17
idn,Indonesia,1924,33.22
idn,Indonesia,1925,33.26
idn,Indonesia,1926,33.3
idn,Indonesia,1927,33.35
idn,Indonesia,1928,33.95
idn,Indonesia,1929,34.55
idn,Indonesia,1930,35.15
idn,Indonesia,1931,35.76
idn,Indonesia,1932,36.36
idn,Indonesia,1933,36.97
idn,Indonesia,1934,37.58
idn,Indonesia,1935,38.19
idn,Indonesia,1936,38.8
idn,Indonesia,1937,39.41
idn,Indonesia,1938,39.89
idn,Indonesia,1939,40.36
idn,Indonesia,1940,40.84
idn,Indonesia,1941,41.32
idn,Indonesia,1942,32.89
idn,Indonesia,1943,31.81
idn,Indonesia,1944,30.72
idn,Indonesia,1945,29.64
idn,Indonesia,1946,34.81
idn,Indonesia,1947,35.44
idn,Indonesia,1948,36.06
idn,Indonesia,1949,36.7
idn,Indonesia,1950,41.8
idn,Indonesia,1951,42.5
idn,Indonesia,1952,43.0
idn,Indonesia,1953,43.6
idn,Indonesia,1954,44.2
idn,Indonesia,1955,44.7
idn,Indonesia,1956,45.2
idn,Indonesia,1957,45.7
idn,Indonesia,1958,45.9
idn,Indonesia,1959,46.4
idn,Indonesia,1960,46.9
idn,Indonesia,1961,47.3
idn,Indonesia,1962,47.6
idn,Indonesia,1963,48.2
idn,Indonesia,1964,48.7
idn,Indonesia,1965,49.1
idn,Indonesia,1966,49.5
idn,Indonesia,1967,50.0
idn,Indonesia,1968,50.5
idn,Indonesia,1969,51.1
idn,Indonesia,1970,51.8
idn,Indonesia,1971,52.5
idn,Indonesia,1972,53.2
idn,Indonesia,1973,53.9
idn,Indonesia,1974,54.6
idn,Indonesia,1975,55.2
idn,Indonesia,1976,55.8
idn,Indonesia,1977,56.4
idn,Indonesia,1978,57.0
idn,Indonesia,1979,57.6
idn,Indonesia,1980,58.3
idn,Indonesia,1981,59.0
idn,Indonesia,1982,59.7
idn,Indonesia,1983,60.4
idn,Indonesia,1984,61.1
idn,Indonesia,1985,61.8
idn,Indonesia,1986,62.5
idn,Indonesia,1987,63.1
idn,Indonesia,1988,63.7
idn,Indonesia,1989,64.4
idn,Indonesia,1990,65.0
idn,Indonesia,1991,65.6
idn,Indonesia,1992,66.1
idn,Indonesia,1993,66.6
idn,Indonesia,1994,67.1
idn,Indonesia,1995,67.6
idn,Indonesia,1996,68.0
idn,Indonesia,1997,68.3
idn,Indonesia,1998,68.6
idn,Indonesia,1999,68.8
idn,Indonesia,2000,69.1
idn,Indonesia,2001,69.3
idn,Indonesia,2002,69.5
idn,Indonesia,2003,69.6
idn,Indonesia,2004,67.0
idn,Indonesia,2005,69.7
idn,Indonesia,2006,69.7
idn,Indonesia,2007,69.8
idn,Indonesia,2008,69.9
idn,Indonesia,2009,70.0
idn,Indonesia,2010,70.2
idn,Indonesia,2011,70.4
idn,Indonesia,2012,70.7
idn,Indonesia,2013,71.0
idn,Indonesia,2014,71.2
idn,Indonesia,2015,71.5
idn,Indonesia,2016,71.7
idn,Indonesia,2017,72.0
idn,Indonesia,2018,72.2
idn,Indonesia,2019,72.5
idn,Indonesia,2020,71.4
idn,Indonesia,2021,68.6
idn,Indonesia,2022,72.4
idn,Indonesia,2023,72.5
idn,Indonesia,2024,72.7
idn,Indonesia,2025,72.81
ind,India,1900,19.52
ind,India,1901,24.55
ind,India,1902,25.16
ind,India,1903,25.0
ind,India,1904,23.51
ind,India,1905,23.43
ind,India,1906,23.45
ind,India,1907,20.64
ind,India,1908,24.97
ind,India,1909,24.95
ind,India,1910,24.95
ind,India,1911,24.95
ind,India,1912,25.18
ind,India,1913,25.42
ind,India,1914,25.65
ind,India,1915,25.9
ind,India,1916,26.14
ind,India,1917,26.37
ind,India,1918,8.81
ind,India,1919,26.74
ind,India,1920,26.92
ind,India,1921,27.11
ind,India,1922,27.62
ind,India,1923,28.14
ind,India,1924,28.67
ind,India,1925,29.19
ind,India,1926,29.71
ind,India,1927,30.23
ind,India,1928,30.76
ind,India,1929,31.28
ind,India,1930,31.81
ind,India,1931,32.33
ind,India,1932,32.74
ind,India,1933,33.14
ind,India,1934,33.54
ind,India,1935,33.95
ind,India,1936,34.34
ind,India,1937,34.75
ind,India,1938,35.15
ind,India,1939,35.56
ind,India,1940,35.96
ind,India,1941,36.36
ind,India,1942,36.68
ind,India,1943,35.88
ind,India,1944,36.47
ind,India,1945,37.62
ind,India,1946,37.93
ind,India,1947,36.34
ind,India,1948,38.29
ind,India,1949,38.87
ind,India,1950,39.2
ind,India,1951,39.7
ind,India,1952,40.1
ind,India,1953,40.7
ind,India,1954,41.1
ind,India,1955,41.5
ind,India,1956,41.9
ind,India,1957,42.3
ind,India,1958,42.7
ind,India,1959,43.0
ind,India,1960,43.4
ind,India,1961,43.8
ind,India,1962,44.1
ind,India,1963,44.4
ind,India,1964,44.7
ind,India,1965,43.8
ind,India,1966,44.1
ind,India,1967,44.4
ind,India,1968,46.0
ind,India,1969,46.4
ind,India,1970,46.9
ind,India,1971,47.4
ind,India,1972,48.2
ind,India,1973,49.1
ind,India,1974,49.5
ind,India,1975,49.5
ind,India,1976,50.0
ind,India,1977,50.6
ind,India,1978,51.6
ind,India,1979,53.0
ind,India,1980,54.2
ind,India,1981,55.0
ind,India,1982,55.6
ind,India,1983,55.9
ind,India,1984,56.0
ind,India,1985,56.1
ind,India,1986,56.2
ind,India,1987,56.5
ind,India,1988,57.1
ind,India,1989,57.7
ind,India,1990,58.5
ind,India,1991,59.1
ind,India,1992,59.7
ind,India,1993,60.5
ind,India,1994,61.1
ind,India,1995,61.4
ind,India,1996,61.5
ind,India,1997,61.8
ind,India,1998,62.1
ind,India,1999,62.9
ind,India,2000,63.6
ind,India,2001,64.2
ind,India,2002,64.6
ind,India,2003,65.1
ind,India,2004,65.7
ind,India,2005,66.2
ind,India,2006,66.3
ind,India,2007,66.3
ind,India,2008,66.6
ind,India,2009,67.1
ind,India,2010,67.6
ind,India,2011,67.9
ind,India,2012,68.3
ind,India,2013,68.7
ind,India,2014,69.1
ind,India,2015,69.4
ind,India,2016,69.6
ind,India,2017,69.9
ind,India,2018,70.2
ind,India,2019,70.9
ind,India,2020,70.3
ind,India,2021,68.8
ind,India,2022,71.2
ind,India,2023,71.6
ind,India,2024,71.8
ind,India,2025,72.1
irl,Ireland,1900,49.15
irl,Ireland,1901,49.41
irl,Ireland,1902,49.85
irl,Ireland,1903,50.29
irl,Ireland,1904,50.73
irl,Ireland,1905,51.17
irl,Ireland,1906,51.61
irl,Ireland,1907,52.05
irl,Ireland,1908,52.49
irl,Ireland,1909,52.93
irl,Ireland,1910,53.37
irl,Ireland,1911,53.81
irl,Ireland,1912,54.07
irl,Ireland,1913,54.33
irl,Ireland,1914,54.58
irl,Ireland,1915,54.83
irl,Ireland,1916,55.09
irl,Ireland,1917,55.34
irl,Ireland,1918,49.7
irl,Ireland,1919,55.85
irl,Ireland,1920,56.1
irl,Ireland,1921,56.35
irl,Ireland,1922,56.61
irl,Ireland,1923,56.86
irl,Ireland,1924,57.11
irl,Ireland,1925,57.37
irl,Ireland,1926,57.62
irl,Ireland,1927,57.75
irl,Ireland,1928,57.88
irl,Ireland,1929,58.01
irl,Ireland,1930,58.14
irl,Ireland,1931,58.27
irl,Ireland,1932,58.4
irl,Ireland,1933,58.53
irl,Ireland,1934,58.66
irl,Ireland,1935,58.79
irl,Ireland,1936,58.92
irl,Ireland,1937,59.14
irl,Ireland,1938,59.36
irl,Ireland,1939,59.58
irl,Ireland,1940,59.8
irl,Ireland,1941,60.05
irl,Ireland,1942,60.36
irl,Ireland,1943,60.67
irl,Ireland,1944,60.98
irl,Ireland,1945,61.28
irl,Ireland,1946,61.59
irl,Ireland,1947,62.66
irl,Ireland,1948,63.75
irl,Ireland,1949,64.83
irl,Ireland,1950,65.9
irl,Ireland,1951,66.1
irl,Ireland,1952,67.1
irl,Ireland,1953,68.0
irl,Ireland,1954,68.3
irl,Ireland,1955,68.5
irl,Ireland,1956,69.0
irl,Ireland,1957,69.3
irl,Ireland,1958,69.6
irl,Ireland,1959,69.8
irl,Ireland,1960,70.1
irl,Ireland,1961,70.1
irl,Ireland,1962,70.2
irl,Ireland,1963,70.4
irl,Ireland,1964,70.6
irl,Ireland,1965,70.7
irl,Ireland,1966,70.7
irl,Ireland,1967,71.1
irl,Ireland,1968,71.1
irl,Ireland,1969,71.0
irl,Ireland,1970,71.2
irl,Ireland,1971,71.4
irl,Ireland,1972,71.3
irl,Ireland,1973,71.2
irl,Ireland,1974,71.4
irl,Ireland,1975,71.7
irl,Ireland,1976,71.9
irl,Ireland,1977,72.1
irl,Ireland,1978,72.2
irl,Ireland,1979,72.3
irl,Ireland,1980,72.6
irl,Ireland,1981,72.9
irl,Ireland,1982,73.2
irl,Ireland,1983,73.4
irl,Ireland,1984,73.6
irl,Ireland,1985,73.6
irl,Ireland,1986,73.8
irl,Ireland,1987,74.2
irl,Ireland,1988,74.5
irl,Ireland,1989,74.7
irl,Ireland,1990,74.9
irl,Ireland,1991,75.2
irl,Ireland,1992,75.4
irl,Ireland,1993,75.4
irl,Ireland,1994,75.6
irl,Ireland,1995,75.7
irl,Ireland,1996,75.9
irl,Ireland,1997,76.1
irl,Ireland,1998,76.2
irl,Ireland,1999,76.3
irl,Ireland,2000,76.7
irl,Ireland,2001,77.3
irl,Ireland,2002,77.7
irl,Ireland,2003,78.2
irl,Ireland,2004,78.6
irl,Ireland,2005,79.0
irl,Ireland,2006,79.3
irl,Ireland,2007,79.6
irl,Ireland,2008,79.8
irl,Ireland,2009,80.1
irl,Ireland,2010,80.6
irl,Ireland,2011,80.8
irl,Ireland,2012,80.9
irl,Ireland,2013,81.1
irl,Ireland,2014,81.4
irl,Ireland,2015,81.5
irl,Ireland,2016,81.7
irl,Ireland,2017,82.0
irl,Ireland,2018,82.2
irl,Ireland,2019,82.4
irl,Ireland,2020,82.2
irl,Ireland,2021,82.3
irl,Ireland,2022,82.2
irl,Ireland,2023,82.5
irl,Ireland,2024,82.7
irl,Ireland,2025,82.8
irn,Iran,1900,25.43
irn,Iran,1901,25.42
irn,Iran,1902,25.42
irn,Iran,1903,25.42
irn,Iran,1904,25.41
irn,Iran,1905,25.41
irn,Iran,1906,25.41
irn,Iran,1907,25.4
irn,Iran,1908,25.4
irn,Iran,1909,25.4
irn,Iran,1910,25.39
irn,Iran,1911,25.39
irn,Iran,1912,25.39
irn,Iran,1913,25.38
irn,Iran,1914,25.38
irn,Iran,1915,25.38
irn,Iran,1916,25.37
irn,Iran,1917,25.37
irn,Iran,1918,21.02
irn,Iran,1919,25.36
irn,Iran,1920,25.36
irn,Iran,1921,25.35
irn,Iran,1922,25.35
irn,Iran,1923,25.35
irn,Iran,1924,25.34
irn,Iran,1925,25.34
irn,Iran,1926,25.34
irn,Iran,1927,25.33
irn,Iran,1928,25.33
irn,Iran,1929,25.33
irn,Iran,1930,25.32
irn,Iran,1931,25.32
irn,Iran,1932,25.32
irn,Iran,1933,25.31
irn,Iran,1934,25.31
irn,Iran,1935,25.31
irn,Iran,1936,25.3
irn,Iran,1937,25.3
irn,Iran,1938,25.3
irn,Iran,1939,25.29
irn,Iran,1940,25.29
irn,Iran,1941,26.7
irn,Iran,1942,28.11
irn,Iran,1943,29.53
irn,Iran,1944,30.94
irn,Iran,1945,32.35
irn,Iran,1946,33.76
irn,Iran,1947,35.17
irn,Iran,1948,36.58
irn,Iran,1949,37.99
irn,Iran,1950,39.4
irn,Iran,1951,40.0
irn,Iran,1952,40.6
irn,Iran,1953,41.0
irn,Iran,1954,41.6
irn,Iran,1955,42.3
irn,Iran,1956,42.9
irn,Iran,1957,43.3
irn,Iran,1958,44.4
irn,Iran,1959,45.2
irn,Iran,1960,45.9
irn,Iran,1961,46.5
irn,Iran,1962,46.3
irn,Iran,1963,47.4
irn,Iran,1964,48.0
irn,Iran,1965,49.2
irn,Iran,1966,50.8
irn,Iran,1967,52.2
irn,Iran,1968,52.7
irn,Iran,1969,54.2
irn,Iran,1970,55.0
irn,Iran,1971,56.0
irn,Iran,1972,56.7
irn,Iran,1973,57.8
irn,Iran,1974,58.4
irn,Iran,1975,59.0
irn,Iran,1976,59.6
irn,Iran,1977,59.9
irn,Iran,1978,58.4
irn,Iran,1979,58.6
irn,Iran,1980,57.1
irn,Iran,1981,56.7
irn,Iran,1982,56.8
irn,Iran,1983,58.6
irn,Iran,1984,60.6
irn,Iran,1985,61.7
irn,Iran,1986,61.6
irn,Iran,1987,64.0
irn,Iran,1988,65.0
irn,Iran,1989,67.1
irn,Iran,1990,66.4
irn,Iran,1991,68.9
irn,Iran,1992,69.5
irn,Iran,1993,69.9
irn,Iran,1994,70.4
irn,Iran,1995,70.9
irn,Iran,1996,71.3
irn,Iran,1997,71.5
irn,Iran,1998,72.0
irn,Iran,1999,72.4
irn,Iran,2000,72.7
irn,Iran,2001,73.1
irn,Iran,2002,73.4
irn,Iran,2003,72.3
irn,Iran,2004,74.3
irn,Iran,2005,74.7
irn,Iran,2006,75.1
irn,Iran,2007,75.5
irn,Iran,2008,75.8
irn,Iran,2009,76.1
irn,Iran,2010,76.4
irn,Iran,2011,76.6
irn,Iran,2012,76.9
irn,Iran,2013,77.1
irn,Iran,2014,77.2
irn,Iran,2015,77.2
irn,Iran,2016,77.3
irn,Iran,2017,77.5
irn,Iran,2018,77.7
irn,Iran,2019,77.9
irn,Iran,2020,74.2
irn,Iran,2021,74.8
irn,Iran,2022,78.1
irn,Iran,2023,78.8
irn,Iran,2024,79.0
irn,Iran,2025,79.21
irq,Iraq,1900,40.81
irq,Iraq,1901,41.0
irq,Iraq,1902,41.2
irq,Iraq,1903,41.39
irq,Iraq,1904,41.58
irq,Iraq,1905,41.77
irq,Iraq,1906,41.97
irq,Iraq,1907,42.16
irq,Iraq,1908,42.35
irq,Iraq,1909,42.54
irq,Iraq,1910,42.74
irq,Iraq,1911,42.93
irq,Iraq,1912,43.12
irq,Iraq,1913,43.31
irq,Iraq,1914,43.5
irq,Iraq,1915,43.7
irq,Iraq,1916,43.89
irq,Iraq,1917,44.08
irq,Iraq,1918,36.71
irq,Iraq,1919,44.47
irq,Iraq,1920,44.66
irq,Iraq,1921,44.85
irq,Iraq,1922,45.04
irq,Iraq,1923,45.23
irq,Iraq,1924,45.43
irq,Iraq,1925,45.62
irq,Iraq,1926,45.81
irq,Iraq,1927,46.0
irq,Iraq,1928,46.2
irq,Iraq,1929,46.39
irq,Iraq,1930,46.58
irq,Iraq,1931,46.77
irq,Iraq,1932,46.96
irq,Iraq,1933,47.16
irq,Iraq,1934,47.35
irq,Iraq,1935,47.54
irq,Iraq,1936,47.73
irq,Iraq,1937,47.93
irq,Iraq,1938,48.12
irq,Iraq,1939,48.31
irq,Iraq,1940,48.5
irq,Iraq,1941,49.19
irq,Iraq,1942,49.86
irq,Iraq,1943,50.56
irq,Iraq,1944,51.26
irq,Iraq,1945,51.95
irq,Iraq,1946,52.65
irq,Iraq,1947,53.36
irq,Iraq,1948,54.07
irq,Iraq,1949,54.77
irq,Iraq,1950,55.5
irq,Iraq,1951,55.9
irq,Iraq,1952,56.3
irq,Iraq,1953,56.9
irq,Iraq,1954,57.5
irq,Iraq,1955,57.9
irq,Iraq,1956,58.4
irq,Iraq,1957,58.8
irq,Iraq,1958,59.0
irq,Iraq,1959,58.9
irq,Iraq,1960,60.0
irq,Iraq,1961,58.6
irq,Iraq,1962,59.0
irq,Iraq,1963,59.2
irq,Iraq,1964,60.4
irq,Iraq,1965,60.5
irq,Iraq,1966,60.7
irq,Iraq,1967,61.1
irq,Iraq,1968,61.4
irq,Iraq,1969,61.5
irq,Iraq,1970,61.8
irq,Iraq,1971,62.7
irq,Iraq,1972,62.8
irq,Iraq,1973,63.0
irq,Iraq,1974,61.4
irq,Iraq,1975,61.8
irq,Iraq,1976,63.8
irq,Iraq,1977,64.1
irq,Iraq,1978,64.4
irq,Iraq,1979,64.8
irq,Iraq,1980,61.6
irq,Iraq,1981,61.0
irq,Iraq,1982,55.6
irq,Iraq,1983,58.0
irq,Iraq,1984,61.9
irq,Iraq,1985,61.3
irq,Iraq,1986,55.0
irq,Iraq,1987,60.7
irq,Iraq,1988,61.1
irq,Iraq,1989,66.4
irq,Iraq,1990,66.6
irq,Iraq,1991,66.8
irq,Iraq,1992,66.7
irq,Iraq,1993,66.7
irq,Iraq,1994,66.7
irq,Iraq,1995,66.7
irq,Iraq,1996,66.8
irq,Iraq,1997,66.9
irq,Iraq,1998,67.1
irq,Iraq,1999,67.3
irq,Iraq,2000,67.5
irq,Iraq,2001,67.7
irq,Iraq,2002,67.8
irq,Iraq,2003,66.0
irq,Iraq,2004,66.5
irq,Iraq,2005,66.2
irq,Iraq,2006,65.1
irq,Iraq,2007,65.6
irq,Iraq,2008,67.2
irq,Iraq,2009,68.1
irq,Iraq,2010,68.4
irq,Iraq,2011,68.7
irq,Iraq,2012,69.0
irq,Iraq,2013,68.8
irq,Iraq,2014,67.5
irq,Iraq,2015,68.2
irq,Iraq,2016,68.8
irq,Iraq,2017,69.6
irq,Iraq,2018,70.9
irq,Iraq,2019,70.9
irq,Iraq,2020,67.5
irq,Iraq,2021,68.7
irq,Iraq,2022,70.8
irq,Iraq,2023,71.1
irq,Iraq,2024,71.2
irq,Iraq,2025,71.3
isl,Iceland,1900,46.75
isl,Iceland,1901,53.11
isl,Iceland,1902,50.64
isl,Iceland,1903,48.96
isl,Iceland,1904,52.79
isl,Iceland,1905,49.64
isl,Iceland,1906,53.72
isl,Iceland,1907,49.87
isl,Iceland,1908,45.91
isl,Iceland,1909,52.5
isl,Iceland,1910,52.82
isl,Iceland,1911,55.63
isl,Iceland,1912,56.16
isl,Iceland,1913,59.12
isl,Iceland,1914,52.07
isl,Iceland,1915,53.82
isl,Iceland,1916,54.7
isl,Iceland,1917,59.2
isl,Iceland,1918,51.23
isl,Iceland,1919,58.68
isl,Iceland,1920,54.76
isl,Iceland,1921,54.39
isl,Iceland,1922,57.14
isl,Iceland,1923,57.87
isl,Iceland,1924,54.19
isl,Iceland,1925,58.43
isl,Iceland,1926,61.0
isl,Iceland,1927,58.33
isl,Iceland,1928,62.03
isl,Iceland,1929,60.77
isl,Iceland,1930,60.45
isl,Iceland,1931,61.06
isl,Iceland,1932,62.4
isl,Iceland,1933,63.26
isl,Iceland,1934,63.62
isl,Iceland,1935,59.72
isl,Iceland,1936,63.0
isl,Iceland,1937,63.78
isl,Iceland,1938,65.36
isl,Iceland,1939,66.26
isl,Iceland,1940,66.06
isl,Iceland,1941,63.46
isl,Iceland,1942,64.4
isl,Iceland,1943,65.52
isl,Iceland,1944,67.12
isl,Iceland,1945,67.86
isl,Iceland,1946,68.91
isl,Iceland,1947,69.74
isl,Iceland,1948,70.54
isl,Iceland,1949,71.83
isl,Iceland,1950,71.4
isl,Iceland,1951,71.7
isl,Iceland,1952,72.0
isl,Iceland,1953,72.3
isl,Iceland,1954,72.5
isl,Iceland,1955,72.6
isl,Iceland,1956,72.7
isl,Iceland,1957,72.8
isl,Iceland,1958,72.9
isl,Iceland,1959,73.1
isl,Iceland,1960,73.2
isl,Iceland,1961,73.2
isl,Iceland,1962,73.1
isl,Iceland,1963,73.2
isl,Iceland,1964,73.2
isl,Iceland,1965,73.3
isl,Iceland,1966,73.4
isl,Iceland,1967,73.5
isl,Iceland,1968,73.7
isl,Iceland,1969,73.7
isl,Iceland,1970,73.7
isl,Iceland,1971,73.7
isl,Iceland,1972,73.9
isl,Iceland,1973,74.3
isl,Iceland,1974,74.6
isl,Iceland,1975,75.2
isl,Iceland,1976,75.7
isl,Iceland,1977,76.0
isl,Iceland,1978,76.2
isl,Iceland,1979,76.2
isl,Iceland,1980,76.3
isl,Iceland,1981,76.3
isl,Iceland,1982,76.5
isl,Iceland,1983,76.7
isl,Iceland,1984,76.9
isl,Iceland,1985,77.2
isl,Iceland,1986,77.3
isl,Iceland,1987,77.3
isl,Iceland,1988,77.5
isl,Iceland,1989,77.6
isl,Iceland,1990,77.9
isl,Iceland,1991,78.1
isl,Iceland,1992,78.3
isl,Iceland,1993,78.5
isl,Iceland,1994,78.5
isl,Iceland,1995,78.4
isl,Iceland,1996,78.7
isl,Iceland,1997,78.9
isl,Iceland,1998,79.1
isl,Iceland,1999,79.4
isl,Iceland,2000,79.8
isl,Iceland,2001,80.1
isl,Iceland,2002,80.4
isl,Iceland,2003,80.6
isl,Iceland,2004,80.7
isl,Iceland,2005,81.0
isl,Iceland,2006,81.0
isl,Iceland,2007,81.1
isl,Iceland,2008,81.3
isl,Iceland,2009,81.5
isl,Iceland,2010,81.7
isl,Iceland,2011,81.9
isl,Iceland,2012,82.0
isl,Iceland,2013,82.1
isl,Iceland,2014,82.2
isl,Iceland,2015,82.2
isl,Iceland,2016,82.3
isl,Iceland,2017,82.4
isl,Iceland,2018,82.6
isl,Iceland,2019,82.9
isl,Iceland,2020,82.7
isl,Iceland,2021,82.8
isl,Iceland,2022,82.2
isl,Iceland,2023,82.5
isl,Iceland,2024,82.8
isl,Iceland,2025,83.0
isr,Israel,1900,32.98
isr,Israel,1901,33.0
isr,Israel,1902,33.02
isr,Israel,1903,33.03
isr,Israel,1904,33.05
isr,Israel,1905,33.07
isr,Israel,1906,33.09
isr,Israel,1907,33.11
isr,Israel,1908,33.13
isr,Israel,1909,33.15
isr,Israel,1910,33.17
isr,Israel,1911,33.19
isr,Israel,1912,33.21
isr,Israel,1913,33.23
isr,Israel,1914,33.25
isr,Israel,1915,33.27
isr,Israel,1916,33.29
isr,Israel,1917,33.31
isr,Israel,1918,27.63
isr,Israel,1919,33.35
isr,Israel,1920,33.37
isr,Israel,1921,33.39
isr,Israel,1922,33.41
isr,Israel,1923,33.43
isr,Israel,1924,33.44
isr,Israel,1925,33.46
isr,Israel,1926,33.48
isr,Israel,1927,33.5
isr,Israel,1928,33.52
isr,Israel,1929,33.54
isr,Israel,1930,33.56
isr,Israel,1931,33.58
isr,Israel,1932,33.6
isr,Israel,1933,33.62
isr,Israel,1934,33.64
isr,Israel,1935,33.66
isr,Israel,1936,35.93
isr,Israel,1937,38.22
isr,Israel,1938,40.49
isr,Israel,1939,42.78
isr,Israel,1940,45.07
isr,Israel,1941,47.35
isr,Israel,1942,49.63
isr,Israel,1943,51.93
isr,Israel,1944,54.21
isr,Israel,1945,56.51
isr,Israel,1946,58.79
isr,Israel,1947,61.1
isr,Israel,1948,63.4
isr,Israel,1949,65.7
isr,Israel,1950,68.0
isr,Israel,1951,67.9
isr,Israel,1952,68.0
isr,Israel,1953,68.4
isr,Israel,1954,68.7
isr,Israel,1955,69.0
isr,Israel,1956,68.9
isr,Israel,1957,69.7
isr,Israel,1958,70.3
isr,Israel,1959,70.8
isr,Israel,1960,71.1
isr,Israel,1961,71.4
isr,Israel,1962,71.3
isr,Israel,1963,71.2
isr,Israel,1964,71.2
isr,Israel,1965,71.2
isr,Israel,1966,71.5
isr,Israel,1967,70.8
isr,Israel,1968,71.5
isr,Israel,1969,71.3
isr,Israel,1970,71.5
isr,Israel,1971,71.9
isr,Israel,1972,72.0
isr,Israel,1973,70.0
isr,Israel,1974,72.0
isr,Israel,1975,72.3
isr,Israel,1976,72.8
isr,Israel,1977,73.1
isr,Israel,1978,73.4
isr,Israel,1979,73.8
isr,Israel,1980,74.2
isr,Israel,1981,74.6
isr,Israel,1982,74.8
isr,Israel,1983,75.0
isr,Israel,1984,75.3
isr,Israel,1985,75.6
isr,Israel,1986,75.8
isr,Israel,1987,76.2
isr,Israel,1988,76.6
isr,Israel,1989,77.1
isr,Israel,1990,77.3
isr,Israel,1991,77.3
isr,Israel,1992,77.3
isr,Israel,1993,77.5
isr,Israel,1994,77.7
isr,Israel,1995,78.0
isr,Israel,1996,78.4
isr,Israel,1997,78.5
isr,Israel,1998,78.6
isr,Israel,1999,78.9
isr,Israel,2000,79.1
isr,Israel,2001,79.3
isr,Israel,2002,79.5
isr,Israel,2003,79.8
isr,Israel,2004,80.2
isr,Israel,2005,80.5
isr,Israel,2006,80.7
isr,Israel,2007,81.0
isr,Israel,2008,81.4
isr,Israel,2009,81.8
isr,Israel,2010,82.0
isr,Israel,2011,82.1
isr,Israel,2012,82.3
isr,Israel,2013,82.5
isr,Israel,2014,82.6
isr,Israel,2015,82.7
isr,Israel,2016,82.9
isr,Israel,2017,83.1
isr,Israel,2018,83.3
isr,Israel,2019,83.5
isr,Israel,2020,83.0
isr,Israel,2021,82.8
isr,Israel,2022,83.1
isr,Israel,2023,83.3
isr,Israel,2024,83.6
isr,Israel,2025,83.7
ita,Italy,1900,41.64
ita,Italy,1901,43.5
ita,Italy,1902,42.97
ita,Italy,1903,43.13
ita,Italy,1904,44.41
ita,Italy,1905,43.92
ita,Italy,1906,45.07
ita,Italy,1907,45.43
ita,Italy,1908,43.17
ita,Italy,1909,44.65
ita,Italy,1910,46.72
ita,Italy,1911,44.75
ita,Italy,1912,48.95
ita,Italy,1913,48.43
ita,Italy,1914,49.86
ita,Italy,1915,42.31
ita,Italy,1916,39.25
ita,Italy,1917,37.67
ita,Italy,1918,25.6
ita,Italy,1919,42.07
ita,Italy,1920,45.48
ita,Italy,1921,49.22
ita,Italy,1922,49.98
ita,Italy,1923,51.42
ita,Italy,1924,51.48
ita,Italy,1925,51.27
ita,Italy,1926,50.92
ita,Italy,1927,52.54
ita,Italy,1928,52.63
ita,Italy,1929,52.25
ita,Italy,1930,55.16
ita,Italy,1931,54.74
ita,Italy,1932,54.73
ita,Italy,1933,56.25
ita,Italy,1934,56.82
ita,Italy,1935,56.18
ita,Italy,1936,56.71
ita,Italy,1937,55.45
ita,Italy,1938,56.08
ita,Italy,1939,57.59
ita,Italy,1940,56.9
ita,Italy,1941,54.57
ita,Italy,1942,52.41
ita,Italy,1943,49.15
ita,Italy,1944,52.3
ita,Italy,1945,54.72
ita,Italy,1946,58.91
ita,Italy,1947,61.12
ita,Italy,1948,63.38
ita,Italy,1949,64.04
ita,Italy,1950,65.7
ita,Italy,1951,65.6
ita,Italy,1952,66.2
ita,Italy,1953,66.9
ita,Italy,1954,68.0
ita,Italy,1955,68.4
ita,Italy,1956,67.8
ita,Italy,1957,68.3
ita,Italy,1958,69.2
ita,Italy,1959,69.7
ita,Italy,1960,69.7
ita,Italy,1961,70.1
ita,Italy,1962,69.8
ita,Italy,1963,69.9
ita,Italy,1964,70.6
ita,Italy,1965,70.6
ita,Italy,1966,71.2
ita,Italy,1967,71.2
ita,Italy,1968,71.0
ita,Italy,1969,71.0
ita,Italy,1970,71.6
ita,Italy,1971,71.9
ita,Italy,1972,72.1
ita,Italy,1973,72.2
ita,Italy,1974,72.6
ita,Italy,1975,72.7
ita,Italy,1976,72.9
ita,Italy,1977,73.3
ita,Italy,1978,73.7
ita,Italy,1979,74.0
ita,Italy,1980,74.0
ita,Italy,1981,74.5
ita,Italy,1982,74.9
ita,Italy,1983,74.8
ita,Italy,1984,75.5
ita,Italy,1985,75.6
ita,Italy,1986,76.0
ita,Italy,1987,76.4
ita,Italy,1988,76.6
ita,Italy,1989,76.9
ita,Italy,1990,77.0
ita,Italy,1991,77.1
ita,Italy,1992,77.4
ita,Italy,1993,77.6
ita,Italy,1994,77.8
ita,Italy,1995,78.1
ita,Italy,1996,78.4
ita,Italy,1997,78.7
ita,Italy,1998,78.8
ita,Italy,1999,79.2
ita,Italy,2000,79.6
ita,Italy,2001,79.9
ita,Italy,2002,80.0
ita,Italy,2003,80.0
ita,Italy,2004,80.7
ita,Italy,2005,80.8
ita,Italy,2006,81.1
ita,Italy,2007,81.2
ita,Italy,2008,81.3
ita,Italy,2009,81.5
ita,Italy,2010,81.9
ita,Italy,2011,82.0
ita,Italy,2012,82.0
ita,Italy,2013,82.4
ita,Italy,2014,82.6
ita,Italy,2015,82.4
ita,Italy,2016,82.8
ita,Italy,2017,82.7
ita,Italy,2018,83.0
ita,Italy,2019,83.2
ita,Italy,2020,82.0
ita,Italy,2021,82.4
ita,Italy,2022,82.2
ita,Italy,2023,83.0
ita,Italy,2024,83.2
ita,Italy,2025,83.3
jam,Jamaica,1900,38.05
jam,Jamaica,1901,38.35
jam,Jamaica,1902,40.67
jam,Jamaica,1903,34.84
jam,Jamaica,1904,33.84
jam,Jamaica,1905,37.87
jam,Jamaica,1906,32.64
jam,Jamaica,1907,29.72
jam,Jamaica,1908,37.08
jam,Jamaica,1909,37.59
jam,Jamaica,1910,36.99
jam,Jamaica,1911,38.2
jam,Jamaica,1912,34.68
jam,Jamaica,1913,37.81
jam,Jamaica,1914,38.52
jam,Jamaica,1915,37.31
jam,Jamaica,1916,35.91
jam,Jamaica,1917,31.98
jam,Jamaica,1918,26.63
jam,Jamaica,1919,36.93
jam,Jamaica,1920,35.72
jam,Jamaica,1921,30.98
jam,Jamaica,1922,37.35
jam,Jamaica,1923,38.36
jam,Jamaica,1924,38.97
jam,Jamaica,1925,39.28
jam,Jamaica,1926,41.1
jam,Jamaica,1927,39.8
jam,Jamaica,1928,42.02
jam,Jamaica,1929,43.44
jam,Jamaica,1930,45.77
jam,Jamaica,1931,43.15
jam,Jamaica,1932,44.67
jam,Jamaica,1933,42.05
jam,Jamaica,1934,44.89
jam,Jamaica,1935,44.49
jam,Jamaica,1936,44.9
jam,Jamaica,1937,47.74
jam,Jamaica,1938,46.43
jam,Jamaica,1939,49.06
jam,Jamaica,1940,48.16
jam,Jamaica,1941,50.07
jam,Jamaica,1942,50.56
jam,Jamaica,1943,51.16
jam,Jamaica,1944,50.04
jam,Jamaica,1945,50.12
jam,Jamaica,1946,52.54
jam,Jamaica,1947,51.62
jam,Jamaica,1948,53.03
jam,Jamaica,1949,55.35
jam,Jamaica,1950,58.2
jam,Jamaica,1951,58.6
jam,Jamaica,1952,59.6
jam,Jamaica,1953,60.5
jam,Jamaica,1954,61.4
jam,Jamaica,1955,62.1
jam,Jamaica,1956,62.9
jam,Jamaica,1957,63.2
jam,Jamaica,1958,63.7
jam,Jamaica,1959,63.9
jam,Jamaica,1960,64.1
jam,Jamaica,1961,64.3
jam,Jamaica,1962,64.5
jam,Jamaica,1963,64.8
jam,Jamaica,1964,65.2
jam,Jamaica,1965,65.7
jam,Jamaica,1966,66.3
jam,Jamaica,1967,66.9
jam,Jamaica,1968,67.5
jam,Jamaica,1969,68.0
jam,Jamaica,1970,68.5
jam,Jamaica,1971,68.9
jam,Jamaica,1972,69.3
jam,Jamaica,1973,69.8
jam,Jamaica,1974,70.2
jam,Jamaica,1975,70.6
jam,Jamaica,1976,70.9
jam,Jamaica,1977,71.3
jam,Jamaica,1978,71.8
jam,Jamaica,1979,72.3
jam,Jamaica,1980,72.8
jam,Jamaica,1981,72.9
jam,Jamaica,1982,72.8
jam,Jamaica,1983,72.6
jam,Jamaica,1984,72.5
jam,Jamaica,1985,72.7
jam,Jamaica,1986,73.1
jam,Jamaica,1987,73.6
jam,Jamaica,1988,74.1
jam,Jamaica,1989,74.5
jam,Jamaica,1990,74.9
jam,Jamaica,1991,75.3
jam,Jamaica,1992,75.3
jam,Jamaica,1993,75.2
jam,Jamaica,1994,75.0
jam,Jamaica,1995,74.9
jam,Jamaica,1996,75.2
jam,Jamaica,1997,75.1
jam,Jamaica,1998,74.8
jam,Jamaica,1999,74.6
jam,Jamaica,2000,74.4
jam,Jamaica,2001,74.6
jam,Jamaica,2002,75.2
jam,Jamaica,2003,75.8
jam,Jamaica,2004,76.2
jam,Jamaica,2005,76.9
jam,Jamaica,2006,77.2
jam,Jamaica,2007,77.4
jam,Jamaica,2008,77.7
jam,Jamaica,2009,77.5
jam,Jamaica,2010,77.3
jam,Jamaica,2011,77.0
jam,Jamaica,2012,76.9
jam,Jamaica,2013,76.5
jam,Jamaica,2014,75.9
jam,Jamaica,2015,75.4
jam,Jamaica,2016,75.1
jam,Jamaica,2017,75.0
jam,Jamaica,2018,75.0
jam,Jamaica,2019,75.1
jam,Jamaica,2020,74.5
jam,Jamaica,2021,72.9
jam,Jamaica,2022,74.9
jam,Jamaica,2023,76.1
jam,Jamaica,2024,76.21
jam,Jamaica,2025,76.31
jor,Jordan,1900,32.02
jor,Jordan,1901,32.03
jor,Jordan,1902,32.03
jor,Jordan,1903,32.04
jor,Jordan,1904,32.05
jor,Jordan,1905,32.05
jor,Jordan,1906,32.06
jor,Jordan,1907,32.06
jor,Jordan,1908,32.07
jor,Jordan,1909,32.08
jor,Jordan,1910,32.08
jor,Jordan,1911,32.09
jor,Jordan,1912,32.1
jor,Jordan,1913,32.1
jor,Jordan,1914,32.11
jor,Jordan,1915,32.12
jor,Jordan,1916,32.12
jor,Jordan,1917,32.13
jor,Jordan,1918,26.64
jor,Jordan,1919,32.14
jor,Jordan,1920,32.15
jor,Jordan,1921,32.15
jor,Jordan,1922,32.16
jor,Jordan,1923,32.17
jor,Jordan,1924,32.17
jor,Jordan,1925,32.18
jor,Jordan,1926,32.19
jor,Jordan,1927,32.19
jor,Jordan,1928,32.2
jor,Jordan,1929,32.21
jor,Jordan,1930,32.21
jor,Jordan,1931,32.22
jor,Jordan,1932,32.22
jor,Jordan,1933,32.23
jor,Jordan,1934,32.24
jor,Jordan,1935,32.24
jor,Jordan,1936,33.14
jor,Jordan,1937,34.03
jor,Jordan,1938,34.92
jor,Jordan,1939,35.81
jor,Jordan,1940,36.7
jor,Jordan,1941,37.64
jor,Jordan,1942,38.57
jor,Jordan,1943,39.5
jor,Jordan,1944,40.42
jor,Jordan,1945,41.35
jor,Jordan,1946,42.28
jor,Jordan,1947,43.21
jor,Jordan,1948,44.14
jor,Jordan,1949,45.06
jor,Jordan,1950,46.0
jor,Jordan,1951,46.8
jor,Jordan,1952,47.4
jor,Jordan,1953,48.1
jor,Jordan,1954,49.0
jor,Jordan,1955,49.7
jor,Jordan,1956,50.5
jor,Jordan,1957,51.2
jor,Jordan,1958,52.0
jor,Jordan,1959,52.8
jor,Jordan,1960,53.5
jor,Jordan,1961,54.3
jor,Jordan,1962,55.1
jor,Jordan,1963,55.9
jor,Jordan,1964,56.8
jor,Jordan,1965,57.7
jor,Jordan,1966,58.2
jor,Jordan,1967,57.4
jor,Jordan,1968,60.3
jor,Jordan,1969,61.1
jor,Jordan,1970,60.7
jor,Jordan,1971,62.3
jor,Jordan,1972,62.9
jor,Jordan,1973,63.5
jor,Jordan,1974,64.0
jor,Jordan,1975,64.6
jor,Jordan,1976,65.1
jor,Jordan,1977,65.7
jor,Jordan,1978,66.3
jor,Jordan,1979,66.8
jor,Jordan,1980,67.4
jor,Jordan,1981,68.0
jor,Jordan,1982,68.6
jor,Jordan,1983,69.0
jor,Jordan,1984,69.5
jor,Jordan,1985,69.8
jor,Jordan,1986,70.2
jor,Jordan,1987,70.4
jor,Jordan,1988,70.6
jor,Jordan,1989,70.7
jor,Jordan,1990,70.7
jor,Jordan,1991,70.8
jor,Jordan,1992,70.8
jor,Jordan,1993,70.8
jor,Jordan,1994,70.9
jor,Jordan,1995,71.0
jor,Jordan,1996,71.1
jor,Jordan,1997,71.3
jor,Jordan,1998,71.4
jor,Jordan,1999,71.6
jor,Jordan,2000,71.7
jor,Jordan,2001,71.8
jor,Jordan,2002,72.1
jor,Jordan,2003,72.5
jor,Jordan,2004,72.7
jor,Jordan,2005,72.8
jor,Jordan,2006,73.0
jor,Jordan,2007,73.6
jor,Jordan,2008,74.1
jor,Jordan,2009,74.5
jor,Jordan,2010,74.9
jor,Jordan,2011,75.2
jor,Jordan,2012,75.5
jor,Jordan,2013,75.9
jor,Jordan,2014,76.2
jor,Jordan,2015,76.6
jor,Jordan,2016,76.9
jor,Jordan,2017,77.1
jor,Jordan,2018,77.4
jor,Jordan,2019,77.6
jor,Jordan,2020,75.3
jor,Jordan,2021,73.8
jor,Jordan,2022,77.5
jor,Jordan,2023,78.5
jor,Jordan,2024,78.7
jor,Jordan,2025,78.8
jpn,Japan,1900,38.54
jpn,Japan,1901,38.66
jpn,Japan,1902,38.79
jpn,Japan,1903,38.9
jpn,Japan,1904,39.03
jpn,Japan,1905,39.15
jpn,Japan,1906,39.3
jpn,Japan,1907,39.45
jpn,Japan,1908,39.6
jpn,Japan,1909,39.74
jpn,Japan,1910,39.89
jpn,Japan,1911,40.08
jpn,Japan,1912,40.26
jpn,Japan,1913,40.45
jpn,Japan,1914,40.63
jpn,Japan,1915,40.81
jpn,Japan,1916,41.04
jpn,Japan,1917,41.27
jpn,Japan,1918,32.63
jpn,Japan,1919,41.73
jpn,Japan,1920,41.95
jpn,Japan,1921,42.23
jpn,Japan,1922,42.52
jpn,Japan,1923,43.12
jpn,Japan,1924,43.73
jpn,Japan,1925,44.33
jpn,Japan,1926,44.94
jpn,Japan,1927,45.55
jpn,Japan,1928,45.87
jpn,Japan,1929,46.19
jpn,Japan,1930,46.51
jpn,Japan,1931,46.83
jpn,Japan,1932,47.15
jpn,Japan,1933,47.47
jpn,Japan,1934,47.79
jpn,Japan,1935,48.11
jpn,Japan,1936,48.49
jpn,Japan,1937,48.86
jpn,Japan,1938,48.86
jpn,Japan,1939,48.86
jpn,Japan,1940,48.86
jpn,Japan,1941,48.61
jpn,Japan,1942,48.36
jpn,Japan,1943,45.86
jpn,Japan,1944,39.88
jpn,Japan,1945,30.45
jpn,Japan,1946,46.36
jpn,Japan,1947,51.58
jpn,Japan,1948,56.7
jpn,Japan,1949,57.57
jpn,Japan,1950,59.1
jpn,Japan,1951,60.9
jpn,Japan,1952,62.8
jpn,Japan,1953,63.3
jpn,Japan,1954,64.5
jpn,Japan,1955,65.6
jpn,Japan,1956,65.6
jpn,Japan,1957,65.7
jpn,Japan,1958,67.0
jpn,Japan,1959,67.4
jpn,Japan,1960,67.8
jpn,Japan,1961,68.4
jpn,Japan,1962,68.9
jpn,Japan,1963,69.9
jpn,Japan,1964,70.3
jpn,Japan,1965,70.4
jpn,Japan,1966,71.2
jpn,Japan,1967,71.6
jpn,Japan,1968,71.9
jpn,Japan,1969,72.1
jpn,Japan,1970,72.3
jpn,Japan,1971,73.1
jpn,Japan,1972,73.5
jpn,Japan,1973,73.6
jpn,Japan,1974,74.0
jpn,Japan,1975,74.5
jpn,Japan,1976,74.9
jpn,Japan,1977,75.5
jpn,Japan,1978,75.9
jpn,Japan,1979,76.3
jpn,Japan,1980,76.3
jpn,Japan,1981,76.7
jpn,Japan,1982,77.2
jpn,Japan,1983,77.3
jpn,Japan,1984,77.6
jpn,Japan,1985,77.9
jpn,Japan,1986,78.4
jpn,Japan,1987,78.7
jpn,Japan,1988,78.7
jpn,Japan,1989,79.1
jpn,Japan,1990,79.2
jpn,Japan,1991,79.4
jpn,Japan,1992,79.5
jpn,Japan,1993,79.6
jpn,Japan,1994,80.0
jpn,Japan,1995,79.9
jpn,Japan,1996,80.5
jpn,Japan,1997,80.7
jpn,Japan,1998,80.8
jpn,Japan,1999,80.8
jpn,Japan,2000,81.3
jpn,Japan,2001,81.6
jpn,Japan,2002,81.9
jpn,Japan,2003,82.0
jpn,Japan,2004,82.2
jpn,Japan,2005,82.2
jpn,Japan,2006,82.5
jpn,Japan,2007,82.7
jpn,Japan,2008,82.8
jpn,Japan,2009,83.1
jpn,Japan,2010,83.1
jpn,Japan,2011,82.9
jpn,Japan,2012,83.4
jpn,Japan,2013,83.6
jpn,Japan,2014,83.9
jpn,Japan,2015,84.1
jpn,Japan,2016,84.3
jpn,Japan,2017,84.3
jpn,Japan,2018,84.4
jpn,Japan,2019,84.6
jpn,Japan,2020,84.8
jpn,Japan,2021,84.6
jpn,Japan,2022,84.2
jpn,Japan,2023,84.1
jpn,Japan,2024,84.3
jpn,Japan,2025,84.4
kaz,Kazakhstan,1900,29.54
kaz,Kazakhstan,1901,29.84
kaz,Kazakhstan,1902,30.13
kaz,Kazakhstan,1903,30.42
kaz,Kazakhstan,1904,30.71
kaz,Kazakhstan,1905,31.01
kaz,Kazakhstan,1906,31.3
kaz,Kazakhstan,1907,31.6
kaz,Kazakhstan,1908,31.89
kaz,Kazakhstan,1909,32.19
kaz,Kazakhstan,1910,32.49
kaz,Kazakhstan,1911,35.66
kaz,Kazakhstan,1912,36.14
kaz,Kazakhstan,1913,33.87
kaz,Kazakhstan,1914,33.46
kaz,Kazakhstan,1915,33.07
kaz,Kazakhstan,1916,33.1
kaz,Kazakhstan,1917,29.93
kaz,Kazakhstan,1918,19.26
kaz,Kazakhstan,1919,25.13
kaz,Kazakhstan,1920,20.33
kaz,Kazakhstan,1921,23.89
kaz,Kazakhstan,1922,24.88
kaz,Kazakhstan,1923,34.48
kaz,Kazakhstan,1924,37.2
kaz,Kazakhstan,1925,36.26
kaz,Kazakhstan,1926,39.75
kaz,Kazakhstan,1927,39.07
kaz,Kazakhstan,1928,40.73
kaz,Kazakhstan,1929,39.43
kaz,Kazakhstan,1930,38.73
kaz,Kazakhstan,1931,17.33
kaz,Kazakhstan,1932,8.67
kaz,Kazakhstan,1933,4.34
kaz,Kazakhstan,1934,41.44
kaz,Kazakhstan,1935,43.18
kaz,Kazakhstan,1936,45.04
kaz,Kazakhstan,1937,44.0
kaz,Kazakhstan,1938,45.87
kaz,Kazakhstan,1939,48.54
kaz,Kazakhstan,1940,45.88
kaz,Kazakhstan,1941,29.55
kaz,Kazakhstan,1942,26.32
kaz,Kazakhstan,1943,25.27
kaz,Kazakhstan,1944,34.1
kaz,Kazakhstan,1945,42.94
kaz,Kazakhstan,1946,54.0
kaz,Kazakhstan,1947,45.27
kaz,Kazakhstan,1948,54.23
kaz,Kazakhstan,1949,57.39
kaz,Kazakhstan,1950,60.0
kaz,Kazakhstan,1951,60.4
kaz,Kazakhstan,1952,60.8
kaz,Kazakhstan,1953,61.1
kaz,Kazakhstan,1954,61.2
kaz,Kazakhstan,1955,61.3
kaz,Kazakhstan,1956,61.4
kaz,Kazakhstan,1957,61.5
kaz,Kazakhstan,1958,61.6
kaz,Kazakhstan,1959,61.6
kaz,Kazakhstan,1960,61.8
kaz,Kazakhstan,1961,62.1
kaz,Kazakhstan,1962,62.7
kaz,Kazakhstan,1963,63.4
kaz,Kazakhstan,1964,63.9
kaz,Kazakhstan,1965,64.2
kaz,Kazakhstan,1966,64.4
kaz,Kazakhstan,1967,64.6
kaz,Kazakhstan,1968,64.8
kaz,Kazakhstan,1969,64.9
kaz,Kazakhstan,1970,65.1
kaz,Kazakhstan,1971,65.1
kaz,Kazakhstan,1972,65.2
kaz,Kazakhstan,1973,65.2
kaz,Kazakhstan,1974,65.2
kaz,Kazakhstan,1975,65.2
kaz,Kazakhstan,1976,65.3
kaz,Kazakhstan,1977,65.4
kaz,Kazakhstan,1978,65.6
kaz,Kazakhstan,1979,65.9
kaz,Kazakhstan,1980,66.3
kaz,Kazakhstan,1981,66.6
kaz,Kazakhstan,1982,66.8
kaz,Kazakhstan,1983,66.9
kaz,Kazakhstan,1984,67.0
kaz,Kazakhstan,1985,67.4
kaz,Kazakhstan,1986,68.0
kaz,Kazakhstan,1987,68.2
kaz,Kazakhstan,1988,68.1
kaz,Kazakhstan,1989,68.0
kaz,Kazakhstan,1990,67.7
kaz,Kazakhstan,1991,67.2
kaz,Kazakhstan,1992,66.6
kaz,Kazakhstan,1993,65.6
kaz,Kazakhstan,1994,64.8
kaz,Kazakhstan,1995,64.2
kaz,Kazakhstan,1996,64.3
kaz,Kazakhstan,1997,64.7
kaz,Kazakhstan,1998,65.3
kaz,Kazakhstan,1999,65.6
kaz,Kazakhstan,2000,65.8
kaz,Kazakhstan,2001,65.9
kaz,Kazakhstan,2002,65.8
kaz,Kazakhstan,2003,65.6
kaz,Kazakhstan,2004,65.7
kaz,Kazakhstan,2005,65.7
kaz,Kazakhstan,2006,65.8
kaz,Kazakhstan,2007,66.2
kaz,Kazakhstan,2008,67.1
kaz,Kazakhstan,2009,68.1
kaz,Kazakhstan,2010,68.7
kaz,Kazakhstan,2011,69.1
kaz,Kazakhstan,2012,69.7
kaz,Kazakhstan,2013,70.4
kaz,Kazakhstan,2014,71.3
kaz,Kazakhstan,2015,71.9
kaz,Kazakhstan,2016,72.4
kaz,Kazakhstan,2017,73.0
kaz,Kazakhstan,2018,73.3
kaz,Kazakhstan,2019,73.5
kaz,Kazakhstan,2020,71.7
kaz,Kazakhstan,2021,70.7
kaz,Kazakhstan,2022,74.1
kaz,Kazakhstan,2023,74.9
kaz,Kazakhstan,2024,75.0
kaz,Kazakhstan,2025,75.2
ken,Kenya,1900,27.13
ken,Kenya,1901,27.16
ken,Kenya,1902,27.19
ken,Kenya,1903,27.22
ken,Kenya,1904,27.26
ken,Kenya,1905,27.29
ken,Kenya,1906,27.32
ken,Kenya,1907,27.35
ken,Kenya,1908,27.39
ken,Kenya,1909,27.42
ken,Kenya,1910,27.45
ken,Kenya,1911,27.48
ken,Kenya,1912,27.52
ken,Kenya,1913,27.55
ken,Kenya,1914,27.58
ken,Kenya,1915,27.61
ken,Kenya,1916,27.65
ken,Kenya,1917,27.68
ken,Kenya,1918,6.53
ken,Kenya,1919,27.74
ken,Kenya,1920,27.78
ken,Kenya,1921,27.81
ken,Kenya,1922,27.84
ken,Kenya,1923,27.52
ken,Kenya,1924,27.22
ken,Kenya,1925,26.9
ken,Kenya,1926,26.59
ken,Kenya,1927,26.27
ken,Kenya,1928,26.57
ken,Kenya,1929,26.87
ken,Kenya,1930,27.17
ken,Kenya,1931,27.47
ken,Kenya,1932,27.78
ken,Kenya,1933,28.08
ken,Kenya,1934,28.39
ken,Kenya,1935,28.68
ken,Kenya,1936,28.99
ken,Kenya,1937,29.29
ken,Kenya,1938,29.67
ken,Kenya,1939,30.05
ken,Kenya,1940,30.42
ken,Kenya,1941,30.86
ken,Kenya,1942,31.29
ken,Kenya,1943,31.73
ken,Kenya,1944,32.17
ken,Kenya,1945,32.61
ken,Kenya,1946,35.57
ken,Kenya,1947,38.55
ken,Kenya,1948,41.52
ken,Kenya,1949,44.5
ken,Kenya,1950,47.5
ken,Kenya,1951,47.9
ken,Kenya,1952,47.4
ken,Kenya,1953,47.8
ken,Kenya,1954,48.2
ken,Kenya,1955,48.6
ken,Kenya,1956,49.0
ken,Kenya,1957,50.2
ken,Kenya,1958,50.6
ken,Kenya,1959,51.1
ken,Kenya,1960,51.5
ken,Kenya,1961,51.9
ken,Kenya,1962,52.3
ken,Kenya,1963,52.6
ken,Kenya,1964,53.0
ken,Kenya,1965,53.3
ken,Kenya,1966,53.6
ken,Kenya,1967,53.9
ken,Kenya,1968,54.2
ken,Kenya,1969,54.5
ken,Kenya,1970,54.9
ken,Kenya,1971,55.3
ken,Kenya,1972,55.7
ken,Kenya,1973,56.1
ken,Kenya,1974,56.6
ken,Kenya,1975,57.0
ken,Kenya,1976,57.5
ken,Kenya,1977,57.9
ken,Kenya,1978,58.5
ken,Kenya,1979,58.9
ken,Kenya,1980,59.4
ken,Kenya,1981,59.9
ken,Kenya,1982,60.3
ken,Kenya,1983,60.8
ken,Kenya,1984,61.1
ken,Kenya,1985,61.5
ken,Kenya,1986,61.8
ken,Kenya,1987,62.1
ken,Kenya,1988,62.2
ken,Kenya,1989,62.1
ken,Kenya,1990,62.0
ken,Kenya,1991,61.6
ken,Kenya,1992,61.0
ken,Kenya,1993,60.4
ken,Kenya,1994,59.7
ken,Kenya,1995,59.2
ken,Kenya,1996,58.6
ken,Kenya,1997,58.0
ken,Kenya,1998,57.5
ken,Kenya,1999,57.3
ken,Kenya,2000,57.2
ken,Kenya,2001,57.5
ken,Kenya,2002,57.6
ken,Kenya,2003,58.0
ken,Kenya,2004,58.4
ken,Kenya,2005,59.7
ken,Kenya,2006,61.3
ken,Kenya,2007,62.4
ken,Kenya,2008,63.0
ken,Kenya,2009,63.8
ken,Kenya,2010,64.4
ken,Kenya,2011,65.0
ken,Kenya,2012,65.5
ken,Kenya,2013,65.9
ken,Kenya,2014,66.5
ken,Kenya,2015,67.0
ken,Kenya,2016,67.6
ken,Kenya,2017,68.1
ken,Kenya,2018,68.4
ken,Kenya,2019,68.7
ken,Kenya,2020,66.6
ken,Kenya,2021,65.2
ken,Kenya,2022,69.4
ken,Kenya,2023,69.9
ken,Kenya,2024,70.12
ken,Kenya,2025,70.34
kgz,Kyrgyz Republic,1900,26.15
kgz,Kyrgyz Republic,1901,26.41
kgz,Kyrgyz Republic,1902,26.67
kgz,Kyrgyz Republic,1903,26.93
kgz,Kyrgyz Republic,1904,27.19
kgz,Kyrgyz Republic,1905,27.45
kgz,Kyrgyz Republic,1906,27.71
kgz,Kyrgyz Republic,1907,27.97
kgz,Kyrgyz Republic,1908,28.23
kgz,Kyrgyz Republic,1909,28.49
kgz,Kyrgyz Republic,1910,28.75
kgz,Kyrgyz Republic,1911,31.76
kgz,Kyrgyz Republic,1912,32.2
kgz,Kyrgyz Republic,1913,30.0
kgz,Kyrgyz Republic,1914,29.59
kgz,Kyrgyz Republic,1915,29.19
kgz,Kyrgyz Republic,1916,29.2
kgz,Kyrgyz Republic,1917,26.16
kgz,Kyrgyz Republic,1918,16.0
kgz,Kyrgyz Republic,1919,21.57
kgz,Kyrgyz Republic,1920,16.99
kgz,Kyrgyz Republic,1921,12.21
kgz,Kyrgyz Republic,1922,14.25
kgz,Kyrgyz Republic,1923,30.34
kgz,Kyrgyz Republic,1924,32.89
kgz,Kyrgyz Republic,1925,31.98
kgz,Kyrgyz Republic,1926,35.25
kgz,Kyrgyz Republic,1927,34.59
kgz,Kyrgyz Republic,1928,36.12
kgz,Kyrgyz Republic,1929,34.87
kgz,Kyrgyz Republic,1930,34.18
kgz,Kyrgyz Republic,1931,28.29
kgz,Kyrgyz Republic,1932,20.13
kgz,Kyrgyz Republic,1933,16.06
kgz,Kyrgyz Republic,1934,36.62
kgz,Kyrgyz Republic,1935,38.22
kgz,Kyrgyz Republic,1936,39.94
kgz,Kyrgyz Republic,1937,38.94
kgz,Kyrgyz Republic,1938,40.66
kgz,Kyrgyz Republic,1939,43.12
kgz,Kyrgyz Republic,1940,40.61
kgz,Kyrgyz Republic,1941,29.63
kgz,Kyrgyz Republic,1942,25.55
kgz,Kyrgyz Republic,1943,24.52
kgz,Kyrgyz Republic,1944,32.7
kgz,Kyrgyz Republic,1945,40.38
kgz,Kyrgyz Republic,1946,47.79
kgz,Kyrgyz Republic,1947,39.6
kgz,Kyrgyz Republic,1948,47.87
kgz,Kyrgyz Republic,1949,50.74
kgz,Kyrgyz Republic,1950,53.1
kgz,Kyrgyz Republic,1951,53.3
kgz,Kyrgyz Republic,1952,53.7
kgz,Kyrgyz Republic,1953,54.0
kgz,Kyrgyz Republic,1954,54.1
kgz,Kyrgyz Republic,1955,54.3
kgz,Kyrgyz Republic,1956,54.5
kgz,Kyrgyz Republic,1957,54.8
kgz,Kyrgyz Republic,1958,55.1
kgz,Kyrgyz Republic,1959,55.4
kgz,Kyrgyz Republic,1960,55.9
kgz,Kyrgyz Republic,1961,56.4
kgz,Kyrgyz Republic,1962,57.0
kgz,Kyrgyz Republic,1963,57.6
kgz,Kyrgyz Republic,1964,58.2
kgz,Kyrgyz Republic,1965,58.8
kgz,Kyrgyz Republic,1966,59.4
kgz,Kyrgyz Republic,1967,60.1
kgz,Kyrgyz Republic,1968,60.7
kgz,Kyrgyz Republic,1969,61.2
kgz,Kyrgyz Republic,1970,61.4
kgz,Kyrgyz Republic,1971,61.1
kgz,Kyrgyz Republic,1972,60.8
kgz,Kyrgyz Republic,1973,61.0
kgz,Kyrgyz Republic,1974,61.4
kgz,Kyrgyz Republic,1975,61.9
kgz,Kyrgyz Republic,1976,62.3
kgz,Kyrgyz Republic,1977,62.7
kgz,Kyrgyz Republic,1978,63.1
kgz,Kyrgyz Republic,1979,63.6
kgz,Kyrgyz Republic,1980,64.0
kgz,Kyrgyz Republic,1981,64.3
kgz,Kyrgyz Republic,1982,64.5
kgz,Kyrgyz Republic,1983,64.7
kgz,Kyrgyz Republic,1984,65.0
kgz,Kyrgyz Republic,1985,65.5
kgz,Kyrgyz Republic,1986,66.1
kgz,Kyrgyz Republic,1987,66.5
kgz,Kyrgyz Republic,1988,66.6
kgz,Kyrgyz Republic,1989,66.7
kgz,Kyrgyz Republic,1990,66.8
kgz,Kyrgyz Republic,1991,66.8
kgz,Kyrgyz Republic,1992,66.4
kgz,Kyrgyz Republic,1993,65.6
kgz,Kyrgyz Republic,1994,65.0
kgz,Kyrgyz Republic,1995,65.2
kgz,Kyrgyz Republic,1996,65.6
kgz,Kyrgyz Republic,1997,66.1
kgz,Kyrgyz Republic,1998,66.5
kgz,Kyrgyz Republic,1999,66.9
kgz,Kyrgyz Republic,2000,67.0
kgz,Kyrgyz Republic,2001,67.2
kgz,Kyrgyz Republic,2002,67.2
kgz,Kyrgyz Republic,2003,67.2
kgz,Kyrgyz Republic,2004,67.3
kgz,Kyrgyz Republic,2005,67.4
kgz,Kyrgyz Republic,2006,67.4
kgz,Kyrgyz Republic,2007,67.7
kgz,Kyrgyz Republic,2008,68.2
kgz,Kyrgyz Republic,2009,69.0
kgz,Kyrgyz Republic,2010,69.4
kgz,Kyrgyz Republic,2011,69.9
kgz,Kyrgyz Republic,2012,70.2
kgz,Kyrgyz Republic,2013,70.8
kgz,Kyrgyz Republic,2014,71.3
kgz,Kyrgyz Republic,2015,71.8
kgz,Kyrgyz Republic,2016,72.3
kgz,Kyrgyz Republic,2017,72.8
kgz,Kyrgyz Republic,2018,73.5
kgz,Kyrgyz Republic,2019,74.5
kgz,Kyrgyz Republic,2020,71.6
kgz,Kyrgyz Republic,2021,72.3
kgz,Kyrgyz Republic,2022,74.7
kgz,Kyrgyz Republic,2023,75.2
kgz,Kyrgyz Republic,2024,75.3
kgz,Kyrgyz Republic,2025,75.51
khm,Cambodia,1900,36.64
khm,Cambodia,1901,36.67
khm,Cambodia,1902,36.71
khm,Cambodia,1903,36.74
khm,Cambodia,1904,36.77
khm,Cambodia,1905,36.8
khm,Cambodia,1906,36.84
khm,Cambodia,1907,36.87
khm,Cambodia,1908,36.9
khm,Cambodia,1909,36.94
khm,Cambodia,1910,36.97
khm,Cambodia,1911,37.0
khm,Cambodia,1912,37.03
khm,Cambodia,1913,37.07
khm,Cambodia,1914,37.1
khm,Cambodia,1915,37.13
khm,Cambodia,1916,37.17
khm,Cambodia,1917,37.2
khm,Cambodia,1918,23.86
khm,Cambodia,1919,37.26
khm,Cambodia,1920,37.3
khm,Cambodia,1921,37.33
khm,Cambodia,1922,37.36
khm,Cambodia,1923,37.4
khm,Cambodia,1924,37.43
khm,Cambodia,1925,37.46
khm,Cambodia,1926,37.49
khm,Cambodia,1927,37.53
khm,Cambodia,1928,37.56
khm,Cambodia,1929,37.59
khm,Cambodia,1930,37.63
khm,Cambodia,1931,37.66
khm,Cambodia,1932,37.69
khm,Cambodia,1933,37.72
khm,Cambodia,1934,37.76
khm,Cambodia,1935,37.79
khm,Cambodia,1936,37.82
khm,Cambodia,1937,37.85
khm,Cambodia,1938,37.89
khm,Cambodia,1939,37.92
khm,Cambodia,1940,36.87
khm,Cambodia,1941,36.52
khm,Cambodia,1942,36.51
khm,Cambodia,1943,36.49
khm,Cambodia,1944,34.52
khm,Cambodia,1945,30.79
khm,Cambodia,1946,38.5
khm,Cambodia,1947,39.9
khm,Cambodia,1948,41.29
khm,Cambodia,1949,42.7
khm,Cambodia,1950,44.1
khm,Cambodia,1951,44.6
khm,Cambodia,1952,45.0
khm,Cambodia,1953,45.5
khm,Cambodia,1954,46.1
khm,Cambodia,1955,46.5
khm,Cambodia,1956,47.0
khm,Cambodia,1957,47.5
khm,Cambodia,1958,48.0
khm,Cambodia,1959,48.5
khm,Cambodia,1960,49.1
khm,Cambodia,1961,49.6
khm,Cambodia,1962,50.1
khm,Cambodia,1963,50.6
khm,Cambodia,1964,51.1
khm,Cambodia,1965,51.5
khm,Cambodia,1966,51.9
khm,Cambodia,1967,52.1
khm,Cambodia,1968,52.5
khm,Cambodia,1969,52.8
khm,Cambodia,1970,45.0
khm,Cambodia,1971,45.4
khm,Cambodia,1972,45.8
khm,Cambodia,1973,46.1
khm,Cambodia,1974,46.4
khm,Cambodia,1975,26.8
khm,Cambodia,1976,26.6
khm,Cambodia,1977,26.4
khm,Cambodia,1978,26.1
khm,Cambodia,1979,25.8
khm,Cambodia,1980,53.2
khm,Cambodia,1981,53.6
khm,Cambodia,1982,54.0
khm,Cambodia,1983,54.5
khm,Cambodia,1984,55.0
khm,Cambodia,1985,55.4
khm,Cambodia,1986,55.8
khm,Cambodia,1987,57.5
khm,Cambodia,1988,57.9
khm,Cambodia,1989,58.0
khm,Cambodia,1990,58.3
khm,Cambodia,1991,58.5
khm,Cambodia,1992,58.8
khm,Cambodia,1993,59.1
khm,Cambodia,1994,59.2
khm,Cambodia,1995,59.5
khm,Cambodia,1996,59.9
khm,Cambodia,1997,60.5
khm,Cambodia,1998,60.9
khm,Cambodia,1999,61.7
khm,Cambodia,2000,62.4
khm,Cambodia,2001,63.2
khm,Cambodia,2002,64.0
khm,Cambodia,2003,64.9
khm,Cambodia,2004,65.8
khm,Cambodia,2005,66.6
khm,Cambodia,2006,67.5
khm,Cambodia,2007,68.2
khm,Cambodia,2008,69.0
khm,Cambodia,2009,69.6
khm,Cambodia,2010,70.1
khm,Cambodia,2011,70.7
khm,Cambodia,2012,71.1
khm,Cambodia,2013,71.4
khm,Cambodia,2014,71.8
khm,Cambodia,2015,72.2
khm,Cambodia,2016,72.4
khm,Cambodia,2017,72.8
khm,Cambodia,2018,73.1
khm,Cambodia,2019,73.3
khm,Cambodia,2020,73.4
khm,Cambodia,2021,73.0
khm,Cambodia,2022,73.3
khm,Cambodia,2023,73.1
khm,Cambodia,2024,73.2
khm,Cambodia,2025,73.41
kir,Kiribati,1900,26.77
kir,Kiribati,1901,26.81
kir,Kiribati,1902,26.84
kir,Kiribati,1903,26.88
kir,Kiribati,1904,26.92
kir,Kiribati,1905,26.96
kir,Kiribati,1906,26.99
kir,Kiribati,1907,27.03
kir,Kiribati,1908,27.07
kir,Kiribati,1909,27.11
kir,Kiribati,1910,27.14
kir,Kiribati,1911,27.18
kir,Kiribati,1912,27.22
kir,Kiribati,1913,27.26
kir,Kiribati,1914,27.29
kir,Kiribati,1915,27.33
kir,Kiribati,1916,27.37
kir,Kiribati,1917,27.41
kir,Kiribati,1918,27.44
kir,Kiribati,1919,27.48
kir,Kiribati,1920,27.52
kir,Kiribati,1921,27.56
kir,Kiribati,1922,27.59
kir,Kiribati,1923,27.63
kir,Kiribati,1924,27.67
kir,Kiribati,1925,27.7
kir,Kiribati,1926,27.74
kir,Kiribati,1927,27.78
kir,Kiribati,1928,27.82
kir,Kiribati,1929,27.85
kir,Kiribati,1930,27.89
kir,Kiribati,1931,27.93
kir,Kiribati,1932,27.97
kir,Kiribati,1933,28.0
kir,Kiribati,1934,28.04
kir,Kiribati,1935,29.33
kir,Kiribati,1936,30.61
kir,Kiribati,1937,31.91
kir,Kiribati,1938,33.21
kir,Kiribati,1939,34.5
kir,Kiribati,1940,35.8
kir,Kiribati,1941,37.06
kir,Kiribati,1942,34.02
kir,Kiribati,1943,30.59
kir,Kiribati,1944,35.14
kir,Kiribati,1945,30.54
kir,Kiribati,1946,42.88
kir,Kiribati,1947,44.49
kir,Kiribati,1948,45.85
kir,Kiribati,1949,47.12
kir,Kiribati,1950,48.4
kir,Kiribati,1951,48.8
kir,Kiribati,1952,49.2
kir,Kiribati,1953,49.6
kir,Kiribati,1954,50.1
kir,Kiribati,1955,50.5
kir,Kiribati,1956,50.9
kir,Kiribati,1957,51.4
kir,Kiribati,1958,51.8
kir,Kiribati,1959,52.3
kir,Kiribati,1960,52.7
kir,Kiribati,1961,53.2
kir,Kiribati,1962,53.7
kir,Kiribati,1963,54.3
kir,Kiribati,1964,54.8
kir,Kiribati,1965,55.4
kir,Kiribati,1966,55.9
kir,Kiribati,1967,56.4
kir,Kiribati,1968,57.0
kir,Kiribati,1969,57.5
kir,Kiribati,1970,58.0
kir,Kiribati,1971,58.5
kir,Kiribati,1972,58.8
kir,Kiribati,1973,59.5
kir,Kiribati,1974,60.3
kir,Kiribati,1975,61.0
kir,Kiribati,1976,61.5
kir,Kiribati,1977,61.3
kir,Kiribati,1978,62.3
kir,Kiribati,1979,62.5
kir,Kiribati,1980,62.8
kir,Kiribati,1981,63.0
kir,Kiribati,1982,63.2
kir,Kiribati,1983,63.5
kir,Kiribati,1984,63.7
kir,Kiribati,1985,63.9
kir,Kiribati,1986,64.1
kir,Kiribati,1987,64.3
kir,Kiribati,1988,64.6
kir,Kiribati,1989,64.8
kir,Kiribati,1990,65.0
kir,Kiribati,1991,65.0
kir,Kiribati,1992,65.2
kir,Kiribati,1993,65.4
kir,Kiribati,1994,65.5
kir,Kiribati,1995,65.6
kir,Kiribati,1996,66.0
kir,Kiribati,1997,66.2
kir,Kiribati,1998,66.4
kir,Kiribati,1999,66.7
kir,Kiribati,2000,66.9
kir,Kiribati,2001,67.1
kir,Kiribati,2002,67.3
kir,Kiribati,2003,67.6
kir,Kiribati,2004,67.8
kir,Kiribati,2005,68.0
kir,Kiribati,2006,68.2
kir,Kiribati,2007,68.4
kir,Kiribati,2008,68.6
kir,Kiribati,2009,68.8
kir,Kiribati,2010,68.9
kir,Kiribati,2011,69.1
kir,Kiribati,2012,69.3
kir,Kiribati,2013,69.6
kir,Kiribati,2014,69.8
kir,Kiribati,2015,70.1
kir,Kiribati,2016,70.3
kir,Kiribati,2017,70.6
kir,Kiribati,2018,68.6
kir,Kiribati,2019,71.0
kir,Kiribati,2020,70.5
kir,Kiribati,2021,69.1
kir,Kiribati,2022,70.8
kir,Kiribati,2023,71.2
kir,Kiribati,2024,71.31
kir,Kiribati,2025,71.41
kna,St. Kitts and Nevis,1950,64.3
kna,St. Kitts and Nevis,1951,64.3
kna,St. Kitts and Nevis,1952,64.0
kna,St. Kitts and Nevis,1953,63.4
kna,St. Kitts and Nevis,1954,62.4
kna,St. Kitts and Nevis,1955,61.3
kna,St. Kitts and Nevis,1956,60.6
kna,St. Kitts and Nevis,1957,60.2
kna,St. Kitts and Nevis,1958,59.8
kna,St. Kitts and Nevis,1959,57.8
kna,St. Kitts and Nevis,1960,54.8
kna,St. Kitts and Nevis,1961,55.1
kna,St. Kitts and Nevis,1962,57.1
kna,St. Kitts and Nevis,1963,58.7
kna,St. Kitts and Nevis,1964,59.9
kna,St. Kitts and Nevis,1965,61.1
kna,St. Kitts and Nevis,1966,62.5
kna,St. Kitts and Nevis,1967,64.0
kna,St. Kitts and Nevis,1968,65.0
kna,St. Kitts and Nevis,1969,65.6
kna,St. Kitts and Nevis,1970,65.8
kna,St. Kitts and Nevis,1971,65.7
kna,St. Kitts and Nevis,1972,65.5
kna,St. Kitts and Nevis,1973,65.3
kna,St. Kitts and Nevis,1974,65.3
kna,St. Kitts and Nevis,1975,65.3
kna,St. Kitts and Nevis,1976,65.2
kna,St. Kitts and Nevis,1977,65.3
kna,St. Kitts and Nevis,1978,65.4
kna,St. Kitts and Nevis,1979,65.6
kna,St. Kitts and Nevis,1980,65.8
kna,St. Kitts and Nevis,1981,66.0
kna,St. Kitts and Nevis,1982,66.3
kna,St. Kitts and Nevis,1983,66.7
kna,St. Kitts and Nevis,1984,67.1
kna,St. Kitts and Nevis,1985,67.5
kna,St. Kitts and Nevis,1986,67.8
kna,St. Kitts and Nevis,1987,68.1
kna,St. Kitts and Nevis,1988,68.3
kna,St. Kitts and Nevis,1989,68.5
kna,St. Kitts and Nevis,1990,68.8
kna,St. Kitts and Nevis,1991,69.3
kna,St. Kitts and Nevis,1992,69.6
kna,St. Kitts and Nevis,1993,69.9
kna,St. Kitts and Nevis,1994,70.2
kna,St. Kitts and Nevis,1995,70.1
kna,St. Kitts and Nevis,1996,70.3
kna,St. Kitts and Nevis,1997,70.7
kna,St. Kitts and Nevis,1998,70.7
kna,St. Kitts and Nevis,1999,71.2
kna,St. Kitts and Nevis,2000,71.4
kna,St. Kitts and Nevis,2001,71.6
kna,St. Kitts and Nevis,2002,71.9
kna,St. Kitts and Nevis,2003,72.2
kna,St. Kitts and Nevis,2004,72.4
kna,St. Kitts and Nevis,2005,72.6
kna,St. Kitts and Nevis,2006,72.9
kna,St. Kitts and Nevis,2007,73.3
kna,St. Kitts and Nevis,2008,73.4
kna,St. Kitts and Nevis,2009,73.5
kna,St. Kitts and Nevis,2010,73.6
kna,St. Kitts and Nevis,2011,73.6
kna,St. Kitts and Nevis,2012,73.9
kna,St. Kitts and Nevis,2013,74.1
kna,St. Kitts and Nevis,2014,74.2
kna,St. Kitts and Nevis,2015,74.2
kna,St. Kitts and Nevis,2016,74.3
kna,St. Kitts and Nevis,2017,74.5
kna,St. Kitts and Nevis,2018,74.7
kna,St. Kitts and Nevis,2019,74.8
kna,St. Kitts and Nevis,2020,74.1
kna,St. Kitts and Nevis,2021,73.1
kna,St. Kitts and Nevis,2022,74.3
kna,St. Kitts and Nevis,2023,74.8
kna,St. Kitts and Nevis,2024,75.01
kna,St. Kitts and Nevis,2025,75.11
kor,South Korea,1900,23.72
kor,South Korea,1901,23.68
kor,South Korea,1902,23.64
kor,South Korea,1903,23.6
kor,South Korea,1904,23.14
kor,South Korea,1905,22.68
kor,South Korea,1906,22.22
kor,South Korea,1907,21.77
kor,South Korea,1908,21.32
kor,South Korea,1909,21.54
kor,South Korea,1910,21.77
kor,South Korea,1911,22.0
kor,South Korea,1912,22.23
kor,South Korea,1913,22.45
kor,South Korea,1914,22.86
kor,South Korea,1915,23.26
kor,South Korea,1916,23.67
kor,South Korea,1917,24.07
kor,South Korea,1918,15.17
kor,South Korea,1919,24.44
kor,South Korea,1920,24.85
kor,South Korea,1921,25.25
kor,South Korea,1922,25.66
kor,South Korea,1923,26.06
kor,South Korea,1924,26.74
kor,South Korea,1925,27.4
kor,South Korea,1926,28.07
kor,South Korea,1927,28.73
kor,South Korea,1928,29.39
kor,South Korea,1929,29.99
kor,South Korea,1930,30.6
kor,South Korea,1931,31.2
kor,South Korea,1932,31.8
kor,South Korea,1933,32.4
kor,South Korea,1934,33.23
kor,South Korea,1935,34.06
kor,South Korea,1936,34.9
kor,South Korea,1937,35.72
kor,South Korea,1938,36.54
kor,South Korea,1939,36.97
kor,South Korea,1940,37.4
kor,South Korea,1941,37.82
kor,South Korea,1942,38.25
kor,South Korea,1943,36.57
kor,South Korea,1944,35.66
kor,South Korea,1945,36.01
kor,South Korea,1946,38.06
kor,South Korea,1947,39.68
kor,South Korea,1948,40.1
kor,South Korea,1949,40.4
kor,South Korea,1950,36.1
kor,South Korea,1951,40.2
kor,South Korea,1952,48.3
kor,South Korea,1953,51.0
kor,South Korea,1954,52.5
kor,South Korea,1955,53.5
kor,South Korea,1956,54.4
kor,South Korea,1957,55.1
kor,South Korea,1958,55.6
kor,South Korea,1959,56.0
kor,South Korea,1960,56.4
kor,South Korea,1961,56.7
kor,South Korea,1962,57.1
kor,South Korea,1963,57.6
kor,South Korea,1964,58.2
kor,South Korea,1965,58.8
kor,South Korea,1966,59.4
kor,South Korea,1967,60.0
kor,South Korea,1968,60.7
kor,South Korea,1969,61.5
kor,South Korea,1970,62.3
kor,South Korea,1971,63.0
kor,South Korea,1972,63.7
kor,South Korea,1973,64.4
kor,South Korea,1974,65.0
kor,South Korea,1975,65.5
kor,South Korea,1976,65.8
kor,South Korea,1977,65.9
kor,South Korea,1978,66.2
kor,South Korea,1979,66.7
kor,South Korea,1980,66.2
kor,South Korea,1981,67.6
kor,South Korea,1982,67.9
kor,South Korea,1983,67.7
kor,South Korea,1984,68.7
kor,South Korea,1985,69.3
kor,South Korea,1986,69.7
kor,South Korea,1987,70.1
kor,South Korea,1988,70.9
kor,South Korea,1989,71.4
kor,South Korea,1990,71.7
kor,South Korea,1991,72.2
kor,South Korea,1992,72.9
kor,South Korea,1993,73.4
kor,South Korea,1994,73.6
kor,South Korea,1995,74.1
kor,South Korea,1996,74.6
kor,South Korea,1997,74.8
kor,South Korea,1998,75.1
kor,South Korea,1999,75.6
kor,South Korea,2000,76.2
kor,South Korea,2001,76.8
kor,South Korea,2002,77.1
kor,South Korea,2003,77.6
kor,South Korea,2004,78.1
kor,South Korea,2005,78.7
kor,South Korea,2006,79.2
kor,South Korea,2007,79.6
kor,South Korea,2008,80.1
kor,South Korea,2009,80.5
kor,South Korea,2010,80.7
kor,South Korea,2011,81.1
kor,South Korea,2012,81.3
kor,South Korea,2013,81.8
kor,South Korea,2014,82.2
kor,South Korea,2015,82.4
kor,South Korea,2016,82.7
kor,South Korea,2017,82.9
kor,South Korea,2018,83.0
kor,South Korea,2019,83.4
kor,South Korea,2020,83.5
kor,South Korea,2021,83.5
kor,South Korea,2022,82.6
kor,South Korea,2023,83.4
kor,South Korea,2024,83.5
kor,South Korea,2025,83.6
kwt,Kuwait,1900,29.11
kwt,Kuwait,1901,29.17
kwt,Kuwait,1902,29.23
kwt,Kuwait,1903,29.3
kwt,Kuwait,1904,29.36
kwt,Kuwait,1905,29.42
kwt,Kuwait,1906,29.48
kwt,Kuwait,1907,29.55
kwt,Kuwait,1908,29.61
kwt,Kuwait,1909,29.67
kwt,Kuwait,1910,29.73
kwt,Kuwait,1911,29.79
kwt,Kuwait,1912,29.86
kwt,Kuwait,1913,29.92
kwt,Kuwait,1914,29.98
kwt,Kuwait,1915,30.04
kwt,Kuwait,1916,30.11
kwt,Kuwait,1917,30.17
kwt,Kuwait,1918,25.06
kwt,Kuwait,1919,30.29
kwt,Kuwait,1920,30.35
kwt,Kuwait,1921,30.42
kwt,Kuwait,1922,30.48
kwt,Kuwait,1923,30.54
kwt,Kuwait,1924,30.6
kwt,Kuwait,1925,30.67
kwt,Kuwait,1926,30.73
kwt,Kuwait,1927,30.79
kwt,Kuwait,1928,30.85
kwt,Kuwait,1929,30.91
kwt,Kuwait,1930,30.98
kwt,Kuwait,1931,31.04
kwt,Kuwait,1932,31.1
kwt,Kuwait,1933,31.16
kwt,Kuwait,1934,31.23
kwt,Kuwait,1935,31.29
kwt,Kuwait,1936,31.35
kwt,Kuwait,1937,31.41
kwt,Kuwait,1938,31.47
kwt,Kuwait,1939,31.54
kwt,Kuwait,1940,34.39
kwt,Kuwait,1941,37.38
kwt,Kuwait,1942,40.37
kwt,Kuwait,1943,43.4
kwt,Kuwait,1944,46.42
kwt,Kuwait,1945,49.46
kwt,Kuwait,1946,52.49
kwt,Kuwait,1947,55.57
kwt,Kuwait,1948,58.64
kwt,Kuwait,1949,61.72
kwt,Kuwait,1950,64.8
kwt,Kuwait,1951,65.0
kwt,Kuwait,1952,65.2
kwt,Kuwait,1953,65.7
kwt,Kuwait,1954,65.9
kwt,Kuwait,1955,66.1
kwt,Kuwait,1956,66.2
kwt,Kuwait,1957,66.2
kwt,Kuwait,1958,65.8
kwt,Kuwait,1959,65.0
kwt,Kuwait,1960,64.1
kwt,Kuwait,1961,63.4
kwt,Kuwait,1962,63.3
kwt,Kuwait,1963,63.7
kwt,Kuwait,1964,64.2
kwt,Kuwait,1965,64.6
kwt,Kuwait,1966,64.5
kwt,Kuwait,1967,64.5
kwt,Kuwait,1968,65.0
kwt,Kuwait,1969,65.9
kwt,Kuwait,1970,66.9
kwt,Kuwait,1971,67.4
kwt,Kuwait,1972,67.7
kwt,Kuwait,1973,67.8
kwt,Kuwait,1974,67.9
kwt,Kuwait,1975,68.2
kwt,Kuwait,1976,68.6
kwt,Kuwait,1977,69.1
kwt,Kuwait,1978,69.7
kwt,Kuwait,1979,70.2
kwt,Kuwait,1980,70.6
kwt,Kuwait,1981,70.9
kwt,Kuwait,1982,71.3
kwt,Kuwait,1983,71.6
kwt,Kuwait,1984,72.0
kwt,Kuwait,1985,72.2
kwt,Kuwait,1986,72.3
kwt,Kuwait,1987,72.5
kwt,Kuwait,1988,72.8
kwt,Kuwait,1989,73.4
kwt,Kuwait,1990,71.8
kwt,Kuwait,1991,69.9
kwt,Kuwait,1992,74.5
kwt,Kuwait,1993,74.3
kwt,Kuwait,1994,74.4
kwt,Kuwait,1995,74.3
kwt,Kuwait,1996,74.2
kwt,Kuwait,1997,74.4
kwt,Kuwait,1998,74.6
kwt,Kuwait,1999,75.0
kwt,Kuwait,2000,75.3
kwt,Kuwait,2001,75.3
kwt,Kuwait,2002,75.4
kwt,Kuwait,2003,75.7
kwt,Kuwait,2004,76.1
kwt,Kuwait,2005,76.5
kwt,Kuwait,2006,76.4
kwt,Kuwait,2007,76.7
kwt,Kuwait,2008,77.0
kwt,Kuwait,2009,77.5
kwt,Kuwait,2010,78.0
kwt,Kuwait,2011,78.1
kwt,Kuwait,2012,78.6
kwt,Kuwait,2013,79.0
kwt,Kuwait,2014,79.4
kwt,Kuwait,2015,79.6
kwt,Kuwait,2016,79.6
kwt,Kuwait,2017,79.8
kwt,Kuwait,2018,80.0
kwt,Kuwait,2019,80.2
kwt,Kuwait,2020,78.6
kwt,Kuwait,2021,78.6
kwt,Kuwait,2022,80.5
kwt,Kuwait,2023,81.1
kwt,Kuwait,2024,81.3
kwt,Kuwait,2025,81.5
lao,Lao,1900,29.78
lao,Lao,1901,29.73
lao,Lao,1902,29.69
lao,Lao,1903,29.65
lao,Lao,1904,29.61
lao,Lao,1905,29.56
lao,Lao,1906,29.52
lao,Lao,1907,29.48
lao,Lao,1908,29.44
lao,Lao,1909,29.39
lao,Lao,1910,29.35
lao,Lao,1911,29.31
lao,Lao,1912,29.27
lao,Lao,1913,29.22
lao,Lao,1914,29.18
lao,Lao,1915,29.14
lao,Lao,1916,29.1
lao,Lao,1917,29.05
lao,Lao,1918,18.59
lao,Lao,1919,28.97
lao,Lao,1920,28.93
lao,Lao,1921,28.88
lao,Lao,1922,28.84
lao,Lao,1923,28.8
lao,Lao,1924,28.76
lao,Lao,1925,28.71
lao,Lao,1926,28.67
lao,Lao,1927,28.63
lao,Lao,1928,28.59
lao,Lao,1929,28.54
lao,Lao,1930,28.5
lao,Lao,1931,28.46
lao,Lao,1932,28.42
lao,Lao,1933,28.37
lao,Lao,1934,28.33
lao,Lao,1935,28.29
lao,Lao,1936,28.25
lao,Lao,1937,28.2
lao,Lao,1938,28.16
lao,Lao,1939,28.12
lao,Lao,1940,27.72
lao,Lao,1941,27.38
lao,Lao,1942,27.02
lao,Lao,1943,26.23
lao,Lao,1944,25.27
lao,Lao,1945,23.35
lao,Lao,1946,29.37
lao,Lao,1947,31.03
lao,Lao,1948,33.1
lao,Lao,1949,33.87
lao,Lao,1950,34.5
lao,Lao,1951,34.8
lao,Lao,1952,35.1
lao,Lao,1953,35.4
lao,Lao,1954,36.0
lao,Lao,1955,36.4
lao,Lao,1956,36.7
lao,Lao,1957,37.1
lao,Lao,1958,37.4
lao,Lao,1959,37.0
lao,Lao,1960,37.4
lao,Lao,1961,37.8
lao,Lao,1962,39.0
lao,Lao,1963,38.1
lao,Lao,1964,38.5
lao,Lao,1965,38.9
lao,Lao,1966,39.3
lao,Lao,1967,39.9
lao,Lao,1968,40.3
lao,Lao,1969,40.8
lao,Lao,1970,41.2
lao,Lao,1971,41.7
lao,Lao,1972,42.2
lao,Lao,1973,42.8
lao,Lao,1974,44.5
lao,Lao,1975,45.0
lao,Lao,1976,45.5
lao,Lao,1977,45.9
lao,Lao,1978,46.3
lao,Lao,1979,46.6
lao,Lao,1980,47.0
lao,Lao,1981,47.5
lao,Lao,1982,48.0
lao,Lao,1983,48.5
lao,Lao,1984,48.9
lao,Lao,1985,49.3
lao,Lao,1986,49.7
lao,Lao,1987,50.0
lao,Lao,1988,50.3
lao,Lao,1989,50.6
lao,Lao,1990,50.8
lao,Lao,1991,51.2
lao,Lao,1992,51.6
lao,Lao,1993,51.9
lao,Lao,1994,52.3
lao,Lao,1995,53.1
lao,Lao,1996,53.8
lao,Lao,1997,54.6
lao,Lao,1998,55.2
lao,Lao,1999,56.1
lao,Lao,2000,56.9
lao,Lao,2001,57.8
lao,Lao,2002,58.7
lao,Lao,2003,59.6
lao,Lao,2004,60.4
lao,Lao,2005,61.1
lao,Lao,2006,61.8
lao,Lao,2007,62.4
lao,Lao,2008,63.0
lao,Lao,2009,63.5
lao,Lao,2010,63.9
lao,Lao,2011,64.3
lao,Lao,2012,64.7
lao,Lao,2013,64.9
lao,Lao,2014,65.2
lao,Lao,2015,65.4
lao,Lao,2016,65.6
lao,Lao,2017,65.8
lao,Lao,2018,65.9
lao,Lao,2019,66.1
lao,Lao,2020,66.2
lao,Lao,2021,66.2
lao,Lao,2022,66.0
lao,Lao,2023,66.1
lao,Lao,2024,66.29
lao,Lao,2025,66.58
lbn,Lebanon,1900,29.2
lbn,Lebanon,1901,29.19
lbn,Lebanon,1902,29.18
lbn,Lebanon,1903,29.17
lbn,Lebanon,1904,29.16
lbn,Lebanon,1905,29.15
lbn,Lebanon,1906,29.14
lbn,Lebanon,1907,29.13
lbn,Lebanon,1908,29.12
lbn,Lebanon,1909,29.11
lbn,Lebanon,1910,29.1
lbn,Lebanon,1911,29.09
lbn,Lebanon,1912,29.08
lbn,Lebanon,1913,29.07
lbn,Lebanon,1914,29.06
lbn,Lebanon,1915,29.05
lbn,Lebanon,1916,29.04
lbn,Lebanon,1917,29.03
lbn,Lebanon,1918,24.05
lbn,Lebanon,1919,29.01
lbn,Lebanon,1920,29.0
lbn,Lebanon,1921,28.99
lbn,Lebanon,1922,28.98
lbn,Lebanon,1923,28.97
lbn,Lebanon,1924,28.96
lbn,Lebanon,1925,28.95
lbn,Lebanon,1926,28.94
lbn,Lebanon,1927,28.93
lbn,Lebanon,1928,28.92
lbn,Lebanon,1929,28.91
lbn,Lebanon,1930,28.9
lbn,Lebanon,1931,28.89
lbn,Lebanon,1932,28.88
lbn,Lebanon,1933,28.87
lbn,Lebanon,1934,28.86
lbn,Lebanon,1935,28.85
lbn,Lebanon,1936,28.84
lbn,Lebanon,1937,28.83
lbn,Lebanon,1938,28.82
lbn,Lebanon,1939,28.81
lbn,Lebanon,1940,28.8
lbn,Lebanon,1941,31.66
lbn,Lebanon,1942,34.53
lbn,Lebanon,1943,37.4
lbn,Lebanon,1944,40.26
lbn,Lebanon,1945,43.12
lbn,Lebanon,1946,45.98
lbn,Lebanon,1947,48.83
lbn,Lebanon,1948,51.69
lbn,Lebanon,1949,54.54
lbn,Lebanon,1950,57.4
lbn,Lebanon,1951,58.8
lbn,Lebanon,1952,59.9
lbn,Lebanon,1953,61.0
lbn,Lebanon,1954,62.0
lbn,Lebanon,1955,62.3
lbn,Lebanon,1956,63.6
lbn,Lebanon,1957,64.6
lbn,Lebanon,1958,63.0
lbn,Lebanon,1959,66.0
lbn,Lebanon,1960,66.6
lbn,Lebanon,1961,67.3
lbn,Lebanon,1962,67.9
lbn,Lebanon,1963,68.5
lbn,Lebanon,1964,69.1
lbn,Lebanon,1965,69.6
lbn,Lebanon,1966,70.2
lbn,Lebanon,1967,70.7
lbn,Lebanon,1968,71.2
lbn,Lebanon,1969,71.7
lbn,Lebanon,1970,72.1
lbn,Lebanon,1971,72.5
lbn,Lebanon,1972,73.0
lbn,Lebanon,1973,73.4
lbn,Lebanon,1974,73.8
lbn,Lebanon,1975,67.0
lbn,Lebanon,1976,44.0
lbn,Lebanon,1977,74.5
lbn,Lebanon,1978,74.5
lbn,Lebanon,1979,74.5
lbn,Lebanon,1980,74.5
lbn,Lebanon,1981,74.5
lbn,Lebanon,1982,52.7
lbn,Lebanon,1983,68.9
lbn,Lebanon,1984,69.2
lbn,Lebanon,1985,70.8
lbn,Lebanon,1986,71.1
lbn,Lebanon,1987,76.0
lbn,Lebanon,1988,76.2
lbn,Lebanon,1989,75.4
lbn,Lebanon,1990,74.7
lbn,Lebanon,1991,76.9
lbn,Lebanon,1992,77.0
lbn,Lebanon,1993,77.2
lbn,Lebanon,1994,77.5
lbn,Lebanon,1995,77.7
lbn,Lebanon,1996,77.9
lbn,Lebanon,1997,78.3
lbn,Lebanon,1998,78.6
lbn,Lebanon,1999,79.0
lbn,Lebanon,2000,79.3
lbn,Lebanon,2001,79.7
lbn,Lebanon,2002,80.1
lbn,Lebanon,2003,80.4
lbn,Lebanon,2004,80.6
lbn,Lebanon,2005,80.6
lbn,Lebanon,2006,79.9
lbn,Lebanon,2007,80.5
lbn,Lebanon,2008,80.4
lbn,Lebanon,2009,80.4
lbn,Lebanon,2010,80.4
lbn,Lebanon,2011,80.0
lbn,Lebanon,2012,79.4
lbn,Lebanon,2013,78.9
lbn,Lebanon,2014,78.7
lbn,Lebanon,2015,79.0
lbn,Lebanon,2016,80.0
lbn,Lebanon,2017,80.3
lbn,Lebanon,2018,79.7
lbn,Lebanon,2019,77.6
lbn,Lebanon,2020,72.9
lbn,Lebanon,2021,77.0
lbn,Lebanon,2022,78.1
lbn,Lebanon,2023,78.9
lbn,Lebanon,2024,79.0
lbn,Lebanon,2025,79.2
lbr,Liberia,1900,35.5
lbr,Liberia,1901,35.59
lbr,Liberia,1902,35.68
lbr,Liberia,1903,35.76
lbr,Liberia,1904,35.85
lbr,Liberia,1905,35.94
lbr,Liberia,1906,36.03
lbr,Liberia,1907,36.12
lbr,Liberia,1908,36.2
lbr,Liberia,1909,36.29
lbr,Liberia,1910,36.38
lbr,Liberia,1911,36.47
lbr,Liberia,1912,36.56
lbr,Liberia,1913,36.64
lbr,Liberia,1914,36.73
lbr,Liberia,1915,36.82
lbr,Liberia,1916,36.91
lbr,Liberia,1917,37.0
lbr,Liberia,1918,14.34
lbr,Liberia,1919,37.17
lbr,Liberia,1920,37.26
lbr,Liberia,1921,37.35
lbr,Liberia,1922,37.44
lbr,Liberia,1923,37.52
lbr,Liberia,1924,37.61
lbr,Liberia,1925,37.7
lbr,Liberia,1926,37.79
lbr,Liberia,1927,37.88
lbr,Liberia,1928,37.96
lbr,Liberia,1929,38.05
lbr,Liberia,1930,38.14
lbr,Liberia,1931,38.23
lbr,Liberia,1932,38.32
lbr,Liberia,1933,38.4
lbr,Liberia,1934,38.49
lbr,Liberia,1935,38.58
lbr,Liberia,1936,38.67
lbr,Liberia,1937,38.76
lbr,Liberia,1938,38.84
lbr,Liberia,1939,38.93
lbr,Liberia,1940,39.02
lbr,Liberia,1941,39.15
lbr,Liberia,1942,39.27
lbr,Liberia,1943,39.4
lbr,Liberia,1944,39.51
lbr,Liberia,1945,39.64
lbr,Liberia,1946,40.17
lbr,Liberia,1947,40.71
lbr,Liberia,1948,41.23
lbr,Liberia,1949,41.77
lbr,Liberia,1950,42.3
lbr,Liberia,1951,42.4
lbr,Liberia,1952,42.3
lbr,Liberia,1953,42.9
lbr,Liberia,1954,43.0
lbr,Liberia,1955,42.9
lbr,Liberia,1956,43.2
lbr,Liberia,1957,43.3
lbr,Liberia,1958,43.5
lbr,Liberia,1959,43.6
lbr,Liberia,1960,43.7
lbr,Liberia,1961,43.8
lbr,Liberia,1962,44.0
lbr,Liberia,1963,44.1
lbr,Liberia,1964,44.3
lbr,Liberia,1965,44.4
lbr,Liberia,1966,44.6
lbr,Liberia,1967,44.8
lbr,Liberia,1968,45.0
lbr,Liberia,1969,45.3
lbr,Liberia,1970,45.6
lbr,Liberia,1971,45.9
lbr,Liberia,1972,46.2
lbr,Liberia,1973,46.5
lbr,Liberia,1974,46.8
lbr,Liberia,1975,47.0
lbr,Liberia,1976,47.3
lbr,Liberia,1977,47.4
lbr,Liberia,1978,47.6
lbr,Liberia,1979,47.7
lbr,Liberia,1980,47.6
lbr,Liberia,1981,47.8
lbr,Liberia,1982,47.8
lbr,Liberia,1983,47.7
lbr,Liberia,1984,47.7
lbr,Liberia,1985,47.7
lbr,Liberia,1986,47.9
lbr,Liberia,1987,48.1
lbr,Liberia,1988,48.5
lbr,Liberia,1989,49.1
lbr,Liberia,1990,46.8
lbr,Liberia,1991,48.4
lbr,Liberia,1992,48.9
lbr,Liberia,1993,47.5
lbr,Liberia,1994,46.4
lbr,Liberia,1995,47.8
lbr,Liberia,1996,46.3
lbr,Liberia,1997,49.6
lbr,Liberia,1998,50.0
lbr,Liberia,1999,50.7
lbr,Liberia,2000,51.7
lbr,Liberia,2001,52.7
lbr,Liberia,2002,52.6
lbr,Liberia,2003,52.8
lbr,Liberia,2004,55.3
lbr,Liberia,2005,56.0
lbr,Liberia,2006,56.5
lbr,Liberia,2007,57.2
lbr,Liberia,2008,57.5
lbr,Liberia,2009,57.7
lbr,Liberia,2010,57.9
lbr,Liberia,2011,58.2
lbr,Liberia,2012,58.2
lbr,Liberia,2013,58.3
lbr,Liberia,2014,55.5
lbr,Liberia,2015,57.7
lbr,Liberia,2016,59.6
lbr,Liberia,2017,60.2
lbr,Liberia,2018,60.7
lbr,Liberia,2019,60.9
lbr,Liberia,2020,58.2
lbr,Liberia,2021,56.2
lbr,Liberia,2022,60.8
lbr,Liberia,2023,61.5
lbr,Liberia,2024,61.6
lbr,Liberia,2025,61.8
lby,Libya,1900,32.21
lby,Libya,1901,32.19
lby,Libya,1902,32.17
lby,Libya,1903,32.16
lby,Libya,1904,32.14
lby,Libya,1905,32.12
lby,Libya,1906,32.1
lby,Libya,1907,32.08
lby,Libya,1908,32.07
lby,Libya,1909,32.05
lby,Libya,1910,32.03
lby,Libya,1911,32.01
lby,Libya,1912,32.0
lby,Libya,1913,31.98
lby,Libya,1914,31.96
lby,Libya,1915,31.94
lby,Libya,1916,31.92
lby,Libya,1917,31.91
lby,Libya,1918,24.4
lby,Libya,1919,31.87
lby,Libya,1920,31.85
lby,Libya,1921,31.83
lby,Libya,1922,31.82
lby,Libya,1923,31.8
lby,Libya,1924,31.78
lby,Libya,1925,31.76
lby,Libya,1926,31.75
lby,Libya,1927,31.73
lby,Libya,1928,31.71
lby,Libya,1929,31.69
lby,Libya,1930,31.67
lby,Libya,1931,31.66
lby,Libya,1932,31.64
lby,Libya,1933,31.62
lby,Libya,1934,31.6
lby,Libya,1935,31.59
lby,Libya,1936,31.57
lby,Libya,1937,31.55
lby,Libya,1938,31.53
lby,Libya,1939,31.51
lby,Libya,1940,31.21
lby,Libya,1941,29.58
lby,Libya,1942,28.8
lby,Libya,1943,28.78
lby,Libya,1944,29.05
lby,Libya,1945,31.3
lby,Libya,1946,32.8
lby,Libya,1947,33.66
lby,Libya,1948,34.51
lby,Libya,1949,35.35
lby,Libya,1950,36.2
lby,Libya,1951,36.9
lby,Libya,1952,37.5
lby,Libya,1953,38.2
lby,Libya,1954,38.9
lby,Libya,1955,39.6
lby,Libya,1956,40.4
lby,Libya,1957,41.2
lby,Libya,1958,41.9
lby,Libya,1959,42.8
lby,Libya,1960,43.7
lby,Libya,1961,44.5
lby,Libya,1962,45.5
lby,Libya,1963,46.2
lby,Libya,1964,47.6
lby,Libya,1965,48.6
lby,Libya,1966,49.7
lby,Libya,1967,50.7
lby,Libya,1968,51.8
lby,Libya,1969,52.9
lby,Libya,1970,53.8
lby,Libya,1971,54.7
lby,Libya,1972,55.6
lby,Libya,1973,56.5
lby,Libya,1974,57.6
lby,Libya,1975,58.6
lby,Libya,1976,59.6
lby,Libya,1977,60.3
lby,Libya,1978,61.7
lby,Libya,1979,62.7
lby,Libya,1980,63.7
lby,Libya,1981,64.6
lby,Libya,1982,65.5
lby,Libya,1983,66.3
lby,Libya,1984,67.1
lby,Libya,1985,67.9
lby,Libya,1986,68.6
lby,Libya,1987,66.9
lby,Libya,1988,69.6
lby,Libya,1989,69.9
lby,Libya,1990,70.5
lby,Libya,1991,70.9
lby,Libya,1992,71.2
lby,Libya,1993,71.7
lby,Libya,1994,72.1
lby,Libya,1995,72.4
lby,Libya,1996,71.9
lby,Libya,1997,72.9
lby,Libya,1998,72.8
lby,Libya,1999,72.9
lby,Libya,2000,73.0
lby,Libya,2001,73.1
lby,Libya,2002,73.1
lby,Libya,2003,73.2
lby,Libya,2004,73.3
lby,Libya,2005,73.3
lby,Libya,2006,73.5
lby,Libya,2007,73.6
lby,Libya,2008,73.8
lby,Libya,2009,73.9
lby,Libya,2010,74.0
lby,Libya,2011,71.7
lby,Libya,2012,73.9
lby,Libya,2013,74.3
lby,Libya,2014,72.7
lby,Libya,2015,72.9
lby,Libya,2016,73.2
lby,Libya,2017,74.0
lby,Libya,2018,74.3
lby,Libya,2019,74.2
lby,Libya,2020,72.2
lby,Libya,2021,70.3
lby,Libya,2022,74.5
lby,Libya,2023,70.1
lby,Libya,2024,71.92
lby,Libya,2025,74.05
lca,St. Lucia,1900,28.68
lca,St. Lucia,1901,28.69
lca,St. Lucia,1902,28.7
lca,St. Lucia,1903,28.72
lca,St. Lucia,1904,28.73
lca,St. Lucia,1905,28.74
lca,St. Lucia,1906,28.76
lca,St. Lucia,1907,28.77
lca,St. Lucia,1908,28.78
lca,St. Lucia,1909,28.8
lca,St. Lucia,1910,28.81
lca,St. Lucia,1911,28.82
lca,St. Lucia,1912,28.84
lca,St. Lucia,1913,28.85
lca,St. Lucia,1914,28.86
lca,St. Lucia,1915,28.88
lca,St. Lucia,1916,28.89
lca,St. Lucia,1917,28.9
lca,St. Lucia,1918,18.75
lca,St. Lucia,1919,28.93
lca,St. Lucia,1920,28.94
lca,St. Lucia,1921,28.96
lca,St. Lucia,1922,29.83
lca,St. Lucia,1923,30.69
lca,St. Lucia,1924,31.57
lca,St. Lucia,1925,32.44
lca,St. Lucia,1926,33.31
lca,St. Lucia,1927,34.18
lca,St. Lucia,1928,35.06
lca,St. Lucia,1929,35.93
lca,St. Lucia,1930,36.81
lca,St. Lucia,1931,37.68
lca,St. Lucia,1932,38.56
lca,St. Lucia,1933,39.44
lca,St. Lucia,1934,40.32
lca,St. Lucia,1935,41.19
lca,St. Lucia,1936,42.08
lca,St. Lucia,1937,42.96
lca,St. Lucia,1938,43.84
lca,St. Lucia,1939,44.72
lca,St. Lucia,1940,45.61
lca,St. Lucia,1941,46.47
lca,St. Lucia,1942,47.34
lca,St. Lucia,1943,48.21
lca,St. Lucia,1944,49.07
lca,St. Lucia,1945,49.94
lca,St. Lucia,1946,50.81
lca,St. Lucia,1947,51.68
lca,St. Lucia,1948,52.54
lca,St. Lucia,1949,53.43
lca,St. Lucia,1950,54.3
lca,St. Lucia,1951,54.6
lca,St. Lucia,1952,55.0
lca,St. Lucia,1953,55.4
lca,St. Lucia,1954,55.9
lca,St. Lucia,1955,56.2
lca,St. Lucia,1956,56.5
lca,St. Lucia,1957,56.8
lca,St. Lucia,1958,57.2
lca,St. Lucia,1959,57.6
lca,St. Lucia,1960,58.1
lca,St. Lucia,1961,58.7
lca,St. Lucia,1962,59.3
lca,St. Lucia,1963,59.7
lca,St. Lucia,1964,60.4
lca,St. Lucia,1965,60.9
lca,St. Lucia,1966,61.4
lca,St. Lucia,1967,61.9
lca,St. Lucia,1968,62.5
lca,St. Lucia,1969,63.0
lca,St. Lucia,1970,63.7
lca,St. Lucia,1971,64.4
lca,St. Lucia,1972,65.1
lca,St. Lucia,1973,65.7
lca,St. Lucia,1974,66.3
lca,St. Lucia,1975,66.8
lca,St. Lucia,1976,67.2
lca,St. Lucia,1977,67.7
lca,St. Lucia,1978,68.1
lca,St. Lucia,1979,68.4
lca,St. Lucia,1980,68.5
lca,St. Lucia,1981,68.9
lca,St. Lucia,1982,69.1
lca,St. Lucia,1983,69.3
lca,St. Lucia,1984,69.5
lca,St. Lucia,1985,69.7
lca,St. Lucia,1986,69.9
lca,St. Lucia,1987,70.0
lca,St. Lucia,1988,70.2
lca,St. Lucia,1989,70.4
lca,St. Lucia,1990,70.6
lca,St. Lucia,1991,70.9
lca,St. Lucia,1992,71.3
lca,St. Lucia,1993,71.5
lca,St. Lucia,1994,71.7
lca,St. Lucia,1995,72.0
lca,St. Lucia,1996,72.4
lca,St. Lucia,1997,72.9
lca,St. Lucia,1998,73.3
lca,St. Lucia,1999,73.6
lca,St. Lucia,2000,73.9
lca,St. Lucia,2001,74.1
lca,St. Lucia,2002,74.3
lca,St. Lucia,2003,74.3
lca,St. Lucia,2004,74.5
lca,St. Lucia,2005,74.7
lca,St. Lucia,2006,75.0
lca,St. Lucia,2007,75.3
lca,St. Lucia,2008,75.7
lca,St. Lucia,2009,75.8
lca,St. Lucia,2010,75.6
lca,St. Lucia,2011,76.1
lca,St. Lucia,2012,76.4
lca,St. Lucia,2013,76.2
lca,St. Lucia,2014,76.6
lca,St. Lucia,2015,76.7
lca,St. Lucia,2016,76.8
lca,St. Lucia,2017,77.0
lca,St. Lucia,2018,77.2
lca,St. Lucia,2019,77.4
lca,St. Lucia,2020,76.7
lca,St. Lucia,2021,74.4
lca,St. Lucia,2022,76.6
lca,St. Lucia,2023,77.4
lca,St. Lucia,2024,77.51
lca,St. Lucia,2025,77.72
lie,Liechtenstein,1950,65.3
lie,Liechtenstein,1951,65.8
lie,Liechtenstein,1952,66.2
lie,Liechtenstein,1953,66.9
lie,Liechtenstein,1954,67.5
lie,Liechtenstein,1955,68.3
lie,Liechtenstein,1956,68.9
lie,Liechtenstein,1957,69.6
lie,Liechtenstein,1958,70.1
lie,Liechtenstein,1959,70.6
lie,Liechtenstein,1960,70.9
lie,Liechtenstein,1961,71.0
lie,Liechtenstein,1962,70.9
lie,Liechtenstein,1963,70.9
lie,Liechtenstein,1964,71.1
lie,Liechtenstein,1965,71.2
lie,Liechtenstein,1966,71.6
lie,Liechtenstein,1967,72.0
lie,Liechtenstein,1968,72.3
lie,Liechtenstein,1969,72.6
lie,Liechtenstein,1970,72.8
lie,Liechtenstein,1971,73.0
lie,Liechtenstein,1972,73.4
lie,Liechtenstein,1973,73.7
lie,Liechtenstein,1974,74.0
lie,Liechtenstein,1975,74.3
lie,Liechtenstein,1976,74.6
lie,Liechtenstein,1977,74.8
lie,Liechtenstein,1978,74.7
lie,Liechtenstein,1979,74.7
lie,Liechtenstein,1980,74.8
lie,Liechtenstein,1981,74.9
lie,Liechtenstein,1982,75.1
lie,Liechtenstein,1983,75.7
lie,Liechtenstein,1984,76.2
lie,Liechtenstein,1985,76.7
lie,Liechtenstein,1986,77.2
lie,Liechtenstein,1987,77.8
lie,Liechtenstein,1988,78.0
lie,Liechtenstein,1989,78.3
lie,Liechtenstein,1990,78.5
lie,Liechtenstein,1991,78.7
lie,Liechtenstein,1992,78.7
lie,Liechtenstein,1993,78.5
lie,Liechtenstein,1994,78.2
lie,Liechtenstein,1995,77.9
lie,Liechtenstein,1996,77.7
lie,Liechtenstein,1997,77.6
lie,Liechtenstein,1998,77.8
lie,Liechtenstein,1999,78.2
lie,Liechtenstein,2000,78.6
lie,Liechtenstein,2001,79.2
lie,Liechtenstein,2002,79.8
lie,Liechtenstein,2003,80.2
lie,Liechtenstein,2004,80.7
lie,Liechtenstein,2005,81.1
lie,Liechtenstein,2006,81.4
lie,Liechtenstein,2007,81.6
lie,Liechtenstein,2008,81.9
lie,Liechtenstein,2009,81.9
lie,Liechtenstein,2010,82.1
lie,Liechtenstein,2011,82.2
lie,Liechtenstein,2012,82.3
lie,Liechtenstein,2013,82.4
lie,Liechtenstein,2014,82.5
lie,Liechtenstein,2015,82.8
lie,Liechtenstein,2016,82.9
lie,Liechtenstein,2017,83.1
lie,Liechtenstein,2018,83.3
lie,Liechtenstein,2019,83.4
lie,Liechtenstein,2020,82.0
lie,Liechtenstein,2021,82.8
lie,Liechtenstein,2022,83.4
lie,Liechtenstein,2023,83.6
lka,Sri Lanka,1900,33.44
lka,Sri Lanka,1901,33.46
lka,Sri Lanka,1902,33.56
lka,Sri Lanka,1903,34.95
lka,Sri Lanka,1904,35.86
lka,Sri Lanka,1905,33.45
lka,Sri Lanka,1906,27.81
lka,Sri Lanka,1907,31.06
lka,Sri Lanka,1908,31.54
lka,Sri Lanka,1909,30.86
lka,Sri Lanka,1910,33.87
lka,Sri Lanka,1911,28.16
lka,Sri Lanka,1912,29.92
lka,Sri Lanka,1913,32.99
lka,Sri Lanka,1914,30.17
lka,Sri Lanka,1915,35.6
lka,Sri Lanka,1916,33.88
lka,Sri Lanka,1917,35.55
lka,Sri Lanka,1918,29.19
lka,Sri Lanka,1919,26.36
lka,Sri Lanka,1920,32.22
lka,Sri Lanka,1921,33.18
lka,Sri Lanka,1922,37.38
lka,Sri Lanka,1923,34.49
lka,Sri Lanka,1924,39.31
lka,Sri Lanka,1925,41.2
lka,Sri Lanka,1926,39.92
lka,Sri Lanka,1927,43.2
lka,Sri Lanka,1928,39.16
lka,Sri Lanka,1929,38.95
lka,Sri Lanka,1930,39.77
lka,Sri Lanka,1931,43.92
lka,Sri Lanka,1932,46.03
lka,Sri Lanka,1933,45.12
lka,Sri Lanka,1934,42.97
lka,Sri Lanka,1935,28.98
lka,Sri Lanka,1936,44.4
lka,Sri Lanka,1937,44.56
lka,Sri Lanka,1938,45.49
lka,Sri Lanka,1939,44.61
lka,Sri Lanka,1940,46.07
lka,Sri Lanka,1941,49.3
lka,Sri Lanka,1942,49.63
lka,Sri Lanka,1943,45.93
lka,Sri Lanka,1944,45.98
lka,Sri Lanka,1945,45.11
lka,Sri Lanka,1946,48.2
lka,Sri Lanka,1947,56.12
lka,Sri Lanka,1948,55.88
lka,Sri Lanka,1949,55.65
lka,Sri Lanka,1950,55.4
lka,Sri Lanka,1951,56.1
lka,Sri Lanka,1952,57.2
lka,Sri Lanka,1953,58.4
lka,Sri Lanka,1954,59.2
lka,Sri Lanka,1955,59.7
lka,Sri Lanka,1956,60.2
lka,Sri Lanka,1957,60.5
lka,Sri Lanka,1958,61.2
lka,Sri Lanka,1959,62.1
lka,Sri Lanka,1960,62.9
lka,Sri Lanka,1961,63.4
lka,Sri Lanka,1962,63.4
lka,Sri Lanka,1963,63.4
lka,Sri Lanka,1964,63.5
lka,Sri Lanka,1965,64.0
lka,Sri Lanka,1966,64.4
lka,Sri Lanka,1967,64.8
lka,Sri Lanka,1968,65.0
lka,Sri Lanka,1969,65.1
lka,Sri Lanka,1970,65.3
lka,Sri Lanka,1971,65.1
lka,Sri Lanka,1972,65.2
lka,Sri Lanka,1973,64.9
lka,Sri Lanka,1974,64.3
lka,Sri Lanka,1975,64.5
lka,Sri Lanka,1976,65.3
lka,Sri Lanka,1977,66.3
lka,Sri Lanka,1978,67.2
lka,Sri Lanka,1979,68.1
lka,Sri Lanka,1980,68.7
lka,Sri Lanka,1981,69.1
lka,Sri Lanka,1982,69.0
lka,Sri Lanka,1983,69.0
lka,Sri Lanka,1984,68.7
lka,Sri Lanka,1985,68.9
lka,Sri Lanka,1986,69.1
lka,Sri Lanka,1987,69.3
lka,Sri Lanka,1988,69.3
lka,Sri Lanka,1989,69.5
lka,Sri Lanka,1990,69.4
lka,Sri Lanka,1991,69.8
lka,Sri Lanka,1992,70.6
lka,Sri Lanka,1993,71.3
lka,Sri Lanka,1994,71.4
lka,Sri Lanka,1995,70.6
lka,Sri Lanka,1996,70.4
lka,Sri Lanka,1997,70.7
lka,Sri Lanka,1998,70.9
lka,Sri Lanka,1999,71.5
lka,Sri Lanka,2000,71.8
lka,Sri Lanka,2001,72.5
lka,Sri Lanka,2002,73.2
lka,Sri Lanka,2003,73.6
lka,Sri Lanka,2004,68.2
lka,Sri Lanka,2005,74.0
lka,Sri Lanka,2006,74.0
lka,Sri Lanka,2007,74.2
lka,Sri Lanka,2008,73.5
lka,Sri Lanka,2009,73.4
lka,Sri Lanka,2010,74.2
lka,Sri Lanka,2011,75.4
lka,Sri Lanka,2012,76.0
lka,Sri Lanka,2013,76.2
lka,Sri Lanka,2014,76.4
lka,Sri Lanka,2015,76.6
lka,Sri Lanka,2016,76.9
lka,Sri Lanka,2017,77.0
lka,Sri Lanka,2018,77.2
lka,Sri Lanka,2019,77.6
lka,Sri Lanka,2020,78.2
lka,Sri Lanka,2021,76.4
lka,Sri Lanka,2022,76.5
lka,Sri Lanka,2023,76.6
lka,Sri Lanka,2024,76.8
lka,Sri Lanka,2025,77.0
lso,Lesotho,1900,35.02
lso,Lesotho,1901,35.06
lso,Lesotho,1902,35.1
lso,Lesotho,1903,35.15
lso,Lesotho,1904,35.19
lso,Lesotho,1905,35.24
lso,Lesotho,1906,35.28
lso,Lesotho,1907,35.33
lso,Lesotho,1908,35.37
lso,Lesotho,1909,35.41
lso,Lesotho,1910,35.46
lso,Lesotho,1911,35.5
lso,Lesotho,1912,35.55
lso,Lesotho,1913,35.59
lso,Lesotho,1914,35.64
lso,Lesotho,1915,35.68
lso,Lesotho,1916,35.72
lso,Lesotho,1917,35.77
lso,Lesotho,1918,13.86
lso,Lesotho,1919,35.86
lso,Lesotho,1920,35.9
lso,Lesotho,1921,35.95
lso,Lesotho,1922,35.99
lso,Lesotho,1923,36.03
lso,Lesotho,1924,36.08
lso,Lesotho,1925,36.12
lso,Lesotho,1926,36.17
lso,Lesotho,1927,36.21
lso,Lesotho,1928,36.26
lso,Lesotho,1929,36.3
lso,Lesotho,1930,36.34
lso,Lesotho,1931,36.39
lso,Lesotho,1932,36.43
lso,Lesotho,1933,36.48
lso,Lesotho,1934,36.52
lso,Lesotho,1935,36.57
lso,Lesotho,1936,36.61
lso,Lesotho,1937,36.66
lso,Lesotho,1938,36.7
lso,Lesotho,1939,36.74
lso,Lesotho,1940,36.79
lso,Lesotho,1941,36.85
lso,Lesotho,1942,36.92
lso,Lesotho,1943,36.99
lso,Lesotho,1944,37.06
lso,Lesotho,1945,37.13
lso,Lesotho,1946,39.05
lso,Lesotho,1947,40.99
lso,Lesotho,1948,42.92
lso,Lesotho,1949,44.86
lso,Lesotho,1950,46.8
lso,Lesotho,1951,47.0
lso,Lesotho,1952,47.2
lso,Lesotho,1953,47.4
lso,Lesotho,1954,47.7
lso,Lesotho,1955,47.9
lso,Lesotho,1956,48.1
lso,Lesotho,1957,48.4
lso,Lesotho,1958,48.6
lso,Lesotho,1959,48.8
lso,Lesotho,1960,49.1
lso,Lesotho,1961,49.3
lso,Lesotho,1962,49.6
lso,Lesotho,1963,50.0
lso,Lesotho,1964,50.4
lso,Lesotho,1965,50.7
lso,Lesotho,1966,51.1
lso,Lesotho,1967,51.4
lso,Lesotho,1968,51.8
lso,Lesotho,1969,52.0
lso,Lesotho,1970,52.3
lso,Lesotho,1971,52.4
lso,Lesotho,1972,52.6
lso,Lesotho,1973,53.0
lso,Lesotho,1974,53.4
lso,Lesotho,1975,53.7
lso,Lesotho,1976,54.0
lso,Lesotho,1977,54.5
lso,Lesotho,1978,55.1
lso,Lesotho,1979,55.6
lso,Lesotho,1980,55.9
lso,Lesotho,1981,56.3
lso,Lesotho,1982,56.7
lso,Lesotho,1983,56.9
lso,Lesotho,1984,57.3
lso,Lesotho,1985,57.5
lso,Lesotho,1986,57.8
lso,Lesotho,1987,58.1
lso,Lesotho,1988,58.4
lso,Lesotho,1989,58.7
lso,Lesotho,1990,58.9
lso,Lesotho,1991,59.0
lso,Lesotho,1992,58.9
lso,Lesotho,1993,58.5
lso,Lesotho,1994,57.9
lso,Lesotho,1995,57.0
lso,Lesotho,1996,55.7
lso,Lesotho,1997,54.0
lso,Lesotho,1998,52.1
lso,Lesotho,1999,50.0
lso,Lesotho,2000,47.9
lso,Lesotho,2001,45.8
lso,Lesotho,2002,43.9
lso,Lesotho,2003,42.4
lso,Lesotho,2004,41.4
lso,Lesotho,2005,42.7
lso,Lesotho,2006,45.6
lso,Lesotho,2007,49.3
lso,Lesotho,2008,52.3
lso,Lesotho,2009,53.0
lso,Lesotho,2010,53.3
lso,Lesotho,2011,53.3
lso,Lesotho,2012,52.9
lso,Lesotho,2013,52.5
lso,Lesotho,2014,51.8
lso,Lesotho,2015,51.7
lso,Lesotho,2016,53.2
lso,Lesotho,2017,54.8
lso,Lesotho,2018,55.9
lso,Lesotho,2019,56.5
lso,Lesotho,2020,56.3
lso,Lesotho,2021,54.9
lso,Lesotho,2022,57.2
lso,Lesotho,2023,57.9
lso,Lesotho,2024,58.3
lso,Lesotho,2025,58.71
ltu,Lithuania,1900,42.06
ltu,Lithuania,1901,42.42
ltu,Lithuania,1902,42.78
ltu,Lithuania,1903,43.16
ltu,Lithuania,1904,43.52
ltu,Lithuania,1905,43.88
ltu,Lithuania,1906,44.24
ltu,Lithuania,1907,44.6
ltu,Lithuania,1908,44.97
ltu,Lithuania,1909,45.33
ltu,Lithuania,1910,45.69
ltu,Lithuania,1911,46.06
ltu,Lithuania,1912,46.42
ltu,Lithuania,1913,46.79
ltu,Lithuania,1914,46.21
ltu,Lithuania,1915,39.95
ltu,Lithuania,1916,39.85
ltu,Lithuania,1917,39.46
ltu,Lithuania,1918,34.91
ltu,Lithuania,1919,39.47
ltu,Lithuania,1920,43.53
ltu,Lithuania,1921,49.7
ltu,Lithuania,1922,50.06
ltu,Lithuania,1923,50.43
ltu,Lithuania,1924,50.8
ltu,Lithuania,1925,51.16
ltu,Lithuania,1926,51.7
ltu,Lithuania,1927,52.23
ltu,Lithuania,1928,52.78
ltu,Lithuania,1929,53.32
ltu,Lithuania,1930,53.85
ltu,Lithuania,1931,54.39
ltu,Lithuania,1932,54.94
ltu,Lithuania,1933,55.47
ltu,Lithuania,1934,56.01
ltu,Lithuania,1935,56.55
ltu,Lithuania,1936,57.09
ltu,Lithuania,1937,57.63
ltu,Lithuania,1938,58.17
ltu,Lithuania,1939,55.85
ltu,Lithuania,1940,51.8
ltu,Lithuania,1941,12.19
ltu,Lithuania,1942,46.75
ltu,Lithuania,1943,45.13
ltu,Lithuania,1944,27.45
ltu,Lithuania,1945,40.67
ltu,Lithuania,1946,53.4
ltu,Lithuania,1947,46.29
ltu,Lithuania,1948,59.01
ltu,Lithuania,1949,61.57
ltu,Lithuania,1950,64.7
ltu,Lithuania,1951,65.1
ltu,Lithuania,1952,65.6
ltu,Lithuania,1953,66.1
ltu,Lithuania,1954,66.5
ltu,Lithuania,1955,66.9
ltu,Lithuania,1956,67.4
ltu,Lithuania,1957,67.8
ltu,Lithuania,1958,68.2
ltu,Lithuania,1959,68.7
ltu,Lithuania,1960,69.3
ltu,Lithuania,1961,69.7
ltu,Lithuania,1962,70.1
ltu,Lithuania,1963,70.6
ltu,Lithuania,1964,71.1
ltu,Lithuania,1965,71.4
ltu,Lithuania,1966,71.4
ltu,Lithuania,1967,71.4
ltu,Lithuania,1968,71.2
ltu,Lithuania,1969,71.1
ltu,Lithuania,1970,71.0
ltu,Lithuania,1971,71.1
ltu,Lithuania,1972,71.1
ltu,Lithuania,1973,71.1
ltu,Lithuania,1974,71.1
ltu,Lithuania,1975,71.0
ltu,Lithuania,1976,70.9
ltu,Lithuania,1977,70.8
ltu,Lithuania,1978,70.6
ltu,Lithuania,1979,70.5
ltu,Lithuania,1980,70.5
ltu,Lithuania,1981,70.6
ltu,Lithuania,1982,70.8
ltu,Lithuania,1983,70.8
ltu,Lithuania,1984,70.8
ltu,Lithuania,1985,71.1
ltu,Lithuania,1986,71.5
ltu,Lithuania,1987,71.7
ltu,Lithuania,1988,71.7
ltu,Lithuania,1989,71.4
ltu,Lithuania,1990,70.9
ltu,Lithuania,1991,70.5
ltu,Lithuania,1992,70.0
ltu,Lithuania,1993,69.3
ltu,Lithuania,1994,68.9
ltu,Lithuania,1995,69.2
ltu,Lithuania,1996,69.9
ltu,Lithuania,1997,70.6
ltu,Lithuania,1998,71.2
ltu,Lithuania,1999,71.6
ltu,Lithuania,2000,71.9
ltu,Lithuania,2001,71.8
ltu,Lithuania,2002,71.7
ltu,Lithuania,2003,71.7
ltu,Lithuania,2004,71.5
ltu,Lithuania,2005,71.1
ltu,Lithuania,2006,70.9
ltu,Lithuania,2007,71.1
ltu,Lithuania,2008,71.6
ltu,Lithuania,2009,72.3
ltu,Lithuania,2010,72.9
ltu,Lithuania,2011,73.4
ltu,Lithuania,2012,73.8
ltu,Lithuania,2013,74.1
ltu,Lithuania,2014,74.5
ltu,Lithuania,2015,74.7
ltu,Lithuania,2016,75.1
ltu,Lithuania,2017,75.5
ltu,Lithuania,2018,75.9
ltu,Lithuania,2019,76.0
ltu,Lithuania,2020,75.2
ltu,Lithuania,2021,74.3
ltu,Lithuania,2022,75.5
ltu,Lithuania,2023,76.6
ltu,Lithuania,2024,76.8
ltu,Lithuania,2025,76.9
lux,Luxembourg,1900,47.87
lux,Luxembourg,1901,48.39
lux,Luxembourg,1902,48.48
lux,Luxembourg,1903,47.33
lux,Luxembourg,1904,45.23
lux,Luxembourg,1905,46.63
lux,Luxembourg,1906,47.03
lux,Luxembourg,1907,49.47
lux,Luxembourg,1908,46.91
lux,Luxembourg,1909,48.26
lux,Luxembourg,1910,50.16
lux,Luxembourg,1911,46.85
lux,Luxembourg,1912,49.39
lux,Luxembourg,1913,50.77
lux,Luxembourg,1914,50.61
lux,Luxembourg,1915,52.03
lux,Luxembourg,1916,50.67
lux,Luxembourg,1917,48.59
lux,Luxembourg,1918,42.81
lux,Luxembourg,1919,45.2
lux,Luxembourg,1920,55.26
lux,Luxembourg,1921,56.88
lux,Luxembourg,1922,55.94
lux,Luxembourg,1923,55.35
lux,Luxembourg,1924,57.46
lux,Luxembourg,1925,55.48
lux,Luxembourg,1926,54.09
lux,Luxembourg,1927,56.58
lux,Luxembourg,1928,56.07
lux,Luxembourg,1929,53.4
lux,Luxembourg,1930,57.56
lux,Luxembourg,1931,58.37
lux,Luxembourg,1932,57.44
lux,Luxembourg,1933,59.13
lux,Luxembourg,1934,60.74
lux,Luxembourg,1935,59.94
lux,Luxembourg,1936,62.08
lux,Luxembourg,1937,61.95
lux,Luxembourg,1938,60.07
lux,Luxembourg,1939,61.25
lux,Luxembourg,1940,62.88
lux,Luxembourg,1941,60.9
lux,Luxembourg,1942,59.22
lux,Luxembourg,1943,55.15
lux,Luxembourg,1944,48.57
lux,Luxembourg,1945,50.16
lux,Luxembourg,1946,62.58
lux,Luxembourg,1947,64.05
lux,Luxembourg,1948,65.52
lux,Luxembourg,1949,65.88
lux,Luxembourg,1950,66.3
lux,Luxembourg,1951,66.4
lux,Luxembourg,1952,66.5
lux,Luxembourg,1953,66.7
lux,Luxembourg,1954,67.0
lux,Luxembourg,1955,67.3
lux,Luxembourg,1956,67.5
lux,Luxembourg,1957,67.8
lux,Luxembourg,1958,68.3
lux,Luxembourg,1959,68.6
lux,Luxembourg,1960,68.8
lux,Luxembourg,1961,69.0
lux,Luxembourg,1962,69.0
lux,Luxembourg,1963,69.1
lux,Luxembourg,1964,69.2
lux,Luxembourg,1965,69.3
lux,Luxembourg,1966,69.4
lux,Luxembourg,1967,69.5
lux,Luxembourg,1968,69.7
lux,Luxembourg,1969,69.8
lux,Luxembourg,1970,69.9
lux,Luxembourg,1971,70.1
lux,Luxembourg,1972,70.4
lux,Luxembourg,1973,70.6
lux,Luxembourg,1974,70.8
lux,Luxembourg,1975,70.9
lux,Luxembourg,1976,71.2
lux,Luxembourg,1977,71.6
lux,Luxembourg,1978,72.0
lux,Luxembourg,1979,72.3
lux,Luxembourg,1980,72.5
lux,Luxembourg,1981,72.7
lux,Luxembourg,1982,72.9
lux,Luxembourg,1983,73.2
lux,Luxembourg,1984,73.4
lux,Luxembourg,1985,73.7
lux,Luxembourg,1986,74.0
lux,Luxembourg,1987,74.3
lux,Luxembourg,1988,74.6
lux,Luxembourg,1989,74.9
lux,Luxembourg,1990,75.2
lux,Luxembourg,1991,75.5
lux,Luxembourg,1992,75.8
lux,Luxembourg,1993,76.0
lux,Luxembourg,1994,76.4
lux,Luxembourg,1995,76.6
lux,Luxembourg,1996,76.8
lux,Luxembourg,1997,77.1
lux,Luxembourg,1998,77.5
lux,Luxembourg,1999,77.8
lux,Luxembourg,2000,78.1
lux,Luxembourg,2001,78.5
lux,Luxembourg,2002,78.6
lux,Luxembourg,2003,78.8
lux,Luxembourg,2004,79.2
lux,Luxembourg,2005,79.6
lux,Luxembourg,2006,79.8
lux,Luxembourg,2007,80.1
lux,Luxembourg,2008,80.4
lux,Luxembourg,2009,80.7
lux,Luxembourg,2010,80.9
lux,Luxembourg,2011,81.1
lux,Luxembourg,2012,81.4
lux,Luxembourg,2013,81.7
lux,Luxembourg,2014,81.9
lux,Luxembourg,2015,82.1
lux,Luxembourg,2016,82.3
lux,Luxembourg,2017,82.5
lux,Luxembourg,2018,82.8
lux,Luxembourg,2019,83.0
lux,Luxembourg,2020,82.5
lux,Luxembourg,2021,82.8
lux,Luxembourg,2022,83.0
lux,Luxembourg,2023,83.2
lux,Luxembourg,2024,83.4
lux,Luxembourg,2025,83.5
lva,Latvia,1900,49.66
lva,Latvia,1901,50.07
lva,Latvia,1902,50.48
lva,Latvia,1903,50.88
lva,Latvia,1904,51.29
lva,Latvia,1905,51.71
lva,Latvia,1906,52.11
lva,Latvia,1907,52.52
lva,Latvia,1908,52.93
lva,Latvia,1909,53.34
lva,Latvia,1910,53.76
lva,Latvia,1911,54.18
lva,Latvia,1912,54.59
lva,Latvia,1913,55.0
lva,Latvia,1914,54.25
lva,Latvia,1915,44.22
lva,Latvia,1916,44.06
lva,Latvia,1917,43.46
lva,Latvia,1918,39.12
lva,Latvia,1919,44.24
lva,Latvia,1920,52.71
lva,Latvia,1921,63.23
lva,Latvia,1922,61.56
lva,Latvia,1923,62.89
lva,Latvia,1924,59.65
lva,Latvia,1925,58.87
lva,Latvia,1926,62.23
lva,Latvia,1927,60.44
lva,Latvia,1928,61.3
lva,Latvia,1929,59.15
lva,Latvia,1930,62.73
lva,Latvia,1931,63.62
lva,Latvia,1932,63.56
lva,Latvia,1933,65.85
lva,Latvia,1934,62.52
lva,Latvia,1935,65.47
lva,Latvia,1936,64.97
lva,Latvia,1937,64.1
lva,Latvia,1938,67.83
lva,Latvia,1939,67.17
lva,Latvia,1940,59.01
lva,Latvia,1941,35.23
lva,Latvia,1942,49.16
lva,Latvia,1943,47.98
lva,Latvia,1944,26.82
lva,Latvia,1945,43.42
lva,Latvia,1946,62.9
lva,Latvia,1947,54.96
lva,Latvia,1948,67.31
lva,Latvia,1949,67.98
lva,Latvia,1950,68.7
lva,Latvia,1951,69.0
lva,Latvia,1952,69.3
lva,Latvia,1953,69.5
lva,Latvia,1954,69.7
lva,Latvia,1955,69.9
lva,Latvia,1956,70.0
lva,Latvia,1957,70.1
lva,Latvia,1958,70.2
lva,Latvia,1959,70.3
lva,Latvia,1960,70.4
lva,Latvia,1961,70.5
lva,Latvia,1962,70.7
lva,Latvia,1963,71.0
lva,Latvia,1964,71.3
lva,Latvia,1965,71.4
lva,Latvia,1966,71.3
lva,Latvia,1967,71.0
lva,Latvia,1968,70.8
lva,Latvia,1969,70.6
lva,Latvia,1970,70.5
lva,Latvia,1971,70.5
lva,Latvia,1972,70.4
lva,Latvia,1973,70.3
lva,Latvia,1974,70.1
lva,Latvia,1975,69.9
lva,Latvia,1976,69.8
lva,Latvia,1977,69.7
lva,Latvia,1978,69.6
lva,Latvia,1979,69.5
lva,Latvia,1980,69.6
lva,Latvia,1981,69.7
lva,Latvia,1982,69.8
lva,Latvia,1983,69.9
lva,Latvia,1984,70.1
lva,Latvia,1985,70.3
lva,Latvia,1986,70.7
lva,Latvia,1987,70.9
lva,Latvia,1988,70.8
lva,Latvia,1989,70.5
lva,Latvia,1990,69.9
lva,Latvia,1991,69.4
lva,Latvia,1992,68.6
lva,Latvia,1993,67.6
lva,Latvia,1994,67.1
lva,Latvia,1995,67.6
lva,Latvia,1996,68.6
lva,Latvia,1997,69.4
lva,Latvia,1998,69.8
lva,Latvia,1999,70.1
lva,Latvia,2000,70.3
lva,Latvia,2001,70.4
lva,Latvia,2002,70.6
lva,Latvia,2003,70.8
lva,Latvia,2004,70.9
lva,Latvia,2005,70.9
lva,Latvia,2006,70.9
lva,Latvia,2007,71.4
lva,Latvia,2008,72.1
lva,Latvia,2009,72.8
lva,Latvia,2010,73.3
lva,Latvia,2011,73.7
lva,Latvia,2012,74.1
lva,Latvia,2013,74.4
lva,Latvia,2014,74.8
lva,Latvia,2015,75.1
lva,Latvia,2016,75.3
lva,Latvia,2017,75.6
lva,Latvia,2018,75.9
lva,Latvia,2019,76.2
lva,Latvia,2020,75.8
lva,Latvia,2021,73.7
lva,Latvia,2022,74.8
lva,Latvia,2023,75.8
lva,Latvia,2024,75.9
lva,Latvia,2025,76.1
mar,Morocco,1900,31.06
mar,Morocco,1901,31.02
mar,Morocco,1902,30.98
mar,Morocco,1903,30.94
mar,Morocco,1904,30.89
mar,Morocco,1905,30.85
mar,Morocco,1906,30.81
mar,Morocco,1907,30.77
mar,Morocco,1908,30.73
mar,Morocco,1909,30.69
mar,Morocco,1910,30.65
mar,Morocco,1911,30.61
mar,Morocco,1912,30.57
mar,Morocco,1913,30.53
mar,Morocco,1914,30.49
mar,Morocco,1915,30.45
mar,Morocco,1916,30.4
mar,Morocco,1917,30.36
mar,Morocco,1918,23.2
mar,Morocco,1919,30.28
mar,Morocco,1920,30.24
mar,Morocco,1921,30.2
mar,Morocco,1922,30.16
mar,Morocco,1923,30.12
mar,Morocco,1924,30.08
mar,Morocco,1925,30.04
mar,Morocco,1926,30.0
mar,Morocco,1927,29.96
mar,Morocco,1928,29.91
mar,Morocco,1929,29.87
mar,Morocco,1930,29.83
mar,Morocco,1931,29.79
mar,Morocco,1932,29.75
mar,Morocco,1933,29.71
mar,Morocco,1934,29.67
mar,Morocco,1935,29.63
mar,Morocco,1936,29.59
mar,Morocco,1937,29.55
mar,Morocco,1938,29.51
mar,Morocco,1939,29.47
mar,Morocco,1940,29.42
mar,Morocco,1941,30.49
mar,Morocco,1942,31.57
mar,Morocco,1943,32.63
mar,Morocco,1944,33.69
mar,Morocco,1945,34.75
mar,Morocco,1946,35.8
mar,Morocco,1947,36.86
mar,Morocco,1948,37.91
mar,Morocco,1949,38.95
mar,Morocco,1950,40.0
mar,Morocco,1951,40.8
mar,Morocco,1952,41.6
mar,Morocco,1953,42.5
mar,Morocco,1954,43.3
mar,Morocco,1955,43.8
mar,Morocco,1956,44.5
mar,Morocco,1957,45.2
mar,Morocco,1958,45.8
mar,Morocco,1959,46.3
mar,Morocco,1960,45.5
mar,Morocco,1961,47.2
mar,Morocco,1962,47.7
mar,Morocco,1963,48.1
mar,Morocco,1964,48.7
mar,Morocco,1965,49.1
mar,Morocco,1966,49.6
mar,Morocco,1967,50.2
mar,Morocco,1968,50.7
mar,Morocco,1969,51.3
mar,Morocco,1970,51.9
mar,Morocco,1971,52.4
mar,Morocco,1972,53.0
mar,Morocco,1973,53.6
mar,Morocco,1974,54.3
mar,Morocco,1975,54.8
mar,Morocco,1976,55.5
mar,Morocco,1977,56.2
mar,Morocco,1978,57.0
mar,Morocco,1979,57.7
mar,Morocco,1980,58.4
mar,Morocco,1981,59.2
mar,Morocco,1982,59.9
mar,Morocco,1983,60.6
mar,Morocco,1984,61.3
mar,Morocco,1985,62.0
mar,Morocco,1986,62.7
mar,Morocco,1987,63.4
mar,Morocco,1988,64.0
mar,Morocco,1989,64.5
mar,Morocco,1990,65.0
mar,Morocco,1991,65.4
mar,Morocco,1992,65.7
mar,Morocco,1993,66.0
mar,Morocco,1994,66.4
mar,Morocco,1995,66.8
mar,Morocco,1996,67.2
mar,Morocco,1997,67.5
mar,Morocco,1998,67.8
mar,Morocco,1999,68.0
mar,Morocco,2000,68.3
mar,Morocco,2001,68.6
mar,Morocco,2002,68.8
mar,Morocco,2003,69.0
mar,Morocco,2004,69.2
mar,Morocco,2005,69.5
mar,Morocco,2006,69.8
mar,Morocco,2007,70.0
mar,Morocco,2008,70.3
mar,Morocco,2009,70.7
mar,Morocco,2010,70.9
mar,Morocco,2011,71.2
mar,Morocco,2012,71.4
mar,Morocco,2013,71.6
mar,Morocco,2014,71.9
mar,Morocco,2015,72.0
mar,Morocco,2016,72.2
mar,Morocco,2017,72.4
mar,Morocco,2018,72.4
mar,Morocco,2019,72.5
mar,Morocco,2020,71.6
mar,Morocco,2021,71.7
mar,Morocco,2022,72.7
mar,Morocco,2023,73.0
mar,Morocco,2024,73.19
mar,Morocco,2025,73.39
mco,Monaco,1950,69.1
mco,Monaco,1951,69.3
mco,Monaco,1952,69.5
mco,Monaco,1953,69.7
mco,Monaco,1954,69.9
mco,Monaco,1955,70.2
mco,Monaco,1956,70.5
mco,Monaco,1957,70.7
mco,Monaco,1958,71.0
mco,Monaco,1959,71.2
mco,Monaco,1960,71.5
mco,Monaco,1961,71.7
mco,Monaco,1962,71.9
mco,Monaco,1963,72.1
mco,Monaco,1964,72.2
mco,Monaco,1965,72.3
mco,Monaco,1966,72.3
mco,Monaco,1967,72.4
mco,Monaco,1968,72.4
mco,Monaco,1969,72.5
mco,Monaco,1970,72.6
mco,Monaco,1971,72.8
mco,Monaco,1972,73.0
mco,Monaco,1973,73.2
mco,Monaco,1974,73.4
mco,Monaco,1975,73.6
mco,Monaco,1976,73.9
mco,Monaco,1977,74.1
mco,Monaco,1978,74.3
mco,Monaco,1979,74.5
mco,Monaco,1980,74.8
mco,Monaco,1981,75.0
mco,Monaco,1982,75.3
mco,Monaco,1983,75.5
mco,Monaco,1984,75.7
mco,Monaco,1985,75.8
mco,Monaco,1986,75.8
mco,Monaco,1987,75.9
mco,Monaco,1988,76.0
mco,Monaco,1989,76.1
mco,Monaco,1990,76.2
mco,Monaco,1991,76.3
mco,Monaco,1992,76.4
mco,Monaco,1993,76.4
mco,Monaco,1994,76.5
mco,Monaco,1995,76.6
mco,Monaco,1996,76.6
mco,Monaco,1997,76.7
mco,Monaco,1998,76.7
mco,Monaco,1999,76.8
mco,Monaco,2000,76.9
mco,Monaco,2001,77.1
mco,Monaco,2002,77.2
mco,Monaco,2003,77.2
mco,Monaco,2004,77.3
mco,Monaco,2005,77.4
mco,Monaco,2006,77.6
mco,Monaco,2007,77.8
mco,Monaco,2008,78.0
mco,Monaco,2009,78.1
mco,Monaco,2010,78.3
mco,Monaco,2011,78.5
mco,Monaco,2012,78.7
mco,Monaco,2013,78.8
mco,Monaco,2014,79.0
mco,Monaco,2015,79.3
mco,Monaco,2016,79.6
mco,Monaco,2017,79.9
mco,Monaco,2018,80.2
mco,Monaco,2019,80.4
mco,Monaco,2020,79.6
mco,Monaco,2021,79.3
mco,Monaco,2022,79.8
mco,Monaco,2023,80.4
mco,Monaco,2024,80.49
mco,Monaco,2025,80.59
mda,Moldova,1900,32.17
mda,Moldova,1901,32.15
mda,Moldova,1902,32.13
mda,Moldova,1903,32.11
mda,Moldova,1904,32.09
mda,Moldova,1905,32.07
mda,Moldova,1906,32.05
mda,Moldova,1907,32.03
mda,Moldova,1908,32.01
mda,Moldova,1909,31.99
mda,Moldova,1910,31.97
mda,Moldova,1911,31.95
mda,Moldova,1912,31.93
mda,Moldova,1913,31.91
mda,Moldova,1914,31.89
mda,Moldova,1915,31.87
mda,Moldova,1916,31.85
mda,Moldova,1917,31.83
mda,Moldova,1918,29.95
mda,Moldova,1919,31.79
mda,Moldova,1920,31.77
mda,Moldova,1921,32.21
mda,Moldova,1922,32.66
mda,Moldova,1923,33.11
mda,Moldova,1924,33.56
mda,Moldova,1925,34.0
mda,Moldova,1926,34.44
mda,Moldova,1927,34.89
mda,Moldova,1928,35.33
mda,Moldova,1929,35.78
mda,Moldova,1930,36.21
mda,Moldova,1931,36.66
mda,Moldova,1932,37.1
mda,Moldova,1933,38.09
mda,Moldova,1934,39.08
mda,Moldova,1935,40.06
mda,Moldova,1936,41.04
mda,Moldova,1937,42.03
mda,Moldova,1938,43.01
mda,Moldova,1939,43.99
mda,Moldova,1940,44.97
mda,Moldova,1941,38.32
mda,Moldova,1942,36.89
mda,Moldova,1943,33.1
mda,Moldova,1944,23.55
mda,Moldova,1945,42.05
mda,Moldova,1946,48.16
mda,Moldova,1947,19.87
mda,Moldova,1948,51.88
mda,Moldova,1949,53.27
mda,Moldova,1950,54.8
mda,Moldova,1951,55.4
mda,Moldova,1952,56.1
mda,Moldova,1953,56.7
mda,Moldova,1954,57.1
mda,Moldova,1955,57.6
mda,Moldova,1956,57.9
mda,Moldova,1957,58.3
mda,Moldova,1958,58.7
mda,Moldova,1959,59.2
mda,Moldova,1960,59.7
mda,Moldova,1961,60.2
mda,Moldova,1962,60.8
mda,Moldova,1963,61.3
mda,Moldova,1964,61.7
mda,Moldova,1965,62.1
mda,Moldova,1966,62.5
mda,Moldova,1967,62.9
mda,Moldova,1968,63.2
mda,Moldova,1969,63.5
mda,Moldova,1970,63.6
mda,Moldova,1971,63.3
mda,Moldova,1972,63.1
mda,Moldova,1973,63.2
mda,Moldova,1974,63.5
mda,Moldova,1975,63.8
mda,Moldova,1976,64.1
mda,Moldova,1977,64.5
mda,Moldova,1978,64.9
mda,Moldova,1979,65.2
mda,Moldova,1980,65.5
mda,Moldova,1981,65.6
mda,Moldova,1982,65.6
mda,Moldova,1983,65.5
mda,Moldova,1984,65.7
mda,Moldova,1985,66.2
mda,Moldova,1986,67.2
mda,Moldova,1987,68.0
mda,Moldova,1988,68.3
mda,Moldova,1989,68.4
mda,Moldova,1990,68.2
mda,Moldova,1991,67.9
mda,Moldova,1992,67.3
mda,Moldova,1993,67.1
mda,Moldova,1994,66.5
mda,Moldova,1995,66.3
mda,Moldova,1996,66.8
mda,Moldova,1997,67.7
mda,Moldova,1998,68.5
mda,Moldova,1999,68.7
mda,Moldova,2000,68.9
mda,Moldova,2001,69.2
mda,Moldova,2002,69.2
mda,Moldova,2003,69.1
mda,Moldova,2004,69.2
mda,Moldova,2005,69.2
mda,Moldova,2006,69.4
mda,Moldova,2007,69.6
mda,Moldova,2008,70.0
mda,Moldova,2009,70.2
mda,Moldova,2010,70.5
mda,Moldova,2011,71.3
mda,Moldova,2012,71.8
mda,Moldova,2013,72.2
mda,Moldova,2014,72.3
mda,Moldova,2015,72.4
mda,Moldova,2016,72.9
mda,Moldova,2017,73.5
mda,Moldova,2018,74.0
mda,Moldova,2019,74.7
mda,Moldova,2020,73.1
mda,Moldova,2021,72.2
mda,Moldova,2022,75.2
mda,Moldova,2023,76.0
mda,Moldova,2024,76.11
mda,Moldova,2025,76.32
mdg,Madagascar,1900,33.5
mdg,Madagascar,1901,33.56
mdg,Madagascar,1902,33.62
mdg,Madagascar,1903,33.68
mdg,Madagascar,1904,33.74
mdg,Madagascar,1905,33.8
mdg,Madagascar,1906,33.86
mdg,Madagascar,1907,33.92
mdg,Madagascar,1908,33.98
mdg,Madagascar,1909,34.04
mdg,Madagascar,1910,34.1
mdg,Madagascar,1911,34.16
mdg,Madagascar,1912,34.22
mdg,Madagascar,1913,34.28
mdg,Madagascar,1914,34.34
mdg,Madagascar,1915,34.4
mdg,Madagascar,1916,34.46
mdg,Madagascar,1917,34.52
mdg,Madagascar,1918,14.41
mdg,Madagascar,1919,34.64
mdg,Madagascar,1920,34.7
mdg,Madagascar,1921,34.76
mdg,Madagascar,1922,34.82
mdg,Madagascar,1923,34.88
mdg,Madagascar,1924,34.94
mdg,Madagascar,1925,35.0
mdg,Madagascar,1926,35.06
mdg,Madagascar,1927,35.12
mdg,Madagascar,1928,35.18
mdg,Madagascar,1929,35.24
mdg,Madagascar,1930,35.3
mdg,Madagascar,1931,35.36
mdg,Madagascar,1932,35.42
mdg,Madagascar,1933,35.48
mdg,Madagascar,1934,35.54
mdg,Madagascar,1935,35.6
mdg,Madagascar,1936,35.66
mdg,Madagascar,1937,35.72
mdg,Madagascar,1938,35.78
mdg,Madagascar,1939,35.84
mdg,Madagascar,1940,35.9
mdg,Madagascar,1941,36.08
mdg,Madagascar,1942,36.26
mdg,Madagascar,1943,36.43
mdg,Madagascar,1944,36.61
mdg,Madagascar,1945,36.79
mdg,Madagascar,1946,38.13
mdg,Madagascar,1947,39.46
mdg,Madagascar,1948,40.8
mdg,Madagascar,1949,42.15
mdg,Madagascar,1950,43.5
mdg,Madagascar,1951,43.6
mdg,Madagascar,1952,43.7
mdg,Madagascar,1953,44.0
mdg,Madagascar,1954,44.1
mdg,Madagascar,1955,44.3
mdg,Madagascar,1956,44.5
mdg,Madagascar,1957,44.8
mdg,Madagascar,1958,45.0
mdg,Madagascar,1959,45.2
mdg,Madagascar,1960,45.4
mdg,Madagascar,1961,45.7
mdg,Madagascar,1962,45.9
mdg,Madagascar,1963,46.2
mdg,Madagascar,1964,46.4
mdg,Madagascar,1965,46.7
mdg,Madagascar,1966,47.0
mdg,Madagascar,1967,47.3
mdg,Madagascar,1968,47.7
mdg,Madagascar,1969,48.0
mdg,Madagascar,1970,48.4
mdg,Madagascar,1971,48.7
mdg,Madagascar,1972,49.0
mdg,Madagascar,1973,49.4
mdg,Madagascar,1974,49.7
mdg,Madagascar,1975,50.0
mdg,Madagascar,1976,50.2
mdg,Madagascar,1977,50.4
mdg,Madagascar,1978,50.6
mdg,Madagascar,1979,50.8
mdg,Madagascar,1980,50.9
mdg,Madagascar,1981,51.0
mdg,Madagascar,1982,51.0
mdg,Madagascar,1983,51.0
mdg,Madagascar,1984,51.0
mdg,Madagascar,1985,51.1
mdg,Madagascar,1986,51.1
mdg,Madagascar,1987,51.3
mdg,Madagascar,1988,51.4
mdg,Madagascar,1989,51.6
mdg,Madagascar,1990,51.8
mdg,Madagascar,1991,51.9
mdg,Madagascar,1992,52.1
mdg,Madagascar,1993,52.5
mdg,Madagascar,1994,53.0
mdg,Madagascar,1995,53.7
mdg,Madagascar,1996,54.4
mdg,Madagascar,1997,55.1
mdg,Madagascar,1998,55.9
mdg,Madagascar,1999,56.4
mdg,Madagascar,2000,57.1
mdg,Madagascar,2001,57.7
mdg,Madagascar,2002,58.1
mdg,Madagascar,2003,58.7
mdg,Madagascar,2004,59.2
mdg,Madagascar,2005,59.7
mdg,Madagascar,2006,60.0
mdg,Madagascar,2007,60.3
mdg,Madagascar,2008,60.4
mdg,Madagascar,2009,60.5
mdg,Madagascar,2010,60.7
mdg,Madagascar,2011,60.8
mdg,Madagascar,2012,60.9
mdg,Madagascar,2013,61.1
mdg,Madagascar,2014,61.3
mdg,Madagascar,2015,61.4
mdg,Madagascar,2016,61.6
mdg,Madagascar,2017,61.8
mdg,Madagascar,2018,62.0
mdg,Madagascar,2019,62.3
mdg,Madagascar,2020,61.6
mdg,Madagascar,2021,60.8
mdg,Madagascar,2022,61.8
mdg,Madagascar,2023,62.5
mdg,Madagascar,2024,62.7
mdg,Madagascar,2025,62.89
mdv,Maldives,1900,37.0
mdv,Maldives,1901,37.08
mdv,Maldives,1902,37.17
mdv,Maldives,1903,37.26
mdv,Maldives,1904,37.35
mdv,Maldives,1905,37.43
mdv,Maldives,1906,37.52
mdv,Maldives,1907,37.61
mdv,Maldives,1908,37.69
mdv,Maldives,1909,37.78
mdv,Maldives,1910,37.87
mdv,Maldives,1911,37.95
mdv,Maldives,1912,38.04
mdv,Maldives,1913,38.13
mdv,Maldives,1914,38.21
mdv,Maldives,1915,38.3
mdv,Maldives,1916,38.39
mdv,Maldives,1917,38.48
mdv,Maldives,1918,12.52
mdv,Maldives,1919,38.65
mdv,Maldives,1920,38.74
mdv,Maldives,1921,38.82
mdv,Maldives,1922,38.91
mdv,Maldives,1923,39.0
mdv,Maldives,1924,39.08
mdv,Maldives,1925,39.17
mdv,Maldives,1926,39.26
mdv,Maldives,1927,39.35
mdv,Maldives,1928,39.43
mdv,Maldives,1929,39.52
mdv,Maldives,1930,39.61
mdv,Maldives,1931,39.69
mdv,Maldives,1932,39.78
mdv,Maldives,1933,39.87
mdv,Maldives,1934,39.95
mdv,Maldives,1935,40.04
mdv,Maldives,1936,40.13
mdv,Maldives,1937,40.21
mdv,Maldives,1938,40.3
mdv,Maldives,1939,40.39
mdv,Maldives,1940,40.48
mdv,Maldives,1941,40.7
mdv,Maldives,1942,40.91
mdv,Maldives,1943,41.14
mdv,Maldives,1944,41.36
mdv,Maldives,1945,41.59
mdv,Maldives,1946,41.8
mdv,Maldives,1947,42.03
mdv,Maldives,1948,42.26
mdv,Maldives,1949,42.47
mdv,Maldives,1950,42.7
mdv,Maldives,1951,43.3
mdv,Maldives,1952,43.8
mdv,Maldives,1953,44.3
mdv,Maldives,1954,45.0
mdv,Maldives,1955,45.5
mdv,Maldives,1956,46.1
mdv,Maldives,1957,46.6
mdv,Maldives,1958,47.2
mdv,Maldives,1959,47.7
mdv,Maldives,1960,48.3
mdv,Maldives,1961,48.8
mdv,Maldives,1962,49.3
mdv,Maldives,1963,49.7
mdv,Maldives,1964,50.2
mdv,Maldives,1965,50.5
mdv,Maldives,1966,50.9
mdv,Maldives,1967,51.2
mdv,Maldives,1968,51.5
mdv,Maldives,1969,51.8
mdv,Maldives,1970,52.2
mdv,Maldives,1971,52.5
mdv,Maldives,1972,52.9
mdv,Maldives,1973,53.3
mdv,Maldives,1974,53.8
mdv,Maldives,1975,54.2
mdv,Maldives,1976,54.5
mdv,Maldives,1977,55.0
mdv,Maldives,1978,53.4
mdv,Maldives,1979,56.2
mdv,Maldives,1980,56.9
mdv,Maldives,1981,57.7
mdv,Maldives,1982,58.5
mdv,Maldives,1983,59.4
mdv,Maldives,1984,60.4
mdv,Maldives,1985,61.3
mdv,Maldives,1986,62.1
mdv,Maldives,1987,62.9
mdv,Maldives,1988,63.4
mdv,Maldives,1989,64.3
mdv,Maldives,1990,65.0
mdv,Maldives,1991,65.4
mdv,Maldives,1992,66.0
mdv,Maldives,1993,66.6
mdv,Maldives,1994,67.4
mdv,Maldives,1995,68.0
mdv,Maldives,1996,68.5
mdv,Maldives,1997,69.1
mdv,Maldives,1998,69.9
mdv,Maldives,1999,70.5
mdv,Maldives,2000,71.1
mdv,Maldives,2001,71.5
mdv,Maldives,2002,72.0
mdv,Maldives,2003,72.5
mdv,Maldives,2004,71.5
mdv,Maldives,2005,73.2
mdv,Maldives,2006,73.5
mdv,Maldives,2007,73.8
mdv,Maldives,2008,74.2
mdv,Maldives,2009,74.4
mdv,Maldives,2010,74.7
mdv,Maldives,2011,74.9
mdv,Maldives,2012,75.1
mdv,Maldives,2013,75.3
mdv,Maldives,2014,75.5
mdv,Maldives,2015,75.7
mdv,Maldives,2016,75.8
mdv,Maldives,2017,75.9
mdv,Maldives,2018,76.0
mdv,Maldives,2019,76.1
mdv,Maldives,2020,76.0
mdv,Maldives,2021,75.1
mdv,Maldives,2022,75.6
mdv,Maldives,2023,76.1
mdv,Maldives,2024,76.38
mdv,Maldives,2025,76.57
mex,Mexico,1900,27.98
mex,Mexico,1901,27.04
mex,Mexico,1902,28.8
mex,Mexico,1903,29.12
mex,Mexico,1904,29.54
mex,Mexico,1905,27.23
mex,Mexico,1906,28.33
mex,Mexico,1907,28.43
mex,Mexico,1908,29.2
mex,Mexico,1909,29.71
mex,Mexico,1910,27.89
mex,Mexico,1911,28.33
mex,Mexico,1912,28.79
mex,Mexico,1913,29.23
mex,Mexico,1914,29.68
mex,Mexico,1915,30.13
mex,Mexico,1916,30.58
mex,Mexico,1917,31.03
mex,Mexico,1918,18.55
mex,Mexico,1919,31.93
mex,Mexico,1920,32.38
mex,Mexico,1921,32.83
mex,Mexico,1922,33.28
mex,Mexico,1923,34.21
mex,Mexico,1924,33.5
mex,Mexico,1925,32.8
mex,Mexico,1926,34.95
mex,Mexico,1927,41.2
mex,Mexico,1928,35.28
mex,Mexico,1929,36.21
mex,Mexico,1930,37.04
mex,Mexico,1931,38.58
mex,Mexico,1932,39.31
mex,Mexico,1933,38.2
mex,Mexico,1934,39.13
mex,Mexico,1935,41.39
mex,Mexico,1936,39.25
mex,Mexico,1937,37.73
mex,Mexico,1938,40.4
mex,Mexico,1939,46.67
mex,Mexico,1940,40.22
mex,Mexico,1941,43.73
mex,Mexico,1942,40.89
mex,Mexico,1943,43.99
mex,Mexico,1944,44.43
mex,Mexico,1945,45.49
mex,Mexico,1946,46.13
mex,Mexico,1947,47.69
mex,Mexico,1948,49.78
mex,Mexico,1949,47.24
mex,Mexico,1950,50.1
mex,Mexico,1951,50.5
mex,Mexico,1952,51.3
mex,Mexico,1953,52.3
mex,Mexico,1954,53.8
mex,Mexico,1955,54.8
mex,Mexico,1956,55.6
mex,Mexico,1957,56.2
mex,Mexico,1958,56.9
mex,Mexico,1959,57.5
mex,Mexico,1960,58.4
mex,Mexico,1961,59.3
mex,Mexico,1962,59.9
mex,Mexico,1963,60.0
mex,Mexico,1964,60.3
mex,Mexico,1965,60.6
mex,Mexico,1966,61.0
mex,Mexico,1967,61.3
mex,Mexico,1968,61.4
mex,Mexico,1969,61.6
mex,Mexico,1970,62.0
mex,Mexico,1971,62.6
mex,Mexico,1972,63.0
mex,Mexico,1973,63.3
mex,Mexico,1974,63.9
mex,Mexico,1975,64.6
mex,Mexico,1976,65.1
mex,Mexico,1977,65.7
mex,Mexico,1978,66.4
mex,Mexico,1979,66.7
mex,Mexico,1980,67.0
mex,Mexico,1981,67.6
mex,Mexico,1982,68.1
mex,Mexico,1983,68.6
mex,Mexico,1984,69.0
mex,Mexico,1985,69.3
mex,Mexico,1986,69.9
mex,Mexico,1987,70.2
mex,Mexico,1988,70.3
mex,Mexico,1989,70.7
mex,Mexico,1990,71.1
mex,Mexico,1991,71.6
mex,Mexico,1992,71.9
mex,Mexico,1993,72.1
mex,Mexico,1994,72.4
mex,Mexico,1995,72.5
mex,Mexico,1996,72.7
mex,Mexico,1997,73.0
mex,Mexico,1998,73.4
mex,Mexico,1999,73.8
mex,Mexico,2000,74.5
mex,Mexico,2001,74.8
mex,Mexico,2002,74.9
mex,Mexico,2003,75.0
mex,Mexico,2004,75.2
mex,Mexico,2005,75.3
mex,Mexico,2006,75.5
mex,Mexico,2007,75.6
mex,Mexico,2008,75.5
mex,Mexico,2009,75.7
mex,Mexico,2010,75.4
mex,Mexico,2011,75.7
mex,Mexico,2012,76.0
mex,Mexico,2013,76.1
mex,Mexico,2014,76.2
mex,Mexico,2015,76.2
mex,Mexico,2016,76.0
mex,Mexico,2017,75.9
mex,Mexico,2018,75.9
mex,Mexico,2019,76.0
mex,Mexico,2020,71.4
mex,Mexico,2021,71.1
mex,Mexico,2022,75.3
mex,Mexico,2023,76.3
mex,Mexico,2024,76.5
mex,Mexico,2025,76.6
mhl,Marshall Islands,1950,46.0
mhl,Marshall Islands,1951,46.4
mhl,Marshall Islands,1952,46.8
mhl,Marshall Islands,1953,47.3
mhl,Marshall Islands,1954,47.8
mhl,Marshall Islands,1955,48.2
mhl,Marshall Islands,1956,48.7
mhl,Marshall Islands,1957,49.1
mhl,Marshall Islands,1958,49.6
mhl,Marshall Islands,1959,50.0
mhl,Marshall Islands,1960,50.5
mhl,Marshall Islands,1961,50.9
mhl,Marshall Islands,1962,51.4
mhl,Marshall Islands,1963,51.8
mhl,Marshall Islands,1964,52.3
mhl,Marshall Islands,1965,52.7
mhl,Marshall Islands,1966,53.1
mhl,Marshall Islands,1967,53.6
mhl,Marshall Islands,1968,54.0
mhl,Marshall Islands,1969,54.4
mhl,Marshall Islands,1970,54.8
mhl,Marshall Islands,1971,55.1
mhl,Marshall Islands,1972,55.5
mhl,Marshall Islands,1973,56.0
mhl,Marshall Islands,1974,56.5
mhl,Marshall Islands,1975,56.9
mhl,Marshall Islands,1976,57.4
mhl,Marshall Islands,1977,57.7
mhl,Marshall Islands,1978,58.1
mhl,Marshall Islands,1979,58.5
mhl,Marshall Islands,1980,58.8
mhl,Marshall Islands,1981,59.1
mhl,Marshall Islands,1982,59.4
mhl,Marshall Islands,1983,59.7
mhl,Marshall Islands,1984,60.1
mhl,Marshall Islands,1985,60.3
mhl,Marshall Islands,1986,60.6
mhl,Marshall Islands,1987,60.9
mhl,Marshall Islands,1988,61.2
mhl,Marshall Islands,1989,61.4
mhl,Marshall Islands,1990,61.6
mhl,Marshall Islands,1991,61.7
mhl,Marshall Islands,1992,61.8
mhl,Marshall Islands,1993,61.9
mhl,Marshall Islands,1994,62.1
mhl,Marshall Islands,1995,62.2
mhl,Marshall Islands,1996,62.3
mhl,Marshall Islands,1997,62.3
mhl,Marshall Islands,1998,62.3
mhl,Marshall Islands,1999,62.4
mhl,Marshall Islands,2000,62.0
mhl,Marshall Islands,2001,62.5
mhl,Marshall Islands,2002,62.6
mhl,Marshall Islands,2003,62.6
mhl,Marshall Islands,2004,62.7
mhl,Marshall Islands,2005,62.8
mhl,Marshall Islands,2006,62.8
mhl,Marshall Islands,2007,62.9
mhl,Marshall Islands,2008,62.9
mhl,Marshall Islands,2009,63.0
mhl,Marshall Islands,2010,63.1
mhl,Marshall Islands,2011,63.1
mhl,Marshall Islands,2012,63.2
mhl,Marshall Islands,2013,63.3
mhl,Marshall Islands,2014,63.4
mhl,Marshall Islands,2015,63.5
mhl,Marshall Islands,2016,63.6
mhl,Marshall Islands,2017,63.7
mhl,Marshall Islands,2018,63.9
mhl,Marshall Islands,2019,64.1
mhl,Marshall Islands,2020,63.7
mhl,Marshall Islands,2021,62.3
mhl,Marshall Islands,2022,63.8
mhl,Marshall Islands,2023,64.1
mhl,Marshall Islands,2024,64.29
mhl,Marshall Islands,2025,64.39
mkd,North Macedonia,1900,35.06
mkd,North Macedonia,1901,35.04
mkd,North Macedonia,1902,35.02
mkd,North Macedonia,1903,35.0
mkd,North Macedonia,1904,34.98
mkd,North Macedonia,1905,34.96
mkd,North Macedonia,1906,34.94
mkd,North Macedonia,1907,34.92
mkd,North Macedonia,1908,34.9
mkd,North Macedonia,1909,34.88
mkd,North Macedonia,1910,34.86
mkd,North Macedonia,1911,34.84
mkd,North Macedonia,1912,34.82
mkd,North Macedonia,1913,34.79
mkd,North Macedonia,1914,34.77
mkd,North Macedonia,1915,34.75
mkd,North Macedonia,1916,34.73
mkd,North Macedonia,1917,34.71
mkd,North Macedonia,1918,19.04
mkd,North Macedonia,1919,34.67
mkd,North Macedonia,1920,34.65
mkd,North Macedonia,1921,35.14
mkd,North Macedonia,1922,35.62
mkd,North Macedonia,1923,36.1
mkd,North Macedonia,1924,36.59
mkd,North Macedonia,1925,37.07
mkd,North Macedonia,1926,37.56
mkd,North Macedonia,1927,38.03
mkd,North Macedonia,1928,38.52
mkd,North Macedonia,1929,39.0
mkd,North Macedonia,1930,39.48
mkd,North Macedonia,1931,39.96
mkd,North Macedonia,1932,40.43
mkd,North Macedonia,1933,40.91
mkd,North Macedonia,1934,41.39
mkd,North Macedonia,1935,41.87
mkd,North Macedonia,1936,42.35
mkd,North Macedonia,1937,42.82
mkd,North Macedonia,1938,43.3
mkd,North Macedonia,1939,43.77
mkd,North Macedonia,1940,44.25
mkd,North Macedonia,1941,43.61
mkd,North Macedonia,1942,42.29
mkd,North Macedonia,1943,41.08
mkd,North Macedonia,1944,39.98
mkd,North Macedonia,1945,39.94
mkd,North Macedonia,1946,45.42
mkd,North Macedonia,1947,47.76
mkd,North Macedonia,1948,48.69
mkd,North Macedonia,1949,49.42
mkd,North Macedonia,1950,50.1
mkd,North Macedonia,1951,50.4
mkd,North Macedonia,1952,51.0
mkd,North Macedonia,1953,51.7
mkd,North Macedonia,1954,52.6
mkd,North Macedonia,1955,53.6
mkd,North Macedonia,1956,54.6
mkd,North Macedonia,1957,55.7
mkd,North Macedonia,1958,56.8
mkd,North Macedonia,1959,57.6
mkd,North Macedonia,1960,58.4
mkd,North Macedonia,1961,59.0
mkd,North Macedonia,1962,59.6
mkd,North Macedonia,1963,58.9
mkd,North Macedonia,1964,61.3
mkd,North Macedonia,1965,62.1
mkd,North Macedonia,1966,63.0
mkd,North Macedonia,1967,63.6
mkd,North Macedonia,1968,64.2
mkd,North Macedonia,1969,64.8
mkd,North Macedonia,1970,65.4
mkd,North Macedonia,1971,66.0
mkd,North Macedonia,1972,66.6
mkd,North Macedonia,1973,67.1
mkd,North Macedonia,1974,67.6
mkd,North Macedonia,1975,68.0
mkd,North Macedonia,1976,68.4
mkd,North Macedonia,1977,68.7
mkd,North Macedonia,1978,68.9
mkd,North Macedonia,1979,69.1
mkd,North Macedonia,1980,69.3
mkd,North Macedonia,1981,69.5
mkd,North Macedonia,1982,69.7
mkd,North Macedonia,1983,69.8
mkd,North Macedonia,1984,70.0
mkd,North Macedonia,1985,70.1
mkd,North Macedonia,1986,70.3
mkd,North Macedonia,1987,70.5
mkd,North Macedonia,1988,70.6
mkd,North Macedonia,1989,70.9
mkd,North Macedonia,1990,71.1
mkd,North Macedonia,1991,71.3
mkd,North Macedonia,1992,71.5
mkd,North Macedonia,1993,71.3
mkd,North Macedonia,1994,71.7
mkd,North Macedonia,1995,71.8
mkd,North Macedonia,1996,71.9
mkd,North Macedonia,1997,72.1
mkd,North Macedonia,1998,72.4
mkd,North Macedonia,1999,72.5
mkd,North Macedonia,2000,72.7
mkd,North Macedonia,2001,72.8
mkd,North Macedonia,2002,73.2
mkd,North Macedonia,2003,73.5
mkd,North Macedonia,2004,73.8
mkd,North Macedonia,2005,73.9
mkd,North Macedonia,2006,74.1
mkd,North Macedonia,2007,74.2
mkd,North Macedonia,2008,74.5
mkd,North Macedonia,2009,74.7
mkd,North Macedonia,2010,74.9
mkd,North Macedonia,2011,75.1
mkd,North Macedonia,2012,75.3
mkd,North Macedonia,2013,75.5
mkd,North Macedonia,2014,75.6
mkd,North Macedonia,2015,75.7
mkd,North Macedonia,2016,75.9
mkd,North Macedonia,2017,76.1
mkd,North Macedonia,2018,76.2
mkd,North Macedonia,2019,76.1
mkd,North Macedonia,2020,74.6
mkd,North Macedonia,2021,73.3
mkd,North Macedonia,2022,75.9
mkd,North Macedonia,2023,77.0
mkd,North Macedonia,2024,77.1
mkd,North Macedonia,2025,77.3
mli,Mali,1900,32.92
mli,Mali,1901,33.06
mli,Mali,1902,33.19
mli,Mali,1903,33.32
mli,Mali,1904,33.45
mli,Mali,1905,33.58
mli,Mali,1906,33.71
mli,Mali,1907,33.84
mli,Mali,1908,33.97
mli,Mali,1909,34.1
mli,Mali,1910,34.23
mli,Mali,1911,34.36
mli,Mali,1912,34.49
mli,Mali,1913,34.62
mli,Mali,1914,34.75
mli,Mali,1915,34.88
mli,Mali,1916,35.01
mli,Mali,1917,35.14
mli,Mali,1918,13.64
mli,Mali,1919,35.4
mli,Mali,1920,35.53
mli,Mali,1921,35.66
mli,Mali,1922,35.79
mli,Mali,1923,35.92
mli,Mali,1924,36.05
mli,Mali,1925,36.18
mli,Mali,1926,36.31
mli,Mali,1927,36.44
mli,Mali,1928,36.57
mli,Mali,1929,36.7
mli,Mali,1930,36.83
mli,Mali,1931,36.96
mli,Mali,1932,37.09
mli,Mali,1933,37.22
mli,Mali,1934,37.35
mli,Mali,1935,37.49
mli,Mali,1936,37.62
mli,Mali,1937,37.75
mli,Mali,1938,37.88
mli,Mali,1939,38.01
mli,Mali,1940,38.14
mli,Mali,1941,38.37
mli,Mali,1942,38.6
mli,Mali,1943,38.83
mli,Mali,1944,39.07
mli,Mali,1945,39.3
mli,Mali,1946,39.54
mli,Mali,1947,39.77
mli,Mali,1948,40.01
mli,Mali,1949,40.26
mli,Mali,1950,40.5
mli,Mali,1951,40.6
mli,Mali,1952,40.6
mli,Mali,1953,40.6
mli,Mali,1954,40.6
mli,Mali,1955,40.6
mli,Mali,1956,40.6
mli,Mali,1957,40.6
mli,Mali,1958,40.6
mli,Mali,1959,40.5
mli,Mali,1960,40.5
mli,Mali,1961,40.5
mli,Mali,1962,40.5
mli,Mali,1963,40.5
mli,Mali,1964,40.5
mli,Mali,1965,40.5
mli,Mali,1966,40.5
mli,Mali,1967,40.5
mli,Mali,1968,40.6
mli,Mali,1969,40.6
mli,Mali,1970,40.8
mli,Mali,1971,40.8
mli,Mali,1972,41.1
mli,Mali,1973,41.3
mli,Mali,1974,41.4
mli,Mali,1975,41.7
mli,Mali,1976,42.0
mli,Mali,1977,42.3
mli,Mali,1978,42.7
mli,Mali,1979,43.2
mli,Mali,1980,43.6
mli,Mali,1981,43.9
mli,Mali,1982,44.4
mli,Mali,1983,44.9
mli,Mali,1984,45.3
mli,Mali,1985,45.8
mli,Mali,1986,46.5
mli,Mali,1987,47.0
mli,Mali,1988,47.5
mli,Mali,1989,47.9
mli,Mali,1990,48.2
mli,Mali,1991,48.9
mli,Mali,1992,49.3
mli,Mali,1993,49.7
mli,Mali,1994,50.0
mli,Mali,1995,50.4
mli,Mali,1996,50.6
mli,Mali,1997,50.1
mli,Mali,1998,50.1
mli,Mali,1999,52.4
mli,Mali,2000,53.1
mli,Mali,2001,54.2
mli,Mali,2002,55.1
mli,Mali,2003,56.2
mli,Mali,2004,57.4
mli,Mali,2005,58.2
mli,Mali,2006,58.8
mli,Mali,2007,59.5
mli,Mali,2008,60.0
mli,Mali,2009,60.4
mli,Mali,2010,60.8
mli,Mali,2011,61.1
mli,Mali,2012,61.5
mli,Mali,2013,61.5
mli,Mali,2014,61.8
mli,Mali,2015,61.7
mli,Mali,2016,62.1
mli,Mali,2017,62.1
mli,Mali,2018,62.3
mli,Mali,2019,62.6
mli,Mali,2020,61.3
mli,Mali,2021,61.0
mli,Mali,2022,62.8
mli,Mali,2023,63.6
mli,Mali,2024,63.92
mli,Mali,2025,64.13
mlt,Malta,1900,41.52
mlt,Malta,1901,41.97
mlt,Malta,1902,42.43
mlt,Malta,1903,42.89
mlt,Malta,1904,43.35
mlt,Malta,1905,43.81
mlt,Malta,1906,44.26
mlt,Malta,1907,44.72
mlt,Malta,1908,45.19
mlt,Malta,1909,45.64
mlt,Malta,1910,46.1
mlt,Malta,1911,46.55
mlt,Malta,1912,47.01
mlt,Malta,1913,47.47
mlt,Malta,1914,47.92
mlt,Malta,1915,48.39
mlt,Malta,1916,48.84
mlt,Malta,1917,49.29
mlt,Malta,1918,46.49
mlt,Malta,1919,50.21
mlt,Malta,1920,50.66
mlt,Malta,1921,51.12
mlt,Malta,1922,51.57
mlt,Malta,1923,52.03
mlt,Malta,1924,52.48
mlt,Malta,1925,52.94
mlt,Malta,1926,53.4
mlt,Malta,1927,53.85
mlt,Malta,1928,54.3
mlt,Malta,1929,54.75
mlt,Malta,1930,55.21
mlt,Malta,1931,55.67
mlt,Malta,1932,56.12
mlt,Malta,1933,56.57
mlt,Malta,1934,57.03
mlt,Malta,1935,57.48
mlt,Malta,1936,57.59
mlt,Malta,1937,57.71
mlt,Malta,1938,57.82
mlt,Malta,1939,57.94
mlt,Malta,1940,56.46
mlt,Malta,1941,52.07
mlt,Malta,1942,55.03
mlt,Malta,1943,59.96
mlt,Malta,1944,61.45
mlt,Malta,1945,62.18
mlt,Malta,1946,62.66
mlt,Malta,1947,63.14
mlt,Malta,1948,63.63
mlt,Malta,1949,64.11
mlt,Malta,1950,64.6
mlt,Malta,1951,65.0
mlt,Malta,1952,65.5
mlt,Malta,1953,66.1
mlt,Malta,1954,66.7
mlt,Malta,1955,67.2
mlt,Malta,1956,67.6
mlt,Malta,1957,67.9
mlt,Malta,1958,68.2
mlt,Malta,1959,68.4
mlt,Malta,1960,68.6
mlt,Malta,1961,68.9
mlt,Malta,1962,69.1
mlt,Malta,1963,69.3
mlt,Malta,1964,69.6
mlt,Malta,1965,69.8
mlt,Malta,1966,70.0
mlt,Malta,1967,70.2
mlt,Malta,1968,70.3
mlt,Malta,1969,70.5
mlt,Malta,1970,70.7
mlt,Malta,1971,70.9
mlt,Malta,1972,71.3
mlt,Malta,1973,71.6
mlt,Malta,1974,71.8
mlt,Malta,1975,71.9
mlt,Malta,1976,72.1
mlt,Malta,1977,72.1
mlt,Malta,1978,72.2
mlt,Malta,1979,72.4
mlt,Malta,1980,72.5
mlt,Malta,1981,72.8
mlt,Malta,1982,73.1
mlt,Malta,1983,73.5
mlt,Malta,1984,73.9
mlt,Malta,1985,74.4
mlt,Malta,1986,74.8
mlt,Malta,1987,75.2
mlt,Malta,1988,75.7
mlt,Malta,1989,76.0
mlt,Malta,1990,76.3
mlt,Malta,1991,76.4
mlt,Malta,1992,76.7
mlt,Malta,1993,77.2
mlt,Malta,1994,77.6
mlt,Malta,1995,77.7
mlt,Malta,1996,77.8
mlt,Malta,1997,77.9
mlt,Malta,1998,78.0
mlt,Malta,1999,78.0
mlt,Malta,2000,78.3
mlt,Malta,2001,78.7
mlt,Malta,2002,78.9
mlt,Malta,2003,79.1
mlt,Malta,2004,79.4
mlt,Malta,2005,79.5
mlt,Malta,2006,79.7
mlt,Malta,2007,80.0
mlt,Malta,2008,80.3
mlt,Malta,2009,80.6
mlt,Malta,2010,80.9
mlt,Malta,2011,81.0
mlt,Malta,2012,81.2
mlt,Malta,2013,81.6
mlt,Malta,2014,81.8
mlt,Malta,2015,82.0
mlt,Malta,2016,82.3
mlt,Malta,2017,82.4
mlt,Malta,2018,82.5
mlt,Malta,2019,82.6
mlt,Malta,2020,82.2
mlt,Malta,2021,82.3
mlt,Malta,2022,82.3
mlt,Malta,2023,83.0
mlt,Malta,2024,83.2
mlt,Malta,2025,83.3
mmr,Myanmar,1900,31.62
mmr,Myanmar,1901,31.63
mmr,Myanmar,1902,31.65
mmr,Myanmar,1903,31.66
mmr,Myanmar,1904,31.68
mmr,Myanmar,1905,31.7
mmr,Myanmar,1906,31.71
mmr,Myanmar,1907,31.73
mmr,Myanmar,1908,31.75
mmr,Myanmar,1909,31.76
mmr,Myanmar,1910,31.78
mmr,Myanmar,1911,31.79
mmr,Myanmar,1912,31.81
mmr,Myanmar,1913,31.83
mmr,Myanmar,1914,31.84
mmr,Myanmar,1915,31.86
mmr,Myanmar,1916,31.88
mmr,Myanmar,1917,31.89
mmr,Myanmar,1918,18.78
mmr,Myanmar,1919,31.93
mmr,Myanmar,1920,31.94
mmr,Myanmar,1921,31.96
mmr,Myanmar,1922,31.97
mmr,Myanmar,1923,31.99
mmr,Myanmar,1924,32.01
mmr,Myanmar,1925,32.02
mmr,Myanmar,1926,32.04
mmr,Myanmar,1927,32.06
mmr,Myanmar,1928,32.07
mmr,Myanmar,1929,32.09
mmr,Myanmar,1930,32.1
mmr,Myanmar,1931,32.12
mmr,Myanmar,1932,32.14
mmr,Myanmar,1933,32.15
mmr,Myanmar,1934,32.17
mmr,Myanmar,1935,32.19
mmr,Myanmar,1936,32.2
mmr,Myanmar,1937,32.22
mmr,Myanmar,1938,32.24
mmr,Myanmar,1939,32.25
mmr,Myanmar,1940,32.27
mmr,Myanmar,1941,32.26
mmr,Myanmar,1942,29.31
mmr,Myanmar,1943,29.83
mmr,Myanmar,1944,29.4
mmr,Myanmar,1945,29.29
mmr,Myanmar,1946,30.25
mmr,Myanmar,1947,31.24
mmr,Myanmar,1948,32.21
mmr,Myanmar,1949,33.5
mmr,Myanmar,1950,34.8
mmr,Myanmar,1951,35.8
mmr,Myanmar,1952,36.2
mmr,Myanmar,1953,36.6
mmr,Myanmar,1954,36.9
mmr,Myanmar,1955,37.3
mmr,Myanmar,1956,37.8
mmr,Myanmar,1957,38.3
mmr,Myanmar,1958,38.7
mmr,Myanmar,1959,39.2
mmr,Myanmar,1960,39.8
mmr,Myanmar,1961,40.1
mmr,Myanmar,1962,40.6
mmr,Myanmar,1963,41.2
mmr,Myanmar,1964,41.4
mmr,Myanmar,1965,41.9
mmr,Myanmar,1966,42.3
mmr,Myanmar,1967,42.7
mmr,Myanmar,1968,42.8
mmr,Myanmar,1969,43.3
mmr,Myanmar,1970,43.7
mmr,Myanmar,1971,44.4
mmr,Myanmar,1972,44.8
mmr,Myanmar,1973,45.2
mmr,Myanmar,1974,45.6
mmr,Myanmar,1975,46.1
mmr,Myanmar,1976,46.7
mmr,Myanmar,1977,47.2
mmr,Myanmar,1978,47.7
mmr,Myanmar,1979,48.5
mmr,Myanmar,1980,49.1
mmr,Myanmar,1981,49.7
mmr,Myanmar,1982,50.4
mmr,Myanmar,1983,51.1
mmr,Myanmar,1984,51.8
mmr,Myanmar,1985,52.5
mmr,Myanmar,1986,53.1
mmr,Myanmar,1987,53.6
mmr,Myanmar,1988,53.8
mmr,Myanmar,1989,54.4
mmr,Myanmar,1990,54.8
mmr,Myanmar,1991,55.0
mmr,Myanmar,1992,55.4
mmr,Myanmar,1993,55.9
mmr,Myanmar,1994,56.4
mmr,Myanmar,1995,56.8
mmr,Myanmar,1996,57.3
mmr,Myanmar,1997,57.7
mmr,Myanmar,1998,58.0
mmr,Myanmar,1999,58.4
mmr,Myanmar,2000,58.8
mmr,Myanmar,2001,59.3
mmr,Myanmar,2002,59.7
mmr,Myanmar,2003,60.1
mmr,Myanmar,2004,60.5
mmr,Myanmar,2005,61.0
mmr,Myanmar,2006,61.5
mmr,Myanmar,2007,62.0
mmr,Myanmar,2008,56.2
mmr,Myanmar,2009,63.0
mmr,Myanmar,2010,63.4
mmr,Myanmar,2011,63.8
mmr,Myanmar,2012,64.2
mmr,Myanmar,2013,64.5
mmr,Myanmar,2014,64.8
mmr,Myanmar,2015,65.1
mmr,Myanmar,2016,65.3
mmr,Myanmar,2017,65.3
mmr,Myanmar,2018,65.8
mmr,Myanmar,2019,65.9
mmr,Myanmar,2020,65.8
mmr,Myanmar,2021,64.0
mmr,Myanmar,2022,65.5
mmr,Myanmar,2023,65.4
mmr,Myanmar,2024,65.6
mmr,Myanmar,2025,65.79
mne,Montenegro,1900,36.42
mne,Montenegro,1901,36.44
mne,Montenegro,1902,36.46
mne,Montenegro,1903,36.48
mne,Montenegro,1904,36.5
mne,Montenegro,1905,36.52
mne,Montenegro,1906,36.54
mne,Montenegro,1907,36.56
mne,Montenegro,1908,36.58
mne,Montenegro,1909,36.6
mne,Montenegro,1910,36.62
mne,Montenegro,1911,36.64
mne,Montenegro,1912,36.66
mne,Montenegro,1913,36.68
mne,Montenegro,1914,36.7
mne,Montenegro,1915,36.72
mne,Montenegro,1916,36.74
mne,Montenegro,1917,36.76
mne,Montenegro,1918,20.19
mne,Montenegro,1919,36.8
mne,Montenegro,1920,36.82
mne,Montenegro,1921,37.67
mne,Montenegro,1922,38.52
mne,Montenegro,1923,39.36
mne,Montenegro,1924,40.21
mne,Montenegro,1925,41.06
mne,Montenegro,1926,41.91
mne,Montenegro,1927,42.76
mne,Montenegro,1928,43.61
mne,Montenegro,1929,44.46
mne,Montenegro,1930,45.32
mne,Montenegro,1931,46.17
mne,Montenegro,1932,47.03
mne,Montenegro,1933,47.88
mne,Montenegro,1934,48.74
mne,Montenegro,1935,49.6
mne,Montenegro,1936,50.45
mne,Montenegro,1937,51.31
mne,Montenegro,1938,52.18
mne,Montenegro,1939,53.04
mne,Montenegro,1940,53.9
mne,Montenegro,1941,42.55
mne,Montenegro,1942,39.43
mne,Montenegro,1943,38.24
mne,Montenegro,1944,36.6
mne,Montenegro,1945,38.5
mne,Montenegro,1946,48.55
mne,Montenegro,1947,59.14
mne,Montenegro,1948,60.33
mne,Montenegro,1949,61.72
mne,Montenegro,1950,62.6
mne,Montenegro,1951,63.0
mne,Montenegro,1952,63.5
mne,Montenegro,1953,63.9
mne,Montenegro,1954,64.3
mne,Montenegro,1955,65.0
mne,Montenegro,1956,65.5
mne,Montenegro,1957,66.1
mne,Montenegro,1958,66.6
mne,Montenegro,1959,67.1
mne,Montenegro,1960,67.5
mne,Montenegro,1961,68.0
mne,Montenegro,1962,68.4
mne,Montenegro,1963,68.8
mne,Montenegro,1964,69.3
mne,Montenegro,1965,69.6
mne,Montenegro,1966,69.9
mne,Montenegro,1967,70.2
mne,Montenegro,1968,70.5
mne,Montenegro,1969,70.8
mne,Montenegro,1970,71.0
mne,Montenegro,1971,71.3
mne,Montenegro,1972,71.5
mne,Montenegro,1973,71.6
mne,Montenegro,1974,71.7
mne,Montenegro,1975,71.8
mne,Montenegro,1976,71.9
mne,Montenegro,1977,72.0
mne,Montenegro,1978,72.1
mne,Montenegro,1979,71.5
mne,Montenegro,1980,72.2
mne,Montenegro,1981,72.2
mne,Montenegro,1982,72.2
mne,Montenegro,1983,72.3
mne,Montenegro,1984,72.3
mne,Montenegro,1985,72.3
mne,Montenegro,1986,72.5
mne,Montenegro,1987,72.6
mne,Montenegro,1988,72.8
mne,Montenegro,1989,73.0
mne,Montenegro,1990,73.1
mne,Montenegro,1991,73.2
mne,Montenegro,1992,73.3
mne,Montenegro,1993,73.2
mne,Montenegro,1994,73.1
mne,Montenegro,1995,73.0
mne,Montenegro,1996,73.0
mne,Montenegro,1997,73.0
mne,Montenegro,1998,73.0
mne,Montenegro,1999,73.2
mne,Montenegro,2000,73.3
mne,Montenegro,2001,73.3
mne,Montenegro,2002,73.4
mne,Montenegro,2003,73.5
mne,Montenegro,2004,73.6
mne,Montenegro,2005,73.9
mne,Montenegro,2006,74.2
mne,Montenegro,2007,74.5
mne,Montenegro,2008,74.7
mne,Montenegro,2009,74.9
mne,Montenegro,2010,75.1
mne,Montenegro,2011,75.3
mne,Montenegro,2012,75.5
mne,Montenegro,2013,75.7
mne,Montenegro,2014,75.9
mne,Montenegro,2015,76.0
mne,Montenegro,2016,76.3
mne,Montenegro,2017,76.5
mne,Montenegro,2018,76.7
mne,Montenegro,2019,76.9
mne,Montenegro,2020,75.2
mne,Montenegro,2021,73.2
mne,Montenegro,2022,76.2
mne,Montenegro,2023,77.1
mne,Montenegro,2024,77.3
mne,Montenegro,2025,77.4
mng,Mongolia,1900,33.16
mng,Mongolia,1901,33.19
mng,Mongolia,1902,33.21
mng,Mongolia,1903,33.24
mng,Mongolia,1904,33.27
mng,Mongolia,1905,33.3
mng,Mongolia,1906,33.32
mng,Mongolia,1907,33.35
mng,Mongolia,1908,33.38
mng,Mongolia,1909,33.4
mng,Mongolia,1910,33.43
mng,Mongolia,1911,33.46
mng,Mongolia,1912,33.49
mng,Mongolia,1913,33.51
mng,Mongolia,1914,33.54
mng,Mongolia,1915,33.57
mng,Mongolia,1916,33.59
mng,Mongolia,1917,33.62
mng,Mongolia,1918,21.56
mng,Mongolia,1919,33.68
mng,Mongolia,1920,33.7
mng,Mongolia,1921,33.73
mng,Mongolia,1922,33.76
mng,Mongolia,1923,33.78
mng,Mongolia,1924,33.81
mng,Mongolia,1925,33.84
mng,Mongolia,1926,33.87
mng,Mongolia,1927,33.89
mng,Mongolia,1928,33.92
mng,Mongolia,1929,33.95
mng,Mongolia,1930,33.97
mng,Mongolia,1931,34.0
mng,Mongolia,1932,34.03
mng,Mongolia,1933,34.06
mng,Mongolia,1934,34.08
mng,Mongolia,1935,34.11
mng,Mongolia,1936,34.14
mng,Mongolia,1937,34.17
mng,Mongolia,1938,34.19
mng,Mongolia,1939,34.22
mng,Mongolia,1940,34.25
mng,Mongolia,1941,34.32
mng,Mongolia,1942,34.39
mng,Mongolia,1943,34.46
mng,Mongolia,1944,34.53
mng,Mongolia,1945,34.6
mng,Mongolia,1946,36.99
mng,Mongolia,1947,39.39
mng,Mongolia,1948,41.78
mng,Mongolia,1949,44.2
mng,Mongolia,1950,46.6
mng,Mongolia,1951,47.1
mng,Mongolia,1952,47.6
mng,Mongolia,1953,48.1
mng,Mongolia,1954,48.5
mng,Mongolia,1955,48.9
mng,Mongolia,1956,49.2
mng,Mongolia,1957,47.7
mng,Mongolia,1958,49.9
mng,Mongolia,1959,50.2
mng,Mongolia,1960,50.6
mng,Mongolia,1961,50.9
mng,Mongolia,1962,51.3
mng,Mongolia,1963,51.6
mng,Mongolia,1964,51.9
mng,Mongolia,1965,52.2
mng,Mongolia,1966,52.5
mng,Mongolia,1967,53.0
mng,Mongolia,1968,53.4
mng,Mongolia,1969,54.0
mng,Mongolia,1970,54.7
mng,Mongolia,1971,55.4
mng,Mongolia,1972,56.2
mng,Mongolia,1973,57.0
mng,Mongolia,1974,57.8
mng,Mongolia,1975,58.3
mng,Mongolia,1976,58.5
mng,Mongolia,1977,58.7
mng,Mongolia,1978,58.8
mng,Mongolia,1979,58.8
mng,Mongolia,1980,58.8
mng,Mongolia,1981,58.8
mng,Mongolia,1982,59.0
mng,Mongolia,1983,59.3
mng,Mongolia,1984,59.7
mng,Mongolia,1985,60.2
mng,Mongolia,1986,60.9
mng,Mongolia,1987,61.5
mng,Mongolia,1988,61.7
mng,Mongolia,1989,61.7
mng,Mongolia,1990,61.4
mng,Mongolia,1991,61.1
mng,Mongolia,1992,61.0
mng,Mongolia,1993,61.3
mng,Mongolia,1994,61.7
mng,Mongolia,1995,61.8
mng,Mongolia,1996,61.8
mng,Mongolia,1997,62.2
mng,Mongolia,1998,62.8
mng,Mongolia,1999,63.4
mng,Mongolia,2000,63.9
mng,Mongolia,2001,64.2
mng,Mongolia,2002,64.6
mng,Mongolia,2003,65.0
mng,Mongolia,2004,65.3
mng,Mongolia,2005,65.7
mng,Mongolia,2006,66.1
mng,Mongolia,2007,66.7
mng,Mongolia,2008,67.0
mng,Mongolia,2009,67.0
mng,Mongolia,2010,66.9
mng,Mongolia,2011,67.1
mng,Mongolia,2012,67.5
mng,Mongolia,2013,68.1
mng,Mongolia,2014,68.9
mng,Mongolia,2015,69.5
mng,Mongolia,2016,70.3
mng,Mongolia,2017,70.9
mng,Mongolia,2018,71.4
mng,Mongolia,2019,72.3
mng,Mongolia,2020,72.6
mng,Mongolia,2021,70.6
mng,Mongolia,2022,72.1
mng,Mongolia,2023,73.1
mng,Mongolia,2024,73.41
mng,Mongolia,2025,73.61
moz,Mozambique,1900,38.05
moz,Mozambique,1901,38.21
moz,Mozambique,1902,38.36
moz,Mozambique,1903,38.52
moz,Mozambique,1904,38.67
moz,Mozambique,1905,38.83
moz,Mozambique,1906,38.98
moz,Mozambique,1907,39.14
moz,Mozambique,1908,39.3
moz,Mozambique,1909,39.45
moz,Mozambique,1910,39.61
moz,Mozambique,1911,39.76
moz,Mozambique,1912,39.92
moz,Mozambique,1913,40.07
moz,Mozambique,1914,40.23
moz,Mozambique,1915,40.38
moz,Mozambique,1916,40.54
moz,Mozambique,1917,40.69
moz,Mozambique,1918,15.8
moz,Mozambique,1919,41.01
moz,Mozambique,1920,41.16
moz,Mozambique,1921,41.32
moz,Mozambique,1922,41.47
moz,Mozambique,1923,41.63
moz,Mozambique,1924,41.78
moz,Mozambique,1925,41.94
moz,Mozambique,1926,42.09
moz,Mozambique,1927,42.25
moz,Mozambique,1928,42.4
moz,Mozambique,1929,42.56
moz,Mozambique,1930,42.72
moz,Mozambique,1931,42.87
moz,Mozambique,1932,43.03
moz,Mozambique,1933,43.18
moz,Mozambique,1934,43.34
moz,Mozambique,1935,43.49
moz,Mozambique,1936,43.65
moz,Mozambique,1937,43.8
moz,Mozambique,1938,43.96
moz,Mozambique,1939,44.11
moz,Mozambique,1940,44.27
moz,Mozambique,1941,44.66
moz,Mozambique,1942,45.04
moz,Mozambique,1943,45.43
moz,Mozambique,1944,45.83
moz,Mozambique,1945,46.22
moz,Mozambique,1946,46.61
moz,Mozambique,1947,47.01
moz,Mozambique,1948,47.41
moz,Mozambique,1949,47.8
moz,Mozambique,1950,48.2
moz,Mozambique,1951,48.3
moz,Mozambique,1952,48.5
moz,Mozambique,1953,48.7
moz,Mozambique,1954,48.8
moz,Mozambique,1955,48.9
moz,Mozambique,1956,49.1
moz,Mozambique,1957,49.3
moz,Mozambique,1958,49.4
moz,Mozambique,1959,49.6
moz,Mozambique,1960,49.7
moz,Mozambique,1961,49.8
moz,Mozambique,1962,50.0
moz,Mozambique,1963,50.1
moz,Mozambique,1964,49.6
moz,Mozambique,1965,49.7
moz,Mozambique,1966,49.8
moz,Mozambique,1967,49.9
moz,Mozambique,1968,50.0
moz,Mozambique,1969,50.2
moz,Mozambique,1970,50.4
moz,Mozambique,1971,50.5
moz,Mozambique,1972,50.6
moz,Mozambique,1973,50.7
moz,Mozambique,1974,50.9
moz,Mozambique,1975,51.4
moz,Mozambique,1976,51.4
moz,Mozambique,1977,51.2
moz,Mozambique,1978,51.3
moz,Mozambique,1979,51.2
moz,Mozambique,1980,51.3
moz,Mozambique,1981,48.5
moz,Mozambique,1982,48.6
moz,Mozambique,1983,48.6
moz,Mozambique,1984,46.1
moz,Mozambique,1985,46.1
moz,Mozambique,1986,48.1
moz,Mozambique,1987,48.2
moz,Mozambique,1988,51.5
moz,Mozambique,1989,52.1
moz,Mozambique,1990,52.3
moz,Mozambique,1991,52.7
moz,Mozambique,1992,53.1
moz,Mozambique,1993,53.4
moz,Mozambique,1994,53.7
moz,Mozambique,1995,53.8
moz,Mozambique,1996,54.0
moz,Mozambique,1997,54.0
moz,Mozambique,1998,54.0
moz,Mozambique,1999,54.0
moz,Mozambique,2000,54.0
moz,Mozambique,2001,54.3
moz,Mozambique,2002,54.4
moz,Mozambique,2003,54.6
moz,Mozambique,2004,54.9
moz,Mozambique,2005,55.5
moz,Mozambique,2006,56.5
moz,Mozambique,2007,57.6
moz,Mozambique,2008,58.6
moz,Mozambique,2009,59.4
moz,Mozambique,2010,60.0
moz,Mozambique,2011,60.1
moz,Mozambique,2012,59.8
moz,Mozambique,2013,60.1
moz,Mozambique,2014,61.2
moz,Mozambique,2015,62.1
moz,Mozambique,2016,62.7
moz,Mozambique,2017,63.0
moz,Mozambique,2018,63.2
moz,Mozambique,2019,63.1
moz,Mozambique,2020,62.8
moz,Mozambique,2021,60.5
moz,Mozambique,2022,64.0
moz,Mozambique,2023,64.9
moz,Mozambique,2024,65.1
moz,Mozambique,2025,65.31
mrt,Mauritania,1900,38.01
mrt,Mauritania,1901,38.13
mrt,Mauritania,1902,38.25
mrt,Mauritania,1903,38.37
mrt,Mauritania,1904,38.49
mrt,Mauritania,1905,38.61
mrt,Mauritania,1906,38.73
mrt,Mauritania,1907,38.85
mrt,Mauritania,1908,38.97
mrt,Mauritania,1909,39.09
mrt,Mauritania,1910,39.21
mrt,Mauritania,1911,39.33
mrt,Mauritania,1912,39.45
mrt,Mauritania,1913,39.57
mrt,Mauritania,1914,39.69
mrt,Mauritania,1915,39.81
mrt,Mauritania,1916,39.93
mrt,Mauritania,1917,40.05
mrt,Mauritania,1918,15.54
mrt,Mauritania,1919,40.29
mrt,Mauritania,1920,40.41
mrt,Mauritania,1921,40.53
mrt,Mauritania,1922,40.65
mrt,Mauritania,1923,40.77
mrt,Mauritania,1924,40.89
mrt,Mauritania,1925,41.01
mrt,Mauritania,1926,41.13
mrt,Mauritania,1927,41.25
mrt,Mauritania,1928,41.37
mrt,Mauritania,1929,41.49
mrt,Mauritania,1930,41.61
mrt,Mauritania,1931,41.73
mrt,Mauritania,1932,41.85
mrt,Mauritania,1933,41.97
mrt,Mauritania,1934,42.09
mrt,Mauritania,1935,42.21
mrt,Mauritania,1936,42.33
mrt,Mauritania,1937,42.45
mrt,Mauritania,1938,42.57
mrt,Mauritania,1939,42.69
mrt,Mauritania,1940,42.81
mrt,Mauritania,1941,42.96
mrt,Mauritania,1942,43.11
mrt,Mauritania,1943,43.25
mrt,Mauritania,1944,43.4
mrt,Mauritania,1945,43.56
mrt,Mauritania,1946,45.19
mrt,Mauritania,1947,46.83
mrt,Mauritania,1948,48.48
mrt,Mauritania,1949,50.14
mrt,Mauritania,1950,51.8
mrt,Mauritania,1951,51.9
mrt,Mauritania,1952,52.0
mrt,Mauritania,1953,52.3
mrt,Mauritania,1954,52.4
mrt,Mauritania,1955,52.5
mrt,Mauritania,1956,52.7
mrt,Mauritania,1957,52.4
mrt,Mauritania,1958,52.6
mrt,Mauritania,1959,53.0
mrt,Mauritania,1960,53.2
mrt,Mauritania,1961,53.4
mrt,Mauritania,1962,53.5
mrt,Mauritania,1963,53.6
mrt,Mauritania,1964,53.9
mrt,Mauritania,1965,54.2
mrt,Mauritania,1966,54.4
mrt,Mauritania,1967,54.6
mrt,Mauritania,1968,54.8
mrt,Mauritania,1969,55.1
mrt,Mauritania,1970,55.3
mrt,Mauritania,1971,55.4
mrt,Mauritania,1972,55.6
mrt,Mauritania,1973,55.7
mrt,Mauritania,1974,56.0
mrt,Mauritania,1975,55.5
mrt,Mauritania,1976,55.8
mrt,Mauritania,1977,56.0
mrt,Mauritania,1978,56.2
mrt,Mauritania,1979,57.2
mrt,Mauritania,1980,57.6
mrt,Mauritania,1981,57.9
mrt,Mauritania,1982,58.2
mrt,Mauritania,1983,58.4
mrt,Mauritania,1984,58.8
mrt,Mauritania,1985,59.1
mrt,Mauritania,1986,59.4
mrt,Mauritania,1987,59.6
mrt,Mauritania,1988,59.9
mrt,Mauritania,1989,60.1
mrt,Mauritania,1990,60.6
mrt,Mauritania,1991,61.0
mrt,Mauritania,1992,61.3
mrt,Mauritania,1993,61.4
mrt,Mauritania,1994,62.1
mrt,Mauritania,1995,62.6
mrt,Mauritania,1996,62.8
mrt,Mauritania,1997,63.1
mrt,Mauritania,1998,63.0
mrt,Mauritania,1999,63.6
mrt,Mauritania,2000,63.7
mrt,Mauritania,2001,63.8
mrt,Mauritania,2002,64.0
mrt,Mauritania,2003,64.3
mrt,Mauritania,2004,64.4
mrt,Mauritania,2005,64.6
mrt,Mauritania,2006,64.8
mrt,Mauritania,2007,65.3
mrt,Mauritania,2008,65.7
mrt,Mauritania,2009,65.7
mrt,Mauritania,2010,66.0
mrt,Mauritania,2011,66.3
mrt,Mauritania,2012,66.4
mrt,Mauritania,2013,66.6
mrt,Mauritania,2014,67.2
mrt,Mauritania,2015,67.4
mrt,Mauritania,2016,67.9
mrt,Mauritania,2017,67.8
mrt,Mauritania,2018,68.1
mrt,Mauritania,2019,68.0
mrt,Mauritania,2020,66.1
mrt,Mauritania,2021,65.4
mrt,Mauritania,2022,66.9
mrt,Mauritania,2023,68.1
mrt,Mauritania,2024,68.3
mrt,Mauritania,2025,68.5
mus,Mauritius,1900,27.48
mus,Mauritius,1901,24.98
mus,Mauritius,1902,30.11
mus,Mauritius,1903,25.03
mus,Mauritius,1904,31.94
mus,Mauritius,1905,24.54
mus,Mauritius,1906,24.94
mus,Mauritius,1907,29.44
mus,Mauritius,1908,24.83
mus,Mauritius,1909,27.53
mus,Mauritius,1910,30.5
mus,Mauritius,1911,31.37
mus,Mauritius,1912,26.54
mus,Mauritius,1913,29.42
mus,Mauritius,1914,32.31
mus,Mauritius,1915,30.18
mus,Mauritius,1916,34.57
mus,Mauritius,1917,32.58
mus,Mauritius,1918,31.37
mus,Mauritius,1919,12.75
mus,Mauritius,1920,33.17
mus,Mauritius,1921,25.41
mus,Mauritius,1922,30.27
mus,Mauritius,1923,36.27
mus,Mauritius,1924,37.18
mus,Mauritius,1925,41.46
mus,Mauritius,1926,40.03
mus,Mauritius,1927,40.31
mus,Mauritius,1928,36.75
mus,Mauritius,1929,34.13
mus,Mauritius,1930,29.66
mus,Mauritius,1931,26.56
mus,Mauritius,1932,32.13
mus,Mauritius,1933,37.92
mus,Mauritius,1934,39.81
mus,Mauritius,1935,38.91
mus,Mauritius,1936,39.06
mus,Mauritius,1937,36.38
mus,Mauritius,1938,35.22
mus,Mauritius,1939,37.32
mus,Mauritius,1940,40.26
mus,Mauritius,1941,40.18
mus,Mauritius,1942,36.08
mus,Mauritius,1943,39.87
mus,Mauritius,1944,38.49
mus,Mauritius,1945,29.41
mus,Mauritius,1946,35.87
mus,Mauritius,1947,41.99
mus,Mauritius,1948,45.45
mus,Mauritius,1949,48.94
mus,Mauritius,1950,52.4
mus,Mauritius,1951,52.8
mus,Mauritius,1952,53.1
mus,Mauritius,1953,53.4
mus,Mauritius,1954,53.8
mus,Mauritius,1955,54.3
mus,Mauritius,1956,55.2
mus,Mauritius,1957,56.2
mus,Mauritius,1958,57.3
mus,Mauritius,1959,58.2
mus,Mauritius,1960,58.7
mus,Mauritius,1961,59.4
mus,Mauritius,1962,60.0
mus,Mauritius,1963,60.8
mus,Mauritius,1964,61.4
mus,Mauritius,1965,61.9
mus,Mauritius,1966,62.3
mus,Mauritius,1967,62.6
mus,Mauritius,1968,62.8
mus,Mauritius,1969,63.1
mus,Mauritius,1970,63.4
mus,Mauritius,1971,63.8
mus,Mauritius,1972,64.1
mus,Mauritius,1973,64.3
mus,Mauritius,1974,64.4
mus,Mauritius,1975,64.6
mus,Mauritius,1976,64.9
mus,Mauritius,1977,65.2
mus,Mauritius,1978,65.7
mus,Mauritius,1979,66.3
mus,Mauritius,1980,66.9
mus,Mauritius,1981,67.5
mus,Mauritius,1982,68.0
mus,Mauritius,1983,68.4
mus,Mauritius,1984,68.7
mus,Mauritius,1985,68.9
mus,Mauritius,1986,69.1
mus,Mauritius,1987,69.3
mus,Mauritius,1988,69.5
mus,Mauritius,1989,69.6
mus,Mauritius,1990,69.8
mus,Mauritius,1991,70.1
mus,Mauritius,1992,70.4
mus,Mauritius,1993,70.4
mus,Mauritius,1994,70.8
mus,Mauritius,1995,70.9
mus,Mauritius,1996,70.9
mus,Mauritius,1997,71.1
mus,Mauritius,1998,71.5
mus,Mauritius,1999,71.8
mus,Mauritius,2000,72.0
mus,Mauritius,2001,72.2
mus,Mauritius,2002,72.4
mus,Mauritius,2003,72.6
mus,Mauritius,2004,72.8
mus,Mauritius,2005,72.8
mus,Mauritius,2006,73.0
mus,Mauritius,2007,73.3
mus,Mauritius,2008,73.5
mus,Mauritius,2009,73.8
mus,Mauritius,2010,74.0
mus,Mauritius,2011,74.2
mus,Mauritius,2012,74.4
mus,Mauritius,2013,74.6
mus,Mauritius,2014,74.8
mus,Mauritius,2015,74.8
mus,Mauritius,2016,74.8
mus,Mauritius,2017,74.8
mus,Mauritius,2018,74.8
mus,Mauritius,2019,74.9
mus,Mauritius,2020,74.6
mus,Mauritius,2021,72.8
mus,Mauritius,2022,73.4
mus,Mauritius,2023,73.8
mus,Mauritius,2024,74.0
mus,Mauritius,2025,74.19
mwi,Malawi,1900,32.9
mwi,Malawi,1901,32.96
mwi,Malawi,1902,33.01
mwi,Malawi,1903,33.06
mwi,Malawi,1904,33.11
mwi,Malawi,1905,33.17
mwi,Malawi,1906,33.22
mwi,Malawi,1907,33.27
mwi,Malawi,1908,33.32
mwi,Malawi,1909,33.37
mwi,Malawi,1910,33.43
mwi,Malawi,1911,33.48
mwi,Malawi,1912,33.53
mwi,Malawi,1913,33.58
mwi,Malawi,1914,33.63
mwi,Malawi,1915,33.69
mwi,Malawi,1916,33.74
mwi,Malawi,1917,33.79
mwi,Malawi,1918,13.09
mwi,Malawi,1919,33.89
mwi,Malawi,1920,33.95
mwi,Malawi,1921,34.0
mwi,Malawi,1922,34.05
mwi,Malawi,1923,34.1
mwi,Malawi,1924,34.16
mwi,Malawi,1925,34.21
mwi,Malawi,1926,34.26
mwi,Malawi,1927,34.31
mwi,Malawi,1928,34.36
mwi,Malawi,1929,34.42
mwi,Malawi,1930,34.47
mwi,Malawi,1931,34.52
mwi,Malawi,1932,34.57
mwi,Malawi,1933,34.62
mwi,Malawi,1934,34.68
mwi,Malawi,1935,34.73
mwi,Malawi,1936,34.78
mwi,Malawi,1937,34.83
mwi,Malawi,1938,34.88
mwi,Malawi,1939,34.94
mwi,Malawi,1940,34.99
mwi,Malawi,1941,35.08
mwi,Malawi,1942,35.17
mwi,Malawi,1943,35.26
mwi,Malawi,1944,35.35
mwi,Malawi,1945,35.44
mwi,Malawi,1946,36.86
mwi,Malawi,1947,38.29
mwi,Malawi,1948,39.72
mwi,Malawi,1949,41.16
mwi,Malawi,1950,42.6
mwi,Malawi,1951,42.6
mwi,Malawi,1952,42.7
mwi,Malawi,1953,42.8
mwi,Malawi,1954,42.8
mwi,Malawi,1955,42.8
mwi,Malawi,1956,43.0
mwi,Malawi,1957,43.2
mwi,Malawi,1958,43.3
mwi,Malawi,1959,43.5
mwi,Malawi,1960,43.7
mwi,Malawi,1961,43.9
mwi,Malawi,1962,44.1
mwi,Malawi,1963,44.3
mwi,Malawi,1964,44.4
mwi,Malawi,1965,44.5
mwi,Malawi,1966,44.8
mwi,Malawi,1967,45.0
mwi,Malawi,1968,45.0
mwi,Malawi,1969,45.1
mwi,Malawi,1970,45.0
mwi,Malawi,1971,44.9
mwi,Malawi,1972,44.7
mwi,Malawi,1973,44.4
mwi,Malawi,1974,44.1
mwi,Malawi,1975,43.9
mwi,Malawi,1976,43.9
mwi,Malawi,1977,43.8
mwi,Malawi,1978,44.1
mwi,Malawi,1979,44.3
mwi,Malawi,1980,44.6
mwi,Malawi,1981,44.8
mwi,Malawi,1982,45.0
mwi,Malawi,1983,45.1
mwi,Malawi,1984,45.2
mwi,Malawi,1985,45.3
mwi,Malawi,1986,45.3
mwi,Malawi,1987,45.3
mwi,Malawi,1988,45.4
mwi,Malawi,1989,45.5
mwi,Malawi,1990,45.6
mwi,Malawi,1991,45.6
mwi,Malawi,1992,45.7
mwi,Malawi,1993,45.6
mwi,Malawi,1994,45.4
mwi,Malawi,1995,44.8
mwi,Malawi,1996,44.5
mwi,Malawi,1997,44.5
mwi,Malawi,1998,44.5
mwi,Malawi,1999,44.7
mwi,Malawi,2000,44.9
mwi,Malawi,2001,45.3
mwi,Malawi,2002,45.7
mwi,Malawi,2003,46.6
mwi,Malawi,2004,47.5
mwi,Malawi,2005,49.2
mwi,Malawi,2006,51.4
mwi,Malawi,2007,53.6
mwi,Malawi,2008,55.4
mwi,Malawi,2009,56.7
mwi,Malawi,2010,57.3
mwi,Malawi,2011,58.2
mwi,Malawi,2012,59.1
mwi,Malawi,2013,59.9
mwi,Malawi,2014,60.5
mwi,Malawi,2015,60.7
mwi,Malawi,2016,61.0
mwi,Malawi,2017,61.3
mwi,Malawi,2018,61.5
mwi,Malawi,2019,61.8
mwi,Malawi,2020,61.2
mwi,Malawi,2021,55.6
mwi,Malawi,2022,61.2
mwi,Malawi,2023,62.0
mwi,Malawi,2024,62.18
mwi,Malawi,2025,62.28
mys,Malaysia,1900,29.43
mys,Malaysia,1901,29.41
mys,Malaysia,1902,29.39
mys,Malaysia,1903,29.36
mys,Malaysia,1904,29.34
mys,Malaysia,1905,29.32
mys,Malaysia,1906,29.29
mys,Malaysia,1907,29.27
mys,Malaysia,1908,29.24
mys,Malaysia,1909,29.22
mys,Malaysia,1910,29.2
mys,Malaysia,1911,29.17
mys,Malaysia,1912,29.15
mys,Malaysia,1913,29.13
mys,Malaysia,1914,29.1
mys,Malaysia,1915,29.08
mys,Malaysia,1916,29.06
mys,Malaysia,1917,29.03
mys,Malaysia,1918,18.59
mys,Malaysia,1919,28.99
mys,Malaysia,1920,28.96
mys,Malaysia,1921,28.94
mys,Malaysia,1922,28.92
mys,Malaysia,1923,28.89
mys,Malaysia,1924,28.87
mys,Malaysia,1925,28.85
mys,Malaysia,1926,28.82
mys,Malaysia,1927,28.8
mys,Malaysia,1928,28.78
mys,Malaysia,1929,28.75
mys,Malaysia,1930,28.73
mys,Malaysia,1931,29.78
mys,Malaysia,1932,30.83
mys,Malaysia,1933,31.87
mys,Malaysia,1934,32.92
mys,Malaysia,1935,33.96
mys,Malaysia,1936,35.01
mys,Malaysia,1937,36.05
mys,Malaysia,1938,37.08
mys,Malaysia,1939,38.12
mys,Malaysia,1940,39.15
mys,Malaysia,1941,38.91
mys,Malaysia,1942,33.6
mys,Malaysia,1943,35.82
mys,Malaysia,1944,35.63
mys,Malaysia,1945,35.44
mys,Malaysia,1946,41.82
mys,Malaysia,1947,44.58
mys,Malaysia,1948,46.88
mys,Malaysia,1949,48.25
mys,Malaysia,1950,49.6
mys,Malaysia,1951,50.3
mys,Malaysia,1952,51.4
mys,Malaysia,1953,52.7
mys,Malaysia,1954,53.8
mys,Malaysia,1955,54.8
mys,Malaysia,1956,55.5
mys,Malaysia,1957,56.1
mys,Malaysia,1958,57.0
mys,Malaysia,1959,58.0
mys,Malaysia,1960,58.7
mys,Malaysia,1961,59.1
mys,Malaysia,1962,59.5
mys,Malaysia,1963,60.1
mys,Malaysia,1964,60.9
mys,Malaysia,1965,61.5
mys,Malaysia,1966,61.9
mys,Malaysia,1967,62.4
mys,Malaysia,1968,62.7
mys,Malaysia,1969,63.1
mys,Malaysia,1970,63.5
mys,Malaysia,1971,63.9
mys,Malaysia,1972,64.5
mys,Malaysia,1973,65.0
mys,Malaysia,1974,65.5
mys,Malaysia,1975,65.9
mys,Malaysia,1976,66.4
mys,Malaysia,1977,66.9
mys,Malaysia,1978,67.4
mys,Malaysia,1979,67.8
mys,Malaysia,1980,68.3
mys,Malaysia,1981,68.6
mys,Malaysia,1982,69.0
mys,Malaysia,1983,69.4
mys,Malaysia,1984,69.7
mys,Malaysia,1985,70.2
mys,Malaysia,1986,70.6
mys,Malaysia,1987,70.9
mys,Malaysia,1988,71.1
mys,Malaysia,1989,71.3
mys,Malaysia,1990,71.4
mys,Malaysia,1991,71.6
mys,Malaysia,1992,71.9
mys,Malaysia,1993,72.0
mys,Malaysia,1994,72.1
mys,Malaysia,1995,72.1
mys,Malaysia,1996,72.3
mys,Malaysia,1997,72.5
mys,Malaysia,1998,72.5
mys,Malaysia,1999,72.4
mys,Malaysia,2000,72.7
mys,Malaysia,2001,73.1
mys,Malaysia,2002,73.4
mys,Malaysia,2003,73.5
mys,Malaysia,2004,73.8
mys,Malaysia,2005,74.2
mys,Malaysia,2006,74.5
mys,Malaysia,2007,74.7
mys,Malaysia,2008,74.8
mys,Malaysia,2009,74.8
mys,Malaysia,2010,74.9
mys,Malaysia,2011,75.0
mys,Malaysia,2012,75.2
mys,Malaysia,2013,75.2
mys,Malaysia,2014,75.2
mys,Malaysia,2015,75.2
mys,Malaysia,2016,75.1
mys,Malaysia,2017,75.2
mys,Malaysia,2018,75.4
mys,Malaysia,2019,75.9
mys,Malaysia,2020,76.6
mys,Malaysia,2021,73.3
mys,Malaysia,2022,75.0
mys,Malaysia,2023,76.4
mys,Malaysia,2024,76.5
mys,Malaysia,2025,76.7
nam,Namibia,1900,33.55
nam,Namibia,1901,33.58
nam,Namibia,1902,33.6
nam,Namibia,1903,30.09
nam,Namibia,1904,5.19
nam,Namibia,1905,10.39
nam,Namibia,1906,20.8
nam,Namibia,1907,28.1
nam,Namibia,1908,33.74
nam,Namibia,1909,33.76
nam,Namibia,1910,33.78
nam,Namibia,1911,33.81
nam,Namibia,1912,33.83
nam,Namibia,1913,33.85
nam,Namibia,1914,33.88
nam,Namibia,1915,33.9
nam,Namibia,1916,33.92
nam,Namibia,1917,33.94
nam,Namibia,1918,13.14
nam,Namibia,1919,33.99
nam,Namibia,1920,34.01
nam,Namibia,1921,34.04
nam,Namibia,1922,34.06
nam,Namibia,1923,34.08
nam,Namibia,1924,34.11
nam,Namibia,1925,34.13
nam,Namibia,1926,34.15
nam,Namibia,1927,34.18
nam,Namibia,1928,34.2
nam,Namibia,1929,34.22
nam,Namibia,1930,34.24
nam,Namibia,1931,34.27
nam,Namibia,1932,34.29
nam,Namibia,1933,34.31
nam,Namibia,1934,34.34
nam,Namibia,1935,34.36
nam,Namibia,1936,34.38
nam,Namibia,1937,34.41
nam,Namibia,1938,34.43
nam,Namibia,1939,34.45
nam,Namibia,1940,34.48
nam,Namibia,1941,35.35
nam,Namibia,1942,36.22
nam,Namibia,1943,37.08
nam,Namibia,1944,37.95
nam,Namibia,1945,38.83
nam,Namibia,1946,39.7
nam,Namibia,1947,40.58
nam,Namibia,1948,41.44
nam,Namibia,1949,42.33
nam,Namibia,1950,43.2
nam,Namibia,1951,43.5
nam,Namibia,1952,43.9
nam,Namibia,1953,44.2
nam,Namibia,1954,44.6
nam,Namibia,1955,44.9
nam,Namibia,1956,45.3
nam,Namibia,1957,45.7
nam,Namibia,1958,46.1
nam,Namibia,1959,46.5
nam,Namibia,1960,46.9
nam,Namibia,1961,47.3
nam,Namibia,1962,47.8
nam,Namibia,1963,48.3
nam,Namibia,1964,48.8
nam,Namibia,1965,49.3
nam,Namibia,1966,49.1
nam,Namibia,1967,49.6
nam,Namibia,1968,50.1
nam,Namibia,1969,50.6
nam,Namibia,1970,51.1
nam,Namibia,1971,51.6
nam,Namibia,1972,52.1
nam,Namibia,1973,52.6
nam,Namibia,1974,53.2
nam,Namibia,1975,53.7
nam,Namibia,1976,54.3
nam,Namibia,1977,54.8
nam,Namibia,1978,55.3
nam,Namibia,1979,55.8
nam,Namibia,1980,55.9
nam,Namibia,1981,56.4
nam,Namibia,1982,56.9
nam,Namibia,1983,57.3
nam,Namibia,1984,57.8
nam,Namibia,1985,58.2
nam,Namibia,1986,58.6
nam,Namibia,1987,58.9
nam,Namibia,1988,59.0
nam,Namibia,1989,60.1
nam,Namibia,1990,60.1
nam,Namibia,1991,60.1
nam,Namibia,1992,60.0
nam,Namibia,1993,59.9
nam,Namibia,1994,59.4
nam,Namibia,1995,59.3
nam,Namibia,1996,58.7
nam,Namibia,1997,57.9
nam,Namibia,1998,57.0
nam,Namibia,1999,56.0
nam,Namibia,2000,55.0
nam,Namibia,2001,54.1
nam,Namibia,2002,53.4
nam,Namibia,2003,52.9
nam,Namibia,2004,53.7
nam,Namibia,2005,55.7
nam,Namibia,2006,58.1
nam,Namibia,2007,60.1
nam,Namibia,2008,61.3
nam,Namibia,2009,61.8
nam,Namibia,2010,62.2
nam,Namibia,2011,62.5
nam,Namibia,2012,63.1
nam,Namibia,2013,63.4
nam,Namibia,2014,63.7
nam,Namibia,2015,63.8
nam,Namibia,2016,64.0
nam,Namibia,2017,64.4
nam,Namibia,2018,64.9
nam,Namibia,2019,65.3
nam,Namibia,2020,64.2
nam,Namibia,2021,58.6
nam,Namibia,2022,65.0
nam,Namibia,2023,66.4
nam,Namibia,2024,66.5
nam,Namibia,2025,66.7
ner,Niger,1900,33.26
ner,Niger,1901,33.31
ner,Niger,1902,33.36
ner,Niger,1903,33.41
ner,Niger,1904,33.45
ner,Niger,1905,33.5
ner,Niger,1906,33.55
ner,Niger,1907,33.6
ner,Niger,1908,33.65
ner,Niger,1909,33.7
ner,Niger,1910,33.75
ner,Niger,1911,33.8
ner,Niger,1912,33.85
ner,Niger,1913,33.9
ner,Niger,1914,33.95
ner,Niger,1915,33.99
ner,Niger,1916,34.04
ner,Niger,1917,34.09
ner,Niger,1918,13.2
ner,Niger,1919,34.19
ner,Niger,1920,34.24
ner,Niger,1921,34.29
ner,Niger,1922,34.34
ner,Niger,1923,34.39
ner,Niger,1924,34.44
ner,Niger,1925,34.49
ner,Niger,1926,34.54
ner,Niger,1927,34.58
ner,Niger,1928,34.63
ner,Niger,1929,34.68
ner,Niger,1930,34.73
ner,Niger,1931,34.78
ner,Niger,1932,34.83
ner,Niger,1933,34.88
ner,Niger,1934,34.93
ner,Niger,1935,34.98
ner,Niger,1936,35.03
ner,Niger,1937,35.08
ner,Niger,1938,35.13
ner,Niger,1939,35.17
ner,Niger,1940,35.22
ner,Niger,1941,35.34
ner,Niger,1942,35.47
ner,Niger,1943,35.59
ner,Niger,1944,35.72
ner,Niger,1945,35.84
ner,Niger,1946,36.91
ner,Niger,1947,37.97
ner,Niger,1948,39.05
ner,Niger,1949,40.11
ner,Niger,1950,41.2
ner,Niger,1951,41.1
ner,Niger,1952,41.4
ner,Niger,1953,41.1
ner,Niger,1954,40.8
ner,Niger,1955,41.2
ner,Niger,1956,41.1
ner,Niger,1957,41.0
ner,Niger,1958,41.0
ner,Niger,1959,41.1
ner,Niger,1960,41.3
ner,Niger,1961,41.3
ner,Niger,1962,41.3
ner,Niger,1963,41.4
ner,Niger,1964,41.4
ner,Niger,1965,41.5
ner,Niger,1966,41.4
ner,Niger,1967,41.4
ner,Niger,1968,41.4
ner,Niger,1969,41.3
ner,Niger,1970,41.1
ner,Niger,1971,40.6
ner,Niger,1972,41.0
ner,Niger,1973,40.9
ner,Niger,1974,40.8
ner,Niger,1975,40.8
ner,Niger,1976,40.8
ner,Niger,1977,40.8
ner,Niger,1978,40.8
ner,Niger,1979,41.0
ner,Niger,1980,41.1
ner,Niger,1981,41.2
ner,Niger,1982,41.2
ner,Niger,1983,41.3
ner,Niger,1984,41.2
ner,Niger,1985,41.3
ner,Niger,1986,41.3
ner,Niger,1987,41.5
ner,Niger,1988,41.8
ner,Niger,1989,42.0
ner,Niger,1990,42.5
ner,Niger,1991,42.5
ner,Niger,1992,43.4
ner,Niger,1993,43.8
ner,Niger,1994,44.4
ner,Niger,1995,44.5
ner,Niger,1996,45.6
ner,Niger,1997,46.3
ner,Niger,1998,47.0
ner,Niger,1999,47.7
ner,Niger,2000,48.2
ner,Niger,2001,49.1
ner,Niger,2002,49.7
ner,Niger,2003,50.5
ner,Niger,2004,51.4
ner,Niger,2005,52.3
ner,Niger,2006,53.0
ner,Niger,2007,53.8
ner,Niger,2008,54.4
ner,Niger,2009,55.1
ner,Niger,2010,55.6
ner,Niger,2011,56.0
ner,Niger,2012,56.4
ner,Niger,2013,56.7
ner,Niger,2014,57.1
ner,Niger,2015,56.9
ner,Niger,2016,57.3
ner,Niger,2017,57.6
ner,Niger,2018,57.9
ner,Niger,2019,58.0
ner,Niger,2020,57.5
ner,Niger,2021,58.2
ner,Niger,2022,58.8
ner,Niger,2023,59.2
ner,Niger,2024,59.39
ner,Niger,2025,59.68
nga,Nigeria,1900,32.52
nga,Nigeria,1901,32.56
nga,Nigeria,1902,32.6
nga,Nigeria,1903,32.65
nga,Nigeria,1904,32.69
nga,Nigeria,1905,32.73
nga,Nigeria,1906,32.77
nga,Nigeria,1907,32.82
nga,Nigeria,1908,32.86
nga,Nigeria,1909,32.9
nga,Nigeria,1910,32.94
nga,Nigeria,1911,32.99
nga,Nigeria,1912,33.03
nga,Nigeria,1913,33.07
nga,Nigeria,1914,33.11
nga,Nigeria,1915,33.15
nga,Nigeria,1916,33.2
nga,Nigeria,1917,33.24
nga,Nigeria,1918,15.72
nga,Nigeria,1919,33.32
nga,Nigeria,1920,33.37
nga,Nigeria,1921,33.41
nga,Nigeria,1922,33.45
nga,Nigeria,1923,33.49
nga,Nigeria,1924,33.54
nga,Nigeria,1925,33.58
nga,Nigeria,1926,33.62
nga,Nigeria,1927,33.66
nga,Nigeria,1928,33.71
nga,Nigeria,1929,33.75
nga,Nigeria,1930,33.79
nga,Nigeria,1931,33.83
nga,Nigeria,1932,33.88
nga,Nigeria,1933,33.92
nga,Nigeria,1934,33.96
nga,Nigeria,1935,34.0
nga,Nigeria,1936,34.05
nga,Nigeria,1937,34.09
nga,Nigeria,1938,34.13
nga,Nigeria,1939,34.17
nga,Nigeria,1940,34.21
nga,Nigeria,1941,34.44
nga,Nigeria,1942,34.66
nga,Nigeria,1943,34.88
nga,Nigeria,1944,35.11
nga,Nigeria,1945,35.33
nga,Nigeria,1946,36.23
nga,Nigeria,1947,37.11
nga,Nigeria,1948,38.01
nga,Nigeria,1949,38.9
nga,Nigeria,1950,39.8
nga,Nigeria,1951,40.0
nga,Nigeria,1952,40.5
nga,Nigeria,1953,40.8
nga,Nigeria,1954,41.0
nga,Nigeria,1955,41.5
nga,Nigeria,1956,41.7
nga,Nigeria,1957,42.0
nga,Nigeria,1958,42.3
nga,Nigeria,1959,42.6
nga,Nigeria,1960,43.0
nga,Nigeria,1961,43.3
nga,Nigeria,1962,43.7
nga,Nigeria,1963,44.0
nga,Nigeria,1964,44.3
nga,Nigeria,1965,44.6
nga,Nigeria,1966,44.8
nga,Nigeria,1967,44.5
nga,Nigeria,1968,44.2
nga,Nigeria,1969,44.4
nga,Nigeria,1970,45.7
nga,Nigeria,1971,46.2
nga,Nigeria,1972,46.8
nga,Nigeria,1973,47.3
nga,Nigeria,1974,47.9
nga,Nigeria,1975,48.4
nga,Nigeria,1976,48.9
nga,Nigeria,1977,49.4
nga,Nigeria,1978,49.7
nga,Nigeria,1979,50.2
nga,Nigeria,1980,50.5
nga,Nigeria,1981,50.8
nga,Nigeria,1982,50.9
nga,Nigeria,1983,51.1
nga,Nigeria,1984,51.2
nga,Nigeria,1985,51.3
nga,Nigeria,1986,51.3
nga,Nigeria,1987,51.3
nga,Nigeria,1988,51.3
nga,Nigeria,1989,51.3
nga,Nigeria,1990,51.4
nga,Nigeria,1991,51.0
nga,Nigeria,1992,51.7
nga,Nigeria,1993,51.8
nga,Nigeria,1994,52.0
nga,Nigeria,1995,52.2
nga,Nigeria,1996,52.0
nga,Nigeria,1997,52.5
nga,Nigeria,1998,52.6
nga,Nigeria,1999,52.8
nga,Nigeria,2000,52.9
nga,Nigeria,2001,53.3
nga,Nigeria,2002,53.8
nga,Nigeria,2003,54.6
nga,Nigeria,2004,55.3
nga,Nigeria,2005,56.1
nga,Nigeria,2006,56.8
nga,Nigeria,2007,57.7
nga,Nigeria,2008,58.4
nga,Nigeria,2009,58.9
nga,Nigeria,2010,59.3
nga,Nigeria,2011,59.9
nga,Nigeria,2012,60.3
nga,Nigeria,2013,60.6
nga,Nigeria,2014,61.0
nga,Nigeria,2015,61.2
nga,Nigeria,2016,61.8
nga,Nigeria,2017,62.3
nga,Nigeria,2018,62.8
nga,Nigeria,2019,63.4
nga,Nigeria,2020,63.0
nga,Nigeria,2021,63.3
nga,Nigeria,2022,64.3
nga,Nigeria,2023,64.5
nga,Nigeria,2024,64.62
nga,Nigeria,2025,64.86
nic,Nicaragua,1900,27.24
nic,Nicaragua,1901,27.28
nic,Nicaragua,1902,27.32
nic,Nicaragua,1903,27.35
nic,Nicaragua,1904,27.39
nic,Nicaragua,1905,27.43
nic,Nicaragua,1906,27.46
nic,Nicaragua,1907,27.5
nic,Nicaragua,1908,27.54
nic,Nicaragua,1909,27.57
nic,Nicaragua,1910,27.61
nic,Nicaragua,1911,27.65
nic,Nicaragua,1912,27.68
nic,Nicaragua,1913,27.72
nic,Nicaragua,1914,27.76
nic,Nicaragua,1915,27.79
nic,Nicaragua,1916,27.83
nic,Nicaragua,1917,27.64
nic,Nicaragua,1918,24.47
nic,Nicaragua,1919,27.25
nic,Nicaragua,1920,27.05
nic,Nicaragua,1921,26.86
nic,Nicaragua,1922,27.48
nic,Nicaragua,1923,28.11
nic,Nicaragua,1924,28.74
nic,Nicaragua,1925,29.36
nic,Nicaragua,1926,29.99
nic,Nicaragua,1927,30.63
nic,Nicaragua,1928,31.26
nic,Nicaragua,1929,31.89
nic,Nicaragua,1930,32.52
nic,Nicaragua,1931,33.17
nic,Nicaragua,1932,33.8
nic,Nicaragua,1933,34.44
nic,Nicaragua,1934,35.08
nic,Nicaragua,1935,35.73
nic,Nicaragua,1936,36.37
nic,Nicaragua,1937,37.02
nic,Nicaragua,1938,37.67
nic,Nicaragua,1939,38.32
nic,Nicaragua,1940,38.97
nic,Nicaragua,1941,39.97
nic,Nicaragua,1942,40.99
nic,Nicaragua,1943,41.98
nic,Nicaragua,1944,42.99
nic,Nicaragua,1945,44.01
nic,Nicaragua,1946,45.02
nic,Nicaragua,1947,46.04
nic,Nicaragua,1948,47.06
nic,Nicaragua,1949,48.08
nic,Nicaragua,1950,49.1
nic,Nicaragua,1951,49.0
nic,Nicaragua,1952,50.3
nic,Nicaragua,1953,51.0
nic,Nicaragua,1954,51.6
nic,Nicaragua,1955,52.1
nic,Nicaragua,1956,52.5
nic,Nicaragua,1957,52.9
nic,Nicaragua,1958,53.2
nic,Nicaragua,1959,53.5
nic,Nicaragua,1960,53.5
nic,Nicaragua,1961,54.4
nic,Nicaragua,1962,54.9
nic,Nicaragua,1963,55.4
nic,Nicaragua,1964,55.7
nic,Nicaragua,1965,55.8
nic,Nicaragua,1966,55.7
nic,Nicaragua,1967,55.5
nic,Nicaragua,1968,55.5
nic,Nicaragua,1969,55.8
nic,Nicaragua,1970,56.3
nic,Nicaragua,1971,57.1
nic,Nicaragua,1972,50.0
nic,Nicaragua,1973,58.9
nic,Nicaragua,1974,59.8
nic,Nicaragua,1975,60.5
nic,Nicaragua,1976,61.1
nic,Nicaragua,1977,61.6
nic,Nicaragua,1978,59.9
nic,Nicaragua,1979,56.4
nic,Nicaragua,1980,63.1
nic,Nicaragua,1981,63.7
nic,Nicaragua,1982,64.4
nic,Nicaragua,1983,62.5
nic,Nicaragua,1984,62.0
nic,Nicaragua,1985,62.6
nic,Nicaragua,1986,64.1
nic,Nicaragua,1987,64.1
nic,Nicaragua,1988,67.2
nic,Nicaragua,1989,69.9
nic,Nicaragua,1990,71.0
nic,Nicaragua,1991,71.5
nic,Nicaragua,1992,71.8
nic,Nicaragua,1993,72.0
nic,Nicaragua,1994,72.5
nic,Nicaragua,1995,72.7
nic,Nicaragua,1996,73.1
nic,Nicaragua,1997,73.7
nic,Nicaragua,1998,70.9
nic,Nicaragua,1999,74.5
nic,Nicaragua,2000,74.8
nic,Nicaragua,2001,74.9
nic,Nicaragua,2002,74.8
nic,Nicaragua,2003,74.8
nic,Nicaragua,2004,74.8
nic,Nicaragua,2005,74.9
nic,Nicaragua,2006,75.1
nic,Nicaragua,2007,75.0
nic,Nicaragua,2008,75.0
nic,Nicaragua,2009,75.0
nic,Nicaragua,2010,75.0
nic,Nicaragua,2011,75.0
nic,Nicaragua,2012,74.9
nic,Nicaragua,2013,74.8
nic,Nicaragua,2014,74.8
nic,Nicaragua,2015,75.0
nic,Nicaragua,2016,75.0
nic,Nicaragua,2017,75.3
nic,Nicaragua,2018,75.0
nic,Nicaragua,2019,74.7
nic,Nicaragua,2020,71.9
nic,Nicaragua,2021,71.5
nic,Nicaragua,2022,75.3
nic,Nicaragua,2023,76.7
nic,Nicaragua,2024,76.9
nic,Nicaragua,2025,77.11
nld,Netherlands,1900,48.39
nld,Netherlands,1901,48.71
nld,Netherlands,1902,50.6
nld,Netherlands,1903,51.49
nld,Netherlands,1904,50.88
nld,Netherlands,1905,52.09
nld,Netherlands,1906,52.76
nld,Netherlands,1907,53.52
nld,Netherlands,1908,52.74
nld,Netherlands,1909,54.94
nld,Netherlands,1910,55.12
nld,Netherlands,1911,53.15
nld,Netherlands,1912,57.19
nld,Netherlands,1913,57.35
nld,Netherlands,1914,57.18
nld,Netherlands,1915,57.2
nld,Netherlands,1916,56.14
nld,Netherlands,1917,55.65
nld,Netherlands,1918,47.59
nld,Netherlands,1919,54.96
nld,Netherlands,1920,57.82
nld,Netherlands,1921,59.75
nld,Netherlands,1922,59.82
nld,Netherlands,1923,62.03
nld,Netherlands,1924,62.94
nld,Netherlands,1925,63.15
nld,Netherlands,1926,63.01
nld,Netherlands,1927,62.62
nld,Netherlands,1928,63.71
nld,Netherlands,1929,62.16
nld,Netherlands,1930,64.7
nld,Netherlands,1931,64.32
nld,Netherlands,1932,65.41
nld,Netherlands,1933,66.05
nld,Netherlands,1934,66.59
nld,Netherlands,1935,66.51
nld,Netherlands,1936,66.73
nld,Netherlands,1937,66.95
nld,Netherlands,1938,67.37
nld,Netherlands,1939,67.7
nld,Netherlands,1940,65.37
nld,Netherlands,1941,65.3
nld,Netherlands,1942,65.81
nld,Netherlands,1943,64.4
nld,Netherlands,1944,61.23
nld,Netherlands,1945,55.42
nld,Netherlands,1946,67.53
nld,Netherlands,1947,69.48
nld,Netherlands,1948,71.0
nld,Netherlands,1949,70.23
nld,Netherlands,1950,71.4
nld,Netherlands,1951,71.5
nld,Netherlands,1952,71.8
nld,Netherlands,1953,71.5
nld,Netherlands,1954,72.2
nld,Netherlands,1955,72.4
nld,Netherlands,1956,72.5
nld,Netherlands,1957,72.9
nld,Netherlands,1958,73.1
nld,Netherlands,1959,73.2
nld,Netherlands,1960,73.3
nld,Netherlands,1961,73.4
nld,Netherlands,1962,72.8
nld,Netherlands,1963,73.3
nld,Netherlands,1964,73.5
nld,Netherlands,1965,73.4
nld,Netherlands,1966,73.4
nld,Netherlands,1967,73.6
nld,Netherlands,1968,73.5
nld,Netherlands,1969,73.4
nld,Netherlands,1970,73.5
nld,Netherlands,1971,73.6
nld,Netherlands,1972,73.7
nld,Netherlands,1973,74.1
nld,Netherlands,1974,74.4
nld,Netherlands,1975,74.4
nld,Netherlands,1976,74.6
nld,Netherlands,1977,75.0
nld,Netherlands,1978,75.2
nld,Netherlands,1979,75.4
nld,Netherlands,1980,75.6
nld,Netherlands,1981,75.8
nld,Netherlands,1982,76.0
nld,Netherlands,1983,76.1
nld,Netherlands,1984,76.2
nld,Netherlands,1985,76.2
nld,Netherlands,1986,76.3
nld,Netherlands,1987,76.7
nld,Netherlands,1988,76.8
nld,Netherlands,1989,76.8
nld,Netherlands,1990,76.9
nld,Netherlands,1991,77.1
nld,Netherlands,1992,77.2
nld,Netherlands,1993,77.1
nld,Netherlands,1994,77.4
nld,Netherlands,1995,77.5
nld,Netherlands,1996,77.5
nld,Netherlands,1997,77.8
nld,Netherlands,1998,77.9
nld,Netherlands,1999,77.9
nld,Netherlands,2000,78.1
nld,Netherlands,2001,78.3
nld,Netherlands,2002,78.4
nld,Netherlands,2003,78.6
nld,Netherlands,2004,79.1
nld,Netherlands,2005,79.4
nld,Netherlands,2006,79.8
nld,Netherlands,2007,80.1
nld,Netherlands,2008,80.3
nld,Netherlands,2009,80.5
nld,Netherlands,2010,80.7
nld,Netherlands,2011,80.9
nld,Netherlands,2012,81.0
nld,Netherlands,2013,81.2
nld,Netherlands,2014,81.5
nld,Netherlands,2015,81.4
nld,Netherlands,2016,81.5
nld,Netherlands,2017,81.7
nld,Netherlands,2018,81.7
nld,Netherlands,2019,82.0
nld,Netherlands,2020,81.2
nld,Netherlands,2021,81.2
nld,Netherlands,2022,81.5
nld,Netherlands,2023,82.0
nld,Netherlands,2024,82.1
nld,Netherlands,2025,82.2
nor,Norway,1900,53.57
nor,Norway,1901,54.69
nor,Norway,1902,56.6
nor,Norway,1903,55.09
nor,Norway,1904,56.2
nor,Norway,1905,55.21
nor,Norway,1906,57.03
nor,Norway,1907,56.61
nor,Norway,1908,56.43
nor,Norway,1909,57.59
nor,Norway,1910,58.12
nor,Norway,1911,58.17
nor,Norway,1912,57.88
nor,Norway,1913,58.45
nor,Norway,1914,57.95
nor,Norway,1915,58.31
nor,Norway,1916,57.39
nor,Norway,1917,57.89
nor,Norway,1918,50.42
nor,Norway,1919,56.96
nor,Norway,1920,59.04
nor,Norway,1921,61.77
nor,Norway,1922,60.95
nor,Norway,1923,61.97
nor,Norway,1924,62.29
nor,Norway,1925,62.69
nor,Norway,1926,63.43
nor,Norway,1927,63.05
nor,Norway,1928,63.58
nor,Norway,1929,62.65
nor,Norway,1930,64.3
nor,Norway,1931,64.33
nor,Norway,1932,64.8
nor,Norway,1933,65.69
nor,Norway,1934,66.42
nor,Norway,1935,66.04
nor,Norway,1936,66.05
nor,Norway,1937,66.25
nor,Norway,1938,67.3
nor,Norway,1939,67.58
nor,Norway,1940,66.11
nor,Norway,1941,65.99
nor,Norway,1942,65.91
nor,Norway,1943,66.35
nor,Norway,1944,66.04
nor,Norway,1945,68.45
nor,Norway,1946,69.77
nor,Norway,1947,70.29
nor,Norway,1948,71.41
nor,Norway,1949,71.82
nor,Norway,1950,71.9
nor,Norway,1951,72.5
nor,Norway,1952,72.8
nor,Norway,1953,73.0
nor,Norway,1954,73.2
nor,Norway,1955,73.4
nor,Norway,1956,73.5
nor,Norway,1957,73.5
nor,Norway,1958,73.5
nor,Norway,1959,73.6
nor,Norway,1960,73.6
nor,Norway,1961,73.6
nor,Norway,1962,73.4
nor,Norway,1963,73.3
nor,Norway,1964,73.6
nor,Norway,1965,73.9
nor,Norway,1966,74.0
nor,Norway,1967,74.0
nor,Norway,1968,73.9
nor,Norway,1969,73.9
nor,Norway,1970,74.0
nor,Norway,1971,74.2
nor,Norway,1972,74.4
nor,Norway,1973,74.5
nor,Norway,1974,74.7
nor,Norway,1975,74.9
nor,Norway,1976,75.1
nor,Norway,1977,75.3
nor,Norway,1978,75.4
nor,Norway,1979,75.5
nor,Norway,1980,75.6
nor,Norway,1981,75.8
nor,Norway,1982,76.0
nor,Norway,1983,76.1
nor,Norway,1984,76.1
nor,Norway,1985,76.1
nor,Norway,1986,76.1
nor,Norway,1987,76.2
nor,Norway,1988,76.3
nor,Norway,1989,76.5
nor,Norway,1990,76.6
nor,Norway,1991,77.0
nor,Norway,1992,77.2
nor,Norway,1993,77.3
nor,Norway,1994,77.6
nor,Norway,1995,77.8
nor,Norway,1996,78.0
nor,Norway,1997,78.2
nor,Norway,1998,78.3
nor,Norway,1999,78.4
nor,Norway,2000,78.7
nor,Norway,2001,78.8
nor,Norway,2002,79.0
nor,Norway,2003,79.5
nor,Norway,2004,79.9
nor,Norway,2005,80.2
nor,Norway,2006,80.3
nor,Norway,2007,80.4
nor,Norway,2008,80.6
nor,Norway,2009,80.8
nor,Norway,2010,81.0
nor,Norway,2011,81.1
nor,Norway,2012,81.4
nor,Norway,2013,81.6
nor,Norway,2014,82.0
nor,Norway,2015,82.2
nor,Norway,2016,82.4
nor,Norway,2017,82.6
nor,Norway,2018,82.7
nor,Norway,2019,83.0
nor,Norway,2020,83.1
nor,Norway,2021,83.1
nor,Norway,2022,82.5
nor,Norway,2023,83.0
nor,Norway,2024,83.2
nor,Norway,2025,83.3
npl,Nepal,1900,37.47
npl,Nepal,1901,37.56
npl,Nepal,1902,37.66
npl,Nepal,1903,37.75
npl,Nepal,1904,37.84
npl,Nepal,1905,37.94
npl,Nepal,1906,38.03
npl,Nepal,1907,38.12
npl,Nepal,1908,38.22
npl,Nepal,1909,38.31
npl,Nepal,1910,38.4
npl,Nepal,1911,38.5
npl,Nepal,1912,38.59
npl,Nepal,1913,38.68
npl,Nepal,1914,38.78
npl,Nepal,1915,38.87
npl,Nepal,1916,38.96
npl,Nepal,1917,39.06
npl,Nepal,1918,25.09
npl,Nepal,1919,39.24
npl,Nepal,1920,39.34
npl,Nepal,1921,39.43
npl,Nepal,1922,39.52
npl,Nepal,1923,39.62
npl,Nepal,1924,39.71
npl,Nepal,1925,39.8
npl,Nepal,1926,39.9
npl,Nepal,1927,39.99
npl,Nepal,1928,40.08
npl,Nepal,1929,40.18
npl,Nepal,1930,40.27
npl,Nepal,1931,40.37
npl,Nepal,1932,40.46
npl,Nepal,1933,40.55
npl,Nepal,1934,40.65
npl,Nepal,1935,40.74
npl,Nepal,1936,40.83
npl,Nepal,1937,40.93
npl,Nepal,1938,41.02
npl,Nepal,1939,41.11
npl,Nepal,1940,41.21
npl,Nepal,1941,41.39
npl,Nepal,1942,41.56
npl,Nepal,1943,41.74
npl,Nepal,1944,41.92
npl,Nepal,1945,42.09
npl,Nepal,1946,42.73
npl,Nepal,1947,43.38
npl,Nepal,1948,44.01
npl,Nepal,1949,44.65
npl,Nepal,1950,45.3
npl,Nepal,1951,45.7
npl,Nepal,1952,46.0
npl,Nepal,1953,46.3
npl,Nepal,1954,46.5
npl,Nepal,1955,46.7
npl,Nepal,1956,46.8
npl,Nepal,1957,47.0
npl,Nepal,1958,47.1
npl,Nepal,1959,47.4
npl,Nepal,1960,47.6
npl,Nepal,1961,47.9
npl,Nepal,1962,48.2
npl,Nepal,1963,48.4
npl,Nepal,1964,48.8
npl,Nepal,1965,49.2
npl,Nepal,1966,49.5
npl,Nepal,1967,49.8
npl,Nepal,1968,50.0
npl,Nepal,1969,50.3
npl,Nepal,1970,50.4
npl,Nepal,1971,50.6
npl,Nepal,1972,50.6
npl,Nepal,1973,50.7
npl,Nepal,1974,50.7
npl,Nepal,1975,50.7
npl,Nepal,1976,50.7
npl,Nepal,1977,50.9
npl,Nepal,1978,51.1
npl,Nepal,1979,51.4
npl,Nepal,1980,51.8
npl,Nepal,1981,52.2
npl,Nepal,1982,52.9
npl,Nepal,1983,53.5
npl,Nepal,1984,54.2
npl,Nepal,1985,54.9
npl,Nepal,1986,55.6
npl,Nepal,1987,56.3
npl,Nepal,1988,56.8
npl,Nepal,1989,57.5
npl,Nepal,1990,58.1
npl,Nepal,1991,58.5
npl,Nepal,1992,59.3
npl,Nepal,1993,60.1
npl,Nepal,1994,60.9
npl,Nepal,1995,61.6
npl,Nepal,1996,62.3
npl,Nepal,1997,63.1
npl,Nepal,1998,63.8
npl,Nepal,1999,64.5
npl,Nepal,2000,65.2
npl,Nepal,2001,65.9
npl,Nepal,2002,66.1
npl,Nepal,2003,66.9
npl,Nepal,2004,67.4
npl,Nepal,2005,68.1
npl,Nepal,2006,68.7
npl,Nepal,2007,69.3
npl,Nepal,2008,69.8
npl,Nepal,2009,70.1
npl,Nepal,2010,70.6
npl,Nepal,2011,71.0
npl,Nepal,2012,71.3
npl,Nepal,2013,71.6
npl,Nepal,2014,71.9
npl,Nepal,2015,71.5
npl,Nepal,2016,72.5
npl,Nepal,2017,72.8
npl,Nepal,2018,73.1
npl,Nepal,2019,73.3
npl,Nepal,2020,72.2
npl,Nepal,2021,70.1
npl,Nepal,2022,73.4
npl,Nepal,2023,73.5
npl,Nepal,2024,73.71
npl,Nepal,2025,74.02
nru,Nauru,1950,48.0
nru,Nauru,1951,48.3
nru,Nauru,1952,48.5
nru,Nauru,1953,48.8
nru,Nauru,1954,49.0
nru,Nauru,1955,49.3
nru,Nauru,1956,49.5
nru,Nauru,1957,49.8
nru,Nauru,1958,50.1
nru,Nauru,1959,50.4
nru,Nauru,1960,50.8
nru,Nauru,1961,51.1
nru,Nauru,1962,51.5
nru,Nauru,1963,51.9
nru,Nauru,1964,52.3
nru,Nauru,1965,52.7
nru,Nauru,1966,53.0
nru,Nauru,1967,53.4
nru,Nauru,1968,53.7
nru,Nauru,1969,54.1
nru,Nauru,1970,54.4
nru,Nauru,1971,54.7
nru,Nauru,1972,55.0
nru,Nauru,1973,55.3
nru,Nauru,1974,55.6
nru,Nauru,1975,55.9
nru,Nauru,1976,56.2
nru,Nauru,1977,56.5
nru,Nauru,1978,56.7
nru,Nauru,1979,56.9
nru,Nauru,1980,57.1
nru,Nauru,1981,57.3
nru,Nauru,1982,57.5
nru,Nauru,1983,57.7
nru,Nauru,1984,57.8
nru,Nauru,1985,57.9
nru,Nauru,1986,58.0
nru,Nauru,1987,58.1
nru,Nauru,1988,58.1
nru,Nauru,1989,58.1
nru,Nauru,1990,58.1
nru,Nauru,1991,58.0
nru,Nauru,1992,57.8
nru,Nauru,1993,57.7
nru,Nauru,1994,57.6
nru,Nauru,1995,57.4
nru,Nauru,1996,57.3
nru,Nauru,1997,57.1
nru,Nauru,1998,57.0
nru,Nauru,1999,56.9
nru,Nauru,2000,56.8
nru,Nauru,2001,56.7
nru,Nauru,2002,56.7
nru,Nauru,2003,56.6
nru,Nauru,2004,56.6
nru,Nauru,2005,56.6
nru,Nauru,2006,56.7
nru,Nauru,2007,56.7
nru,Nauru,2008,57.0
nru,Nauru,2009,57.2
nru,Nauru,2010,57.3
nru,Nauru,2011,57.5
nru,Nauru,2012,57.8
nru,Nauru,2013,58.1
nru,Nauru,2014,58.4
nru,Nauru,2015,58.6
nru,Nauru,2016,58.8
nru,Nauru,2017,58.9
nru,Nauru,2018,59.1
nru,Nauru,2019,59.3
nru,Nauru,2020,58.4
nru,Nauru,2021,56.2
nru,Nauru,2022,58.7
nru,Nauru,2023,59.0
nru,Nauru,2024,59.19
nru,Nauru,2025,59.29
nzl,New Zealand,1900,47.47
nzl,New Zealand,1901,47.92
nzl,New Zealand,1902,48.37
nzl,New Zealand,1903,48.82
nzl,New Zealand,1904,49.26
nzl,New Zealand,1905,49.71
nzl,New Zealand,1906,50.16
nzl,New Zealand,1907,50.6
nzl,New Zealand,1908,51.05
nzl,New Zealand,1909,51.5
nzl,New Zealand,1910,51.94
nzl,New Zealand,1911,52.4
nzl,New Zealand,1912,52.84
nzl,New Zealand,1913,53.29
nzl,New Zealand,1914,53.74
nzl,New Zealand,1915,54.18
nzl,New Zealand,1916,54.63
nzl,New Zealand,1917,55.08
nzl,New Zealand,1918,47.06
nzl,New Zealand,1919,55.98
nzl,New Zealand,1920,56.42
nzl,New Zealand,1921,56.87
nzl,New Zealand,1922,57.32
nzl,New Zealand,1923,57.76
nzl,New Zealand,1924,58.21
nzl,New Zealand,1925,58.66
nzl,New Zealand,1926,59.1
nzl,New Zealand,1927,59.56
nzl,New Zealand,1928,60.0
nzl,New Zealand,1929,60.45
nzl,New Zealand,1930,60.9
nzl,New Zealand,1931,61.34
nzl,New Zealand,1932,61.79
nzl,New Zealand,1933,62.24
nzl,New Zealand,1934,62.69
nzl,New Zealand,1935,63.14
nzl,New Zealand,1936,63.58
nzl,New Zealand,1937,64.03
nzl,New Zealand,1938,64.48
nzl,New Zealand,1939,64.92
nzl,New Zealand,1940,65.37
nzl,New Zealand,1941,65.83
nzl,New Zealand,1942,66.27
nzl,New Zealand,1943,66.72
nzl,New Zealand,1944,67.16
nzl,New Zealand,1945,67.61
nzl,New Zealand,1946,68.06
nzl,New Zealand,1947,68.52
nzl,New Zealand,1948,68.97
nzl,New Zealand,1949,69.09
nzl,New Zealand,1950,69.4
nzl,New Zealand,1951,69.4
nzl,New Zealand,1952,69.7
nzl,New Zealand,1953,69.8
nzl,New Zealand,1954,70.4
nzl,New Zealand,1955,70.6
nzl,New Zealand,1956,70.7
nzl,New Zealand,1957,70.7
nzl,New Zealand,1958,70.9
nzl,New Zealand,1959,71.1
nzl,New Zealand,1960,71.2
nzl,New Zealand,1961,71.2
nzl,New Zealand,1962,71.3
nzl,New Zealand,1963,71.3
nzl,New Zealand,1964,71.4
nzl,New Zealand,1965,71.4
nzl,New Zealand,1966,71.3
nzl,New Zealand,1967,71.4
nzl,New Zealand,1968,71.4
nzl,New Zealand,1969,71.5
nzl,New Zealand,1970,71.6
nzl,New Zealand,1971,71.7
nzl,New Zealand,1972,71.8
nzl,New Zealand,1973,72.0
nzl,New Zealand,1974,72.2
nzl,New Zealand,1975,72.4
nzl,New Zealand,1976,72.5
nzl,New Zealand,1977,72.7
nzl,New Zealand,1978,73.1
nzl,New Zealand,1979,73.0
nzl,New Zealand,1980,73.4
nzl,New Zealand,1981,73.7
nzl,New Zealand,1982,74.0
nzl,New Zealand,1983,74.2
nzl,New Zealand,1984,74.3
nzl,New Zealand,1985,74.2
nzl,New Zealand,1986,74.3
nzl,New Zealand,1987,74.5
nzl,New Zealand,1988,74.7
nzl,New Zealand,1989,75.1
nzl,New Zealand,1990,75.5
nzl,New Zealand,1991,75.8
nzl,New Zealand,1992,76.0
nzl,New Zealand,1993,76.3
nzl,New Zealand,1994,76.6
nzl,New Zealand,1995,76.7
nzl,New Zealand,1996,77.0
nzl,New Zealand,1997,77.4
nzl,New Zealand,1998,77.9
nzl,New Zealand,1999,78.1
nzl,New Zealand,2000,78.4
nzl,New Zealand,2001,78.6
nzl,New Zealand,2002,78.8
nzl,New Zealand,2003,79.1
nzl,New Zealand,2004,79.4
nzl,New Zealand,2005,79.9
nzl,New Zealand,2006,80.0
nzl,New Zealand,2007,80.2
nzl,New Zealand,2008,80.4
nzl,New Zealand,2009,80.6
nzl,New Zealand,2010,80.9
nzl,New Zealand,2011,81.0
nzl,New Zealand,2012,81.3
nzl,New Zealand,2013,81.5
nzl,New Zealand,2014,81.5
nzl,New Zealand,2015,81.6
nzl,New Zealand,2016,81.7
nzl,New Zealand,2017,81.7
nzl,New Zealand,2018,81.7
nzl,New Zealand,2019,81.9
nzl,New Zealand,2020,82.3
nzl,New Zealand,2021,82.1
nzl,New Zealand,2022,81.4
nzl,New Zealand,2023,81.6
nzl,New Zealand,2024,81.7
nzl,New Zealand,2025,81.9
omn,Oman,1900,35.53
omn,Oman,1901,35.59
omn,Oman,1902,35.66
omn,Oman,1903,35.72
omn,Oman,1904,35.79
omn,Oman,1905,35.85
omn,Oman,1906,35.92
omn,Oman,1907,35.98
omn,Oman,1908,36.04
omn,Oman,1909,36.11
omn,Oman,1910,36.17
omn,Oman,1911,36.24
omn,Oman,1912,36.3
omn,Oman,1913,36.37
omn,Oman,1914,36.43
omn,Oman,1915,36.5
omn,Oman,1916,36.56
omn,Oman,1917,36.63
omn,Oman,1918,30.42
omn,Oman,1919,36.75
omn,Oman,1920,36.82
omn,Oman,1921,36.88
omn,Oman,1922,36.95
omn,Oman,1923,37.01
omn,Oman,1924,37.08
omn,Oman,1925,37.14
omn,Oman,1926,37.21
omn,Oman,1927,37.27
omn,Oman,1928,37.34
omn,Oman,1929,37.4
omn,Oman,1930,37.47
omn,Oman,1931,37.53
omn,Oman,1932,37.59
omn,Oman,1933,37.66
omn,Oman,1934,37.72
omn,Oman,1935,37.79
omn,Oman,1936,37.85
omn,Oman,1937,37.92
omn,Oman,1938,37.98
omn,Oman,1939,38.05
omn,Oman,1940,38.11
omn,Oman,1941,38.29
omn,Oman,1942,38.48
omn,Oman,1943,38.66
omn,Oman,1944,38.83
omn,Oman,1945,39.02
omn,Oman,1946,39.65
omn,Oman,1947,40.29
omn,Oman,1948,40.94
omn,Oman,1949,41.57
omn,Oman,1950,42.2
omn,Oman,1951,42.7
omn,Oman,1952,43.8
omn,Oman,1953,44.2
omn,Oman,1954,44.6
omn,Oman,1955,45.4
omn,Oman,1956,46.0
omn,Oman,1957,46.5
omn,Oman,1958,47.3
omn,Oman,1959,47.9
omn,Oman,1960,48.6
omn,Oman,1961,49.3
omn,Oman,1962,50.0
omn,Oman,1963,50.7
omn,Oman,1964,51.3
omn,Oman,1965,52.0
omn,Oman,1966,52.6
omn,Oman,1967,53.4
omn,Oman,1968,54.5
omn,Oman,1969,55.5
omn,Oman,1970,56.4
omn,Oman,1971,57.1
omn,Oman,1972,57.3
omn,Oman,1973,57.9
omn,Oman,1974,58.6
omn,Oman,1975,59.2
omn,Oman,1976,60.3
omn,Oman,1977,60.7
omn,Oman,1978,61.5
omn,Oman,1979,62.1
omn,Oman,1980,62.8
omn,Oman,1981,63.4
omn,Oman,1982,64.2
omn,Oman,1983,65.0
omn,Oman,1984,65.8
omn,Oman,1985,66.5
omn,Oman,1986,67.1
omn,Oman,1987,67.6
omn,Oman,1988,68.0
omn,Oman,1989,68.4
omn,Oman,1990,68.7
omn,Oman,1991,69.3
omn,Oman,1992,69.7
omn,Oman,1993,70.1
omn,Oman,1994,70.6
omn,Oman,1995,71.0
omn,Oman,1996,71.5
omn,Oman,1997,71.9
omn,Oman,1998,72.2
omn,Oman,1999,72.6
omn,Oman,2000,72.9
omn,Oman,2001,73.2
omn,Oman,2002,73.3
omn,Oman,2003,73.6
omn,Oman,2004,73.8
omn,Oman,2005,73.8
omn,Oman,2006,73.7
omn,Oman,2007,73.7
omn,Oman,2008,73.9
omn,Oman,2009,73.9
omn,Oman,2010,73.9
omn,Oman,2011,74.0
omn,Oman,2012,74.2
omn,Oman,2013,74.5
omn,Oman,2014,74.6
omn,Oman,2015,74.7
omn,Oman,2016,74.9
omn,Oman,2017,75.1
omn,Oman,2018,75.6
omn,Oman,2019,75.9
omn,Oman,2020,73.5
omn,Oman,2021,72.6
omn,Oman,2022,76.3
omn,Oman,2023,77.0
omn,Oman,2024,77.19
omn,Oman,2025,77.48
pak,Pakistan,1900,23.58
pak,Pakistan,1901,24.91
pak,Pakistan,1902,24.74
pak,Pakistan,1903,24.56
pak,Pakistan,1904,22.9
pak,Pakistan,1905,22.73
pak,Pakistan,1906,22.57
pak,Pakistan,1907,20.19
pak,Pakistan,1908,24.85
pak,Pakistan,1909,25.25
pak,Pakistan,1910,25.66
pak,Pakistan,1911,26.07
pak,Pakistan,1912,26.48
pak,Pakistan,1913,26.89
pak,Pakistan,1914,27.31
pak,Pakistan,1915,27.72
pak,Pakistan,1916,28.14
pak,Pakistan,1917,28.56
pak,Pakistan,1918,9.55
pak,Pakistan,1919,29.4
pak,Pakistan,1920,29.82
pak,Pakistan,1921,30.24
pak,Pakistan,1922,30.67
pak,Pakistan,1923,31.09
pak,Pakistan,1924,31.52
pak,Pakistan,1925,31.95
pak,Pakistan,1926,32.38
pak,Pakistan,1927,32.88
pak,Pakistan,1928,33.37
pak,Pakistan,1929,33.86
pak,Pakistan,1930,34.36
pak,Pakistan,1931,34.86
pak,Pakistan,1932,35.36
pak,Pakistan,1933,35.86
pak,Pakistan,1934,36.37
pak,Pakistan,1935,36.87
pak,Pakistan,1936,37.38
pak,Pakistan,1937,37.89
pak,Pakistan,1938,38.4
pak,Pakistan,1939,38.91
pak,Pakistan,1940,39.43
pak,Pakistan,1941,39.97
pak,Pakistan,1942,40.51
pak,Pakistan,1943,41.05
pak,Pakistan,1944,41.6
pak,Pakistan,1945,42.15
pak,Pakistan,1946,42.7
pak,Pakistan,1947,13.37
pak,Pakistan,1948,39.08
pak,Pakistan,1949,44.34
pak,Pakistan,1950,44.9
pak,Pakistan,1951,45.4
pak,Pakistan,1952,45.8
pak,Pakistan,1953,46.1
pak,Pakistan,1954,46.5
pak,Pakistan,1955,46.9
pak,Pakistan,1956,47.3
pak,Pakistan,1957,47.7
pak,Pakistan,1958,48.1
pak,Pakistan,1959,48.6
pak,Pakistan,1960,49.0
pak,Pakistan,1961,49.5
pak,Pakistan,1962,50.1
pak,Pakistan,1963,50.7
pak,Pakistan,1964,51.3
pak,Pakistan,1965,51.6
pak,Pakistan,1966,52.6
pak,Pakistan,1967,53.2
pak,Pakistan,1968,53.8
pak,Pakistan,1969,54.4
pak,Pakistan,1970,55.0
pak,Pakistan,1971,50.8
pak,Pakistan,1972,55.9
pak,Pakistan,1973,56.3
pak,Pakistan,1974,56.6
pak,Pakistan,1975,57.0
pak,Pakistan,1976,57.4
pak,Pakistan,1977,57.7
pak,Pakistan,1978,58.1
pak,Pakistan,1979,58.4
pak,Pakistan,1980,58.8
pak,Pakistan,1981,59.2
pak,Pakistan,1982,59.6
pak,Pakistan,1983,60.1
pak,Pakistan,1984,60.5
pak,Pakistan,1985,61.0
pak,Pakistan,1986,61.3
pak,Pakistan,1987,61.6
pak,Pakistan,1988,61.8
pak,Pakistan,1989,62.0
pak,Pakistan,1990,62.1
pak,Pakistan,1991,62.2
pak,Pakistan,1992,62.4
pak,Pakistan,1993,62.5
pak,Pakistan,1994,62.7
pak,Pakistan,1995,62.8
pak,Pakistan,1996,63.2
pak,Pakistan,1997,63.4
pak,Pakistan,1998,63.7
pak,Pakistan,1999,64.0
pak,Pakistan,2000,64.3
pak,Pakistan,2001,64.5
pak,Pakistan,2002,64.8
pak,Pakistan,2003,65.0
pak,Pakistan,2004,65.2
pak,Pakistan,2005,64.0
pak,Pakistan,2006,65.7
pak,Pakistan,2007,65.9
pak,Pakistan,2008,66.1
pak,Pakistan,2009,66.3
pak,Pakistan,2010,66.5
pak,Pakistan,2011,66.9
pak,Pakistan,2012,67.1
pak,Pakistan,2013,67.2
pak,Pakistan,2014,67.5
pak,Pakistan,2015,67.8
pak,Pakistan,2016,68.2
pak,Pakistan,2017,68.5
pak,Pakistan,2018,68.9
pak,Pakistan,2019,69.2
pak,Pakistan,2020,66.8
pak,Pakistan,2021,66.4
pak,Pakistan,2022,69.6
pak,Pakistan,2023,70.0
pak,Pakistan,2024,70.21
pak,Pakistan,2025,70.31
pan,Panama,1900,35.18
pan,Panama,1901,35.23
pan,Panama,1902,35.28
pan,Panama,1903,35.32
pan,Panama,1904,35.37
pan,Panama,1905,35.41
pan,Panama,1906,35.46
pan,Panama,1907,35.5
pan,Panama,1908,35.55
pan,Panama,1909,35.59
pan,Panama,1910,35.64
pan,Panama,1911,35.69
pan,Panama,1912,35.73
pan,Panama,1913,35.78
pan,Panama,1914,35.82
pan,Panama,1915,35.87
pan,Panama,1916,36.13
pan,Panama,1917,36.4
pan,Panama,1918,32.22
pan,Panama,1919,36.93
pan,Panama,1920,37.19
pan,Panama,1921,37.46
pan,Panama,1922,37.73
pan,Panama,1923,38.0
pan,Panama,1924,38.26
pan,Panama,1925,38.53
pan,Panama,1926,38.8
pan,Panama,1927,39.07
pan,Panama,1928,39.34
pan,Panama,1929,39.62
pan,Panama,1930,39.89
pan,Panama,1931,40.66
pan,Panama,1932,41.44
pan,Panama,1933,42.21
pan,Panama,1934,42.99
pan,Panama,1935,43.77
pan,Panama,1936,44.55
pan,Panama,1937,45.34
pan,Panama,1938,46.12
pan,Panama,1939,46.91
pan,Panama,1940,47.7
pan,Panama,1941,49.3
pan,Panama,1942,50.92
pan,Panama,1943,52.52
pan,Panama,1944,54.13
pan,Panama,1945,55.75
pan,Panama,1946,57.38
pan,Panama,1947,59.0
pan,Panama,1948,60.62
pan,Panama,1949,62.26
pan,Panama,1950,63.9
pan,Panama,1951,63.6
pan,Panama,1952,63.1
pan,Panama,1953,62.8
pan,Panama,1954,62.9
pan,Panama,1955,63.2
pan,Panama,1956,63.6
pan,Panama,1957,64.2
pan,Panama,1958,64.9
pan,Panama,1959,65.5
pan,Panama,1960,65.9
pan,Panama,1961,66.1
pan,Panama,1962,66.4
pan,Panama,1963,66.9
pan,Panama,1964,67.6
pan,Panama,1965,67.9
pan,Panama,1966,67.7
pan,Panama,1967,67.7
pan,Panama,1968,67.6
pan,Panama,1969,67.7
pan,Panama,1970,68.0
pan,Panama,1971,68.6
pan,Panama,1972,69.4
pan,Panama,1973,70.1
pan,Panama,1974,70.9
pan,Panama,1975,71.7
pan,Panama,1976,72.4
pan,Panama,1977,73.0
pan,Panama,1978,73.5
pan,Panama,1979,74.0
pan,Panama,1980,74.4
pan,Panama,1981,74.7
pan,Panama,1982,74.9
pan,Panama,1983,75.1
pan,Panama,1984,75.2
pan,Panama,1985,75.3
pan,Panama,1986,75.5
pan,Panama,1987,75.7
pan,Panama,1988,75.7
pan,Panama,1989,74.8
pan,Panama,1990,76.1
pan,Panama,1991,76.2
pan,Panama,1992,76.2
pan,Panama,1993,76.2
pan,Panama,1994,76.3
pan,Panama,1995,76.4
pan,Panama,1996,76.5
pan,Panama,1997,76.5
pan,Panama,1998,76.9
pan,Panama,1999,77.2
pan,Panama,2000,77.5
pan,Panama,2001,77.6
pan,Panama,2002,77.7
pan,Panama,2003,77.8
pan,Panama,2004,77.8
pan,Panama,2005,77.8
pan,Panama,2006,77.9
pan,Panama,2007,78.1
pan,Panama,2008,78.2
pan,Panama,2009,78.2
pan,Panama,2010,78.1
pan,Panama,2011,78.2
pan,Panama,2012,78.3
pan,Panama,2013,78.3
pan,Panama,2014,78.4
pan,Panama,2015,78.6
pan,Panama,2016,78.7
pan,Panama,2017,78.8
pan,Panama,2018,78.9
pan,Panama,2019,78.9
pan,Panama,2020,76.7
pan,Panama,2021,77.1
pan,Panama,2022,78.6
pan,Panama,2023,79.2
pan,Panama,2024,79.4
pan,Panama,2025,79.6
per,Peru,1900,35.44
per,Peru,1901,35.43
per,Peru,1902,35.43
per,Peru,1903,35.42
per,Peru,1904,35.42
per,Peru,1905,35.41
per,Peru,1906,35.41
per,Peru,1907,35.4
per,Peru,1908,35.4
per,Peru,1909,35.39
per,Peru,1910,35.39
per,Peru,1911,35.38
per,Peru,1912,35.38
per,Peru,1913,35.37
per,Peru,1914,35.37
per,Peru,1915,35.36
per,Peru,1916,35.36
per,Peru,1917,35.35
per,Peru,1918,31.25
per,Peru,1919,35.34
per,Peru,1920,35.33
per,Peru,1921,35.33
per,Peru,1922,35.32
per,Peru,1923,35.32
per,Peru,1924,35.31
per,Peru,1925,35.31
per,Peru,1926,35.3
per,Peru,1927,35.3
per,Peru,1928,35.29
per,Peru,1929,35.29
per,Peru,1930,35.28
per,Peru,1931,35.28
per,Peru,1932,35.27
per,Peru,1933,35.27
per,Peru,1934,35.26
per,Peru,1935,35.26
per,Peru,1936,35.25
per,Peru,1937,35.25
per,Peru,1938,35.24
per,Peru,1939,35.24
per,Peru,1940,35.23
per,Peru,1941,36.01
per,Peru,1942,36.81
per,Peru,1943,37.59
per,Peru,1944,38.38
per,Peru,1945,39.18
per,Peru,1946,39.96
per,Peru,1947,40.74
per,Peru,1948,41.54
per,Peru,1949,42.32
per,Peru,1950,43.1
per,Peru,1951,44.3
per,Peru,1952,45.7
per,Peru,1953,47.0
per,Peru,1954,47.8
per,Peru,1955,47.8
per,Peru,1956,47.4
per,Peru,1957,46.9
per,Peru,1958,47.0
per,Peru,1959,47.6
per,Peru,1960,48.6
per,Peru,1961,50.0
per,Peru,1962,51.4
per,Peru,1963,53.9
per,Peru,1964,56.0
per,Peru,1965,57.1
per,Peru,1966,57.5
per,Peru,1967,57.9
per,Peru,1968,58.2
per,Peru,1969,58.4
per,Peru,1970,50.0
per,Peru,1971,60.4
per,Peru,1972,61.4
per,Peru,1973,62.0
per,Peru,1974,63.4
per,Peru,1975,65.3
per,Peru,1976,66.9
per,Peru,1977,67.4
per,Peru,1978,67.1
per,Peru,1979,66.5
per,Peru,1980,66.2
per,Peru,1981,66.7
per,Peru,1982,67.1
per,Peru,1983,67.0
per,Peru,1984,67.0
per,Peru,1985,67.6
per,Peru,1986,68.5
per,Peru,1987,69.7
per,Peru,1988,70.8
per,Peru,1989,71.8
per,Peru,1990,72.9
per,Peru,1991,71.8
per,Peru,1992,73.0
per,Peru,1993,72.9
per,Peru,1994,72.9
per,Peru,1995,72.9
per,Peru,1996,73.3
per,Peru,1997,73.9
per,Peru,1998,74.5
per,Peru,1999,75.5
per,Peru,2000,76.3
per,Peru,2001,77.0
per,Peru,2002,77.3
per,Peru,2003,77.3
per,Peru,2004,77.5
per,Peru,2005,78.0
per,Peru,2006,78.6
per,Peru,2007,78.8
per,Peru,2008,79.0
per,Peru,2009,78.8
per,Peru,2010,79.0
per,Peru,2011,79.5
per,Peru,2012,79.9
per,Peru,2013,80.4
per,Peru,2014,80.8
per,Peru,2015,81.1
per,Peru,2016,80.9
per,Peru,2017,80.2
per,Peru,2018,79.7
per,Peru,2019,79.6
per,Peru,2020,72.4
per,Peru,2021,71.0
per,Peru,2022,78.0
per,Peru,2023,77.1
per,Peru,2024,77.3
per,Peru,2025,77.5
phl,Philippines,1900,31.09
phl,Philippines,1901,31.09
phl,Philippines,1902,12.78
phl,Philippines,1903,20.13
phl,Philippines,1904,31.11
phl,Philippines,1905,31.11
phl,Philippines,1906,31.11
phl,Philippines,1907,31.12
phl,Philippines,1908,31.12
phl,Philippines,1909,31.12
phl,Philippines,1910,31.13
phl,Philippines,1911,31.13
phl,Philippines,1912,31.14
phl,Philippines,1913,31.14
phl,Philippines,1914,31.14
phl,Philippines,1915,31.15
phl,Philippines,1916,31.15
phl,Philippines,1917,31.15
phl,Philippines,1918,25.81
phl,Philippines,1919,31.16
phl,Philippines,1920,31.17
phl,Philippines,1921,31.17
phl,Philippines,1922,31.17
phl,Philippines,1923,31.18
phl,Philippines,1924,31.18
phl,Philippines,1925,31.19
phl,Philippines,1926,31.9
phl,Philippines,1927,32.61
phl,Philippines,1928,33.32
phl,Philippines,1929,34.03
phl,Philippines,1930,34.74
phl,Philippines,1931,35.45
phl,Philippines,1932,36.16
phl,Philippines,1933,36.87
phl,Philippines,1934,37.58
phl,Philippines,1935,38.3
phl,Philippines,1936,39.01
phl,Philippines,1937,39.72
phl,Philippines,1938,40.43
phl,Philippines,1939,41.68
phl,Philippines,1940,42.93
phl,Philippines,1941,41.51
phl,Philippines,1942,35.3
phl,Philippines,1943,37.67
phl,Philippines,1944,33.07
phl,Philippines,1945,30.49
phl,Philippines,1946,41.78
phl,Philippines,1947,45.29
phl,Philippines,1948,48.83
phl,Philippines,1949,52.36
phl,Philippines,1950,55.9
phl,Philippines,1951,55.1
phl,Philippines,1952,55.3
phl,Philippines,1953,55.9
phl,Philippines,1954,56.5
phl,Philippines,1955,57.4
phl,Philippines,1956,58.5
phl,Philippines,1957,59.9
phl,Philippines,1958,61.5
phl,Philippines,1959,62.4
phl,Philippines,1960,62.2
phl,Philippines,1961,62.4
phl,Philippines,1962,62.8
phl,Philippines,1963,63.2
phl,Philippines,1964,63.3
phl,Philippines,1965,63.2
phl,Philippines,1966,63.3
phl,Philippines,1967,63.4
phl,Philippines,1968,63.4
phl,Philippines,1969,63.7
phl,Philippines,1970,63.8
phl,Philippines,1971,64.1
phl,Philippines,1972,63.4
phl,Philippines,1973,63.5
phl,Philippines,1974,63.9
phl,Philippines,1975,64.4
phl,Philippines,1976,63.9
phl,Philippines,1977,64.3
phl,Philippines,1978,65.0
phl,Philippines,1979,65.7
phl,Philippines,1980,66.2
phl,Philippines,1981,66.4
phl,Philippines,1982,66.3
phl,Philippines,1983,66.1
phl,Philippines,1984,66.2
phl,Philippines,1985,66.3
phl,Philippines,1986,66.5
phl,Philippines,1987,66.6
phl,Philippines,1988,67.4
phl,Philippines,1989,68.2
phl,Philippines,1990,68.8
phl,Philippines,1991,69.2
phl,Philippines,1992,69.6
phl,Philippines,1993,69.7
phl,Philippines,1994,69.9
phl,Philippines,1995,70.0
phl,Philippines,1996,70.0
phl,Philippines,1997,70.2
phl,Philippines,1998,70.3
phl,Philippines,1999,70.6
phl,Philippines,2000,70.5
phl,Philippines,2001,70.3
phl,Philippines,2002,70.3
phl,Philippines,2003,70.6
phl,Philippines,2004,70.7
phl,Philippines,2005,70.6
phl,Philippines,2006,70.6
phl,Philippines,2007,70.9
phl,Philippines,2008,70.8
phl,Philippines,2009,70.7
phl,Philippines,2010,70.8
phl,Philippines,2011,70.9
phl,Philippines,2012,70.9
phl,Philippines,2013,70.6
phl,Philippines,2014,71.0
phl,Philippines,2015,70.9
phl,Philippines,2016,70.7
phl,Philippines,2017,71.0
phl,Philippines,2018,71.3
phl,Philippines,2019,71.6
phl,Philippines,2020,71.7
phl,Philippines,2021,67.8
phl,Philippines,2022,70.8
phl,Philippines,2023,72.1
phl,Philippines,2024,72.2
phl,Philippines,2025,72.41
plw,Palau,1950,48.5
plw,Palau,1951,49.1
plw,Palau,1952,49.7
plw,Palau,1953,50.3
plw,Palau,1954,50.9
plw,Palau,1955,51.6
plw,Palau,1956,52.2
plw,Palau,1957,52.8
plw,Palau,1958,53.4
plw,Palau,1959,54.1
plw,Palau,1960,54.7
plw,Palau,1961,55.3
plw,Palau,1962,55.8
plw,Palau,1963,56.4
plw,Palau,1964,56.9
plw,Palau,1965,57.5
plw,Palau,1966,58.0
plw,Palau,1967,58.5
plw,Palau,1968,59.0
plw,Palau,1969,59.5
plw,Palau,1970,60.0
plw,Palau,1971,60.4
plw,Palau,1972,60.8
plw,Palau,1973,61.1
plw,Palau,1974,61.5
plw,Palau,1975,61.8
plw,Palau,1976,62.1
plw,Palau,1977,62.4
plw,Palau,1978,62.8
plw,Palau,1979,63.1
plw,Palau,1980,63.4
plw,Palau,1981,63.7
plw,Palau,1982,64.1
plw,Palau,1983,64.4
plw,Palau,1984,64.8
plw,Palau,1985,65.1
plw,Palau,1986,65.4
plw,Palau,1987,65.7
plw,Palau,1988,65.9
plw,Palau,1989,66.1
plw,Palau,1990,66.3
plw,Palau,1991,66.5
plw,Palau,1992,66.6
plw,Palau,1993,66.7
plw,Palau,1994,66.8
plw,Palau,1995,66.8
plw,Palau,1996,66.8
plw,Palau,1997,67.0
plw,Palau,1998,67.0
plw,Palau,1999,67.1
plw,Palau,2000,67.1
plw,Palau,2001,67.2
plw,Palau,2002,67.3
plw,Palau,2003,67.4
plw,Palau,2004,67.5
plw,Palau,2005,67.6
plw,Palau,2006,67.7
plw,Palau,2007,67.9
plw,Palau,2008,68.1
plw,Palau,2009,68.1
plw,Palau,2010,68.2
plw,Palau,2011,68.3
plw,Palau,2012,68.3
plw,Palau,2013,68.4
plw,Palau,2014,68.4
plw,Palau,2015,68.4
plw,Palau,2016,68.6
plw,Palau,2017,68.8
plw,Palau,2018,68.9
plw,Palau,2019,69.0
plw,Palau,2020,68.3
plw,Palau,2021,66.7
plw,Palau,2022,68.5
plw,Palau,2023,68.9
plw,Palau,2024,69.0
plw,Palau,2025,69.1
png,Papua New Guinea,1900,36.69
png,Papua New Guinea,1901,36.79
png,Papua New Guinea,1902,36.9
png,Papua New Guinea,1903,37.0
png,Papua New Guinea,1904,37.11
png,Papua New Guinea,1905,37.21
png,Papua New Guinea,1906,37.31
png,Papua New Guinea,1907,37.42
png,Papua New Guinea,1908,37.52
png,Papua New Guinea,1909,37.63
png,Papua New Guinea,1910,37.73
png,Papua New Guinea,1911,37.83
png,Papua New Guinea,1912,37.94
png,Papua New Guinea,1913,38.04
png,Papua New Guinea,1914,38.14
png,Papua New Guinea,1915,38.25
png,Papua New Guinea,1916,38.35
png,Papua New Guinea,1917,38.46
png,Papua New Guinea,1918,38.56
png,Papua New Guinea,1919,38.66
png,Papua New Guinea,1920,38.77
png,Papua New Guinea,1921,38.87
png,Papua New Guinea,1922,38.97
png,Papua New Guinea,1923,39.08
png,Papua New Guinea,1924,39.18
png,Papua New Guinea,1925,39.29
png,Papua New Guinea,1926,39.39
png,Papua New Guinea,1927,39.49
png,Papua New Guinea,1928,39.6
png,Papua New Guinea,1929,39.7
png,Papua New Guinea,1930,39.81
png,Papua New Guinea,1931,39.91
png,Papua New Guinea,1932,40.01
png,Papua New Guinea,1933,40.12
png,Papua New Guinea,1934,40.22
png,Papua New Guinea,1935,40.32
png,Papua New Guinea,1936,40.43
png,Papua New Guinea,1937,40.53
png,Papua New Guinea,1938,40.64
png,Papua New Guinea,1939,40.74
png,Papua New Guinea,1940,40.84
png,Papua New Guinea,1941,40.96
png,Papua New Guinea,1942,40.43
png,Papua New Guinea,1943,39.23
png,Papua New Guinea,1944,38.02
png,Papua New Guinea,1945,36.82
png,Papua New Guinea,1946,41.53
png,Papua New Guinea,1947,42.38
png,Papua New Guinea,1948,43.21
png,Papua New Guinea,1949,44.06
png,Papua New Guinea,1950,44.9
png,Papua New Guinea,1951,42.8
png,Papua New Guinea,1952,45.6
png,Papua New Guinea,1953,46.0
png,Papua New Guinea,1954,46.3
png,Papua New Guinea,1955,46.7
png,Papua New Guinea,1956,47.1
png,Papua New Guinea,1957,47.5
png,Papua New Guinea,1958,47.9
png,Papua New Guinea,1959,48.4
png,Papua New Guinea,1960,48.9
png,Papua New Guinea,1961,49.4
png,Papua New Guinea,1962,49.9
png,Papua New Guinea,1963,50.4
png,Papua New Guinea,1964,50.9
png,Papua New Guinea,1965,51.5
png,Papua New Guinea,1966,52.1
png,Papua New Guinea,1967,52.7
png,Papua New Guinea,1968,53.3
png,Papua New Guinea,1969,53.9
png,Papua New Guinea,1970,54.5
png,Papua New Guinea,1971,55.1
png,Papua New Guinea,1972,55.7
png,Papua New Guinea,1973,56.2
png,Papua New Guinea,1974,56.7
png,Papua New Guinea,1975,57.2
png,Papua New Guinea,1976,57.7
png,Papua New Guinea,1977,58.1
png,Papua New Guinea,1978,58.5
png,Papua New Guinea,1979,58.8
png,Papua New Guinea,1980,59.2
png,Papua New Guinea,1981,59.5
png,Papua New Guinea,1982,59.8
png,Papua New Guinea,1983,60.1
png,Papua New Guinea,1984,60.5
png,Papua New Guinea,1985,60.8
png,Papua New Guinea,1986,61.1
png,Papua New Guinea,1987,61.3
png,Papua New Guinea,1988,61.5
png,Papua New Guinea,1989,61.8
png,Papua New Guinea,1990,62.0
png,Papua New Guinea,1991,61.9
png,Papua New Guinea,1992,62.2
png,Papua New Guinea,1993,62.4
png,Papua New Guinea,1994,62.6
png,Papua New Guinea,1995,62.8
png,Papua New Guinea,1996,63.0
png,Papua New Guinea,1997,63.2
png,Papua New Guinea,1998,62.4
png,Papua New Guinea,1999,63.3
png,Papua New Guinea,2000,63.4
png,Papua New Guinea,2001,63.5
png,Papua New Guinea,2002,63.4
png,Papua New Guinea,2003,63.6
png,Papua New Guinea,2004,63.7
png,Papua New Guinea,2005,63.8
png,Papua New Guinea,2006,64.0
png,Papua New Guinea,2007,64.0
png,Papua New Guinea,2008,64.3
png,Papua New Guinea,2009,64.4
png,Papua New Guinea,2010,64.4
png,Papua New Guinea,2011,64.5
png,Papua New Guinea,2012,64.6
png,Papua New Guinea,2013,65.1
png,Papua New Guinea,2014,65.3
png,Papua New Guinea,2015,65.4
png,Papua New Guinea,2016,65.8
png,Papua New Guinea,2017,66.0
png,Papua New Guinea,2018,66.2
png,Papua New Guinea,2019,66.3
png,Papua New Guinea,2020,66.5
png,Papua New Guinea,2021,65.9
png,Papua New Guinea,2022,66.2
png,Papua New Guinea,2023,66.3
png,Papua New Guinea,2024,66.5
png,Papua New Guinea,2025,66.6
pol,Poland,1900,40.68
pol,Poland,1901,40.98
pol,Poland,1902,41.3
pol,Poland,1903,41.61
pol,Poland,1904,41.91
pol,Poland,1905,42.22
pol,Poland,1906,42.54
pol,Poland,1907,42.85
pol,Poland,1908,43.15
pol,Poland,1909,43.46
pol,Poland,1910,43.77
pol,Poland,1911,44.09
pol,Poland,1912,44.39
pol,Poland,1913,44.7
pol,Poland,1914,45.01
pol,Poland,1915,45.33
pol,Poland,1916,45.63
pol,Poland,1917,45.94
pol,Poland,1918,38.96
pol,Poland,1919,46.56
pol,Poland,1920,46.88
pol,Poland,1921,47.18
pol,Poland,1922,47.49
pol,Poland,1923,47.8
pol,Poland,1924,48.11
pol,Poland,1925,48.43
pol,Poland,1926,48.74
pol,Poland,1927,49.05
pol,Poland,1928,49.35
pol,Poland,1929,49.67
pol,Poland,1930,49.98
pol,Poland,1931,50.29
pol,Poland,1932,50.79
pol,Poland,1933,51.28
pol,Poland,1934,51.78
pol,Poland,1935,52.29
pol,Poland,1936,52.78
pol,Poland,1937,53.28
pol,Poland,1938,53.78
pol,Poland,1939,45.49
pol,Poland,1940,45.19
pol,Poland,1941,41.56
pol,Poland,1942,33.78
pol,Poland,1943,23.88
pol,Poland,1944,15.59
pol,Poland,1945,34.72
pol,Poland,1946,47.57
pol,Poland,1947,54.66
pol,Poland,1948,57.7
pol,Poland,1949,58.73
pol,Poland,1950,59.8
pol,Poland,1951,60.0
pol,Poland,1952,61.1
pol,Poland,1953,62.4
pol,Poland,1954,63.2
pol,Poland,1955,64.0
pol,Poland,1956,64.6
pol,Poland,1957,64.9
pol,Poland,1958,65.8
pol,Poland,1959,66.5
pol,Poland,1960,67.5
pol,Poland,1961,68.0
pol,Poland,1962,68.3
pol,Poland,1963,68.8
pol,Poland,1964,69.2
pol,Poland,1965,69.7
pol,Poland,1966,70.1
pol,Poland,1967,70.2
pol,Poland,1968,70.4
pol,Poland,1969,70.3
pol,Poland,1970,70.3
pol,Poland,1971,70.5
pol,Poland,1972,71.1
pol,Poland,1973,71.4
pol,Poland,1974,71.5
pol,Poland,1975,71.3
pol,Poland,1976,71.1
pol,Poland,1977,71.1
pol,Poland,1978,71.0
pol,Poland,1979,71.0
pol,Poland,1980,70.9
pol,Poland,1981,71.4
pol,Poland,1982,71.6
pol,Poland,1983,71.4
pol,Poland,1984,71.2
pol,Poland,1985,71.0
pol,Poland,1986,71.1
pol,Poland,1987,71.3
pol,Poland,1988,71.5
pol,Poland,1989,71.4
pol,Poland,1990,71.2
pol,Poland,1991,71.0
pol,Poland,1992,71.4
pol,Poland,1993,71.7
pol,Poland,1994,72.1
pol,Poland,1995,72.3
pol,Poland,1996,72.5
pol,Poland,1997,72.8
pol,Poland,1998,73.1
pol,Poland,1999,73.3
pol,Poland,2000,73.9
pol,Poland,2001,74.3
pol,Poland,2002,74.7
pol,Poland,2003,74.9
pol,Poland,2004,75.1
pol,Poland,2005,75.3
pol,Poland,2006,75.4
pol,Poland,2007,75.5
pol,Poland,2008,75.7
pol,Poland,2009,76.0
pol,Poland,2010,76.4
pol,Poland,2011,76.8
pol,Poland,2012,76.9
pol,Poland,2013,77.2
pol,Poland,2014,77.6
pol,Poland,2015,77.6
pol,Poland,2016,77.9
pol,Poland,2017,77.9
pol,Poland,2018,77.8
pol,Poland,2019,78.0
pol,Poland,2020,76.7
pol,Poland,2021,75.7
pol,Poland,2022,77.5
pol,Poland,2023,78.6
pol,Poland,2024,78.8
pol,Poland,2025,79.0
prk,North Korea,1900,22.88
prk,North Korea,1901,22.81
prk,North Korea,1902,22.75
prk,North Korea,1903,22.69
prk,North Korea,1904,22.19
prk,North Korea,1905,21.7
prk,North Korea,1906,21.2
prk,North Korea,1907,20.72
prk,North Korea,1908,20.23
prk,North Korea,1909,20.43
prk,North Korea,1910,20.63
prk,North Korea,1911,20.82
prk,North Korea,1912,21.01
prk,North Korea,1913,21.2
prk,North Korea,1914,21.56
prk,North Korea,1915,21.92
prk,North Korea,1916,22.28
prk,North Korea,1917,22.64
prk,North Korea,1918,14.25
prk,North Korea,1919,22.93
prk,North Korea,1920,23.29
prk,North Korea,1921,23.65
prk,North Korea,1922,24.0
prk,North Korea,1923,24.35
prk,North Korea,1924,24.95
prk,North Korea,1925,25.55
prk,North Korea,1926,26.14
prk,North Korea,1927,26.72
prk,North Korea,1928,27.31
prk,North Korea,1929,27.84
prk,North Korea,1930,28.37
prk,North Korea,1931,28.89
prk,North Korea,1932,29.41
prk,North Korea,1933,29.93
prk,North Korea,1934,30.67
prk,North Korea,1935,31.4
prk,North Korea,1936,32.13
prk,North Korea,1937,32.85
prk,North Korea,1938,33.57
prk,North Korea,1939,33.92
prk,North Korea,1940,34.28
prk,North Korea,1941,34.61
prk,North Korea,1942,34.94
prk,North Korea,1943,33.35
prk,North Korea,1944,32.45
prk,North Korea,1945,32.72
prk,North Korea,1946,34.53
prk,North Korea,1947,35.94
prk,North Korea,1948,36.26
prk,North Korea,1949,36.48
prk,North Korea,1950,27.2
prk,North Korea,1951,33.4
prk,North Korea,1952,51.6
prk,North Korea,1953,57.2
prk,North Korea,1954,59.0
prk,North Korea,1955,59.5
prk,North Korea,1956,59.9
prk,North Korea,1957,60.3
prk,North Korea,1958,60.7
prk,North Korea,1959,61.1
prk,North Korea,1960,61.5
prk,North Korea,1961,61.9
prk,North Korea,1962,62.3
prk,North Korea,1963,62.7
prk,North Korea,1964,63.1
prk,North Korea,1965,63.5
prk,North Korea,1966,63.8
prk,North Korea,1967,64.2
prk,North Korea,1968,64.5
prk,North Korea,1969,64.8
prk,North Korea,1970,65.2
prk,North Korea,1971,65.5
prk,North Korea,1972,65.9
prk,North Korea,1973,66.3
prk,North Korea,1974,66.7
prk,North Korea,1975,67.2
prk,North Korea,1976,67.6
prk,North Korea,1977,67.9
prk,North Korea,1978,68.3
prk,North Korea,1979,68.6
prk,North Korea,1980,69.0
prk,North Korea,1981,69.3
prk,North Korea,1982,69.6
prk,North Korea,1983,70.0
prk,North Korea,1984,70.2
prk,North Korea,1985,70.5
prk,North Korea,1986,70.8
prk,North Korea,1987,71.0
prk,North Korea,1988,71.2
prk,North Korea,1989,71.4
prk,North Korea,1990,71.5
prk,North Korea,1991,71.5
prk,North Korea,1992,71.5
prk,North Korea,1993,71.5
prk,North Korea,1994,71.5
prk,North Korea,1995,65.3
prk,North Korea,1996,65.2
prk,North Korea,1997,65.2
prk,North Korea,1998,65.1
prk,North Korea,1999,69.0
prk,North Korea,2000,69.1
prk,North Korea,2001,69.1
prk,North Korea,2002,69.2
prk,North Korea,2003,71.9
prk,North Korea,2004,71.9
prk,North Korea,2005,72.0
prk,North Korea,2006,72.2
prk,North Korea,2007,72.2
prk,North Korea,2008,72.5
prk,North Korea,2009,72.6
prk,North Korea,2010,72.7
prk,North Korea,2011,72.8
prk,North Korea,2012,72.9
prk,North Korea,2013,72.9
prk,North Korea,2014,73.1
prk,North Korea,2015,73.2
prk,North Korea,2016,73.3
prk,North Korea,2017,73.4
prk,North Korea,2018,73.5
prk,North Korea,2019,73.6
prk,North Korea,2020,73.6
prk,North Korea,2021,73.8
prk,North Korea,2022,73.7
prk,North Korea,2023,73.7
prk,North Korea,2024,73.8
prk,North Korea,2025,74.0
prt,Portugal,1900,35.84
prt,Portugal,1901,35.84
prt,Portugal,1902,35.85
prt,Portugal,1903,35.85
prt,Portugal,1904,35.86
prt,Portugal,1905,35.86
prt,Portugal,1906,35.87
prt,Portugal,1907,35.87
prt,Portugal,1908,35.88
prt,Portugal,1909,35.88
prt,Portugal,1910,35.88
prt,Portugal,1911,35.89
prt,Portugal,1912,35.89
prt,Portugal,1913,35.9
prt,Portugal,1914,35.9
prt,Portugal,1915,35.91
prt,Portugal,1916,35.91
prt,Portugal,1917,35.92
prt,Portugal,1918,20.57
prt,Portugal,1919,35.93
prt,Portugal,1920,35.93
prt,Portugal,1921,35.94
prt,Portugal,1922,35.94
prt,Portugal,1923,35.95
prt,Portugal,1924,35.95
prt,Portugal,1925,35.96
prt,Portugal,1926,37.03
prt,Portugal,1927,38.1
prt,Portugal,1928,39.17
prt,Portugal,1929,40.24
prt,Portugal,1930,41.32
prt,Portugal,1931,42.38
prt,Portugal,1932,43.46
prt,Portugal,1933,44.53
prt,Portugal,1934,45.6
prt,Portugal,1935,46.67
prt,Portugal,1936,47.75
prt,Portugal,1937,48.82
prt,Portugal,1938,49.9
prt,Portugal,1939,50.97
prt,Portugal,1940,52.05
prt,Portugal,1941,48.53
prt,Portugal,1942,50.48
prt,Portugal,1943,51.68
prt,Portugal,1944,53.08
prt,Portugal,1945,54.49
prt,Portugal,1946,54.37
prt,Portugal,1947,56.74
prt,Portugal,1948,57.49
prt,Portugal,1949,56.1
prt,Portugal,1950,59.3
prt,Portugal,1951,59.6
prt,Portugal,1952,60.6
prt,Portugal,1953,61.6
prt,Portugal,1954,62.2
prt,Portugal,1955,62.0
prt,Portugal,1956,61.7
prt,Portugal,1957,62.4
prt,Portugal,1958,63.6
prt,Portugal,1959,63.9
prt,Portugal,1960,64.1
prt,Portugal,1961,64.1
prt,Portugal,1962,64.5
prt,Portugal,1963,64.9
prt,Portugal,1964,65.3
prt,Portugal,1965,65.7
prt,Portugal,1966,65.7
prt,Portugal,1967,66.1
prt,Portugal,1968,66.6
prt,Portugal,1969,66.7
prt,Portugal,1970,67.4
prt,Portugal,1971,67.8
prt,Portugal,1972,68.6
prt,Portugal,1973,68.9
prt,Portugal,1974,69.0
prt,Portugal,1975,69.1
prt,Portugal,1976,69.3
prt,Portugal,1977,70.1
prt,Portugal,1978,70.9
prt,Portugal,1979,71.5
prt,Portugal,1980,71.6
prt,Portugal,1981,72.0
prt,Portugal,1982,72.5
prt,Portugal,1983,72.6
prt,Portugal,1984,72.9
prt,Portugal,1985,73.2
prt,Portugal,1986,73.5
prt,Portugal,1987,73.9
prt,Portugal,1988,74.1
prt,Portugal,1989,74.3
prt,Portugal,1990,74.2
prt,Portugal,1991,74.2
prt,Portugal,1992,74.6
prt,Portugal,1993,74.8
prt,Portugal,1994,75.4
prt,Portugal,1995,75.5
prt,Portugal,1996,75.5
prt,Portugal,1997,75.9
prt,Portugal,1998,76.1
prt,Portugal,1999,76.4
prt,Portugal,2000,76.8
prt,Portugal,2001,77.2
prt,Portugal,2002,77.4
prt,Portugal,2003,77.7
prt,Portugal,2004,78.4
prt,Portugal,2005,78.8
prt,Portugal,2006,79.1
prt,Portugal,2007,79.3
prt,Portugal,2008,79.6
prt,Portugal,2009,79.8
prt,Portugal,2010,80.1
prt,Portugal,2011,80.5
prt,Portugal,2012,80.6
prt,Portugal,2013,80.9
prt,Portugal,2014,81.3
prt,Portugal,2015,81.4
prt,Portugal,2016,81.5
prt,Portugal,2017,81.7
prt,Portugal,2018,81.8
prt,Portugal,2019,82.0
prt,Portugal,2020,81.4
prt,Portugal,2021,81.4
prt,Portugal,2022,81.3
prt,Portugal,2023,82.0
prt,Portugal,2024,82.2
prt,Portugal,2025,82.3
pry,Paraguay,1900,35.49
pry,Paraguay,1901,35.49
pry,Paraguay,1902,35.49
pry,Paraguay,1903,35.49
pry,Paraguay,1904,35.49
pry,Paraguay,1905,35.49
pry,Paraguay,1906,35.49
pry,Paraguay,1907,35.49
pry,Paraguay,1908,35.49
pry,Paraguay,1909,35.49
pry,Paraguay,1910,35.49
pry,Paraguay,1911,35.49
pry,Paraguay,1912,35.49
pry,Paraguay,1913,35.49
pry,Paraguay,1914,35.49
pry,Paraguay,1915,35.49
pry,Paraguay,1916,35.49
pry,Paraguay,1917,35.49
pry,Paraguay,1918,31.37
pry,Paraguay,1919,35.49
pry,Paraguay,1920,35.49
pry,Paraguay,1921,35.49
pry,Paraguay,1922,35.49
pry,Paraguay,1923,35.49
pry,Paraguay,1924,35.49
pry,Paraguay,1925,35.49
pry,Paraguay,1926,35.49
pry,Paraguay,1927,35.49
pry,Paraguay,1928,35.49
pry,Paraguay,1929,35.49
pry,Paraguay,1930,35.49
pry,Paraguay,1931,35.49
pry,Paraguay,1932,35.49
pry,Paraguay,1933,37.0
pry,Paraguay,1934,38.5
pry,Paraguay,1935,40.01
pry,Paraguay,1936,41.52
pry,Paraguay,1937,43.03
pry,Paraguay,1938,44.54
pry,Paraguay,1939,46.05
pry,Paraguay,1940,47.56
pry,Paraguay,1941,49.19
pry,Paraguay,1942,50.83
pry,Paraguay,1943,52.46
pry,Paraguay,1944,54.1
pry,Paraguay,1945,55.74
pry,Paraguay,1946,57.36
pry,Paraguay,1947,59.0
pry,Paraguay,1948,60.63
pry,Paraguay,1949,62.26
pry,Paraguay,1950,63.9
pry,Paraguay,1951,64.5
pry,Paraguay,1952,65.2
pry,Paraguay,1953,65.8
pry,Paraguay,1954,66.2
pry,Paraguay,1955,66.3
pry,Paraguay,1956,66.4
pry,Paraguay,1957,66.4
pry,Paraguay,1958,66.5
pry,Paraguay,1959,66.6
pry,Paraguay,1960,66.8
pry,Paraguay,1961,67.1
pry,Paraguay,1962,67.3
pry,Paraguay,1963,67.6
pry,Paraguay,1964,67.7
pry,Paraguay,1965,67.6
pry,Paraguay,1966,67.5
pry,Paraguay,1967,67.4
pry,Paraguay,1968,67.3
pry,Paraguay,1969,67.4
pry,Paraguay,1970,67.5
pry,Paraguay,1971,67.6
pry,Paraguay,1972,67.8
pry,Paraguay,1973,68.1
pry,Paraguay,1974,68.4
pry,Paraguay,1975,68.7
pry,Paraguay,1976,69.1
pry,Paraguay,1977,69.5
pry,Paraguay,1978,70.0
pry,Paraguay,1979,70.4
pry,Paraguay,1980,70.9
pry,Paraguay,1981,71.5
pry,Paraguay,1982,71.9
pry,Paraguay,1983,72.2
pry,Paraguay,1984,72.6
pry,Paraguay,1985,73.2
pry,Paraguay,1986,73.7
pry,Paraguay,1987,74.2
pry,Paraguay,1988,74.5
pry,Paraguay,1989,74.6
pry,Paraguay,1990,75.0
pry,Paraguay,1991,75.2
pry,Paraguay,1992,75.1
pry,Paraguay,1993,74.9
pry,Paraguay,1994,74.6
pry,Paraguay,1995,74.5
pry,Paraguay,1996,74.4
pry,Paraguay,1997,74.5
pry,Paraguay,1998,74.5
pry,Paraguay,1999,74.6
pry,Paraguay,2000,74.6
pry,Paraguay,2001,74.8
pry,Paraguay,2002,74.7
pry,Paraguay,2003,74.6
pry,Paraguay,2004,74.1
pry,Paraguay,2005,74.2
pry,Paraguay,2006,74.1
pry,Paraguay,2007,74.1
pry,Paraguay,2008,74.1
pry,Paraguay,2009,73.9
pry,Paraguay,2010,73.8
pry,Paraguay,2011,73.9
pry,Paraguay,2012,74.0
pry,Paraguay,2013,73.9
pry,Paraguay,2014,74.0
pry,Paraguay,2015,73.8
pry,Paraguay,2016,73.6
pry,Paraguay,2017,73.7
pry,Paraguay,2018,73.7
pry,Paraguay,2019,73.5
pry,Paraguay,2020,72.4
pry,Paraguay,2021,67.3
pry,Paraguay,2022,72.4
pry,Paraguay,2023,73.0
pry,Paraguay,2024,73.2
pry,Paraguay,2025,73.3
pse,Palestine,1900,33.62
pse,Palestine,1901,33.65
pse,Palestine,1902,33.68
pse,Palestine,1903,33.71
pse,Palestine,1904,33.74
pse,Palestine,1905,33.77
pse,Palestine,1906,33.8
pse,Palestine,1907,33.83
pse,Palestine,1908,33.86
pse,Palestine,1909,33.89
pse,Palestine,1910,33.92
pse,Palestine,1911,33.96
pse,Palestine,1912,33.99
pse,Palestine,1913,34.02
pse,Palestine,1914,34.05
pse,Palestine,1915,34.08
pse,Palestine,1916,34.11
pse,Palestine,1917,34.14
pse,Palestine,1918,28.32
pse,Palestine,1919,34.2
pse,Palestine,1920,34.23
pse,Palestine,1921,34.26
pse,Palestine,1922,34.29
pse,Palestine,1923,34.32
pse,Palestine,1924,34.35
pse,Palestine,1925,34.38
pse,Palestine,1926,34.41
pse,Palestine,1927,34.44
pse,Palestine,1928,34.47
pse,Palestine,1929,34.5
pse,Palestine,1930,34.53
pse,Palestine,1931,34.56
pse,Palestine,1932,34.59
pse,Palestine,1933,34.62
pse,Palestine,1934,34.65
pse,Palestine,1935,34.69
pse,Palestine,1936,35.72
pse,Palestine,1937,36.77
pse,Palestine,1938,37.81
pse,Palestine,1939,38.86
pse,Palestine,1940,39.91
pse,Palestine,1941,41.04
pse,Palestine,1942,42.17
pse,Palestine,1943,43.31
pse,Palestine,1944,44.44
pse,Palestine,1945,45.58
pse,Palestine,1946,46.73
pse,Palestine,1947,47.87
pse,Palestine,1948,49.01
pse,Palestine,1949,50.16
pse,Palestine,1950,51.3
pse,Palestine,1951,51.8
pse,Palestine,1952,52.2
pse,Palestine,1953,52.8
pse,Palestine,1954,53.4
pse,Palestine,1955,54.0
pse,Palestine,1956,47.6
pse,Palestine,1957,55.0
pse,Palestine,1958,55.6
pse,Palestine,1959,56.3
pse,Palestine,1960,56.9
pse,Palestine,1961,57.5
pse,Palestine,1962,58.0
pse,Palestine,1963,58.7
pse,Palestine,1964,59.3
pse,Palestine,1965,59.9
pse,Palestine,1966,60.5
pse,Palestine,1967,33.4
pse,Palestine,1968,57.8
pse,Palestine,1969,58.4
pse,Palestine,1970,59.0
pse,Palestine,1971,63.2
pse,Palestine,1972,63.8
pse,Palestine,1973,36.8
pse,Palestine,1974,64.9
pse,Palestine,1975,65.4
pse,Palestine,1976,65.9
pse,Palestine,1977,66.4
pse,Palestine,1978,66.9
pse,Palestine,1979,67.4
pse,Palestine,1980,67.8
pse,Palestine,1981,68.2
pse,Palestine,1982,43.6
pse,Palestine,1983,68.9
pse,Palestine,1984,69.2
pse,Palestine,1985,69.5
pse,Palestine,1986,69.7
pse,Palestine,1987,70.0
pse,Palestine,1988,70.1
pse,Palestine,1989,70.6
pse,Palestine,1990,70.8
pse,Palestine,1991,71.0
pse,Palestine,1992,71.1
pse,Palestine,1993,71.3
pse,Palestine,1994,71.5
pse,Palestine,1995,71.7
pse,Palestine,1996,71.9
pse,Palestine,1997,72.1
pse,Palestine,1998,72.4
pse,Palestine,1999,72.6
pse,Palestine,2000,72.7
pse,Palestine,2001,72.7
pse,Palestine,2002,72.7
pse,Palestine,2003,73.0
pse,Palestine,2004,73.0
pse,Palestine,2005,73.4
pse,Palestine,2006,73.3
pse,Palestine,2007,73.5
pse,Palestine,2008,73.6
pse,Palestine,2009,73.8
pse,Palestine,2010,74.4
pse,Palestine,2011,74.7
pse,Palestine,2012,75.0
pse,Palestine,2013,75.6
pse,Palestine,2014,74.4
pse,Palestine,2015,75.9
pse,Palestine,2016,76.2
pse,Palestine,2017,76.4
pse,Palestine,2018,76.6
pse,Palestine,2019,76.8
pse,Palestine,2020,76.0
pse,Palestine,2021,74.6
pse,Palestine,2022,76.6
pse,Palestine,2023,65.9
pse,Palestine,2024,69.94
pse,Palestine,2025,73.88
qat,Qatar,1900,29.31
qat,Qatar,1901,29.28
qat,Qatar,1902,29.25
qat,Qatar,1903,29.22
qat,Qatar,1904,29.19
qat,Qatar,1905,29.16
qat,Qatar,1906,29.13
qat,Qatar,1907,29.1
qat,Qatar,1908,29.07
qat,Qatar,1909,29.04
qat,Qatar,1910,29.01
qat,Qatar,1911,28.98
qat,Qatar,1912,28.95
qat,Qatar,1913,28.92
qat,Qatar,1914,28.89
qat,Qatar,1915,28.86
qat,Qatar,1916,28.83
qat,Qatar,1917,28.8
qat,Qatar,1918,23.85
qat,Qatar,1919,28.75
qat,Qatar,1920,28.72
qat,Qatar,1921,28.69
qat,Qatar,1922,28.66
qat,Qatar,1923,28.63
qat,Qatar,1924,28.6
qat,Qatar,1925,28.57
qat,Qatar,1926,28.54
qat,Qatar,1927,28.51
qat,Qatar,1928,28.48
qat,Qatar,1929,28.45
qat,Qatar,1930,28.42
qat,Qatar,1931,28.39
qat,Qatar,1932,28.36
qat,Qatar,1933,28.33
qat,Qatar,1934,28.3
qat,Qatar,1935,28.27
qat,Qatar,1936,28.24
qat,Qatar,1937,28.21
qat,Qatar,1938,28.18
qat,Qatar,1939,28.15
qat,Qatar,1940,28.12
qat,Qatar,1941,30.16
qat,Qatar,1942,32.19
qat,Qatar,1943,34.22
qat,Qatar,1944,36.24
qat,Qatar,1945,38.26
qat,Qatar,1946,40.27
qat,Qatar,1947,42.28
qat,Qatar,1948,44.28
qat,Qatar,1949,46.3
qat,Qatar,1950,48.3
qat,Qatar,1951,49.1
qat,Qatar,1952,49.9
qat,Qatar,1953,50.8
qat,Qatar,1954,51.8
qat,Qatar,1955,52.6
qat,Qatar,1956,53.5
qat,Qatar,1957,54.3
qat,Qatar,1958,55.2
qat,Qatar,1959,56.1
qat,Qatar,1960,56.9
qat,Qatar,1961,57.8
qat,Qatar,1962,58.6
qat,Qatar,1963,59.5
qat,Qatar,1964,60.3
qat,Qatar,1965,61.0
qat,Qatar,1966,61.8
qat,Qatar,1967,62.5
qat,Qatar,1968,63.2
qat,Qatar,1969,63.9
qat,Qatar,1970,64.5
qat,Qatar,1971,65.1
qat,Qatar,1972,65.6
qat,Qatar,1973,66.1
qat,Qatar,1974,66.5
qat,Qatar,1975,66.9
qat,Qatar,1976,67.3
qat,Qatar,1977,67.6
qat,Qatar,1978,67.8
qat,Qatar,1979,68.1
qat,Qatar,1980,68.4
qat,Qatar,1981,68.7
qat,Qatar,1982,69.0
qat,Qatar,1983,69.4
qat,Qatar,1984,69.8
qat,Qatar,1985,70.2
qat,Qatar,1986,70.6
qat,Qatar,1987,70.9
qat,Qatar,1988,71.2
qat,Qatar,1989,71.5
qat,Qatar,1990,71.7
qat,Qatar,1991,71.9
qat,Qatar,1992,72.0
qat,Qatar,1993,72.1
qat,Qatar,1994,72.5
qat,Qatar,1995,72.9
qat,Qatar,1996,72.9
qat,Qatar,1997,72.9
qat,Qatar,1998,73.1
qat,Qatar,1999,73.3
qat,Qatar,2000,73.6
qat,Qatar,2001,73.8
qat,Qatar,2002,73.9
qat,Qatar,2003,74.2
qat,Qatar,2004,74.5
qat,Qatar,2005,74.8
qat,Qatar,2006,75.1
qat,Qatar,2007,75.5
qat,Qatar,2008,76.1
qat,Qatar,2009,76.6
qat,Qatar,2010,77.4
qat,Qatar,2011,78.2
qat,Qatar,2012,78.9
qat,Qatar,2013,79.7
qat,Qatar,2014,80.2
qat,Qatar,2015,80.8
qat,Qatar,2016,81.3
qat,Qatar,2017,81.5
qat,Qatar,2018,81.7
qat,Qatar,2019,81.8
qat,Qatar,2020,80.5
qat,Qatar,2021,80.7
qat,Qatar,2022,81.3
qat,Qatar,2023,81.4
qat,Qatar,2024,81.5
qat,Qatar,2025,81.7
rou,Romania,1900,35.73
rou,Romania,1901,35.73
rou,Romania,1902,35.73
rou,Romania,1903,35.73
rou,Romania,1904,35.73
rou,Romania,1905,35.73
rou,Romania,1906,35.73
rou,Romania,1907,35.73
rou,Romania,1908,35.73
rou,Romania,1909,35.73
rou,Romania,1910,35.74
rou,Romania,1911,35.74
rou,Romania,1912,35.74
rou,Romania,1913,35.74
rou,Romania,1914,35.74
rou,Romania,1915,35.74
rou,Romania,1916,35.74
rou,Romania,1917,35.74
rou,Romania,1918,26.48
rou,Romania,1919,35.74
rou,Romania,1920,35.74
rou,Romania,1921,36.27
rou,Romania,1922,36.79
rou,Romania,1923,37.32
rou,Romania,1924,37.85
rou,Romania,1925,38.38
rou,Romania,1926,38.91
rou,Romania,1927,39.43
rou,Romania,1928,39.96
rou,Romania,1929,40.48
rou,Romania,1930,41.01
rou,Romania,1931,41.53
rou,Romania,1932,42.07
rou,Romania,1933,43.13
rou,Romania,1934,44.19
rou,Romania,1935,45.25
rou,Romania,1936,46.31
rou,Romania,1937,47.39
rou,Romania,1938,48.45
rou,Romania,1939,49.51
rou,Romania,1940,50.57
rou,Romania,1941,45.48
rou,Romania,1942,44.79
rou,Romania,1943,42.49
rou,Romania,1944,41.3
rou,Romania,1945,45.52
rou,Romania,1946,54.14
rou,Romania,1947,58.09
rou,Romania,1948,59.16
rou,Romania,1949,60.23
rou,Romania,1950,61.3
rou,Romania,1951,61.8
rou,Romania,1952,62.3
rou,Romania,1953,62.6
rou,Romania,1954,62.8
rou,Romania,1955,63.1
rou,Romania,1956,63.4
rou,Romania,1957,63.9
rou,Romania,1958,64.5
rou,Romania,1959,64.8
rou,Romania,1960,65.7
rou,Romania,1961,66.2
rou,Romania,1962,66.4
rou,Romania,1963,67.1
rou,Romania,1964,67.8
rou,Romania,1965,67.9
rou,Romania,1966,67.6
rou,Romania,1967,67.0
rou,Romania,1968,67.2
rou,Romania,1969,67.6
rou,Romania,1970,68.1
rou,Romania,1971,68.7
rou,Romania,1972,69.1
rou,Romania,1973,69.2
rou,Romania,1974,69.7
rou,Romania,1975,69.8
rou,Romania,1976,69.8
rou,Romania,1977,69.6
rou,Romania,1978,69.8
rou,Romania,1979,69.6
rou,Romania,1980,69.4
rou,Romania,1981,69.7
rou,Romania,1982,70.0
rou,Romania,1983,70.0
rou,Romania,1984,69.9
rou,Romania,1985,69.7
rou,Romania,1986,69.6
rou,Romania,1987,69.4
rou,Romania,1988,69.5
rou,Romania,1989,69.7
rou,Romania,1990,70.1
rou,Romania,1991,69.9
rou,Romania,1992,69.7
rou,Romania,1993,69.6
rou,Romania,1994,69.6
rou,Romania,1995,69.3
rou,Romania,1996,69.1
rou,Romania,1997,69.4
rou,Romania,1998,70.0
rou,Romania,1999,70.6
rou,Romania,2000,71.1
rou,Romania,2001,71.2
rou,Romania,2002,71.2
rou,Romania,2003,71.5
rou,Romania,2004,72.1
rou,Romania,2005,72.4
rou,Romania,2006,72.8
rou,Romania,2007,73.2
rou,Romania,2008,73.4
rou,Romania,2009,73.6
rou,Romania,2010,73.9
rou,Romania,2011,74.4
rou,Romania,2012,74.8
rou,Romania,2013,75.1
rou,Romania,2014,75.2
rou,Romania,2015,75.2
rou,Romania,2016,75.3
rou,Romania,2017,75.4
rou,Romania,2018,75.4
rou,Romania,2019,75.7
rou,Romania,2020,74.3
rou,Romania,2021,73.0
rou,Romania,2022,75.3
rou,Romania,2023,76.3
rou,Romania,2024,76.5
rou,Romania,2025,76.6
rus,Russia,1900,32.72
rus,Russia,1901,30.95
rus,Russia,1902,31.83
rus,Russia,1903,33.94
rus,Russia,1904,34.38
rus,Russia,1905,32.61
rus,Russia,1906,34.26
rus,Russia,1907,36.1
rus,Russia,1908,36.15
rus,Russia,1909,34.8
rus,Russia,1910,33.81
rus,Russia,1911,37.83
rus,Russia,1912,38.33
rus,Russia,1913,36.03
rus,Russia,1914,35.7
rus,Russia,1915,34.12
rus,Russia,1916,34.16
rus,Russia,1917,31.49
rus,Russia,1918,25.0
rus,Russia,1919,27.21
rus,Russia,1920,22.34
rus,Russia,1921,25.96
rus,Russia,1922,26.98
rus,Russia,1923,36.74
rus,Russia,1924,39.52
rus,Russia,1925,38.58
rus,Russia,1926,42.14
rus,Russia,1927,41.2
rus,Russia,1928,42.78
rus,Russia,1929,41.18
rus,Russia,1930,40.24
rus,Russia,1931,38.63
rus,Russia,1932,36.24
rus,Russia,1933,19.19
rus,Russia,1934,42.31
rus,Russia,1935,43.91
rus,Russia,1936,45.62
rus,Russia,1937,44.34
rus,Russia,1938,46.06
rus,Russia,1939,48.57
rus,Russia,1940,45.95
rus,Russia,1941,25.68
rus,Russia,1942,20.11
rus,Russia,1943,17.89
rus,Russia,1944,30.24
rus,Russia,1945,38.11
rus,Russia,1946,51.74
rus,Russia,1947,45.39
rus,Russia,1948,58.71
rus,Russia,1949,61.94
rus,Russia,1950,64.6
rus,Russia,1951,64.7
rus,Russia,1952,65.2
rus,Russia,1953,65.4
rus,Russia,1954,65.5
rus,Russia,1955,65.9
rus,Russia,1956,66.1
rus,Russia,1957,66.5
rus,Russia,1958,67.1
rus,Russia,1959,67.7
rus,Russia,1960,68.5
rus,Russia,1961,68.7
rus,Russia,1962,68.7
rus,Russia,1963,69.2
rus,Russia,1964,69.7
rus,Russia,1965,69.6
rus,Russia,1966,69.5
rus,Russia,1967,69.4
rus,Russia,1968,69.3
rus,Russia,1969,69.0
rus,Russia,1970,69.0
rus,Russia,1971,69.1
rus,Russia,1972,69.1
rus,Russia,1973,69.1
rus,Russia,1974,69.0
rus,Russia,1975,68.5
rus,Russia,1976,68.2
rus,Russia,1977,68.1
rus,Russia,1978,68.0
rus,Russia,1979,67.7
rus,Russia,1980,67.7
rus,Russia,1981,68.0
rus,Russia,1982,68.3
rus,Russia,1983,68.2
rus,Russia,1984,67.9
rus,Russia,1985,68.6
rus,Russia,1986,69.9
rus,Russia,1987,70.1
rus,Russia,1988,69.9
rus,Russia,1989,69.7
rus,Russia,1990,69.4
rus,Russia,1991,69.1
rus,Russia,1992,68.0
rus,Russia,1993,65.7
rus,Russia,1994,64.4
rus,Russia,1995,65.0
rus,Russia,1996,66.2
rus,Russia,1997,67.1
rus,Russia,1998,67.4
rus,Russia,1999,66.4
rus,Russia,2000,65.8
rus,Russia,2001,65.7
rus,Russia,2002,65.5
rus,Russia,2003,65.4
rus,Russia,2004,65.7
rus,Russia,2005,65.9
rus,Russia,2006,67.1
rus,Russia,2007,67.9
rus,Russia,2008,68.3
rus,Russia,2009,69.0
rus,Russia,2010,69.2
rus,Russia,2011,70.1
rus,Russia,2012,70.6
rus,Russia,2013,71.0
rus,Russia,2014,71.2
rus,Russia,2015,71.4
rus,Russia,2016,71.9
rus,Russia,2017,72.7
rus,Russia,2018,73.1
rus,Russia,2019,73.5
rus,Russia,2020,72.0
rus,Russia,2021,70.6
rus,Russia,2022,72.8
rus,Russia,2023,73.2
rus,Russia,2024,73.3
rus,Russia,2025,73.5
rwa,Rwanda,1900,32.88
rwa,Rwanda,1901,31.72
rwa,Rwanda,1902,30.54
rwa,Rwanda,1903,29.35
rwa,Rwanda,1904,42.63
rwa,Rwanda,1905,42.83
rwa,Rwanda,1906,35.18
rwa,Rwanda,1907,33.99
rwa,Rwanda,1908,32.78
rwa,Rwanda,1909,43.63
rwa,Rwanda,1910,43.83
rwa,Rwanda,1911,44.03
rwa,Rwanda,1912,44.23
rwa,Rwanda,1913,44.43
rwa,Rwanda,1914,44.64
rwa,Rwanda,1915,44.84
rwa,Rwanda,1916,36.82
rwa,Rwanda,1917,34.14
rwa,Rwanda,1918,17.57
rwa,Rwanda,1919,45.64
rwa,Rwanda,1920,45.84
rwa,Rwanda,1921,46.04
rwa,Rwanda,1922,46.24
rwa,Rwanda,1923,46.44
rwa,Rwanda,1924,38.13
rwa,Rwanda,1925,36.82
rwa,Rwanda,1926,35.5
rwa,Rwanda,1927,47.24
rwa,Rwanda,1928,38.79
rwa,Rwanda,1929,35.96
rwa,Rwanda,1930,47.84
rwa,Rwanda,1931,48.04
rwa,Rwanda,1932,48.87
rwa,Rwanda,1933,49.71
rwa,Rwanda,1934,50.54
rwa,Rwanda,1935,51.4
rwa,Rwanda,1936,52.24
rwa,Rwanda,1937,53.1
rwa,Rwanda,1938,53.96
rwa,Rwanda,1939,54.83
rwa,Rwanda,1940,55.7
rwa,Rwanda,1941,56.64
rwa,Rwanda,1942,57.58
rwa,Rwanda,1943,54.13
rwa,Rwanda,1944,31.25
rwa,Rwanda,1945,60.3
rwa,Rwanda,1946,61.21
rwa,Rwanda,1947,62.13
rwa,Rwanda,1948,63.06
rwa,Rwanda,1949,63.97
rwa,Rwanda,1950,64.9
rwa,Rwanda,1951,65.1
rwa,Rwanda,1952,65.2
rwa,Rwanda,1953,65.0
rwa,Rwanda,1954,63.5
rwa,Rwanda,1955,64.8
rwa,Rwanda,1956,64.8
rwa,Rwanda,1957,36.5
rwa,Rwanda,1958,36.9
rwa,Rwanda,1959,37.2
rwa,Rwanda,1960,37.6
rwa,Rwanda,1961,38.0
rwa,Rwanda,1962,38.2
rwa,Rwanda,1963,38.3
rwa,Rwanda,1964,38.4
rwa,Rwanda,1965,38.6
rwa,Rwanda,1966,38.8
rwa,Rwanda,1967,39.1
rwa,Rwanda,1968,39.3
rwa,Rwanda,1969,39.7
rwa,Rwanda,1970,40.0
rwa,Rwanda,1971,40.1
rwa,Rwanda,1972,40.3
rwa,Rwanda,1973,40.5
rwa,Rwanda,1974,40.8
rwa,Rwanda,1975,41.0
rwa,Rwanda,1976,41.3
rwa,Rwanda,1977,41.5
rwa,Rwanda,1978,41.8
rwa,Rwanda,1979,42.0
rwa,Rwanda,1980,42.3
rwa,Rwanda,1981,42.7
rwa,Rwanda,1982,43.1
rwa,Rwanda,1983,43.5
rwa,Rwanda,1984,44.0
rwa,Rwanda,1985,44.4
rwa,Rwanda,1986,45.0
rwa,Rwanda,1987,45.5
rwa,Rwanda,1988,46.0
rwa,Rwanda,1989,46.5
rwa,Rwanda,1990,46.9
rwa,Rwanda,1991,47.3
rwa,Rwanda,1992,47.6
rwa,Rwanda,1993,47.9
rwa,Rwanda,1994,48.0
rwa,Rwanda,1995,47.8
rwa,Rwanda,1996,47.4
rwa,Rwanda,1997,46.2
rwa,Rwanda,1998,45.6
rwa,Rwanda,1999,44.7
rwa,Rwanda,2000,43.8
rwa,Rwanda,2001,11.1
rwa,Rwanda,2002,40.7
rwa,Rwanda,2003,41.3
rwa,Rwanda,2004,40.7
rwa,Rwanda,2005,42.9
rwa,Rwanda,2006,44.6
rwa,Rwanda,2007,46.4
rwa,Rwanda,2008,48.1
rwa,Rwanda,2009,50.4
rwa,Rwanda,2010,52.4
rwa,Rwanda,2011,54.5
rwa,Rwanda,2012,56.6
rwa,Rwanda,2013,58.2
rwa,Rwanda,2014,59.6
rwa,Rwanda,2015,60.7
rwa,Rwanda,2016,61.6
rwa,Rwanda,2017,62.4
rwa,Rwanda,2018,63.0
rwa,Rwanda,2019,63.4
rwa,Rwanda,2020,63.7
rwa,Rwanda,2021,64.0
rwa,Rwanda,2022,64.3
rwa,Rwanda,2023,64.7
rwa,Rwanda,2024,64.89
rwa,Rwanda,2025,65.08
sau,Saudi Arabia,1900,29.55
sau,Saudi Arabia,1901,29.5
sau,Saudi Arabia,1902,29.45
sau,Saudi Arabia,1903,29.4
sau,Saudi Arabia,1904,29.35
sau,Saudi Arabia,1905,29.3
sau,Saudi Arabia,1906,29.25
sau,Saudi Arabia,1907,29.2
sau,Saudi Arabia,1908,29.14
sau,Saudi Arabia,1909,29.09
sau,Saudi Arabia,1910,29.04
sau,Saudi Arabia,1911,28.99
sau,Saudi Arabia,1912,28.94
sau,Saudi Arabia,1913,28.89
sau,Saudi Arabia,1914,28.84
sau,Saudi Arabia,1915,28.79
sau,Saudi Arabia,1916,28.74
sau,Saudi Arabia,1917,28.69
sau,Saudi Arabia,1918,23.74
sau,Saudi Arabia,1919,28.58
sau,Saudi Arabia,1920,28.53
sau,Saudi Arabia,1921,28.48
sau,Saudi Arabia,1922,28.43
sau,Saudi Arabia,1923,28.38
sau,Saudi Arabia,1924,28.33
sau,Saudi Arabia,1925,28.28
sau,Saudi Arabia,1926,28.23
sau,Saudi Arabia,1927,28.18
sau,Saudi Arabia,1928,28.13
sau,Saudi Arabia,1929,28.07
sau,Saudi Arabia,1930,28.02
sau,Saudi Arabia,1931,27.97
sau,Saudi Arabia,1932,27.92
sau,Saudi Arabia,1933,27.87
sau,Saudi Arabia,1934,27.82
sau,Saudi Arabia,1935,27.77
sau,Saudi Arabia,1936,27.72
sau,Saudi Arabia,1937,27.67
sau,Saudi Arabia,1938,27.62
sau,Saudi Arabia,1939,27.57
sau,Saudi Arabia,1940,27.51
sau,Saudi Arabia,1941,27.55
sau,Saudi Arabia,1942,27.58
sau,Saudi Arabia,1943,27.62
sau,Saudi Arabia,1944,27.65
sau,Saudi Arabia,1945,27.68
sau,Saudi Arabia,1946,29.21
sau,Saudi Arabia,1947,30.75
sau,Saudi Arabia,1948,32.27
sau,Saudi Arabia,1949,33.79
sau,Saudi Arabia,1950,35.3
sau,Saudi Arabia,1951,36.0
sau,Saudi Arabia,1952,36.7
sau,Saudi Arabia,1953,37.3
sau,Saudi Arabia,1954,38.1
sau,Saudi Arabia,1955,39.1
sau,Saudi Arabia,1956,39.9
sau,Saudi Arabia,1957,40.8
sau,Saudi Arabia,1958,41.7
sau,Saudi Arabia,1959,42.7
sau,Saudi Arabia,1960,43.8
sau,Saudi Arabia,1961,44.8
sau,Saudi Arabia,1962,45.8
sau,Saudi Arabia,1963,46.9
sau,Saudi Arabia,1964,47.9
sau,Saudi Arabia,1965,49.0
sau,Saudi Arabia,1966,50.0
sau,Saudi Arabia,1967,50.9
sau,Saudi Arabia,1968,51.9
sau,Saudi Arabia,1969,52.8
sau,Saudi Arabia,1970,53.8
sau,Saudi Arabia,1971,54.7
sau,Saudi Arabia,1972,55.7
sau,Saudi Arabia,1973,56.6
sau,Saudi Arabia,1974,57.5
sau,Saudi Arabia,1975,58.3
sau,Saudi Arabia,1976,59.2
sau,Saudi Arabia,1977,60.0
sau,Saudi Arabia,1978,60.8
sau,Saudi Arabia,1979,61.5
sau,Saudi Arabia,1980,62.2
sau,Saudi Arabia,1981,63.0
sau,Saudi Arabia,1982,63.9
sau,Saudi Arabia,1983,64.6
sau,Saudi Arabia,1984,65.4
sau,Saudi Arabia,1985,66.0
sau,Saudi Arabia,1986,66.6
sau,Saudi Arabia,1987,67.2
sau,Saudi Arabia,1988,67.7
sau,Saudi Arabia,1989,68.2
sau,Saudi Arabia,1990,68.4
sau,Saudi Arabia,1991,69.1
sau,Saudi Arabia,1992,69.7
sau,Saudi Arabia,1993,70.2
sau,Saudi Arabia,1994,70.7
sau,Saudi Arabia,1995,71.2
sau,Saudi Arabia,1996,71.7
sau,Saudi Arabia,1997,72.1
sau,Saudi Arabia,1998,72.6
sau,Saudi Arabia,1999,72.9
sau,Saudi Arabia,2000,73.0
sau,Saudi Arabia,2001,73.1
sau,Saudi Arabia,2002,73.0
sau,Saudi Arabia,2003,72.8
sau,Saudi Arabia,2004,72.6
sau,Saudi Arabia,2005,72.4
sau,Saudi Arabia,2006,72.1
sau,Saudi Arabia,2007,71.9
sau,Saudi Arabia,2008,71.7
sau,Saudi Arabia,2009,71.6
sau,Saudi Arabia,2010,71.6
sau,Saudi Arabia,2011,71.9
sau,Saudi Arabia,2012,72.2
sau,Saudi Arabia,2013,72.7
sau,Saudi Arabia,2014,73.1
sau,Saudi Arabia,2015,73.2
sau,Saudi Arabia,2016,73.9
sau,Saudi Arabia,2017,74.1
sau,Saudi Arabia,2018,74.3
sau,Saudi Arabia,2019,74.3
sau,Saudi Arabia,2020,72.4
sau,Saudi Arabia,2021,73.5
sau,Saudi Arabia,2022,74.2
sau,Saudi Arabia,2023,74.5
sau,Saudi Arabia,2024,74.78
sau,Saudi Arabia,2025,74.97
sdn,Sudan,1900,30.01
sdn,Sudan,1901,29.99
sdn,Sudan,1902,29.96
sdn,Sudan,1903,29.93
sdn,Sudan,1904,29.9
sdn,Sudan,1905,29.88
sdn,Sudan,1906,29.85
sdn,Sudan,1907,29.82
sdn,Sudan,1908,29.79
sdn,Sudan,1909,29.77
sdn,Sudan,1910,29.74
sdn,Sudan,1911,29.71
sdn,Sudan,1912,29.68
sdn,Sudan,1913,29.65
sdn,Sudan,1914,29.63
sdn,Sudan,1915,29.6
sdn,Sudan,1916,29.57
sdn,Sudan,1917,29.54
sdn,Sudan,1918,11.41
sdn,Sudan,1919,29.49
sdn,Sudan,1920,29.46
sdn,Sudan,1921,29.43
sdn,Sudan,1922,29.41
sdn,Sudan,1923,29.38
sdn,Sudan,1924,29.35
sdn,Sudan,1925,29.32
sdn,Sudan,1926,29.29
sdn,Sudan,1927,29.27
sdn,Sudan,1928,29.24
sdn,Sudan,1929,29.21
sdn,Sudan,1930,29.18
sdn,Sudan,1931,29.16
sdn,Sudan,1932,29.13
sdn,Sudan,1933,29.1
sdn,Sudan,1934,29.07
sdn,Sudan,1935,29.05
sdn,Sudan,1936,29.02
sdn,Sudan,1937,28.99
sdn,Sudan,1938,28.96
sdn,Sudan,1939,28.93
sdn,Sudan,1940,28.91
sdn,Sudan,1941,30.05
sdn,Sudan,1942,31.19
sdn,Sudan,1943,32.31
sdn,Sudan,1944,33.45
sdn,Sudan,1945,34.59
sdn,Sudan,1946,35.72
sdn,Sudan,1947,36.83
sdn,Sudan,1948,37.96
sdn,Sudan,1949,39.08
sdn,Sudan,1950,40.2
sdn,Sudan,1951,41.1
sdn,Sudan,1952,42.0
sdn,Sudan,1953,42.8
sdn,Sudan,1954,43.6
sdn,Sudan,1955,44.4
sdn,Sudan,1956,45.1
sdn,Sudan,1957,45.7
sdn,Sudan,1958,46.2
sdn,Sudan,1959,46.7
sdn,Sudan,1960,47.1
sdn,Sudan,1961,47.4
sdn,Sudan,1962,47.8
sdn,Sudan,1963,47.7
sdn,Sudan,1964,48.0
sdn,Sudan,1965,48.2
sdn,Sudan,1966,48.5
sdn,Sudan,1967,48.6
sdn,Sudan,1968,48.8
sdn,Sudan,1969,49.0
sdn,Sudan,1970,49.1
sdn,Sudan,1971,49.3
sdn,Sudan,1972,49.5
sdn,Sudan,1973,49.9
sdn,Sudan,1974,50.1
sdn,Sudan,1975,50.5
sdn,Sudan,1976,50.8
sdn,Sudan,1977,51.3
sdn,Sudan,1978,51.8
sdn,Sudan,1979,52.2
sdn,Sudan,1980,52.6
sdn,Sudan,1981,53.1
sdn,Sudan,1982,53.6
sdn,Sudan,1983,50.5
sdn,Sudan,1984,50.0
sdn,Sudan,1985,50.4
sdn,Sudan,1986,55.0
sdn,Sudan,1987,55.2
sdn,Sudan,1988,55.5
sdn,Sudan,1989,55.3
sdn,Sudan,1990,55.9
sdn,Sudan,1991,56.4
sdn,Sudan,1992,56.8
sdn,Sudan,1993,56.9
sdn,Sudan,1994,57.9
sdn,Sudan,1995,58.2
sdn,Sudan,1996,58.4
sdn,Sudan,1997,58.7
sdn,Sudan,1998,58.7
sdn,Sudan,1999,59.7
sdn,Sudan,2000,60.1
sdn,Sudan,2001,60.7
sdn,Sudan,2002,61.2
sdn,Sudan,2003,61.7
sdn,Sudan,2004,61.8
sdn,Sudan,2005,63.1
sdn,Sudan,2006,63.5
sdn,Sudan,2007,64.2
sdn,Sudan,2008,64.8
sdn,Sudan,2009,65.1
sdn,Sudan,2010,65.6
sdn,Sudan,2011,66.1
sdn,Sudan,2012,66.6
sdn,Sudan,2013,66.9
sdn,Sudan,2014,67.4
sdn,Sudan,2015,67.6
sdn,Sudan,2016,68.1
sdn,Sudan,2017,68.5
sdn,Sudan,2018,68.9
sdn,Sudan,2019,69.2
sdn,Sudan,2020,67.6
sdn,Sudan,2021,68.2
sdn,Sudan,2022,69.3
sdn,Sudan,2023,68.9
sdn,Sudan,2024,69.11
sdn,Sudan,2025,69.32
sen,Senegal,1900,29.66
sen,Senegal,1901,29.75
sen,Senegal,1902,29.84
sen,Senegal,1903,29.93
sen,Senegal,1904,30.02
sen,Senegal,1905,30.11
sen,Senegal,1906,30.2
sen,Senegal,1907,30.29
sen,Senegal,1908,30.38
sen,Senegal,1909,30.47
sen,Senegal,1910,30.56
sen,Senegal,1911,30.65
sen,Senegal,1912,30.74
sen,Senegal,1913,30.83
sen,Senegal,1914,30.91
sen,Senegal,1915,31.0
sen,Senegal,1916,31.09
sen,Senegal,1917,31.18
sen,Senegal,1918,14.77
sen,Senegal,1919,31.36
sen,Senegal,1920,31.45
sen,Senegal,1921,31.54
sen,Senegal,1922,31.63
sen,Senegal,1923,31.39
sen,Senegal,1924,31.15
sen,Senegal,1925,30.91
sen,Senegal,1926,30.67
sen,Senegal,1927,30.42
sen,Senegal,1928,30.82
sen,Senegal,1929,31.23
sen,Senegal,1930,31.64
sen,Senegal,1931,32.05
sen,Senegal,1932,32.46
sen,Senegal,1933,32.87
sen,Senegal,1934,33.28
sen,Senegal,1935,33.7
sen,Senegal,1936,34.12
sen,Senegal,1937,34.54
sen,Senegal,1938,35.03
sen,Senegal,1939,35.51
sen,Senegal,1940,36.01
sen,Senegal,1941,36.51
sen,Senegal,1942,37.02
sen,Senegal,1943,37.55
sen,Senegal,1944,38.06
sen,Senegal,1945,38.57
sen,Senegal,1946,40.22
sen,Senegal,1947,41.87
sen,Senegal,1948,43.54
sen,Senegal,1949,45.22
sen,Senegal,1950,46.9
sen,Senegal,1951,47.3
sen,Senegal,1952,47.5
sen,Senegal,1953,47.4
sen,Senegal,1954,47.5
sen,Senegal,1955,47.8
sen,Senegal,1956,47.9
sen,Senegal,1957,48.1
sen,Senegal,1958,48.1
sen,Senegal,1959,48.2
sen,Senegal,1960,48.3
sen,Senegal,1961,48.3
sen,Senegal,1962,48.2
sen,Senegal,1963,48.1
sen,Senegal,1964,47.9
sen,Senegal,1965,47.8
sen,Senegal,1966,47.7
sen,Senegal,1967,47.8
sen,Senegal,1968,47.9
sen,Senegal,1969,48.0
sen,Senegal,1970,48.1
sen,Senegal,1971,48.3
sen,Senegal,1972,48.5
sen,Senegal,1973,48.7
sen,Senegal,1974,48.8
sen,Senegal,1975,49.0
sen,Senegal,1976,49.3
sen,Senegal,1977,49.6
sen,Senegal,1978,50.1
sen,Senegal,1979,50.7
sen,Senegal,1980,51.2
sen,Senegal,1981,51.8
sen,Senegal,1982,52.5
sen,Senegal,1983,53.2
sen,Senegal,1984,53.8
sen,Senegal,1985,54.4
sen,Senegal,1986,55.1
sen,Senegal,1987,55.7
sen,Senegal,1988,56.4
sen,Senegal,1989,56.9
sen,Senegal,1990,57.5
sen,Senegal,1991,57.8
sen,Senegal,1992,58.0
sen,Senegal,1993,58.3
sen,Senegal,1994,58.5
sen,Senegal,1995,58.9
sen,Senegal,1996,59.1
sen,Senegal,1997,59.6
sen,Senegal,1998,59.9
sen,Senegal,1999,60.5
sen,Senegal,2000,61.7
sen,Senegal,2001,60.4
sen,Senegal,2002,60.6
sen,Senegal,2003,62.5
sen,Senegal,2004,63.1
sen,Senegal,2005,63.7
sen,Senegal,2006,64.5
sen,Senegal,2007,65.3
sen,Senegal,2008,65.9
sen,Senegal,2009,66.3
sen,Senegal,2010,67.1
sen,Senegal,2011,67.5
sen,Senegal,2012,68.0
sen,Senegal,2013,68.4
sen,Senegal,2014,68.6
sen,Senegal,2015,69.1
sen,Senegal,2016,69.2
sen,Senegal,2017,69.4
sen,Senegal,2018,69.9
sen,Senegal,2019,69.7
sen,Senegal,2020,68.4
sen,Senegal,2021,67.1
sen,Senegal,2022,69.7
sen,Senegal,2023,70.1
sen,Senegal,2024,70.3
sen,Senegal,2025,70.61
sgp,Singapore,1900,33.63
sgp,Singapore,1901,33.62
sgp,Singapore,1902,33.62
sgp,Singapore,1903,33.61
sgp,Singapore,1904,33.6
sgp,Singapore,1905,33.59
sgp,Singapore,1906,33.59
sgp,Singapore,1907,33.58
sgp,Singapore,1908,33.57
sgp,Singapore,1909,33.57
sgp,Singapore,1910,33.56
sgp,Singapore,1911,33.55
sgp,Singapore,1912,33.54
sgp,Singapore,1913,33.54
sgp,Singapore,1914,33.53
sgp,Singapore,1915,33.52
sgp,Singapore,1916,33.51
sgp,Singapore,1917,33.51
sgp,Singapore,1918,21.47
sgp,Singapore,1919,33.49
sgp,Singapore,1920,33.48
sgp,Singapore,1921,34.27
sgp,Singapore,1922,35.07
sgp,Singapore,1923,35.86
sgp,Singapore,1924,36.65
sgp,Singapore,1925,37.44
sgp,Singapore,1926,38.24
sgp,Singapore,1927,39.03
sgp,Singapore,1928,39.82
sgp,Singapore,1929,40.61
sgp,Singapore,1930,41.4
sgp,Singapore,1931,42.19
sgp,Singapore,1932,42.98
sgp,Singapore,1933,43.77
sgp,Singapore,1934,44.55
sgp,Singapore,1935,45.34
sgp,Singapore,1936,46.13
sgp,Singapore,1937,46.92
sgp,Singapore,1938,47.7
sgp,Singapore,1939,48.5
sgp,Singapore,1940,49.28
sgp,Singapore,1941,48.01
sgp,Singapore,1942,34.35
sgp,Singapore,1943,35.99
sgp,Singapore,1944,35.28
sgp,Singapore,1945,34.07
sgp,Singapore,1946,42.95
sgp,Singapore,1947,51.73
sgp,Singapore,1948,54.63
sgp,Singapore,1949,55.96
sgp,Singapore,1950,56.9
sgp,Singapore,1951,57.6
sgp,Singapore,1952,58.5
sgp,Singapore,1953,59.8
sgp,Singapore,1954,61.0
sgp,Singapore,1955,62.0
sgp,Singapore,1956,62.7
sgp,Singapore,1957,63.2
sgp,Singapore,1958,63.8
sgp,Singapore,1959,64.5
sgp,Singapore,1960,65.1
sgp,Singapore,1961,65.5
sgp,Singapore,1962,65.9
sgp,Singapore,1963,66.3
sgp,Singapore,1964,66.6
sgp,Singapore,1965,67.0
sgp,Singapore,1966,67.3
sgp,Singapore,1967,67.6
sgp,Singapore,1968,67.9
sgp,Singapore,1969,68.4
sgp,Singapore,1970,68.6
sgp,Singapore,1971,68.8
sgp,Singapore,1972,69.0
sgp,Singapore,1973,69.3
sgp,Singapore,1974,69.7
sgp,Singapore,1975,70.1
sgp,Singapore,1976,70.5
sgp,Singapore,1977,70.7
sgp,Singapore,1978,71.0
sgp,Singapore,1979,71.2
sgp,Singapore,1980,71.4
sgp,Singapore,1981,71.7
sgp,Singapore,1982,72.0
sgp,Singapore,1983,72.4
sgp,Singapore,1984,72.9
sgp,Singapore,1985,73.4
sgp,Singapore,1986,74.1
sgp,Singapore,1987,74.5
sgp,Singapore,1988,74.8
sgp,Singapore,1989,75.2
sgp,Singapore,1990,75.6
sgp,Singapore,1991,76.1
sgp,Singapore,1992,76.4
sgp,Singapore,1993,76.7
sgp,Singapore,1994,76.8
sgp,Singapore,1995,77.1
sgp,Singapore,1996,77.4
sgp,Singapore,1997,77.9
sgp,Singapore,1998,78.4
sgp,Singapore,1999,78.7
sgp,Singapore,2000,79.2
sgp,Singapore,2001,79.5
sgp,Singapore,2002,79.9
sgp,Singapore,2003,80.1
sgp,Singapore,2004,80.4
sgp,Singapore,2005,80.9
sgp,Singapore,2006,81.1
sgp,Singapore,2007,81.4
sgp,Singapore,2008,81.9
sgp,Singapore,2009,82.4
sgp,Singapore,2010,82.8
sgp,Singapore,2011,83.1
sgp,Singapore,2012,83.4
sgp,Singapore,2013,83.7
sgp,Singapore,2014,84.0
sgp,Singapore,2015,84.3
sgp,Singapore,2016,84.6
sgp,Singapore,2017,84.8
sgp,Singapore,2018,85.1
sgp,Singapore,2019,85.4
sgp,Singapore,2020,85.7
sgp,Singapore,2021,85.3
sgp,Singapore,2022,84.6
sgp,Singapore,2023,85.4
sgp,Singapore,2024,85.6
sgp,Singapore,2025,85.71
slb,Solomon Islands,1900,26.7
slb,Solomon Islands,1901,26.73
slb,Solomon Islands,1902,26.76
slb,Solomon Islands,1903,26.79
slb,Solomon Islands,1904,26.82
slb,Solomon Islands,1905,26.86
slb,Solomon Islands,1906,26.89
slb,Solomon Islands,1907,26.92
slb,Solomon Islands,1908,26.95
slb,Solomon Islands,1909,26.98
slb,Solomon Islands,1910,27.01
slb,Solomon Islands,1911,27.05
slb,Solomon Islands,1912,27.08
slb,Solomon Islands,1913,27.11
slb,Solomon Islands,1914,27.14
slb,Solomon Islands,1915,27.17
slb,Solomon Islands,1916,27.21
slb,Solomon Islands,1917,27.24
slb,Solomon Islands,1918,26.62
slb,Solomon Islands,1919,27.3
slb,Solomon Islands,1920,27.33
slb,Solomon Islands,1921,27.37
slb,Solomon Islands,1922,27.4
slb,Solomon Islands,1923,27.43
slb,Solomon Islands,1924,27.46
slb,Solomon Islands,1925,27.49
slb,Solomon Islands,1926,27.53
slb,Solomon Islands,1927,27.56
slb,Solomon Islands,1928,27.59
slb,Solomon Islands,1929,27.62
slb,Solomon Islands,1930,27.65
slb,Solomon Islands,1931,27.68
slb,Solomon Islands,1932,27.72
slb,Solomon Islands,1933,27.75
slb,Solomon Islands,1934,27.78
slb,Solomon Islands,1935,29.14
slb,Solomon Islands,1936,30.52
slb,Solomon Islands,1937,31.89
slb,Solomon Islands,1938,33.27
slb,Solomon Islands,1939,34.64
slb,Solomon Islands,1940,36.03
slb,Solomon Islands,1941,37.49
slb,Solomon Islands,1942,31.43
slb,Solomon Islands,1943,29.31
slb,Solomon Islands,1944,35.02
slb,Solomon Islands,1945,39.61
slb,Solomon Islands,1946,43.1
slb,Solomon Islands,1947,45.47
slb,Solomon Islands,1948,47.74
slb,Solomon Islands,1949,49.22
slb,Solomon Islands,1950,50.8
slb,Solomon Islands,1951,51.0
slb,Solomon Islands,1952,51.3
slb,Solomon Islands,1953,51.5
slb,Solomon Islands,1954,51.8
slb,Solomon Islands,1955,52.0
slb,Solomon Islands,1956,50.1
slb,Solomon Islands,1957,52.5
slb,Solomon Islands,1958,52.8
slb,Solomon Islands,1959,53.0
slb,Solomon Islands,1960,53.3
slb,Solomon Islands,1961,53.5
slb,Solomon Islands,1962,53.8
slb,Solomon Islands,1963,54.0
slb,Solomon Islands,1964,54.3
slb,Solomon Islands,1965,54.5
slb,Solomon Islands,1966,54.7
slb,Solomon Islands,1967,54.9
slb,Solomon Islands,1968,55.3
slb,Solomon Islands,1969,55.6
slb,Solomon Islands,1970,55.8
slb,Solomon Islands,1971,56.1
slb,Solomon Islands,1972,56.3
slb,Solomon Islands,1973,56.6
slb,Solomon Islands,1974,56.9
slb,Solomon Islands,1975,55.6
slb,Solomon Islands,1976,57.4
slb,Solomon Islands,1977,57.5
slb,Solomon Islands,1978,58.1
slb,Solomon Islands,1979,58.4
slb,Solomon Islands,1980,58.8
slb,Solomon Islands,1981,59.1
slb,Solomon Islands,1982,59.5
slb,Solomon Islands,1983,59.8
slb,Solomon Islands,1984,60.1
slb,Solomon Islands,1985,60.4
slb,Solomon Islands,1986,60.1
slb,Solomon Islands,1987,60.9
slb,Solomon Islands,1988,61.1
slb,Solomon Islands,1989,61.3
slb,Solomon Islands,1990,61.4
slb,Solomon Islands,1991,61.2
slb,Solomon Islands,1992,61.7
slb,Solomon Islands,1993,61.9
slb,Solomon Islands,1994,62.0
slb,Solomon Islands,1995,62.4
slb,Solomon Islands,1996,62.6
slb,Solomon Islands,1997,62.6
slb,Solomon Islands,1998,62.8
slb,Solomon Islands,1999,63.2
slb,Solomon Islands,2000,63.2
slb,Solomon Islands,2001,63.5
slb,Solomon Islands,2002,63.6
slb,Solomon Islands,2003,63.8
slb,Solomon Islands,2004,64.0
slb,Solomon Islands,2005,64.0
slb,Solomon Islands,2006,63.9
slb,Solomon Islands,2007,64.0
slb,Solomon Islands,2008,64.5
slb,Solomon Islands,2009,64.1
slb,Solomon Islands,2010,64.4
slb,Solomon Islands,2011,63.9
slb,Solomon Islands,2012,63.7
slb,Solomon Islands,2013,63.6
slb,Solomon Islands,2014,63.4
slb,Solomon Islands,2015,63.6
slb,Solomon Islands,2016,63.9
slb,Solomon Islands,2017,64.0
slb,Solomon Islands,2018,64.0
slb,Solomon Islands,2019,64.0
slb,Solomon Islands,2020,63.6
slb,Solomon Islands,2021,63.1
slb,Solomon Islands,2022,63.5
slb,Solomon Islands,2023,63.7
slb,Solomon Islands,2024,63.88
slb,Solomon Islands,2025,63.97
sle,Sierra Leone,1900,28.8
sle,Sierra Leone,1901,28.88
sle,Sierra Leone,1902,28.95
sle,Sierra Leone,1903,29.03
sle,Sierra Leone,1904,29.1
sle,Sierra Leone,1905,29.17
sle,Sierra Leone,1906,29.25
sle,Sierra Leone,1907,29.32
sle,Sierra Leone,1908,29.4
sle,Sierra Leone,1909,29.47
sle,Sierra Leone,1910,29.55
sle,Sierra Leone,1911,29.62
sle,Sierra Leone,1912,29.69
sle,Sierra Leone,1913,29.77
sle,Sierra Leone,1914,29.84
sle,Sierra Leone,1915,29.92
sle,Sierra Leone,1916,29.99
sle,Sierra Leone,1917,30.06
sle,Sierra Leone,1918,14.24
sle,Sierra Leone,1919,30.21
sle,Sierra Leone,1920,30.29
sle,Sierra Leone,1921,30.36
sle,Sierra Leone,1922,30.43
sle,Sierra Leone,1923,30.51
sle,Sierra Leone,1924,30.58
sle,Sierra Leone,1925,30.66
sle,Sierra Leone,1926,30.73
sle,Sierra Leone,1927,30.66
sle,Sierra Leone,1928,30.58
sle,Sierra Leone,1929,30.51
sle,Sierra Leone,1930,30.43
sle,Sierra Leone,1931,30.36
sle,Sierra Leone,1932,30.48
sle,Sierra Leone,1933,30.61
sle,Sierra Leone,1934,30.74
sle,Sierra Leone,1935,30.86
sle,Sierra Leone,1936,30.98
sle,Sierra Leone,1937,31.12
sle,Sierra Leone,1938,31.24
sle,Sierra Leone,1939,31.37
sle,Sierra Leone,1940,31.5
sle,Sierra Leone,1941,31.99
sle,Sierra Leone,1942,32.48
sle,Sierra Leone,1943,32.97
sle,Sierra Leone,1944,33.47
sle,Sierra Leone,1945,33.97
sle,Sierra Leone,1946,35.25
sle,Sierra Leone,1947,36.57
sle,Sierra Leone,1948,37.87
sle,Sierra Leone,1949,39.19
sle,Sierra Leone,1950,40.5
sle,Sierra Leone,1951,40.8
sle,Sierra Leone,1952,40.9
sle,Sierra Leone,1953,41.0
sle,Sierra Leone,1954,41.1
sle,Sierra Leone,1955,41.2
sle,Sierra Leone,1956,41.4
sle,Sierra Leone,1957,41.5
sle,Sierra Leone,1958,41.6
sle,Sierra Leone,1959,41.7
sle,Sierra Leone,1960,41.9
sle,Sierra Leone,1961,42.0
sle,Sierra Leone,1962,42.2
sle,Sierra Leone,1963,42.4
sle,Sierra Leone,1964,42.6
sle,Sierra Leone,1965,42.8
sle,Sierra Leone,1966,43.0
sle,Sierra Leone,1967,43.2
sle,Sierra Leone,1968,43.4
sle,Sierra Leone,1969,43.7
sle,Sierra Leone,1970,43.9
sle,Sierra Leone,1971,44.2
sle,Sierra Leone,1972,44.5
sle,Sierra Leone,1973,44.7
sle,Sierra Leone,1974,45.0
sle,Sierra Leone,1975,45.2
sle,Sierra Leone,1976,45.4
sle,Sierra Leone,1977,45.6
sle,Sierra Leone,1978,45.7
sle,Sierra Leone,1979,45.9
sle,Sierra Leone,1980,45.9
sle,Sierra Leone,1981,46.0
sle,Sierra Leone,1982,46.1
sle,Sierra Leone,1983,46.1
sle,Sierra Leone,1984,46.1
sle,Sierra Leone,1985,46.0
sle,Sierra Leone,1986,46.0
sle,Sierra Leone,1987,46.2
sle,Sierra Leone,1988,46.5
sle,Sierra Leone,1989,46.7
sle,Sierra Leone,1990,47.0
sle,Sierra Leone,1991,46.9
sle,Sierra Leone,1992,47.2
sle,Sierra Leone,1993,47.4
sle,Sierra Leone,1994,46.7
sle,Sierra Leone,1995,46.4
sle,Sierra Leone,1996,47.8
sle,Sierra Leone,1997,48.0
sle,Sierra Leone,1998,46.4
sle,Sierra Leone,1999,46.7
sle,Sierra Leone,2000,48.4
sle,Sierra Leone,2001,49.4
sle,Sierra Leone,2002,49.9
sle,Sierra Leone,2003,50.3
sle,Sierra Leone,2004,50.9
sle,Sierra Leone,2005,51.3
sle,Sierra Leone,2006,51.6
sle,Sierra Leone,2007,52.1
sle,Sierra Leone,2008,52.8
sle,Sierra Leone,2009,53.4
sle,Sierra Leone,2010,53.9
sle,Sierra Leone,2011,54.3
sle,Sierra Leone,2012,54.5
sle,Sierra Leone,2013,55.1
sle,Sierra Leone,2014,54.1
sle,Sierra Leone,2015,55.3
sle,Sierra Leone,2016,56.6
sle,Sierra Leone,2017,56.7
sle,Sierra Leone,2018,57.5
sle,Sierra Leone,2019,57.8
sle,Sierra Leone,2020,57.3
sle,Sierra Leone,2021,58.1
sle,Sierra Leone,2022,58.6
sle,Sierra Leone,2023,58.9
sle,Sierra Leone,2024,59.09
sle,Sierra Leone,2025,59.28
slv,El Salvador,1900,30.08
slv,El Salvador,1901,30.1
slv,El Salvador,1902,30.13
slv,El Salvador,1903,30.16
slv,El Salvador,1904,30.19
slv,El Salvador,1905,30.21
slv,El Salvador,1906,30.24
slv,El Salvador,1907,30.27
slv,El Salvador,1908,30.3
slv,El Salvador,1909,30.32
slv,El Salvador,1910,30.35
slv,El Salvador,1911,30.38
slv,El Salvador,1912,30.41
slv,El Salvador,1913,30.43
slv,El Salvador,1914,30.46
slv,El Salvador,1915,30.49
slv,El Salvador,1916,30.52
slv,El Salvador,1917,30.54
slv,El Salvador,1918,27.02
slv,El Salvador,1919,30.6
slv,El Salvador,1920,30.63
slv,El Salvador,1921,30.65
slv,El Salvador,1922,30.68
slv,El Salvador,1923,30.71
slv,El Salvador,1924,30.74
slv,El Salvador,1925,30.76
slv,El Salvador,1926,30.79
slv,El Salvador,1927,30.82
slv,El Salvador,1928,30.85
slv,El Salvador,1929,30.87
slv,El Salvador,1930,30.9
slv,El Salvador,1931,31.71
slv,El Salvador,1932,32.53
slv,El Salvador,1933,33.34
slv,El Salvador,1934,34.15
slv,El Salvador,1935,34.97
slv,El Salvador,1936,35.8
slv,El Salvador,1937,36.62
slv,El Salvador,1938,37.43
slv,El Salvador,1939,38.26
slv,El Salvador,1940,39.08
slv,El Salvador,1941,39.95
slv,El Salvador,1942,40.82
slv,El Salvador,1943,41.68
slv,El Salvador,1944,42.55
slv,El Salvador,1945,43.42
slv,El Salvador,1946,44.29
slv,El Salvador,1947,45.17
slv,El Salvador,1948,46.04
slv,El Salvador,1949,46.92
slv,El Salvador,1950,47.8
slv,El Salvador,1951,46.5
slv,El Salvador,1952,47.2
slv,El Salvador,1953,47.5
slv,El Salvador,1954,48.1
slv,El Salvador,1955,48.9
slv,El Salvador,1956,49.7
slv,El Salvador,1957,50.3
slv,El Salvador,1958,51.2
slv,El Salvador,1959,52.5
slv,El Salvador,1960,53.6
slv,El Salvador,1961,54.5
slv,El Salvador,1962,55.0
slv,El Salvador,1963,55.5
slv,El Salvador,1964,56.0
slv,El Salvador,1965,56.4
slv,El Salvador,1966,56.9
slv,El Salvador,1967,57.2
slv,El Salvador,1968,57.2
slv,El Salvador,1969,56.6
slv,El Salvador,1970,57.4
slv,El Salvador,1971,58.1
slv,El Salvador,1972,58.6
slv,El Salvador,1973,59.5
slv,El Salvador,1974,60.2
slv,El Salvador,1975,60.8
slv,El Salvador,1976,61.3
slv,El Salvador,1977,61.5
slv,El Salvador,1978,61.5
slv,El Salvador,1979,60.8
slv,El Salvador,1980,60.0
slv,El Salvador,1981,54.9
slv,El Salvador,1982,59.4
slv,El Salvador,1983,59.5
slv,El Salvador,1984,62.5
slv,El Salvador,1985,64.8
slv,El Salvador,1986,65.1
slv,El Salvador,1987,66.6
slv,El Salvador,1988,67.9
slv,El Salvador,1989,66.3
slv,El Salvador,1990,68.5
slv,El Salvador,1991,68.7
slv,El Salvador,1992,69.4
slv,El Salvador,1993,69.6
slv,El Salvador,1994,69.7
slv,El Salvador,1995,70.1
slv,El Salvador,1996,70.4
slv,El Salvador,1997,70.6
slv,El Salvador,1998,70.7
slv,El Salvador,1999,71.5
slv,El Salvador,2000,71.9
slv,El Salvador,2001,71.8
slv,El Salvador,2002,72.6
slv,El Salvador,2003,72.5
slv,El Salvador,2004,72.5
slv,El Salvador,2005,72.5
slv,El Salvador,2006,72.6
slv,El Salvador,2007,72.8
slv,El Salvador,2008,73.0
slv,El Salvador,2009,72.9
slv,El Salvador,2010,73.5
slv,El Salvador,2011,73.9
slv,El Salvador,2012,72.1
slv,El Salvador,2013,71.9
slv,El Salvador,2014,71.3
slv,El Salvador,2015,70.7
slv,El Salvador,2016,72.5
slv,El Salvador,2017,72.6
slv,El Salvador,2018,72.7
slv,El Salvador,2019,72.8
slv,El Salvador,2020,71.3
slv,El Salvador,2021,70.5
slv,El Salvador,2022,72.7
slv,El Salvador,2023,73.1
slv,El Salvador,2024,73.3
slv,El Salvador,2025,73.51
smr,San Marino,1950,69.7
smr,San Marino,1951,70.0
smr,San Marino,1952,70.3
smr,San Marino,1953,70.6
smr,San Marino,1954,70.8
smr,San Marino,1955,71.1
smr,San Marino,1956,71.3
smr,San Marino,1957,71.5
smr,San Marino,1958,71.7
smr,San Marino,1959,72.0
smr,San Marino,1960,72.1
smr,San Marino,1961,72.3
smr,San Marino,1962,72.5
smr,San Marino,1963,72.6
smr,San Marino,1964,72.7
smr,San Marino,1965,72.8
smr,San Marino,1966,72.9
smr,San Marino,1967,73.1
smr,San Marino,1968,73.2
smr,San Marino,1969,73.4
smr,San Marino,1970,73.5
smr,San Marino,1971,73.7
smr,San Marino,1972,73.9
smr,San Marino,1973,74.1
smr,San Marino,1974,74.4
smr,San Marino,1975,74.6
smr,San Marino,1976,74.8
smr,San Marino,1977,74.9
smr,San Marino,1978,75.1
smr,San Marino,1979,75.3
smr,San Marino,1980,75.5
smr,San Marino,1981,75.8
smr,San Marino,1982,76.0
smr,San Marino,1983,76.3
smr,San Marino,1984,76.5
smr,San Marino,1985,76.8
smr,San Marino,1986,77.1
smr,San Marino,1987,77.4
smr,San Marino,1988,77.7
smr,San Marino,1989,78.1
smr,San Marino,1990,78.4
smr,San Marino,1991,78.7
smr,San Marino,1992,79.0
smr,San Marino,1993,79.3
smr,San Marino,1994,79.6
smr,San Marino,1995,79.8
smr,San Marino,1996,80.0
smr,San Marino,1997,80.2
smr,San Marino,1998,80.4
smr,San Marino,1999,80.6
smr,San Marino,2000,80.9
smr,San Marino,2001,81.1
smr,San Marino,2002,81.3
smr,San Marino,2003,81.6
smr,San Marino,2004,82.0
smr,San Marino,2005,82.3
smr,San Marino,2006,82.7
smr,San Marino,2007,83.1
smr,San Marino,2008,83.5
smr,San Marino,2009,83.9
smr,San Marino,2010,84.2
smr,San Marino,2011,84.6
smr,San Marino,2012,84.9
smr,San Marino,2013,85.2
smr,San Marino,2014,85.4
smr,San Marino,2015,85.6
smr,San Marino,2016,85.8
smr,San Marino,2017,85.9
smr,San Marino,2018,86.1
smr,San Marino,2019,86.3
smr,San Marino,2020,84.0
smr,San Marino,2021,84.7
smr,San Marino,2022,84.0
smr,San Marino,2023,85.1
smr,San Marino,2024,85.2
smr,San Marino,2025,85.3
som,Somalia,1900,37.36
som,Somalia,1901,37.52
som,Somalia,1902,37.68
som,Somalia,1903,37.84
som,Somalia,1904,38.0
som,Somalia,1905,38.16
som,Somalia,1906,38.32
som,Somalia,1907,38.48
som,Somalia,1908,38.64
som,Somalia,1909,38.8
som,Somalia,1910,38.95
som,Somalia,1911,39.11
som,Somalia,1912,39.27
som,Somalia,1913,39.43
som,Somalia,1914,39.59
som,Somalia,1915,39.75
som,Somalia,1916,39.91
som,Somalia,1917,40.07
som,Somalia,1918,21.21
som,Somalia,1919,40.39
som,Somalia,1920,40.55
som,Somalia,1921,40.71
som,Somalia,1922,40.87
som,Somalia,1923,41.02
som,Somalia,1924,41.18
som,Somalia,1925,41.34
som,Somalia,1926,41.5
som,Somalia,1927,41.66
som,Somalia,1928,41.82
som,Somalia,1929,41.98
som,Somalia,1930,42.14
som,Somalia,1931,42.3
som,Somalia,1932,42.46
som,Somalia,1933,42.62
som,Somalia,1934,42.78
som,Somalia,1935,42.94
som,Somalia,1936,43.09
som,Somalia,1937,43.25
som,Somalia,1938,43.41
som,Somalia,1939,43.57
som,Somalia,1940,43.73
som,Somalia,1941,44.0
som,Somalia,1942,44.26
som,Somalia,1943,44.51
som,Somalia,1944,44.78
som,Somalia,1945,45.04
som,Somalia,1946,46.47
som,Somalia,1947,47.87
som,Somalia,1948,49.31
som,Somalia,1949,50.74
som,Somalia,1950,52.2
som,Somalia,1951,52.2
som,Somalia,1952,52.2
som,Somalia,1953,52.3
som,Somalia,1954,52.3
som,Somalia,1955,52.3
som,Somalia,1956,52.3
som,Somalia,1957,52.3
som,Somalia,1958,52.3
som,Somalia,1959,52.4
som,Somalia,1960,52.3
som,Somalia,1961,52.3
som,Somalia,1962,52.4
som,Somalia,1963,52.4
som,Somalia,1964,52.4
som,Somalia,1965,52.5
som,Somalia,1966,52.5
som,Somalia,1967,52.5
som,Somalia,1968,52.5
som,Somalia,1969,52.6
som,Somalia,1970,53.2
som,Somalia,1971,53.7
som,Somalia,1972,54.6
som,Somalia,1973,54.7
som,Somalia,1974,54.4
som,Somalia,1975,52.4
som,Somalia,1976,52.6
som,Somalia,1977,55.5
som,Somalia,1978,55.6
som,Somalia,1979,55.6
som,Somalia,1980,55.2
som,Somalia,1981,54.8
som,Somalia,1982,54.3
som,Somalia,1983,53.1
som,Somalia,1984,52.2
som,Somalia,1985,52.1
som,Somalia,1986,52.1
som,Somalia,1987,52.2
som,Somalia,1988,50.3
som,Somalia,1989,52.5
som,Somalia,1990,52.2
som,Somalia,1991,51.0
som,Somalia,1992,51.8
som,Somalia,1993,53.8
som,Somalia,1994,53.0
som,Somalia,1995,53.6
som,Somalia,1996,53.7
som,Somalia,1997,53.4
som,Somalia,1998,54.1
som,Somalia,1999,54.3
som,Somalia,2000,54.4
som,Somalia,2001,54.7
som,Somalia,2002,54.8
som,Somalia,2003,55.2
som,Somalia,2004,55.0
som,Somalia,2005,55.5
som,Somalia,2006,56.5
som,Somalia,2007,57.1
som,Somalia,2008,58.1
som,Somalia,2009,58.7
som,Somalia,2010,52.4
som,Somalia,2011,42.6
som,Somalia,2012,53.5
som,Somalia,2013,61.0
som,Somalia,2014,61.4
som,Somalia,2015,62.0
som,Somalia,2016,62.5
som,Somalia,2017,63.1
som,Somalia,2018,63.7
som,Somalia,2019,64.1
som,Somalia,2020,63.0
som,Somalia,2021,59.6
som,Somalia,2022,64.4
som,Somalia,2023,64.8
som,Somalia,2024,65.02
som,Somalia,2025,65.13
srb,Serbia,1900,33.99
srb,Serbia,1901,33.96
srb,Serbia,1902,33.93
srb,Serbia,1903,33.9
srb,Serbia,1904,33.86
srb,Serbia,1905,33.83
srb,Serbia,1906,33.8
srb,Serbia,1907,33.77
srb,Serbia,1908,33.74
srb,Serbia,1909,33.71
srb,Serbia,1910,33.68
srb,Serbia,1911,33.65
srb,Serbia,1912,33.62
srb,Serbia,1913,33.59
srb,Serbia,1914,23.64
srb,Serbia,1915,15.11
srb,Serbia,1916,19.82
srb,Serbia,1917,18.86
srb,Serbia,1918,9.33
srb,Serbia,1919,33.41
srb,Serbia,1920,33.38
srb,Serbia,1921,34.06
srb,Serbia,1922,34.74
srb,Serbia,1923,35.42
srb,Serbia,1924,36.09
srb,Serbia,1925,36.77
srb,Serbia,1926,37.44
srb,Serbia,1927,38.11
srb,Serbia,1928,38.79
srb,Serbia,1929,39.45
srb,Serbia,1930,40.12
srb,Serbia,1931,40.78
srb,Serbia,1932,41.45
srb,Serbia,1933,42.12
srb,Serbia,1934,42.78
srb,Serbia,1935,43.44
srb,Serbia,1936,44.1
srb,Serbia,1937,44.76
srb,Serbia,1938,45.42
srb,Serbia,1939,46.07
srb,Serbia,1940,46.73
srb,Serbia,1941,40.68
srb,Serbia,1942,38.57
srb,Serbia,1943,37.17
srb,Serbia,1944,35.79
srb,Serbia,1945,39.92
srb,Serbia,1946,46.93
srb,Serbia,1947,50.76
srb,Serbia,1948,52.02
srb,Serbia,1949,52.72
srb,Serbia,1950,53.4
srb,Serbia,1951,54.4
srb,Serbia,1952,55.8
srb,Serbia,1953,57.3
srb,Serbia,1954,58.1
srb,Serbia,1955,59.0
srb,Serbia,1956,59.9
srb,Serbia,1957,60.8
srb,Serbia,1958,61.6
srb,Serbia,1959,62.1
srb,Serbia,1960,62.5
srb,Serbia,1961,62.8
srb,Serbia,1962,63.3
srb,Serbia,1963,63.7
srb,Serbia,1964,64.0
srb,Serbia,1965,64.4
srb,Serbia,1966,64.8
srb,Serbia,1967,65.1
srb,Serbia,1968,65.3
srb,Serbia,1969,65.6
srb,Serbia,1970,65.9
srb,Serbia,1971,66.2
srb,Serbia,1972,66.5
srb,Serbia,1973,66.8
srb,Serbia,1974,67.1
srb,Serbia,1975,67.4
srb,Serbia,1976,67.6
srb,Serbia,1977,67.9
srb,Serbia,1978,68.0
srb,Serbia,1979,68.1
srb,Serbia,1980,68.3
srb,Serbia,1981,68.3
srb,Serbia,1982,68.3
srb,Serbia,1983,68.3
srb,Serbia,1984,68.4
srb,Serbia,1985,68.6
srb,Serbia,1986,68.8
srb,Serbia,1987,69.0
srb,Serbia,1988,69.3
srb,Serbia,1989,69.7
srb,Serbia,1990,70.1
srb,Serbia,1991,69.4
srb,Serbia,1992,70.0
srb,Serbia,1993,70.6
srb,Serbia,1994,70.5
srb,Serbia,1995,70.5
srb,Serbia,1996,70.5
srb,Serbia,1997,70.6
srb,Serbia,1998,70.6
srb,Serbia,1999,68.6
srb,Serbia,2000,71.4
srb,Serbia,2001,71.8
srb,Serbia,2002,72.1
srb,Serbia,2003,72.3
srb,Serbia,2004,72.5
srb,Serbia,2005,72.8
srb,Serbia,2006,73.0
srb,Serbia,2007,73.3
srb,Serbia,2008,73.5
srb,Serbia,2009,73.8
srb,Serbia,2010,74.1
srb,Serbia,2011,74.4
srb,Serbia,2012,74.6
srb,Serbia,2013,74.8
srb,Serbia,2014,75.0
srb,Serbia,2015,75.2
srb,Serbia,2016,75.4
srb,Serbia,2017,75.6
srb,Serbia,2018,75.7
srb,Serbia,2019,75.8
srb,Serbia,2020,74.7
srb,Serbia,2021,73.3
srb,Serbia,2022,75.3
srb,Serbia,2023,76.0
srb,Serbia,2024,76.1
srb,Serbia,2025,76.3
ssd,South Sudan,1900,35.28
ssd,South Sudan,1901,35.45
ssd,South Sudan,1902,35.62
ssd,South Sudan,1903,35.79
ssd,South Sudan,1904,35.96
ssd,South Sudan,1905,36.14
ssd,South Sudan,1906,36.31
ssd,South Sudan,1907,36.48
ssd,South Sudan,1908,36.65
ssd,South Sudan,1909,36.82
ssd,South Sudan,1910,37.0
ssd,South Sudan,1911,37.17
ssd,South Sudan,1912,37.34
ssd,South Sudan,1913,37.51
ssd,South Sudan,1914,37.69
ssd,South Sudan,1915,37.86
ssd,South Sudan,1916,38.03
ssd,South Sudan,1917,38.2
ssd,South Sudan,1918,14.83
ssd,South Sudan,1919,38.55
ssd,South Sudan,1920,38.72
ssd,South Sudan,1921,38.89
ssd,South Sudan,1922,39.06
ssd,South Sudan,1923,39.23
ssd,South Sudan,1924,39.41
ssd,South Sudan,1925,39.58
ssd,South Sudan,1926,39.75
ssd,South Sudan,1927,39.92
ssd,South Sudan,1928,40.09
ssd,South Sudan,1929,40.27
ssd,South Sudan,1930,40.44
ssd,South Sudan,1931,40.61
ssd,South Sudan,1932,40.78
ssd,South Sudan,1933,40.96
ssd,South Sudan,1934,41.13
ssd,South Sudan,1935,41.3
ssd,South Sudan,1936,41.47
ssd,South Sudan,1937,41.64
ssd,South Sudan,1938,41.82
ssd,South Sudan,1939,41.99
ssd,South Sudan,1940,42.16
ssd,South Sudan,1941,42.57
ssd,South Sudan,1942,42.97
ssd,South Sudan,1943,43.38
ssd,South Sudan,1944,43.8
ssd,South Sudan,1945,44.21
ssd,South Sudan,1946,44.62
ssd,South Sudan,1947,45.04
ssd,South Sudan,1948,45.46
ssd,South Sudan,1949,45.89
ssd,South Sudan,1950,46.3
ssd,South Sudan,1951,46.5
ssd,South Sudan,1952,46.7
ssd,South Sudan,1953,46.9
ssd,South Sudan,1954,47.1
ssd,South Sudan,1955,47.2
ssd,South Sudan,1956,47.4
ssd,South Sudan,1957,47.6
ssd,South Sudan,1958,47.7
ssd,South Sudan,1959,47.8
ssd,South Sudan,1960,48.0
ssd,South Sudan,1961,48.1
ssd,South Sudan,1962,48.2
ssd,South Sudan,1963,47.5
ssd,South Sudan,1964,47.6
ssd,South Sudan,1965,47.7
ssd,South Sudan,1966,47.8
ssd,South Sudan,1967,47.9
ssd,South Sudan,1968,48.0
ssd,South Sudan,1969,48.1
ssd,South Sudan,1970,48.2
ssd,South Sudan,1971,48.3
ssd,South Sudan,1972,48.4
ssd,South Sudan,1973,49.1
ssd,South Sudan,1974,49.1
ssd,South Sudan,1975,49.2
ssd,South Sudan,1976,49.2
ssd,South Sudan,1977,49.2
ssd,South Sudan,1978,49.2
ssd,South Sudan,1979,49.2
ssd,South Sudan,1980,49.2
ssd,South Sudan,1981,49.2
ssd,South Sudan,1982,49.2
ssd,South Sudan,1983,48.5
ssd,South Sudan,1984,48.5
ssd,South Sudan,1985,48.5
ssd,South Sudan,1986,48.6
ssd,South Sudan,1987,48.8
ssd,South Sudan,1988,49.0
ssd,South Sudan,1989,49.8
ssd,South Sudan,1990,50.1
ssd,South Sudan,1991,50.4
ssd,South Sudan,1992,50.6
ssd,South Sudan,1993,50.9
ssd,South Sudan,1994,51.2
ssd,South Sudan,1995,51.3
ssd,South Sudan,1996,51.7
ssd,South Sudan,1997,50.6
ssd,South Sudan,1998,51.3
ssd,South Sudan,1999,52.3
ssd,South Sudan,2000,52.8
ssd,South Sudan,2001,53.7
ssd,South Sudan,2002,54.0
ssd,South Sudan,2003,54.2
ssd,South Sudan,2004,54.5
ssd,South Sudan,2005,54.8
ssd,South Sudan,2006,54.4
ssd,South Sudan,2007,54.9
ssd,South Sudan,2008,55.4
ssd,South Sudan,2009,55.3
ssd,South Sudan,2010,56.0
ssd,South Sudan,2011,56.2
ssd,South Sudan,2012,56.2
ssd,South Sudan,2013,56.1
ssd,South Sudan,2014,56.1
ssd,South Sudan,2015,56.3
ssd,South Sudan,2016,56.2
ssd,South Sudan,2017,56.2
ssd,South Sudan,2018,56.2
ssd,South Sudan,2019,56.4
ssd,South Sudan,2020,55.8
ssd,South Sudan,2021,56.0
ssd,South Sudan,2022,56.3
ssd,South Sudan,2023,56.4
ssd,South Sudan,2024,56.5
ssd,South Sudan,2025,56.69
stp,Sao Tome and Principe,1900,31.52
stp,Sao Tome and Principe,1901,31.53
stp,Sao Tome and Principe,1902,31.54
stp,Sao Tome and Principe,1903,31.55
stp,Sao Tome and Principe,1904,31.56
stp,Sao Tome and Principe,1905,31.57
stp,Sao Tome and Principe,1906,31.58
stp,Sao Tome and Principe,1907,31.59
stp,Sao Tome and Principe,1908,31.6
stp,Sao Tome and Principe,1909,31.61
stp,Sao Tome and Principe,1910,31.62
stp,Sao Tome and Principe,1911,31.63
stp,Sao Tome and Principe,1912,31.64
stp,Sao Tome and Principe,1913,31.65
stp,Sao Tome and Principe,1914,31.66
stp,Sao Tome and Principe,1915,31.67
stp,Sao Tome and Principe,1916,31.68
stp,Sao Tome and Principe,1917,31.69
stp,Sao Tome and Principe,1918,12.26
stp,Sao Tome and Principe,1919,31.71
stp,Sao Tome and Principe,1920,31.72
stp,Sao Tome and Principe,1921,31.73
stp,Sao Tome and Principe,1922,31.74
stp,Sao Tome and Principe,1923,31.75
stp,Sao Tome and Principe,1924,31.77
stp,Sao Tome and Principe,1925,31.78
stp,Sao Tome and Principe,1926,31.79
stp,Sao Tome and Principe,1927,31.8
stp,Sao Tome and Principe,1928,31.81
stp,Sao Tome and Principe,1929,31.82
stp,Sao Tome and Principe,1930,31.83
stp,Sao Tome and Principe,1931,31.84
stp,Sao Tome and Principe,1932,31.85
stp,Sao Tome and Principe,1933,31.86
stp,Sao Tome and Principe,1934,31.87
stp,Sao Tome and Principe,1935,31.88
stp,Sao Tome and Principe,1936,32.89
stp,Sao Tome and Principe,1937,33.9
stp,Sao Tome and Principe,1938,34.91
stp,Sao Tome and Principe,1939,35.92
stp,Sao Tome and Principe,1940,36.93
stp,Sao Tome and Principe,1941,37.97
stp,Sao Tome and Principe,1942,39.01
stp,Sao Tome and Principe,1943,40.07
stp,Sao Tome and Principe,1944,41.11
stp,Sao Tome and Principe,1945,42.15
stp,Sao Tome and Principe,1946,43.2
stp,Sao Tome and Principe,1947,44.25
stp,Sao Tome and Principe,1948,45.29
stp,Sao Tome and Principe,1949,46.35
stp,Sao Tome and Principe,1950,47.4
stp,Sao Tome and Principe,1951,47.6
stp,Sao Tome and Principe,1952,47.6
stp,Sao Tome and Principe,1953,47.5
stp,Sao Tome and Principe,1954,47.4
stp,Sao Tome and Principe,1955,47.3
stp,Sao Tome and Principe,1956,47.4
stp,Sao Tome and Principe,1957,47.7
stp,Sao Tome and Principe,1958,48.2
stp,Sao Tome and Principe,1959,48.8
stp,Sao Tome and Principe,1960,49.6
stp,Sao Tome and Principe,1961,50.4
stp,Sao Tome and Principe,1962,51.3
stp,Sao Tome and Principe,1963,52.2
stp,Sao Tome and Principe,1964,53.0
stp,Sao Tome and Principe,1965,53.8
stp,Sao Tome and Principe,1966,54.6
stp,Sao Tome and Principe,1967,55.4
stp,Sao Tome and Principe,1968,56.2
stp,Sao Tome and Principe,1969,57.0
stp,Sao Tome and Principe,1970,57.8
stp,Sao Tome and Principe,1971,58.5
stp,Sao Tome and Principe,1972,59.2
stp,Sao Tome and Principe,1973,59.8
stp,Sao Tome and Principe,1974,60.4
stp,Sao Tome and Principe,1975,60.9
stp,Sao Tome and Principe,1976,61.4
stp,Sao Tome and Principe,1977,61.8
stp,Sao Tome and Principe,1978,62.2
stp,Sao Tome and Principe,1979,62.6
stp,Sao Tome and Principe,1980,62.8
stp,Sao Tome and Principe,1981,62.9
stp,Sao Tome and Principe,1982,63.1
stp,Sao Tome and Principe,1983,63.0
stp,Sao Tome and Principe,1984,63.1
stp,Sao Tome and Principe,1985,63.2
stp,Sao Tome and Principe,1986,60.6
stp,Sao Tome and Principe,1987,63.4
stp,Sao Tome and Principe,1988,63.6
stp,Sao Tome and Principe,1989,63.2
stp,Sao Tome and Principe,1990,63.6
stp,Sao Tome and Principe,1991,63.9
stp,Sao Tome and Principe,1992,63.9
stp,Sao Tome and Principe,1993,64.0
stp,Sao Tome and Principe,1994,64.0
stp,Sao Tome and Principe,1995,64.3
stp,Sao Tome and Principe,1996,64.2
stp,Sao Tome and Principe,1997,64.1
stp,Sao Tome and Principe,1998,63.9
stp,Sao Tome and Principe,1999,63.8
stp,Sao Tome and Principe,2000,64.4
stp,Sao Tome and Principe,2001,64.5
stp,Sao Tome and Principe,2002,64.6
stp,Sao Tome and Principe,2003,64.9
stp,Sao Tome and Principe,2004,65.0
stp,Sao Tome and Principe,2005,64.6
stp,Sao Tome and Principe,2006,65.0
stp,Sao Tome and Principe,2007,65.2
stp,Sao Tome and Principe,2008,65.5
stp,Sao Tome and Principe,2009,66.4
stp,Sao Tome and Principe,2010,66.5
stp,Sao Tome and Principe,2011,67.0
stp,Sao Tome and Principe,2012,67.5
stp,Sao Tome and Principe,2013,67.7
stp,Sao Tome and Principe,2014,67.8
stp,Sao Tome and Principe,2015,68.1
stp,Sao Tome and Principe,2016,68.5
stp,Sao Tome and Principe,2017,68.9
stp,Sao Tome and Principe,2018,69.3
stp,Sao Tome and Principe,2019,69.5
stp,Sao Tome and Principe,2020,67.0
stp,Sao Tome and Principe,2021,67.0
stp,Sao Tome and Principe,2022,69.1
stp,Sao Tome and Principe,2023,70.3
stp,Sao Tome and Principe,2024,70.5
stp,Sao Tome and Principe,2025,70.7
sur,Suriname,1900,34.8
sur,Suriname,1901,34.84
sur,Suriname,1902,34.88
sur,Suriname,1903,34.92
sur,Suriname,1904,34.96
sur,Suriname,1905,34.99
sur,Suriname,1906,35.03
sur,Suriname,1907,35.07
sur,Suriname,1908,35.11
sur,Suriname,1909,35.15
sur,Suriname,1910,35.18
sur,Suriname,1911,35.22
sur,Suriname,1912,35.26
sur,Suriname,1913,35.3
sur,Suriname,1914,35.34
sur,Suriname,1915,35.38
sur,Suriname,1916,35.41
sur,Suriname,1917,35.45
sur,Suriname,1918,31.37
sur,Suriname,1919,35.53
sur,Suriname,1920,35.57
sur,Suriname,1921,35.6
sur,Suriname,1922,35.64
sur,Suriname,1923,35.68
sur,Suriname,1924,35.72
sur,Suriname,1925,35.76
sur,Suriname,1926,36.74
sur,Suriname,1927,37.73
sur,Suriname,1928,38.72
sur,Suriname,1929,39.71
sur,Suriname,1930,40.7
sur,Suriname,1931,41.69
sur,Suriname,1932,42.69
sur,Suriname,1933,43.69
sur,Suriname,1934,44.69
sur,Suriname,1935,45.7
sur,Suriname,1936,46.71
sur,Suriname,1937,47.72
sur,Suriname,1938,48.72
sur,Suriname,1939,49.73
sur,Suriname,1940,50.75
sur,Suriname,1941,51.82
sur,Suriname,1942,52.88
sur,Suriname,1943,53.95
sur,Suriname,1944,55.02
sur,Suriname,1945,56.1
sur,Suriname,1946,57.18
sur,Suriname,1947,58.25
sur,Suriname,1948,59.33
sur,Suriname,1949,60.42
sur,Suriname,1950,61.5
sur,Suriname,1951,61.6
sur,Suriname,1952,61.7
sur,Suriname,1953,61.8
sur,Suriname,1954,61.9
sur,Suriname,1955,62.0
sur,Suriname,1956,62.1
sur,Suriname,1957,62.2
sur,Suriname,1958,62.3
sur,Suriname,1959,62.4
sur,Suriname,1960,62.6
sur,Suriname,1961,62.8
sur,Suriname,1962,63.1
sur,Suriname,1963,63.5
sur,Suriname,1964,63.9
sur,Suriname,1965,64.3
sur,Suriname,1966,64.8
sur,Suriname,1967,65.3
sur,Suriname,1968,65.8
sur,Suriname,1969,66.3
sur,Suriname,1970,66.7
sur,Suriname,1971,67.2
sur,Suriname,1972,67.6
sur,Suriname,1973,67.9
sur,Suriname,1974,68.1
sur,Suriname,1975,68.3
sur,Suriname,1976,68.4
sur,Suriname,1977,68.6
sur,Suriname,1978,68.8
sur,Suriname,1979,68.9
sur,Suriname,1980,69.0
sur,Suriname,1981,69.1
sur,Suriname,1982,69.3
sur,Suriname,1983,69.5
sur,Suriname,1984,69.8
sur,Suriname,1985,70.1
sur,Suriname,1986,69.9
sur,Suriname,1987,70.0
sur,Suriname,1988,70.2
sur,Suriname,1989,69.5
sur,Suriname,1990,70.7
sur,Suriname,1991,70.7
sur,Suriname,1992,70.6
sur,Suriname,1993,70.5
sur,Suriname,1994,70.6
sur,Suriname,1995,70.8
sur,Suriname,1996,70.8
sur,Suriname,1997,70.8
sur,Suriname,1998,70.7
sur,Suriname,1999,70.7
sur,Suriname,2000,70.9
sur,Suriname,2001,70.9
sur,Suriname,2002,70.9
sur,Suriname,2003,71.0
sur,Suriname,2004,71.2
sur,Suriname,2005,71.5
sur,Suriname,2006,71.7
sur,Suriname,2007,71.9
sur,Suriname,2008,72.0
sur,Suriname,2009,72.2
sur,Suriname,2010,72.4
sur,Suriname,2011,72.6
sur,Suriname,2012,72.6
sur,Suriname,2013,72.7
sur,Suriname,2014,72.7
sur,Suriname,2015,72.8
sur,Suriname,2016,72.9
sur,Suriname,2017,73.0
sur,Suriname,2018,73.0
sur,Suriname,2019,73.0
sur,Suriname,2020,72.2
sur,Suriname,2021,67.9
sur,Suriname,2022,72.1
sur,Suriname,2023,73.1
sur,Suriname,2024,73.3
sur,Suriname,2025,73.4
svk,Slovak Republic,1900,38.33
svk,Slovak Republic,1901,38.64
svk,Slovak Republic,1902,38.95
svk,Slovak Republic,1903,39.27
svk,Slovak Republic,1904,39.58
svk,Slovak Republic,1905,39.89
svk,Slovak Republic,1906,40.2
svk,Slovak Republic,1907,40.52
svk,Slovak Republic,1908,40.83
svk,Slovak Republic,1909,41.14
svk,Slovak Republic,1910,41.46
svk,Slovak Republic,1911,41.77
svk,Slovak Republic,1912,42.08
svk,Slovak Republic,1913,42.4
svk,Slovak Republic,1914,42.71
svk,Slovak Republic,1915,43.02
svk,Slovak Republic,1916,43.34
svk,Slovak Republic,1917,43.65
svk,Slovak Republic,1918,32.35
svk,Slovak Republic,1919,44.28
svk,Slovak Republic,1920,44.6
svk,Slovak Republic,1921,44.91
svk,Slovak Republic,1922,45.56
svk,Slovak Republic,1923,46.22
svk,Slovak Republic,1924,46.87
svk,Slovak Republic,1925,47.52
svk,Slovak Republic,1926,48.19
svk,Slovak Republic,1927,48.84
svk,Slovak Republic,1928,49.49
svk,Slovak Republic,1929,50.15
svk,Slovak Republic,1930,50.8
svk,Slovak Republic,1931,51.29
svk,Slovak Republic,1932,51.78
svk,Slovak Republic,1933,52.27
svk,Slovak Republic,1934,52.78
svk,Slovak Republic,1935,53.27
svk,Slovak Republic,1936,53.76
svk,Slovak Republic,1937,54.25
svk,Slovak Republic,1938,54.86
svk,Slovak Republic,1939,55.19
svk,Slovak Republic,1940,55.1
svk,Slovak Republic,1941,54.91
svk,Slovak Republic,1942,53.09
svk,Slovak Republic,1943,48.51
svk,Slovak Republic,1944,43.42
svk,Slovak Republic,1945,41.39
svk,Slovak Republic,1946,55.19
svk,Slovak Republic,1947,59.29
svk,Slovak Republic,1948,60.34
svk,Slovak Republic,1949,61.68
svk,Slovak Republic,1950,62.3
svk,Slovak Republic,1951,63.2
svk,Slovak Republic,1952,64.5
svk,Slovak Republic,1953,65.6
svk,Slovak Republic,1954,66.5
svk,Slovak Republic,1955,67.2
svk,Slovak Republic,1956,67.8
svk,Slovak Republic,1957,68.3
svk,Slovak Republic,1958,68.9
svk,Slovak Republic,1959,69.3
svk,Slovak Republic,1960,69.8
svk,Slovak Republic,1961,70.2
svk,Slovak Republic,1962,70.3
svk,Slovak Republic,1963,70.5
svk,Slovak Republic,1964,70.6
svk,Slovak Republic,1965,70.6
svk,Slovak Republic,1966,70.6
svk,Slovak Republic,1967,70.6
svk,Slovak Republic,1968,70.4
svk,Slovak Republic,1969,70.1
svk,Slovak Republic,1970,69.9
svk,Slovak Republic,1971,70.0
svk,Slovak Republic,1972,70.2
svk,Slovak Republic,1973,70.2
svk,Slovak Republic,1974,70.2
svk,Slovak Republic,1975,70.3
svk,Slovak Republic,1976,70.4
svk,Slovak Republic,1977,70.5
svk,Slovak Republic,1978,70.5
svk,Slovak Republic,1979,70.6
svk,Slovak Republic,1980,70.6
svk,Slovak Republic,1981,70.7
svk,Slovak Republic,1982,70.7
svk,Slovak Republic,1983,70.7
svk,Slovak Republic,1984,70.7
svk,Slovak Republic,1985,70.8
svk,Slovak Republic,1986,71.0
svk,Slovak Republic,1987,71.1
svk,Slovak Republic,1988,71.1
svk,Slovak Republic,1989,71.1
svk,Slovak Republic,1990,71.0
svk,Slovak Republic,1991,71.2
svk,Slovak Republic,1992,71.5
svk,Slovak Republic,1993,71.9
svk,Slovak Republic,1994,72.3
svk,Slovak Republic,1995,72.5
svk,Slovak Republic,1996,72.7
svk,Slovak Republic,1997,72.8
svk,Slovak Republic,1998,72.9
svk,Slovak Republic,1999,73.0
svk,Slovak Republic,2000,73.3
svk,Slovak Republic,2001,73.6
svk,Slovak Republic,2002,73.8
svk,Slovak Republic,2003,74.0
svk,Slovak Republic,2004,74.2
svk,Slovak Republic,2005,74.3
svk,Slovak Republic,2006,74.4
svk,Slovak Republic,2007,74.6
svk,Slovak Republic,2008,74.9
svk,Slovak Republic,2009,75.2
svk,Slovak Republic,2010,75.5
svk,Slovak Republic,2011,75.9
svk,Slovak Republic,2012,76.3
svk,Slovak Republic,2013,76.5
svk,Slovak Republic,2014,76.8
svk,Slovak Republic,2015,76.9
svk,Slovak Republic,2016,77.1
svk,Slovak Republic,2017,77.2
svk,Slovak Republic,2018,77.4
svk,Slovak Republic,2019,77.7
svk,Slovak Republic,2020,76.9
svk,Slovak Republic,2021,74.6
svk,Slovak Republic,2022,76.9
svk,Slovak Republic,2023,78.2
svk,Slovak Republic,2024,78.4
svk,Slovak Republic,2025,78.6
svn,Slovenia,1900,35.29
svn,Slovenia,1901,35.26
svn,Slovenia,1902,35.24
svn,Slovenia,1903,35.21
svn,Slovenia,1904,35.18
svn,Slovenia,1905,35.16
svn,Slovenia,1906,35.13
svn,Slovenia,1907,35.1
svn,Slovenia,1908,35.08
svn,Slovenia,1909,35.05
svn,Slovenia,1910,35.03
svn,Slovenia,1911,35.0
svn,Slovenia,1912,34.97
svn,Slovenia,1913,34.95
svn,Slovenia,1914,34.92
svn,Slovenia,1915,34.89
svn,Slovenia,1916,34.87
svn,Slovenia,1917,34.84
svn,Slovenia,1918,19.11
svn,Slovenia,1919,34.79
svn,Slovenia,1920,34.76
svn,Slovenia,1921,35.62
svn,Slovenia,1922,36.47
svn,Slovenia,1923,37.33
svn,Slovenia,1924,38.17
svn,Slovenia,1925,39.02
svn,Slovenia,1926,39.87
svn,Slovenia,1927,40.72
svn,Slovenia,1928,41.57
svn,Slovenia,1929,42.41
svn,Slovenia,1930,43.25
svn,Slovenia,1931,44.09
svn,Slovenia,1932,44.93
svn,Slovenia,1933,45.77
svn,Slovenia,1934,46.61
svn,Slovenia,1935,47.45
svn,Slovenia,1936,48.28
svn,Slovenia,1937,49.11
svn,Slovenia,1938,49.95
svn,Slovenia,1939,50.78
svn,Slovenia,1940,51.61
svn,Slovenia,1941,48.79
svn,Slovenia,1942,47.08
svn,Slovenia,1943,45.51
svn,Slovenia,1944,44.13
svn,Slovenia,1945,45.73
svn,Slovenia,1946,51.19
svn,Slovenia,1947,56.74
svn,Slovenia,1948,58.08
svn,Slovenia,1949,58.97
svn,Slovenia,1950,59.8
svn,Slovenia,1951,60.4
svn,Slovenia,1952,61.2
svn,Slovenia,1953,62.1
svn,Slovenia,1954,62.9
svn,Slovenia,1955,63.5
svn,Slovenia,1956,64.0
svn,Slovenia,1957,64.7
svn,Slovenia,1958,65.3
svn,Slovenia,1959,65.8
svn,Slovenia,1960,66.1
svn,Slovenia,1961,66.5
svn,Slovenia,1962,66.8
svn,Slovenia,1963,67.2
svn,Slovenia,1964,67.4
svn,Slovenia,1965,67.6
svn,Slovenia,1966,67.9
svn,Slovenia,1967,68.1
svn,Slovenia,1968,68.3
svn,Slovenia,1969,68.3
svn,Slovenia,1970,68.4
svn,Slovenia,1971,68.6
svn,Slovenia,1972,69.0
svn,Slovenia,1973,69.4
svn,Slovenia,1974,69.8
svn,Slovenia,1975,70.0
svn,Slovenia,1976,70.2
svn,Slovenia,1977,70.3
svn,Slovenia,1978,70.4
svn,Slovenia,1979,70.6
svn,Slovenia,1980,70.9
svn,Slovenia,1981,71.0
svn,Slovenia,1982,71.0
svn,Slovenia,1983,71.1
svn,Slovenia,1984,71.3
svn,Slovenia,1985,71.5
svn,Slovenia,1986,71.9
svn,Slovenia,1987,72.2
svn,Slovenia,1988,72.6
svn,Slovenia,1989,73.0
svn,Slovenia,1990,73.3
svn,Slovenia,1991,73.3
svn,Slovenia,1992,73.4
svn,Slovenia,1993,73.6
svn,Slovenia,1994,74.0
svn,Slovenia,1995,74.3
svn,Slovenia,1996,74.6
svn,Slovenia,1997,74.9
svn,Slovenia,1998,75.2
svn,Slovenia,1999,75.5
svn,Slovenia,2000,75.9
svn,Slovenia,2001,76.1
svn,Slovenia,2002,76.4
svn,Slovenia,2003,76.6
svn,Slovenia,2004,77.0
svn,Slovenia,2005,77.5
svn,Slovenia,2006,77.9
svn,Slovenia,2007,78.3
svn,Slovenia,2008,78.6
svn,Slovenia,2009,79.0
svn,Slovenia,2010,79.3
svn,Slovenia,2011,79.6
svn,Slovenia,2012,79.9
svn,Slovenia,2013,80.1
svn,Slovenia,2014,80.4
svn,Slovenia,2015,80.6
svn,Slovenia,2016,80.9
svn,Slovenia,2017,81.0
svn,Slovenia,2018,81.3
svn,Slovenia,2019,81.5
svn,Slovenia,2020,80.4
svn,Slovenia,2021,80.6
svn,Slovenia,2022,81.1
svn,Slovenia,2023,81.6
svn,Slovenia,2024,81.8
svn,Slovenia,2025,81.9
swe,Sweden,1900,52.26
swe,Sweden,1901,52.91
swe,Sweden,1902,54.75
swe,Sweden,1903,55.08
swe,Sweden,1904,55.39
swe,Sweden,1905,54.54
swe,Sweden,1906,56.69
swe,Sweden,1907,56.97
swe,Sweden,1908,56.41
swe,Sweden,1909,58.41
swe,Sweden,1910,57.79
swe,Sweden,1911,58.02
swe,Sweden,1912,57.77
swe,Sweden,1913,58.66
swe,Sweden,1914,58.24
swe,Sweden,1915,57.18
swe,Sweden,1916,58.2
swe,Sweden,1917,58.88
swe,Sweden,1918,49.8
swe,Sweden,1919,56.55
swe,Sweden,1920,58.79
swe,Sweden,1921,61.01
swe,Sweden,1922,61.03
swe,Sweden,1923,62.98
swe,Sweden,1924,61.98
swe,Sweden,1925,62.54
swe,Sweden,1926,62.77
swe,Sweden,1927,61.57
swe,Sweden,1928,62.25
swe,Sweden,1929,62.3
swe,Sweden,1930,63.17
swe,Sweden,1931,62.67
swe,Sweden,1932,63.93
swe,Sweden,1933,64.81
swe,Sweden,1934,64.96
swe,Sweden,1935,64.84
swe,Sweden,1936,64.59
swe,Sweden,1937,64.61
swe,Sweden,1938,65.55
swe,Sweden,1939,66.38
swe,Sweden,1940,66.71
swe,Sweden,1941,67.0
swe,Sweden,1942,68.94
swe,Sweden,1943,68.69
swe,Sweden,1944,67.7
swe,Sweden,1945,68.3
swe,Sweden,1946,69.47
swe,Sweden,1947,69.43
swe,Sweden,1948,70.69
swe,Sweden,1949,70.76
swe,Sweden,1950,71.1
swe,Sweden,1951,71.5
swe,Sweden,1952,71.8
swe,Sweden,1953,72.1
swe,Sweden,1954,72.3
swe,Sweden,1955,72.6
swe,Sweden,1956,72.7
swe,Sweden,1957,72.7
swe,Sweden,1958,73.1
swe,Sweden,1959,73.4
swe,Sweden,1960,73.3
swe,Sweden,1961,73.5
swe,Sweden,1962,73.6
swe,Sweden,1963,73.7
swe,Sweden,1964,73.9
swe,Sweden,1965,74.0
swe,Sweden,1966,74.1
swe,Sweden,1967,74.2
swe,Sweden,1968,74.2
swe,Sweden,1969,74.3
swe,Sweden,1970,74.6
swe,Sweden,1971,74.7
swe,Sweden,1972,74.8
swe,Sweden,1973,74.9
swe,Sweden,1974,75.0
swe,Sweden,1975,75.0
swe,Sweden,1976,75.1
swe,Sweden,1977,75.4
swe,Sweden,1978,75.5
swe,Sweden,1979,75.6
swe,Sweden,1980,75.8
swe,Sweden,1981,76.0
swe,Sweden,1982,76.4
swe,Sweden,1983,76.7
swe,Sweden,1984,76.8
swe,Sweden,1985,76.8
swe,Sweden,1986,77.0
swe,Sweden,1987,77.1
swe,Sweden,1988,77.2
swe,Sweden,1989,77.6
swe,Sweden,1990,77.7
swe,Sweden,1991,77.9
swe,Sweden,1992,78.1
swe,Sweden,1993,78.3
swe,Sweden,1994,78.7
swe,Sweden,1995,78.9
swe,Sweden,1996,79.1
swe,Sweden,1997,79.3
swe,Sweden,1998,79.4
swe,Sweden,1999,79.5
swe,Sweden,2000,79.8
swe,Sweden,2001,79.9
swe,Sweden,2002,80.0
swe,Sweden,2003,80.2
swe,Sweden,2004,80.5
swe,Sweden,2005,80.6
swe,Sweden,2006,80.8
swe,Sweden,2007,81.0
swe,Sweden,2008,81.2
swe,Sweden,2009,81.4
swe,Sweden,2010,81.6
swe,Sweden,2011,81.7
swe,Sweden,2012,81.8
swe,Sweden,2013,82.0
swe,Sweden,2014,82.2
swe,Sweden,2015,82.3
swe,Sweden,2016,82.4
swe,Sweden,2017,82.5
swe,Sweden,2018,82.7
swe,Sweden,2019,83.0
swe,Sweden,2020,82.4
swe,Sweden,2021,83.0
swe,Sweden,2022,83.1
swe,Sweden,2023,83.3
swe,Sweden,2024,83.4
swe,Sweden,2025,83.6
swz,Eswatini,1900,31.13
swz,Eswatini,1901,31.11
swz,Eswatini,1902,31.08
swz,Eswatini,1903,31.06
swz,Eswatini,1904,31.04
swz,Eswatini,1905,31.01
swz,Eswatini,1906,30.99
swz,Eswatini,1907,30.97
swz,Eswatini,1908,30.94
swz,Eswatini,1909,30.92
swz,Eswatini,1910,30.9
swz,Eswatini,1911,30.87
swz,Eswatini,1912,30.85
swz,Eswatini,1913,30.83
swz,Eswatini,1914,30.8
swz,Eswatini,1915,30.78
swz,Eswatini,1916,30.76
swz,Eswatini,1917,30.73
swz,Eswatini,1918,11.88
swz,Eswatini,1919,30.69
swz,Eswatini,1920,30.66
swz,Eswatini,1921,30.64
swz,Eswatini,1922,30.62
swz,Eswatini,1923,30.59
swz,Eswatini,1924,30.57
swz,Eswatini,1925,30.55
swz,Eswatini,1926,30.52
swz,Eswatini,1927,30.5
swz,Eswatini,1928,30.48
swz,Eswatini,1929,30.45
swz,Eswatini,1930,30.43
swz,Eswatini,1931,30.41
swz,Eswatini,1932,30.38
swz,Eswatini,1933,30.36
swz,Eswatini,1934,30.34
swz,Eswatini,1935,30.31
swz,Eswatini,1936,30.29
swz,Eswatini,1937,30.27
swz,Eswatini,1938,30.24
swz,Eswatini,1939,30.22
swz,Eswatini,1940,30.2
swz,Eswatini,1941,30.19
swz,Eswatini,1942,30.2
swz,Eswatini,1943,30.19
swz,Eswatini,1944,30.2
swz,Eswatini,1945,30.19
swz,Eswatini,1946,31.72
swz,Eswatini,1947,33.24
swz,Eswatini,1948,34.77
swz,Eswatini,1949,36.28
swz,Eswatini,1950,37.8
swz,Eswatini,1951,38.0
swz,Eswatini,1952,38.2
swz,Eswatini,1953,38.4
swz,Eswatini,1954,38.6
swz,Eswatini,1955,38.8
swz,Eswatini,1956,39.0
swz,Eswatini,1957,39.3
swz,Eswatini,1958,39.5
swz,Eswatini,1959,39.7
swz,Eswatini,1960,40.0
swz,Eswatini,1961,40.4
swz,Eswatini,1962,40.9
swz,Eswatini,1963,41.3
swz,Eswatini,1964,41.9
swz,Eswatini,1965,42.4
swz,Eswatini,1966,42.9
swz,Eswatini,1967,43.5
swz,Eswatini,1968,43.9
swz,Eswatini,1969,44.4
swz,Eswatini,1970,44.9
swz,Eswatini,1971,45.5
swz,Eswatini,1972,46.1
swz,Eswatini,1973,46.7
swz,Eswatini,1974,47.3
swz,Eswatini,1975,48.0
swz,Eswatini,1976,48.6
swz,Eswatini,1977,49.2
swz,Eswatini,1978,49.8
swz,Eswatini,1979,50.3
swz,Eswatini,1980,50.9
swz,Eswatini,1981,51.4
swz,Eswatini,1982,52.0
swz,Eswatini,1983,51.5
swz,Eswatini,1984,52.9
swz,Eswatini,1985,53.6
swz,Eswatini,1986,54.1
swz,Eswatini,1987,54.7
swz,Eswatini,1988,55.3
swz,Eswatini,1989,55.9
swz,Eswatini,1990,56.4
swz,Eswatini,1991,56.7
swz,Eswatini,1992,56.9
swz,Eswatini,1993,57.2
swz,Eswatini,1994,57.2
swz,Eswatini,1995,57.0
swz,Eswatini,1996,56.3
swz,Eswatini,1997,55.5
swz,Eswatini,1998,54.2
swz,Eswatini,1999,52.4
swz,Eswatini,2000,50.0
swz,Eswatini,2001,47.3
swz,Eswatini,2002,45.2
swz,Eswatini,2003,42.7
swz,Eswatini,2004,40.7
swz,Eswatini,2005,40.4
swz,Eswatini,2006,41.8
swz,Eswatini,2007,43.5
swz,Eswatini,2008,44.5
swz,Eswatini,2009,45.5
swz,Eswatini,2010,48.1
swz,Eswatini,2011,50.8
swz,Eswatini,2012,52.0
swz,Eswatini,2013,53.3
swz,Eswatini,2014,54.7
swz,Eswatini,2015,56.1
swz,Eswatini,2016,57.5
swz,Eswatini,2017,58.4
swz,Eswatini,2018,58.9
swz,Eswatini,2019,59.2
swz,Eswatini,2020,57.0
swz,Eswatini,2021,55.6
swz,Eswatini,2022,59.3
swz,Eswatini,2023,60.8
swz,Eswatini,2024,60.99
swz,Eswatini,2025,61.08
syc,Seychelles,1900,45.94
syc,Seychelles,1901,46.24
syc,Seychelles,1902,46.53
syc,Seychelles,1903,46.82
syc,Seychelles,1904,47.11
syc,Seychelles,1905,47.4
syc,Seychelles,1906,47.7
syc,Seychelles,1907,47.98
syc,Seychelles,1908,48.27
syc,Seychelles,1909,48.56
syc,Seychelles,1910,48.86
syc,Seychelles,1911,49.16
syc,Seychelles,1912,49.45
syc,Seychelles,1913,49.74
syc,Seychelles,1914,50.04
syc,Seychelles,1915,50.33
syc,Seychelles,1916,50.62
syc,Seychelles,1917,50.91
syc,Seychelles,1918,51.22
syc,Seychelles,1919,51.51
syc,Seychelles,1920,51.8
syc,Seychelles,1921,52.09
syc,Seychelles,1922,52.4
syc,Seychelles,1923,52.69
syc,Seychelles,1924,52.98
syc,Seychelles,1925,53.28
syc,Seychelles,1926,53.58
syc,Seychelles,1927,53.88
syc,Seychelles,1928,54.17
syc,Seychelles,1929,54.47
syc,Seychelles,1930,54.77
syc,Seychelles,1931,55.07
syc,Seychelles,1932,55.36
syc,Seychelles,1933,55.66
syc,Seychelles,1934,55.96
syc,Seychelles,1935,56.26
syc,Seychelles,1936,56.56
syc,Seychelles,1937,56.85
syc,Seychelles,1938,57.15
syc,Seychelles,1939,57.46
syc,Seychelles,1940,57.76
syc,Seychelles,1941,58.02
syc,Seychelles,1942,58.28
syc,Seychelles,1943,58.56
syc,Seychelles,1944,58.81
syc,Seychelles,1945,59.08
syc,Seychelles,1946,59.34
syc,Seychelles,1947,59.62
syc,Seychelles,1948,59.87
syc,Seychelles,1949,60.14
syc,Seychelles,1950,60.4
syc,Seychelles,1951,60.7
syc,Seychelles,1952,60.9
syc,Seychelles,1953,61.2
syc,Seychelles,1954,61.4
syc,Seychelles,1955,61.5
syc,Seychelles,1956,61.7
syc,Seychelles,1957,61.8
syc,Seychelles,1958,61.9
syc,Seychelles,1959,62.0
syc,Seychelles,1960,62.0
syc,Seychelles,1961,62.0
syc,Seychelles,1962,62.0
syc,Seychelles,1963,62.1
syc,Seychelles,1964,62.4
syc,Seychelles,1965,62.7
syc,Seychelles,1966,63.0
syc,Seychelles,1967,63.3
syc,Seychelles,1968,63.6
syc,Seychelles,1969,64.0
syc,Seychelles,1970,64.3
syc,Seychelles,1971,64.7
syc,Seychelles,1972,65.2
syc,Seychelles,1973,65.8
syc,Seychelles,1974,66.3
syc,Seychelles,1975,66.8
syc,Seychelles,1976,67.4
syc,Seychelles,1977,67.9
syc,Seychelles,1978,68.4
syc,Seychelles,1979,69.0
syc,Seychelles,1980,69.4
syc,Seychelles,1981,69.8
syc,Seychelles,1982,69.7
syc,Seychelles,1983,70.3
syc,Seychelles,1984,70.5
syc,Seychelles,1985,70.5
syc,Seychelles,1986,70.5
syc,Seychelles,1987,70.5
syc,Seychelles,1988,70.7
syc,Seychelles,1989,70.5
syc,Seychelles,1990,70.5
syc,Seychelles,1991,70.4
syc,Seychelles,1992,70.4
syc,Seychelles,1993,70.3
syc,Seychelles,1994,70.6
syc,Seychelles,1995,71.0
syc,Seychelles,1996,71.2
syc,Seychelles,1997,71.2
syc,Seychelles,1998,71.6
syc,Seychelles,1999,71.8
syc,Seychelles,2000,72.0
syc,Seychelles,2001,72.1
syc,Seychelles,2002,72.2
syc,Seychelles,2003,72.3
syc,Seychelles,2004,72.3
syc,Seychelles,2005,72.4
syc,Seychelles,2006,72.5
syc,Seychelles,2007,72.6
syc,Seychelles,2008,72.8
syc,Seychelles,2009,72.9
syc,Seychelles,2010,73.2
syc,Seychelles,2011,73.4
syc,Seychelles,2012,73.5
syc,Seychelles,2013,73.8
syc,Seychelles,2014,74.0
syc,Seychelles,2015,74.3
syc,Seychelles,2016,74.6
syc,Seychelles,2017,74.9
syc,Seychelles,2018,75.4
syc,Seychelles,2019,75.9
syc,Seychelles,2020,75.8
syc,Seychelles,2021,72.2
syc,Seychelles,2022,75.0
syc,Seychelles,2023,75.1
syc,Seychelles,2024,75.2
syc,Seychelles,2025,75.31
syr,Syria,1900,33.6
syr,Syria,1901,33.65
syr,Syria,1902,33.7
syr,Syria,1903,33.75
syr,Syria,1904,33.8
syr,Syria,1905,33.85
syr,Syria,1906,33.9
syr,Syria,1907,33.95
syr,Syria,1908,34.0
syr,Syria,1909,34.05
syr,Syria,1910,34.1
syr,Syria,1911,34.15
syr,Syria,1912,34.2
syr,Syria,1913,34.25
syr,Syria,1914,34.3
syr,Syria,1915,34.35
syr,Syria,1916,34.4
syr,Syria,1917,34.45
syr,Syria,1918,28.6
syr,Syria,1919,34.55
syr,Syria,1920,34.6
syr,Syria,1921,34.65
syr,Syria,1922,34.7
syr,Syria,1923,34.75
syr,Syria,1924,34.8
syr,Syria,1925,34.85
syr,Syria,1926,34.9
syr,Syria,1927,34.95
syr,Syria,1928,35.0
syr,Syria,1929,35.05
syr,Syria,1930,35.1
syr,Syria,1931,35.15
syr,Syria,1932,35.2
syr,Syria,1933,35.25
syr,Syria,1934,35.3
syr,Syria,1935,35.35
syr,Syria,1936,36.64
syr,Syria,1937,37.94
syr,Syria,1938,39.24
syr,Syria,1939,40.55
syr,Syria,1940,41.86
syr,Syria,1941,43.19
syr,Syria,1942,44.5
syr,Syria,1943,45.83
syr,Syria,1944,47.16
syr,Syria,1945,48.49
syr,Syria,1946,49.83
syr,Syria,1947,51.17
syr,Syria,1948,52.51
syr,Syria,1949,53.86
syr,Syria,1950,55.2
syr,Syria,1951,55.5
syr,Syria,1952,56.1
syr,Syria,1953,56.6
syr,Syria,1954,57.1
syr,Syria,1955,57.6
syr,Syria,1956,58.0
syr,Syria,1957,58.5
syr,Syria,1958,58.8
syr,Syria,1959,59.2
syr,Syria,1960,59.5
syr,Syria,1961,59.9
syr,Syria,1962,60.3
syr,Syria,1963,60.6
syr,Syria,1964,60.9
syr,Syria,1965,61.2
syr,Syria,1966,61.4
syr,Syria,1967,61.6
syr,Syria,1968,62.1
syr,Syria,1969,62.4
syr,Syria,1970,62.7
syr,Syria,1971,63.0
syr,Syria,1972,63.4
syr,Syria,1973,62.5
syr,Syria,1974,64.1
syr,Syria,1975,64.5
syr,Syria,1976,64.9
syr,Syria,1977,65.2
syr,Syria,1978,65.6
syr,Syria,1979,65.8
syr,Syria,1980,66.2
syr,Syria,1981,66.5
syr,Syria,1982,63.7
syr,Syria,1983,67.4
syr,Syria,1984,67.7
syr,Syria,1985,68.0
syr,Syria,1986,68.3
syr,Syria,1987,68.5
syr,Syria,1988,68.8
syr,Syria,1989,68.9
syr,Syria,1990,69.1
syr,Syria,1991,69.2
syr,Syria,1992,69.3
syr,Syria,1993,69.5
syr,Syria,1994,69.8
syr,Syria,1995,70.0
syr,Syria,1996,70.2
syr,Syria,1997,70.5
syr,Syria,1998,70.8
syr,Syria,1999,71.1
syr,Syria,2000,71.3
syr,Syria,2001,71.6
syr,Syria,2002,71.9
syr,Syria,2003,72.2
syr,Syria,2004,72.6
syr,Syria,2005,73.0
syr,Syria,2006,73.2
syr,Syria,2007,73.6
syr,Syria,2008,73.9
syr,Syria,2009,74.2
syr,Syria,2010,74.5
syr,Syria,2011,74.2
syr,Syria,2012,68.9
syr,Syria,2013,66.4
syr,Syria,2014,65.5
syr,Syria,2015,67.0
syr,Syria,2016,67.6
syr,Syria,2017,69.7
syr,Syria,2018,72.3
syr,Syria,2019,74.1
syr,Syria,2020,74.4
syr,Syria,2021,74.2
syr,Syria,2022,76.1
syr,Syria,2023,75.4
syr,Syria,2024,75.92
syr,Syria,2025,76.34
tcd,Chad,1900,33.9
tcd,Chad,1901,33.96
tcd,Chad,1902,34.02
tcd,Chad,1903,34.08
tcd,Chad,1904,34.14
tcd,Chad,1905,34.2
tcd,Chad,1906,34.26
tcd,Chad,1907,34.32
tcd,Chad,1908,34.38
tcd,Chad,1909,34.44
tcd,Chad,1910,34.5
tcd,Chad,1911,34.56
tcd,Chad,1912,34.62
tcd,Chad,1913,34.68
tcd,Chad,1914,34.74
tcd,Chad,1915,34.8
tcd,Chad,1916,34.86
tcd,Chad,1917,34.92
tcd,Chad,1918,20.49
tcd,Chad,1919,35.04
tcd,Chad,1920,35.1
tcd,Chad,1921,35.16
tcd,Chad,1922,35.21
tcd,Chad,1923,35.27
tcd,Chad,1924,35.33
tcd,Chad,1925,35.39
tcd,Chad,1926,35.45
tcd,Chad,1927,35.51
tcd,Chad,1928,35.57
tcd,Chad,1929,35.63
tcd,Chad,1930,35.69
tcd,Chad,1931,35.75
tcd,Chad,1932,35.81
tcd,Chad,1933,35.87
tcd,Chad,1934,35.93
tcd,Chad,1935,35.99
tcd,Chad,1936,36.05
tcd,Chad,1937,36.11
tcd,Chad,1938,36.17
tcd,Chad,1939,36.23
tcd,Chad,1940,36.29
tcd,Chad,1941,36.53
tcd,Chad,1942,36.76
tcd,Chad,1943,36.99
tcd,Chad,1944,37.23
tcd,Chad,1945,37.46
tcd,Chad,1946,38.8
tcd,Chad,1947,40.14
tcd,Chad,1948,41.49
tcd,Chad,1949,42.84
tcd,Chad,1950,44.2
tcd,Chad,1951,44.4
tcd,Chad,1952,44.4
tcd,Chad,1953,44.6
tcd,Chad,1954,44.7
tcd,Chad,1955,44.6
tcd,Chad,1956,44.8
tcd,Chad,1957,44.9
tcd,Chad,1958,45.0
tcd,Chad,1959,45.1
tcd,Chad,1960,45.2
tcd,Chad,1961,45.3
tcd,Chad,1962,45.4
tcd,Chad,1963,45.5
tcd,Chad,1964,45.5
tcd,Chad,1965,45.6
tcd,Chad,1966,44.9
tcd,Chad,1967,45.0
tcd,Chad,1968,45.1
tcd,Chad,1969,45.2
tcd,Chad,1970,45.2
tcd,Chad,1971,44.7
tcd,Chad,1972,45.3
tcd,Chad,1973,46.0
tcd,Chad,1974,46.1
tcd,Chad,1975,46.3
tcd,Chad,1976,45.9
tcd,Chad,1977,46.0
tcd,Chad,1978,46.1
tcd,Chad,1979,46.2
tcd,Chad,1980,46.3
tcd,Chad,1981,46.2
tcd,Chad,1982,46.1
tcd,Chad,1983,46.2
tcd,Chad,1984,46.3
tcd,Chad,1985,47.0
tcd,Chad,1986,46.8
tcd,Chad,1987,45.6
tcd,Chad,1988,47.6
tcd,Chad,1989,48.1
tcd,Chad,1990,48.1
tcd,Chad,1991,48.3
tcd,Chad,1992,48.6
tcd,Chad,1993,48.9
tcd,Chad,1994,49.1
tcd,Chad,1995,49.5
tcd,Chad,1996,49.5
tcd,Chad,1997,49.5
tcd,Chad,1998,49.5
tcd,Chad,1999,49.8
tcd,Chad,2000,49.7
tcd,Chad,2001,50.1
tcd,Chad,2002,50.4
tcd,Chad,2003,50.7
tcd,Chad,2004,51.1
tcd,Chad,2005,51.6
tcd,Chad,2006,51.8
tcd,Chad,2007,52.8
tcd,Chad,2008,53.3
tcd,Chad,2009,54.0
tcd,Chad,2010,54.4
tcd,Chad,2011,54.7
tcd,Chad,2012,55.2
tcd,Chad,2013,55.5
tcd,Chad,2014,55.8
tcd,Chad,2015,56.0
tcd,Chad,2016,56.5
tcd,Chad,2017,56.8
tcd,Chad,2018,57.0
tcd,Chad,2019,57.3
tcd,Chad,2020,56.5
tcd,Chad,2021,57.8
tcd,Chad,2022,57.7
tcd,Chad,2023,58.0
tcd,Chad,2024,58.11
tcd,Chad,2025,58.32
tgo,Togo,1900,34.08
tgo,Togo,1901,34.13
tgo,Togo,1902,34.19
tgo,Togo,1903,34.24
tgo,Togo,1904,34.3
tgo,Togo,1905,34.36
tgo,Togo,1906,34.41
tgo,Togo,1907,34.47
tgo,Togo,1908,34.52
tgo,Togo,1909,34.58
tgo,Togo,1910,34.63
tgo,Togo,1911,34.69
tgo,Togo,1912,34.74
tgo,Togo,1913,34.8
tgo,Togo,1914,34.86
tgo,Togo,1915,34.91
tgo,Togo,1916,34.97
tgo,Togo,1917,35.02
tgo,Togo,1918,13.56
tgo,Togo,1919,35.13
tgo,Togo,1920,35.19
tgo,Togo,1921,35.24
tgo,Togo,1922,35.3
tgo,Togo,1923,35.36
tgo,Togo,1924,35.41
tgo,Togo,1925,35.47
tgo,Togo,1926,35.52
tgo,Togo,1927,35.58
tgo,Togo,1928,35.63
tgo,Togo,1929,35.69
tgo,Togo,1930,35.74
tgo,Togo,1931,35.8
tgo,Togo,1932,35.86
tgo,Togo,1933,35.91
tgo,Togo,1934,35.97
tgo,Togo,1935,36.02
tgo,Togo,1936,36.08
tgo,Togo,1937,36.13
tgo,Togo,1938,36.19
tgo,Togo,1939,36.24
tgo,Togo,1940,36.3
tgo,Togo,1941,36.4
tgo,Togo,1942,36.5
tgo,Togo,1943,36.59
tgo,Togo,1944,36.7
tgo,Togo,1945,36.8
tgo,Togo,1946,37.52
tgo,Togo,1947,38.24
tgo,Togo,1948,38.96
tgo,Togo,1949,39.67
tgo,Togo,1950,40.4
tgo,Togo,1951,40.8
tgo,Togo,1952,41.1
tgo,Togo,1953,41.1
tgo,Togo,1954,41.4
tgo,Togo,1955,41.7
tgo,Togo,1956,41.8
tgo,Togo,1957,42.0
tgo,Togo,1958,42.1
tgo,Togo,1959,42.3
tgo,Togo,1960,42.6
tgo,Togo,1961,42.8
tgo,Togo,1962,43.0
tgo,Togo,1963,43.2
tgo,Togo,1964,43.6
tgo,Togo,1965,44.0
tgo,Togo,1966,44.6
tgo,Togo,1967,45.1
tgo,Togo,1968,45.6
tgo,Togo,1969,46.1
tgo,Togo,1970,46.6
tgo,Togo,1971,47.1
tgo,Togo,1972,47.6
tgo,Togo,1973,48.1
tgo,Togo,1974,48.7
tgo,Togo,1975,49.1
tgo,Togo,1976,49.7
tgo,Togo,1977,50.2
tgo,Togo,1978,50.9
tgo,Togo,1979,51.5
tgo,Togo,1980,52.0
tgo,Togo,1981,52.5
tgo,Togo,1982,53.0
tgo,Togo,1983,53.4
tgo,Togo,1984,53.8
tgo,Togo,1985,54.1
tgo,Togo,1986,54.5
tgo,Togo,1987,54.8
tgo,Togo,1988,55.1
tgo,Togo,1989,55.4
tgo,Togo,1990,55.8
tgo,Togo,1991,55.9
tgo,Togo,1992,56.1
tgo,Togo,1993,56.1
tgo,Togo,1994,56.1
tgo,Togo,1995,56.1
tgo,Togo,1996,56.0
tgo,Togo,1997,55.8
tgo,Togo,1998,55.8
tgo,Togo,1999,55.9
tgo,Togo,2000,55.8
tgo,Togo,2001,55.9
tgo,Togo,2002,56.2
tgo,Togo,2003,56.7
tgo,Togo,2004,57.2
tgo,Togo,2005,57.5
tgo,Togo,2006,58.0
tgo,Togo,2007,58.4
tgo,Togo,2008,58.6
tgo,Togo,2009,59.0
tgo,Togo,2010,59.5
tgo,Togo,2011,60.2
tgo,Togo,2012,60.7
tgo,Togo,2013,61.3
tgo,Togo,2014,61.7
tgo,Togo,2015,61.9
tgo,Togo,2016,62.3
tgo,Togo,2017,62.6
tgo,Togo,2018,63.1
tgo,Togo,2019,63.5
tgo,Togo,2020,63.4
tgo,Togo,2021,63.3
tgo,Togo,2022,64.1
tgo,Togo,2023,64.5
tgo,Togo,2024,64.71
tgo,Togo,2025,64.91
tha,Thailand,1900,31.45
tha,Thailand,1901,31.47
tha,Thailand,1902,31.49
tha,Thailand,1903,31.52
tha,Thailand,1904,31.54
tha,Thailand,1905,31.56
tha,Thailand,1906,31.58
tha,Thailand,1907,31.6
tha,Thailand,1908,31.62
tha,Thailand,1909,31.64
tha,Thailand,1910,31.66
tha,Thailand,1911,31.68
tha,Thailand,1912,31.71
tha,Thailand,1913,31.73
tha,Thailand,1914,31.75
tha,Thailand,1915,31.77
tha,Thailand,1916,31.79
tha,Thailand,1917,31.81
tha,Thailand,1918,20.4
tha,Thailand,1919,31.85
tha,Thailand,1920,31.87
tha,Thailand,1921,31.89
tha,Thailand,1922,31.92
tha,Thailand,1923,31.94
tha,Thailand,1924,31.96
tha,Thailand,1925,31.98
tha,Thailand,1926,32.0
tha,Thailand,1927,32.02
tha,Thailand,1928,32.04
tha,Thailand,1929,32.06
tha,Thailand,1930,32.08
tha,Thailand,1931,33.59
tha,Thailand,1932,35.12
tha,Thailand,1933,36.63
tha,Thailand,1934,38.16
tha,Thailand,1935,39.68
tha,Thailand,1936,41.21
tha,Thailand,1937,42.73
tha,Thailand,1938,42.76
tha,Thailand,1939,42.78
tha,Thailand,1940,41.75
tha,Thailand,1941,40.72
tha,Thailand,1942,40.76
tha,Thailand,1943,40.8
tha,Thailand,1944,40.62
tha,Thailand,1945,41.98
tha,Thailand,1946,43.34
tha,Thailand,1947,44.69
tha,Thailand,1948,53.38
tha,Thailand,1949,53.94
tha,Thailand,1950,54.5
tha,Thailand,1951,55.0
tha,Thailand,1952,56.0
tha,Thailand,1953,57.1
tha,Thailand,1954,57.7
tha,Thailand,1955,57.9
tha,Thailand,1956,57.7
tha,Thailand,1957,57.6
tha,Thailand,1958,58.3
tha,Thailand,1959,59.0
tha,Thailand,1960,59.4
tha,Thailand,1961,59.9
tha,Thailand,1962,59.8
tha,Thailand,1963,59.7
tha,Thailand,1964,60.2
tha,Thailand,1965,60.7
tha,Thailand,1966,60.7
tha,Thailand,1967,60.9
tha,Thailand,1968,61.2
tha,Thailand,1969,61.7
tha,Thailand,1970,62.6
tha,Thailand,1971,63.1
tha,Thailand,1972,63.0
tha,Thailand,1973,62.9
tha,Thailand,1974,63.3
tha,Thailand,1975,64.3
tha,Thailand,1976,65.6
tha,Thailand,1977,66.0
tha,Thailand,1978,66.2
tha,Thailand,1979,66.2
tha,Thailand,1980,66.4
tha,Thailand,1981,67.0
tha,Thailand,1982,67.6
tha,Thailand,1983,68.4
tha,Thailand,1984,69.8
tha,Thailand,1985,70.8
tha,Thailand,1986,71.5
tha,Thailand,1987,71.7
tha,Thailand,1988,71.8
tha,Thailand,1989,71.8
tha,Thailand,1990,71.9
tha,Thailand,1991,71.8
tha,Thailand,1992,71.6
tha,Thailand,1993,71.4
tha,Thailand,1994,70.9
tha,Thailand,1995,70.6
tha,Thailand,1996,71.2
tha,Thailand,1997,72.4
tha,Thailand,1998,72.3
tha,Thailand,1999,71.3
tha,Thailand,2000,71.0
tha,Thailand,2001,71.2
tha,Thailand,2002,71.4
tha,Thailand,2003,71.8
tha,Thailand,2004,71.7
tha,Thailand,2005,72.5
tha,Thailand,2006,73.2
tha,Thailand,2007,73.7
tha,Thailand,2008,74.3
tha,Thailand,2009,74.9
tha,Thailand,2010,75.1
tha,Thailand,2011,75.5
tha,Thailand,2012,75.9
tha,Thailand,2013,76.2
tha,Thailand,2014,76.4
tha,Thailand,2015,76.6
tha,Thailand,2016,76.7
tha,Thailand,2017,77.4
tha,Thailand,2018,77.8
tha,Thailand,2019,77.7
tha,Thailand,2020,77.8
tha,Thailand,2021,76.8
tha,Thailand,2022,76.5
tha,Thailand,2023,77.5
tha,Thailand,2024,77.7
tha,Thailand,2025,77.91
tjk,Tajikistan,1900,25.55
tjk,Tajikistan,1901,25.78
tjk,Tajikistan,1902,26.01
tjk,Tajikistan,1903,26.25
tjk,Tajikistan,1904,26.48
tjk,Tajikistan,1905,26.71
tjk,Tajikistan,1906,26.94
tjk,Tajikistan,1907,27.17
tjk,Tajikistan,1908,27.4
tjk,Tajikistan,1909,27.63
tjk,Tajikistan,1910,27.86
tjk,Tajikistan,1911,30.72
tjk,Tajikistan,1912,31.12
tjk,Tajikistan,1913,29.0
tjk,Tajikistan,1914,28.59
tjk,Tajikistan,1915,28.19
tjk,Tajikistan,1916,28.17
tjk,Tajikistan,1917,25.25
tjk,Tajikistan,1918,15.55
tjk,Tajikistan,1919,20.84
tjk,Tajikistan,1920,16.47
tjk,Tajikistan,1921,19.66
tjk,Tajikistan,1922,20.52
tjk,Tajikistan,1923,29.12
tjk,Tajikistan,1924,31.52
tjk,Tajikistan,1925,30.64
tjk,Tajikistan,1926,33.71
tjk,Tajikistan,1927,33.05
tjk,Tajikistan,1928,34.49
tjk,Tajikistan,1929,33.28
tjk,Tajikistan,1930,32.6
tjk,Tajikistan,1931,27.01
tjk,Tajikistan,1932,19.3
tjk,Tajikistan,1933,15.44
tjk,Tajikistan,1934,34.82
tjk,Tajikistan,1935,36.29
tjk,Tajikistan,1936,37.88
tjk,Tajikistan,1937,36.91
tjk,Tajikistan,1938,38.52
tjk,Tajikistan,1939,40.8
tjk,Tajikistan,1940,38.41
tjk,Tajikistan,1941,28.53
tjk,Tajikistan,1942,24.72
tjk,Tajikistan,1943,23.8
tjk,Tajikistan,1944,31.49
tjk,Tajikistan,1945,38.7
tjk,Tajikistan,1946,45.27
tjk,Tajikistan,1947,37.64
tjk,Tajikistan,1948,45.39
tjk,Tajikistan,1949,48.09
tjk,Tajikistan,1950,50.3
tjk,Tajikistan,1951,50.5
tjk,Tajikistan,1952,50.8
tjk,Tajikistan,1953,51.2
tjk,Tajikistan,1954,51.4
tjk,Tajikistan,1955,51.7
tjk,Tajikistan,1956,52.1
tjk,Tajikistan,1957,52.6
tjk,Tajikistan,1958,53.1
tjk,Tajikistan,1959,53.6
tjk,Tajikistan,1960,54.2
tjk,Tajikistan,1961,54.8
tjk,Tajikistan,1962,55.5
tjk,Tajikistan,1963,56.1
tjk,Tajikistan,1964,56.7
tjk,Tajikistan,1965,57.4
tjk,Tajikistan,1966,58.0
tjk,Tajikistan,1967,58.7
tjk,Tajikistan,1968,59.3
tjk,Tajikistan,1969,59.9
tjk,Tajikistan,1970,60.5
tjk,Tajikistan,1971,61.0
tjk,Tajikistan,1972,61.6
tjk,Tajikistan,1973,62.1
tjk,Tajikistan,1974,62.7
tjk,Tajikistan,1975,63.2
tjk,Tajikistan,1976,63.6
tjk,Tajikistan,1977,64.1
tjk,Tajikistan,1978,64.6
tjk,Tajikistan,1979,65.0
tjk,Tajikistan,1980,65.3
tjk,Tajikistan,1981,65.5
tjk,Tajikistan,1982,65.6
tjk,Tajikistan,1983,65.6
tjk,Tajikistan,1984,65.8
tjk,Tajikistan,1985,66.2
tjk,Tajikistan,1986,66.5
tjk,Tajikistan,1987,66.6
tjk,Tajikistan,1988,66.6
tjk,Tajikistan,1989,66.6
tjk,Tajikistan,1990,66.5
tjk,Tajikistan,1991,66.0
tjk,Tajikistan,1992,63.0
tjk,Tajikistan,1993,58.1
tjk,Tajikistan,1994,64.0
tjk,Tajikistan,1995,64.4
tjk,Tajikistan,1996,64.3
tjk,Tajikistan,1997,66.4
tjk,Tajikistan,1998,66.9
tjk,Tajikistan,1999,67.7
tjk,Tajikistan,2000,68.1
tjk,Tajikistan,2001,68.2
tjk,Tajikistan,2002,68.5
tjk,Tajikistan,2003,68.7
tjk,Tajikistan,2004,69.1
tjk,Tajikistan,2005,69.6
tjk,Tajikistan,2006,70.1
tjk,Tajikistan,2007,70.6
tjk,Tajikistan,2008,71.1
tjk,Tajikistan,2009,71.4
tjk,Tajikistan,2010,71.7
tjk,Tajikistan,2011,72.0
tjk,Tajikistan,2012,72.4
tjk,Tajikistan,2013,72.8
tjk,Tajikistan,2014,72.9
tjk,Tajikistan,2015,72.7
tjk,Tajikistan,2016,72.6
tjk,Tajikistan,2017,72.9
tjk,Tajikistan,2018,73.3
tjk,Tajikistan,2019,73.3
tjk,Tajikistan,2020,71.9
tjk,Tajikistan,2021,70.8
tjk,Tajikistan,2022,71.3
tjk,Tajikistan,2023,71.8
tjk,Tajikistan,2024,71.9
tjk,Tajikistan,2025,72.1
tkm,Turkmenistan,1900,24.73
tkm,Turkmenistan,1901,24.99
tkm,Turkmenistan,1902,25.25
tkm,Turkmenistan,1903,25.51
tkm,Turkmenistan,1904,25.78
tkm,Turkmenistan,1905,26.04
tkm,Turkmenistan,1906,26.3
tkm,Turkmenistan,1907,26.56
tkm,Turkmenistan,1908,26.82
tkm,Turkmenistan,1909,27.09
tkm,Turkmenistan,1910,27.35
tkm,Turkmenistan,1911,30.36
tkm,Turkmenistan,1912,30.81
tkm,Turkmenistan,1913,28.61
tkm,Turkmenistan,1914,28.2
tkm,Turkmenistan,1915,27.8
tkm,Turkmenistan,1916,27.81
tkm,Turkmenistan,1917,24.75
tkm,Turkmenistan,1918,14.55
tkm,Turkmenistan,1919,20.14
tkm,Turkmenistan,1920,15.55
tkm,Turkmenistan,1921,18.93
tkm,Turkmenistan,1922,19.86
tkm,Turkmenistan,1923,28.96
tkm,Turkmenistan,1924,31.52
tkm,Turkmenistan,1925,30.61
tkm,Turkmenistan,1926,33.9
tkm,Turkmenistan,1927,33.22
tkm,Turkmenistan,1928,34.78
tkm,Turkmenistan,1929,33.52
tkm,Turkmenistan,1930,32.82
tkm,Turkmenistan,1931,26.91
tkm,Turkmenistan,1932,18.72
tkm,Turkmenistan,1933,14.62
tkm,Turkmenistan,1934,35.29
tkm,Turkmenistan,1935,36.89
tkm,Turkmenistan,1936,38.61
tkm,Turkmenistan,1937,37.61
tkm,Turkmenistan,1938,39.36
tkm,Turkmenistan,1939,41.83
tkm,Turkmenistan,1940,39.31
tkm,Turkmenistan,1941,28.28
tkm,Turkmenistan,1942,24.21
tkm,Turkmenistan,1943,23.21
tkm,Turkmenistan,1944,31.46
tkm,Turkmenistan,1945,39.21
tkm,Turkmenistan,1946,46.72
tkm,Turkmenistan,1947,38.52
tkm,Turkmenistan,1948,46.87
tkm,Turkmenistan,1949,49.78
tkm,Turkmenistan,1950,52.2
tkm,Turkmenistan,1951,52.4
tkm,Turkmenistan,1952,52.9
tkm,Turkmenistan,1953,53.3
tkm,Turkmenistan,1954,53.5
tkm,Turkmenistan,1955,54.0
tkm,Turkmenistan,1956,54.5
tkm,Turkmenistan,1957,55.0
tkm,Turkmenistan,1958,55.5
tkm,Turkmenistan,1959,56.0
tkm,Turkmenistan,1960,56.7
tkm,Turkmenistan,1961,57.4
tkm,Turkmenistan,1962,58.0
tkm,Turkmenistan,1963,58.5
tkm,Turkmenistan,1964,59.2
tkm,Turkmenistan,1965,59.8
tkm,Turkmenistan,1966,60.3
tkm,Turkmenistan,1967,60.8
tkm,Turkmenistan,1968,61.2
tkm,Turkmenistan,1969,61.5
tkm,Turkmenistan,1970,61.8
tkm,Turkmenistan,1971,62.0
tkm,Turkmenistan,1972,62.1
tkm,Turkmenistan,1973,62.3
tkm,Turkmenistan,1974,62.5
tkm,Turkmenistan,1975,62.6
tkm,Turkmenistan,1976,62.8
tkm,Turkmenistan,1977,63.0
tkm,Turkmenistan,1978,63.2
tkm,Turkmenistan,1979,63.4
tkm,Turkmenistan,1980,63.6
tkm,Turkmenistan,1981,63.9
tkm,Turkmenistan,1982,64.2
tkm,Turkmenistan,1983,64.4
tkm,Turkmenistan,1984,64.6
tkm,Turkmenistan,1985,64.7
tkm,Turkmenistan,1986,64.9
tkm,Turkmenistan,1987,65.2
tkm,Turkmenistan,1988,65.5
tkm,Turkmenistan,1989,65.8
tkm,Turkmenistan,1990,66.0
tkm,Turkmenistan,1991,65.7
tkm,Turkmenistan,1992,65.4
tkm,Turkmenistan,1993,64.9
tkm,Turkmenistan,1994,64.7
tkm,Turkmenistan,1995,64.6
tkm,Turkmenistan,1996,64.6
tkm,Turkmenistan,1997,64.9
tkm,Turkmenistan,1998,65.4
tkm,Turkmenistan,1999,66.1
tkm,Turkmenistan,2000,66.5
tkm,Turkmenistan,2001,66.8
tkm,Turkmenistan,2002,66.8
tkm,Turkmenistan,2003,66.8
tkm,Turkmenistan,2004,66.9
tkm,Turkmenistan,2005,67.1
tkm,Turkmenistan,2006,67.4
tkm,Turkmenistan,2007,67.7
tkm,Turkmenistan,2008,68.3
tkm,Turkmenistan,2009,69.0
tkm,Turkmenistan,2010,69.4
tkm,Turkmenistan,2011,69.6
tkm,Turkmenistan,2012,69.6
tkm,Turkmenistan,2013,69.6
tkm,Turkmenistan,2014,69.5
tkm,Turkmenistan,2015,69.5
tkm,Turkmenistan,2016,69.6
tkm,Turkmenistan,2017,69.7
tkm,Turkmenistan,2018,69.9
tkm,Turkmenistan,2019,70.2
tkm,Turkmenistan,2020,69.1
tkm,Turkmenistan,2021,68.7
tkm,Turkmenistan,2022,70.5
tkm,Turkmenistan,2023,71.1
tkm,Turkmenistan,2024,71.2
tkm,Turkmenistan,2025,71.3
tls,Timor-Leste,1900,32.05
tls,Timor-Leste,1901,32.12
tls,Timor-Leste,1902,32.18
tls,Timor-Leste,1903,32.24
tls,Timor-Leste,1904,32.3
tls,Timor-Leste,1905,32.36
tls,Timor-Leste,1906,32.43
tls,Timor-Leste,1907,32.49
tls,Timor-Leste,1908,32.55
tls,Timor-Leste,1909,32.61
tls,Timor-Leste,1910,32.68
tls,Timor-Leste,1911,32.74
tls,Timor-Leste,1912,32.8
tls,Timor-Leste,1913,32.86
tls,Timor-Leste,1914,32.92
tls,Timor-Leste,1915,32.99
tls,Timor-Leste,1916,33.05
tls,Timor-Leste,1917,33.11
tls,Timor-Leste,1918,10.77
tls,Timor-Leste,1919,33.23
tls,Timor-Leste,1920,33.3
tls,Timor-Leste,1921,33.36
tls,Timor-Leste,1922,33.42
tls,Timor-Leste,1923,33.48
tls,Timor-Leste,1924,33.54
tls,Timor-Leste,1925,33.61
tls,Timor-Leste,1926,33.67
tls,Timor-Leste,1927,33.73
tls,Timor-Leste,1928,33.79
tls,Timor-Leste,1929,33.86
tls,Timor-Leste,1930,33.92
tls,Timor-Leste,1931,33.98
tls,Timor-Leste,1932,34.04
tls,Timor-Leste,1933,34.1
tls,Timor-Leste,1934,34.17
tls,Timor-Leste,1935,34.23
tls,Timor-Leste,1936,34.29
tls,Timor-Leste,1937,34.35
tls,Timor-Leste,1938,34.41
tls,Timor-Leste,1939,34.48
tls,Timor-Leste,1940,34.54
tls,Timor-Leste,1941,34.84
tls,Timor-Leste,1942,25.62
tls,Timor-Leste,1943,23.51
tls,Timor-Leste,1944,20.19
tls,Timor-Leste,1945,19.27
tls,Timor-Leste,1946,25.58
tls,Timor-Leste,1947,33.11
tls,Timor-Leste,1948,36.98
tls,Timor-Leste,1949,37.29
tls,Timor-Leste,1950,37.6
tls,Timor-Leste,1951,37.7
tls,Timor-Leste,1952,38.8
tls,Timor-Leste,1953,38.6
tls,Timor-Leste,1954,38.4
tls,Timor-Leste,1955,39.4
tls,Timor-Leste,1956,39.7
tls,Timor-Leste,1957,40.0
tls,Timor-Leste,1958,40.3
tls,Timor-Leste,1959,40.6
tls,Timor-Leste,1960,41.2
tls,Timor-Leste,1961,41.6
tls,Timor-Leste,1962,42.0
tls,Timor-Leste,1963,42.5
tls,Timor-Leste,1964,42.9
tls,Timor-Leste,1965,43.4
tls,Timor-Leste,1966,43.9
tls,Timor-Leste,1967,44.5
tls,Timor-Leste,1968,45.0
tls,Timor-Leste,1969,45.6
tls,Timor-Leste,1970,46.1
tls,Timor-Leste,1971,46.7
tls,Timor-Leste,1972,47.2
tls,Timor-Leste,1973,47.8
tls,Timor-Leste,1974,48.3
tls,Timor-Leste,1975,43.7
tls,Timor-Leste,1976,45.7
tls,Timor-Leste,1977,46.2
tls,Timor-Leste,1978,46.0
tls,Timor-Leste,1979,45.8
tls,Timor-Leste,1980,48.8
tls,Timor-Leste,1981,50.4
tls,Timor-Leste,1982,51.4
tls,Timor-Leste,1983,52.0
tls,Timor-Leste,1984,53.3
tls,Timor-Leste,1985,54.1
tls,Timor-Leste,1986,54.9
tls,Timor-Leste,1987,55.8
tls,Timor-Leste,1988,56.3
tls,Timor-Leste,1989,56.6
tls,Timor-Leste,1990,57.4
tls,Timor-Leste,1991,57.6
tls,Timor-Leste,1992,58.3
tls,Timor-Leste,1993,58.6
tls,Timor-Leste,1994,59.5
tls,Timor-Leste,1995,59.9
tls,Timor-Leste,1996,61.6
tls,Timor-Leste,1997,61.0
tls,Timor-Leste,1998,61.5
tls,Timor-Leste,1999,56.7
tls,Timor-Leste,2000,63.6
tls,Timor-Leste,2001,64.1
tls,Timor-Leste,2002,64.8
tls,Timor-Leste,2003,65.4
tls,Timor-Leste,2004,66.3
tls,Timor-Leste,2005,66.6
tls,Timor-Leste,2006,67.0
tls,Timor-Leste,2007,67.5
tls,Timor-Leste,2008,68.1
tls,Timor-Leste,2009,68.3
tls,Timor-Leste,2010,68.5
tls,Timor-Leste,2011,68.4
tls,Timor-Leste,2012,68.4
tls,Timor-Leste,2013,68.6
tls,Timor-Leste,2014,68.8
tls,Timor-Leste,2015,68.9
tls,Timor-Leste,2016,69.0
tls,Timor-Leste,2017,69.1
tls,Timor-Leste,2018,69.1
tls,Timor-Leste,2019,69.3
tls,Timor-Leste,2020,69.3
tls,Timor-Leste,2021,69.1
tls,Timor-Leste,2022,69.7
tls,Timor-Leste,2023,69.9
tls,Timor-Leste,2024,70.11
tls,Timor-Leste,2025,70.31
ton,Tonga,1900,28.17
ton,Tonga,1901,28.17
ton,Tonga,1902,28.17
ton,Tonga,1903,28.17
ton,Tonga,1904,28.17
ton,Tonga,1905,28.17
ton,Tonga,1906,28.16
ton,Tonga,1907,28.16
ton,Tonga,1908,28.16
ton,Tonga,1909,28.16
ton,Tonga,1910,28.16
ton,Tonga,1911,28.16
ton,Tonga,1912,28.16
ton,Tonga,1913,28.16
ton,Tonga,1914,28.16
ton,Tonga,1915,28.16
ton,Tonga,1916,28.16
ton,Tonga,1917,28.16
ton,Tonga,1918,5.83
ton,Tonga,1919,28.16
ton,Tonga,1920,28.16
ton,Tonga,1921,28.15
ton,Tonga,1922,28.15
ton,Tonga,1923,28.15
ton,Tonga,1924,28.15
ton,Tonga,1925,28.15
ton,Tonga,1926,29.34
ton,Tonga,1927,30.53
ton,Tonga,1928,31.71
ton,Tonga,1929,32.9
ton,Tonga,1930,34.09
ton,Tonga,1931,35.27
ton,Tonga,1932,36.45
ton,Tonga,1933,37.64
ton,Tonga,1934,38.83
ton,Tonga,1935,40.01
ton,Tonga,1936,41.2
ton,Tonga,1937,42.39
ton,Tonga,1938,43.57
ton,Tonga,1939,44.76
ton,Tonga,1940,45.95
ton,Tonga,1941,47.12
ton,Tonga,1942,48.29
ton,Tonga,1943,49.47
ton,Tonga,1944,50.64
ton,Tonga,1945,51.82
ton,Tonga,1946,53.0
ton,Tonga,1947,54.17
ton,Tonga,1948,55.35
ton,Tonga,1949,56.52
ton,Tonga,1950,57.7
ton,Tonga,1951,58.1
ton,Tonga,1952,58.4
ton,Tonga,1953,58.8
ton,Tonga,1954,59.2
ton,Tonga,1955,59.5
ton,Tonga,1956,59.9
ton,Tonga,1957,60.3
ton,Tonga,1958,60.6
ton,Tonga,1959,61.0
ton,Tonga,1960,61.3
ton,Tonga,1961,61.6
ton,Tonga,1962,61.9
ton,Tonga,1963,62.2
ton,Tonga,1964,62.5
ton,Tonga,1965,62.8
ton,Tonga,1966,63.1
ton,Tonga,1967,63.3
ton,Tonga,1968,63.6
ton,Tonga,1969,63.8
ton,Tonga,1970,64.0
ton,Tonga,1971,64.3
ton,Tonga,1972,64.5
ton,Tonga,1973,64.6
ton,Tonga,1974,64.9
ton,Tonga,1975,65.1
ton,Tonga,1976,65.3
ton,Tonga,1977,65.5
ton,Tonga,1978,65.8
ton,Tonga,1979,66.1
ton,Tonga,1980,66.5
ton,Tonga,1981,66.9
ton,Tonga,1982,67.3
ton,Tonga,1983,67.9
ton,Tonga,1984,68.5
ton,Tonga,1985,69.1
ton,Tonga,1986,69.6
ton,Tonga,1987,70.0
ton,Tonga,1988,70.2
ton,Tonga,1989,70.4
ton,Tonga,1990,70.6
ton,Tonga,1991,70.7
ton,Tonga,1992,70.8
ton,Tonga,1993,70.9
ton,Tonga,1994,70.9
ton,Tonga,1995,71.1
ton,Tonga,1996,71.1
ton,Tonga,1997,71.1
ton,Tonga,1998,71.1
ton,Tonga,1999,71.1
ton,Tonga,2000,71.2
ton,Tonga,2001,71.3
ton,Tonga,2002,71.4
ton,Tonga,2003,71.4
ton,Tonga,2004,71.5
ton,Tonga,2005,71.6
ton,Tonga,2006,71.7
ton,Tonga,2007,71.7
ton,Tonga,2008,71.7
ton,Tonga,2009,69.1
ton,Tonga,2010,71.7
ton,Tonga,2011,71.7
ton,Tonga,2012,71.7
ton,Tonga,2013,71.7
ton,Tonga,2014,71.8
ton,Tonga,2015,71.9
ton,Tonga,2016,71.9
ton,Tonga,2017,72.0
ton,Tonga,2018,72.1
ton,Tonga,2019,72.2
ton,Tonga,2020,71.6
ton,Tonga,2021,69.6
ton,Tonga,2022,71.4
ton,Tonga,2023,71.7
ton,Tonga,2024,71.9
ton,Tonga,2025,72.0
tto,Trinidad and Tobago,1900,39.34
tto,Trinidad and Tobago,1901,39.35
tto,Trinidad and Tobago,1902,39.36
tto,Trinidad and Tobago,1903,39.37
tto,Trinidad and Tobago,1904,39.38
tto,Trinidad and Tobago,1905,39.39
tto,Trinidad and Tobago,1906,39.4
tto,Trinidad and Tobago,1907,39.42
tto,Trinidad and Tobago,1908,39.43
tto,Trinidad and Tobago,1909,39.44
tto,Trinidad and Tobago,1910,39.45
tto,Trinidad and Tobago,1911,39.46
tto,Trinidad and Tobago,1912,39.47
tto,Trinidad and Tobago,1913,39.48
tto,Trinidad and Tobago,1914,39.49
tto,Trinidad and Tobago,1915,39.5
tto,Trinidad and Tobago,1916,39.51
tto,Trinidad and Tobago,1917,39.52
tto,Trinidad and Tobago,1918,25.64
tto,Trinidad and Tobago,1919,39.55
tto,Trinidad and Tobago,1920,39.56
tto,Trinidad and Tobago,1921,39.57
tto,Trinidad and Tobago,1922,40.28
tto,Trinidad and Tobago,1923,41.0
tto,Trinidad and Tobago,1924,41.71
tto,Trinidad and Tobago,1925,42.43
tto,Trinidad and Tobago,1926,43.14
tto,Trinidad and Tobago,1927,43.86
tto,Trinidad and Tobago,1928,44.58
tto,Trinidad and Tobago,1929,45.29
tto,Trinidad and Tobago,1930,46.01
tto,Trinidad and Tobago,1931,46.73
tto,Trinidad and Tobago,1932,47.35
tto,Trinidad and Tobago,1933,47.95
tto,Trinidad and Tobago,1934,48.57
tto,Trinidad and Tobago,1935,49.19
tto,Trinidad and Tobago,1936,49.79
tto,Trinidad and Tobago,1937,50.41
tto,Trinidad and Tobago,1938,51.03
tto,Trinidad and Tobago,1939,51.64
tto,Trinidad and Tobago,1940,52.26
tto,Trinidad and Tobago,1941,52.9
tto,Trinidad and Tobago,1942,53.53
tto,Trinidad and Tobago,1943,54.18
tto,Trinidad and Tobago,1944,54.82
tto,Trinidad and Tobago,1945,55.45
tto,Trinidad and Tobago,1946,56.09
tto,Trinidad and Tobago,1947,56.74
tto,Trinidad and Tobago,1948,57.39
tto,Trinidad and Tobago,1949,58.05
tto,Trinidad and Tobago,1950,58.7
tto,Trinidad and Tobago,1951,59.2
tto,Trinidad and Tobago,1952,59.7
tto,Trinidad and Tobago,1953,60.3
tto,Trinidad and Tobago,1954,60.8
tto,Trinidad and Tobago,1955,61.3
tto,Trinidad and Tobago,1956,61.9
tto,Trinidad and Tobago,1957,62.3
tto,Trinidad and Tobago,1958,62.7
tto,Trinidad and Tobago,1959,63.2
tto,Trinidad and Tobago,1960,63.6
tto,Trinidad and Tobago,1961,63.9
tto,Trinidad and Tobago,1962,64.2
tto,Trinidad and Tobago,1963,64.3
tto,Trinidad and Tobago,1964,64.5
tto,Trinidad and Tobago,1965,64.6
tto,Trinidad and Tobago,1966,64.7
tto,Trinidad and Tobago,1967,64.8
tto,Trinidad and Tobago,1968,64.9
tto,Trinidad and Tobago,1969,65.0
tto,Trinidad and Tobago,1970,65.1
tto,Trinidad and Tobago,1971,65.2
tto,Trinidad and Tobago,1972,65.4
tto,Trinidad and Tobago,1973,65.6
tto,Trinidad and Tobago,1974,66.0
tto,Trinidad and Tobago,1975,66.3
tto,Trinidad and Tobago,1976,66.6
tto,Trinidad and Tobago,1977,66.9
tto,Trinidad and Tobago,1978,67.2
tto,Trinidad and Tobago,1979,67.4
tto,Trinidad and Tobago,1980,67.7
tto,Trinidad and Tobago,1981,67.8
tto,Trinidad and Tobago,1982,68.0
tto,Trinidad and Tobago,1983,68.1
tto,Trinidad and Tobago,1984,68.2
tto,Trinidad and Tobago,1985,68.4
tto,Trinidad and Tobago,1986,68.6
tto,Trinidad and Tobago,1987,68.8
tto,Trinidad and Tobago,1988,68.9
tto,Trinidad and Tobago,1989,69.0
tto,Trinidad and Tobago,1990,69.0
tto,Trinidad and Tobago,1991,69.1
tto,Trinidad and Tobago,1992,69.1
tto,Trinidad and Tobago,1993,69.1
tto,Trinidad and Tobago,1994,69.0
tto,Trinidad and Tobago,1995,69.1
tto,Trinidad and Tobago,1996,69.0
tto,Trinidad and Tobago,1997,69.1
tto,Trinidad and Tobago,1998,69.2
tto,Trinidad and Tobago,1999,69.3
tto,Trinidad and Tobago,2000,69.6
tto,Trinidad and Tobago,2001,69.9
tto,Trinidad and Tobago,2002,70.3
tto,Trinidad and Tobago,2003,70.5
tto,Trinidad and Tobago,2004,70.9
tto,Trinidad and Tobago,2005,71.3
tto,Trinidad and Tobago,2006,71.7
tto,Trinidad and Tobago,2007,72.1
tto,Trinidad and Tobago,2008,72.4
tto,Trinidad and Tobago,2009,72.8
tto,Trinidad and Tobago,2010,73.1
tto,Trinidad and Tobago,2011,73.5
tto,Trinidad and Tobago,2012,73.8
tto,Trinidad and Tobago,2013,73.9
tto,Trinidad and Tobago,2014,73.9
tto,Trinidad and Tobago,2015,73.8
tto,Trinidad and Tobago,2016,73.7
tto,Trinidad and Tobago,2017,73.7
tto,Trinidad and Tobago,2018,73.8
tto,Trinidad and Tobago,2019,73.7
tto,Trinidad and Tobago,2020,72.8
tto,Trinidad and Tobago,2021,69.5
tto,Trinidad and Tobago,2022,71.5
tto,Trinidad and Tobago,2023,73.2
tto,Trinidad and Tobago,2024,73.3
tto,Trinidad and Tobago,2025,73.4
tun,Tunisia,1900,30.78
tun,Tunisia,1901,30.82
tun,Tunisia,1902,30.86
tun,Tunisia,1903,30.9
tun,Tunisia,1904,30.94
tun,Tunisia,1905,30.98
tun,Tunisia,1906,31.02
tun,Tunisia,1907,31.06
tun,Tunisia,1908,31.1
tun,Tunisia,1909,31.13
tun,Tunisia,1910,31.17
tun,Tunisia,1911,31.21
tun,Tunisia,1912,31.25
tun,Tunisia,1913,31.29
tun,Tunisia,1914,31.33
tun,Tunisia,1915,31.37
tun,Tunisia,1916,31.41
tun,Tunisia,1917,31.45
tun,Tunisia,1918,24.1
tun,Tunisia,1919,31.53
tun,Tunisia,1920,31.57
tun,Tunisia,1921,31.61
tun,Tunisia,1922,31.65
tun,Tunisia,1923,31.69
tun,Tunisia,1924,31.99
tun,Tunisia,1925,32.3
tun,Tunisia,1926,32.61
tun,Tunisia,1927,32.92
tun,Tunisia,1928,33.23
tun,Tunisia,1929,33.53
tun,Tunisia,1930,33.84
tun,Tunisia,1931,34.16
tun,Tunisia,1932,34.47
tun,Tunisia,1933,34.78
tun,Tunisia,1934,35.28
tun,Tunisia,1935,35.78
tun,Tunisia,1936,36.28
tun,Tunisia,1937,36.8
tun,Tunisia,1938,37.3
tun,Tunisia,1939,37.81
tun,Tunisia,1940,38.32
tun,Tunisia,1941,37.19
tun,Tunisia,1942,30.55
tun,Tunisia,1943,28.4
tun,Tunisia,1944,29.63
tun,Tunisia,1945,31.43
tun,Tunisia,1946,40.02
tun,Tunisia,1947,42.41
tun,Tunisia,1948,43.0
tun,Tunisia,1949,43.6
tun,Tunisia,1950,44.2
tun,Tunisia,1951,44.6
tun,Tunisia,1952,45.2
tun,Tunisia,1953,45.6
tun,Tunisia,1954,45.7
tun,Tunisia,1955,46.4
tun,Tunisia,1956,46.9
tun,Tunisia,1957,47.5
tun,Tunisia,1958,48.1
tun,Tunisia,1959,48.5
tun,Tunisia,1960,49.1
tun,Tunisia,1961,49.6
tun,Tunisia,1962,50.2
tun,Tunisia,1963,50.9
tun,Tunisia,1964,51.5
tun,Tunisia,1965,52.2
tun,Tunisia,1966,52.9
tun,Tunisia,1967,53.6
tun,Tunisia,1968,54.4
tun,Tunisia,1969,54.9
tun,Tunisia,1970,55.9
tun,Tunisia,1971,56.7
tun,Tunisia,1972,57.6
tun,Tunisia,1973,58.4
tun,Tunisia,1974,59.3
tun,Tunisia,1975,60.1
tun,Tunisia,1976,60.9
tun,Tunisia,1977,61.7
tun,Tunisia,1978,62.4
tun,Tunisia,1979,63.2
tun,Tunisia,1980,63.7
tun,Tunisia,1981,64.6
tun,Tunisia,1982,65.2
tun,Tunisia,1983,65.9
tun,Tunisia,1984,66.5
tun,Tunisia,1985,67.1
tun,Tunisia,1986,67.6
tun,Tunisia,1987,68.0
tun,Tunisia,1988,68.4
tun,Tunisia,1989,68.7
tun,Tunisia,1990,69.0
tun,Tunisia,1991,69.2
tun,Tunisia,1992,69.5
tun,Tunisia,1993,69.8
tun,Tunisia,1994,70.1
tun,Tunisia,1995,70.3
tun,Tunisia,1996,70.5
tun,Tunisia,1997,70.8
tun,Tunisia,1998,71.0
tun,Tunisia,1999,71.2
tun,Tunisia,2000,71.5
tun,Tunisia,2001,71.7
tun,Tunisia,2002,72.0
tun,Tunisia,2003,72.2
tun,Tunisia,2004,72.5
tun,Tunisia,2005,72.7
tun,Tunisia,2006,72.9
tun,Tunisia,2007,73.1
tun,Tunisia,2008,73.4
tun,Tunisia,2009,73.6
tun,Tunisia,2010,73.8
tun,Tunisia,2011,74.0
tun,Tunisia,2012,74.3
tun,Tunisia,2013,74.5
tun,Tunisia,2014,74.7
tun,Tunisia,2015,74.9
tun,Tunisia,2016,75.1
tun,Tunisia,2017,75.3
tun,Tunisia,2018,75.5
tun,Tunisia,2019,75.8
tun,Tunisia,2020,72.7
tun,Tunisia,2021,70.4
tun,Tunisia,2022,74.9
tun,Tunisia,2023,75.6
tun,Tunisia,2024,75.8
tun,Tunisia,2025,76.0
tur,Turkey,1900,38.45
tur,Turkey,1901,38.51
tur,Turkey,1902,38.58
tur,Turkey,1903,38.65
tur,Turkey,1904,38.72
tur,Turkey,1905,38.79
tur,Turkey,1906,38.86
tur,Turkey,1907,38.93
tur,Turkey,1908,39.0
tur,Turkey,1909,39.07
tur,Turkey,1910,39.13
tur,Turkey,1911,39.2
tur,Turkey,1912,39.27
tur,Turkey,1913,39.34
tur,Turkey,1914,30.4
tur,Turkey,1915,7.9
tur,Turkey,1916,21.47
tur,Turkey,1917,24.9
tur,Turkey,1918,21.62
tur,Turkey,1919,34.08
tur,Turkey,1920,33.0
tur,Turkey,1921,33.05
tur,Turkey,1922,37.68
tur,Turkey,1923,40.03
tur,Turkey,1924,40.1
tur,Turkey,1925,40.17
tur,Turkey,1926,40.24
tur,Turkey,1927,40.31
tur,Turkey,1928,40.37
tur,Turkey,1929,40.44
tur,Turkey,1930,40.51
tur,Turkey,1931,40.65
tur,Turkey,1932,40.79
tur,Turkey,1933,40.93
tur,Turkey,1934,41.08
tur,Turkey,1935,41.22
tur,Turkey,1936,41.36
tur,Turkey,1937,41.5
tur,Turkey,1938,40.61
tur,Turkey,1939,39.71
tur,Turkey,1940,38.82
tur,Turkey,1941,38.02
tur,Turkey,1942,37.19
tur,Turkey,1943,38.95
tur,Turkey,1944,40.71
tur,Turkey,1945,42.47
tur,Turkey,1946,44.24
tur,Turkey,1947,46.02
tur,Turkey,1948,47.0
tur,Turkey,1949,48.0
tur,Turkey,1950,49.0
tur,Turkey,1951,49.8
tur,Turkey,1952,50.3
tur,Turkey,1953,50.8
tur,Turkey,1954,51.1
tur,Turkey,1955,51.6
tur,Turkey,1956,51.9
tur,Turkey,1957,52.3
tur,Turkey,1958,52.7
tur,Turkey,1959,53.1
tur,Turkey,1960,53.6
tur,Turkey,1961,54.2
tur,Turkey,1962,54.8
tur,Turkey,1963,55.4
tur,Turkey,1964,56.1
tur,Turkey,1965,56.7
tur,Turkey,1966,57.2
tur,Turkey,1967,58.0
tur,Turkey,1968,58.6
tur,Turkey,1969,59.2
tur,Turkey,1970,59.8
tur,Turkey,1971,60.4
tur,Turkey,1972,60.9
tur,Turkey,1973,61.3
tur,Turkey,1974,61.7
tur,Turkey,1975,61.9
tur,Turkey,1976,62.2
tur,Turkey,1977,62.7
tur,Turkey,1978,63.0
tur,Turkey,1979,63.0
tur,Turkey,1980,63.1
tur,Turkey,1981,63.5
tur,Turkey,1982,64.3
tur,Turkey,1983,65.1
tur,Turkey,1984,65.8
tur,Turkey,1985,66.6
tur,Turkey,1986,67.4
tur,Turkey,1987,67.9
tur,Turkey,1988,68.1
tur,Turkey,1989,67.9
tur,Turkey,1990,68.1
tur,Turkey,1991,68.4
tur,Turkey,1992,68.6
tur,Turkey,1993,68.8
tur,Turkey,1994,69.0
tur,Turkey,1995,69.3
tur,Turkey,1996,69.9
tur,Turkey,1997,70.4
tur,Turkey,1998,70.9
tur,Turkey,1999,70.9
tur,Turkey,2000,72.2
tur,Turkey,2001,72.9
tur,Turkey,2002,73.5
tur,Turkey,2003,73.9
tur,Turkey,2004,74.4
tur,Turkey,2005,74.6
tur,Turkey,2006,74.7
tur,Turkey,2007,75.0
tur,Turkey,2008,75.8
tur,Turkey,2009,76.9
tur,Turkey,2010,77.3
tur,Turkey,2011,77.2
tur,Turkey,2012,77.2
tur,Turkey,2013,76.8
tur,Turkey,2014,76.5
tur,Turkey,2015,76.4
tur,Turkey,2016,76.3
tur,Turkey,2017,76.7
tur,Turkey,2018,77.1
tur,Turkey,2019,77.4
tur,Turkey,2020,76.2
tur,Turkey,2021,75.4
tur,Turkey,2022,76.9
tur,Turkey,2023,76.1
tur,Turkey,2024,76.3
tur,Turkey,2025,76.69
tuv,Tuvalu,1950,46.1
tuv,Tuvalu,1951,46.4
tuv,Tuvalu,1952,46.8
tuv,Tuvalu,1953,47.2
tuv,Tuvalu,1954,47.5
tuv,Tuvalu,1955,47.8
tuv,Tuvalu,1956,48.2
tuv,Tuvalu,1957,48.5
tuv,Tuvalu,1958,48.8
tuv,Tuvalu,1959,49.1
tuv,Tuvalu,1960,49.5
tuv,Tuvalu,1961,49.8
tuv,Tuvalu,1962,50.2
tuv,Tuvalu,1963,50.5
tuv,Tuvalu,1964,50.9
tuv,Tuvalu,1965,51.3
tuv,Tuvalu,1966,51.6
tuv,Tuvalu,1967,52.0
tuv,Tuvalu,1968,52.3
tuv,Tuvalu,1969,52.7
tuv,Tuvalu,1970,53.1
tuv,Tuvalu,1971,53.4
tuv,Tuvalu,1972,52.3
tuv,Tuvalu,1973,54.1
tuv,Tuvalu,1974,54.4
tuv,Tuvalu,1975,54.6
tuv,Tuvalu,1976,54.9
tuv,Tuvalu,1977,55.1
tuv,Tuvalu,1978,55.4
tuv,Tuvalu,1979,55.6
tuv,Tuvalu,1980,55.8
tuv,Tuvalu,1981,56.1
tuv,Tuvalu,1982,56.4
tuv,Tuvalu,1983,56.7
tuv,Tuvalu,1984,57.1
tuv,Tuvalu,1985,57.5
tuv,Tuvalu,1986,57.9
tuv,Tuvalu,1987,58.4
tuv,Tuvalu,1988,58.9
tuv,Tuvalu,1989,59.3
tuv,Tuvalu,1990,59.7
tuv,Tuvalu,1991,60.0
tuv,Tuvalu,1992,60.3
tuv,Tuvalu,1993,60.5
tuv,Tuvalu,1994,60.7
tuv,Tuvalu,1995,60.9
tuv,Tuvalu,1996,61.0
tuv,Tuvalu,1997,61.2
tuv,Tuvalu,1998,61.3
tuv,Tuvalu,1999,61.5
tuv,Tuvalu,2000,58.4
tuv,Tuvalu,2001,61.8
tuv,Tuvalu,2002,62.0
tuv,Tuvalu,2003,62.2
tuv,Tuvalu,2004,62.3
tuv,Tuvalu,2005,62.4
tuv,Tuvalu,2006,62.6
tuv,Tuvalu,2007,62.7
tuv,Tuvalu,2008,62.8
tuv,Tuvalu,2009,62.9
tuv,Tuvalu,2010,62.9
tuv,Tuvalu,2011,63.0
tuv,Tuvalu,2012,63.0
tuv,Tuvalu,2013,63.0
tuv,Tuvalu,2014,63.1
tuv,Tuvalu,2015,63.2
tuv,Tuvalu,2016,63.2
tuv,Tuvalu,2017,63.4
tuv,Tuvalu,2018,63.4
tuv,Tuvalu,2019,63.6
tuv,Tuvalu,2020,63.1
tuv,Tuvalu,2021,61.6
tuv,Tuvalu,2022,63.1
tuv,Tuvalu,2023,63.3
tuv,Tuvalu,2024,63.49
tuv,Tuvalu,2025,63.58
tza,Tanzania,1900,33.7
tza,Tanzania,1901,33.73
tza,Tanzania,1902,33.76
tza,Tanzania,1903,33.79
tza,Tanzania,1904,33.82
tza,Tanzania,1905,33.85
tza,Tanzania,1906,33.88
tza,Tanzania,1907,33.91
tza,Tanzania,1908,33.94
tza,Tanzania,1909,33.97
tza,Tanzania,1910,34.0
tza,Tanzania,1911,34.03
tza,Tanzania,1912,34.06
tza,Tanzania,1913,34.09
tza,Tanzania,1914,34.12
tza,Tanzania,1915,34.15
tza,Tanzania,1916,34.18
tza,Tanzania,1917,34.21
tza,Tanzania,1918,13.24
tza,Tanzania,1919,34.27
tza,Tanzania,1920,34.3
tza,Tanzania,1921,34.33
tza,Tanzania,1922,34.36
tza,Tanzania,1923,34.39
tza,Tanzania,1924,34.42
tza,Tanzania,1925,34.45
tza,Tanzania,1926,34.49
tza,Tanzania,1927,34.52
tza,Tanzania,1928,34.55
tza,Tanzania,1929,34.58
tza,Tanzania,1930,34.61
tza,Tanzania,1931,34.64
tza,Tanzania,1932,34.67
tza,Tanzania,1933,34.7
tza,Tanzania,1934,34.73
tza,Tanzania,1935,34.76
tza,Tanzania,1936,34.79
tza,Tanzania,1937,34.82
tza,Tanzania,1938,34.85
tza,Tanzania,1939,34.88
tza,Tanzania,1940,34.91
tza,Tanzania,1941,35.03
tza,Tanzania,1942,35.17
tza,Tanzania,1943,35.3
tza,Tanzania,1944,35.44
tza,Tanzania,1945,35.57
tza,Tanzania,1946,37.48
tza,Tanzania,1947,39.41
tza,Tanzania,1948,41.34
tza,Tanzania,1949,43.27
tza,Tanzania,1950,45.2
tza,Tanzania,1951,45.5
tza,Tanzania,1952,45.8
tza,Tanzania,1953,46.1
tza,Tanzania,1954,46.3
tza,Tanzania,1955,46.4
tza,Tanzania,1956,46.6
tza,Tanzania,1957,46.9
tza,Tanzania,1958,47.1
tza,Tanzania,1959,47.3
tza,Tanzania,1960,47.5
tza,Tanzania,1961,47.7
tza,Tanzania,1962,48.0
tza,Tanzania,1963,48.2
tza,Tanzania,1964,48.5
tza,Tanzania,1965,48.8
tza,Tanzania,1966,49.2
tza,Tanzania,1967,49.5
tza,Tanzania,1968,49.9
tza,Tanzania,1969,50.3
tza,Tanzania,1970,50.7
tza,Tanzania,1971,51.1
tza,Tanzania,1972,51.5
tza,Tanzania,1973,51.9
tza,Tanzania,1974,52.3
tza,Tanzania,1975,52.7
tza,Tanzania,1976,53.2
tza,Tanzania,1977,53.6
tza,Tanzania,1978,53.9
tza,Tanzania,1979,54.5
tza,Tanzania,1980,54.8
tza,Tanzania,1981,55.1
tza,Tanzania,1982,55.4
tza,Tanzania,1983,55.6
tza,Tanzania,1984,55.8
tza,Tanzania,1985,56.0
tza,Tanzania,1986,56.1
tza,Tanzania,1987,55.9
tza,Tanzania,1988,55.7
tza,Tanzania,1989,55.4
tza,Tanzania,1990,55.0
tza,Tanzania,1991,54.6
tza,Tanzania,1992,53.9
tza,Tanzania,1993,53.6
tza,Tanzania,1994,53.2
tza,Tanzania,1995,53.0
tza,Tanzania,1996,52.8
tza,Tanzania,1997,52.8
tza,Tanzania,1998,53.1
tza,Tanzania,1999,53.7
tza,Tanzania,2000,54.3
tza,Tanzania,2001,55.0
tza,Tanzania,2002,55.5
tza,Tanzania,2003,56.1
tza,Tanzania,2004,56.8
tza,Tanzania,2005,57.9
tza,Tanzania,2006,59.2
tza,Tanzania,2007,60.6
tza,Tanzania,2008,61.4
tza,Tanzania,2009,61.9
tza,Tanzania,2010,62.4
tza,Tanzania,2011,62.8
tza,Tanzania,2012,63.6
tza,Tanzania,2013,64.6
tza,Tanzania,2014,65.4
tza,Tanzania,2015,66.0
tza,Tanzania,2016,66.5
tza,Tanzania,2017,67.1
tza,Tanzania,2018,67.7
tza,Tanzania,2019,68.3
tza,Tanzania,2020,67.2
tza,Tanzania,2021,65.2
tza,Tanzania,2022,68.9
tza,Tanzania,2023,69.4
tza,Tanzania,2024,69.61
tza,Tanzania,2025,69.81
uga,Uganda,1900,27.24
uga,Uganda,1901,27.28
uga,Uganda,1902,27.32
uga,Uganda,1903,27.35
uga,Uganda,1904,27.39
uga,Uganda,1905,27.43
uga,Uganda,1906,27.47
uga,Uganda,1907,27.51
uga,Uganda,1908,27.55
uga,Uganda,1909,27.59
uga,Uganda,1910,27.63
uga,Uganda,1911,27.66
uga,Uganda,1912,27.7
uga,Uganda,1913,27.74
uga,Uganda,1914,27.78
uga,Uganda,1915,27.82
uga,Uganda,1916,27.86
uga,Uganda,1917,27.9
uga,Uganda,1918,10.8
uga,Uganda,1919,27.97
uga,Uganda,1920,28.01
uga,Uganda,1921,28.05
uga,Uganda,1922,28.09
uga,Uganda,1923,27.82
uga,Uganda,1924,27.54
uga,Uganda,1925,27.27
uga,Uganda,1926,26.99
uga,Uganda,1927,26.72
uga,Uganda,1928,27.04
uga,Uganda,1929,27.35
uga,Uganda,1930,27.67
uga,Uganda,1931,27.99
uga,Uganda,1932,28.31
uga,Uganda,1933,28.63
uga,Uganda,1934,28.95
uga,Uganda,1935,29.27
uga,Uganda,1936,29.59
uga,Uganda,1937,29.92
uga,Uganda,1938,30.3
uga,Uganda,1939,30.68
uga,Uganda,1940,31.06
uga,Uganda,1941,31.52
uga,Uganda,1942,31.98
uga,Uganda,1943,32.43
uga,Uganda,1944,32.9
uga,Uganda,1945,33.36
uga,Uganda,1946,35.81
uga,Uganda,1947,38.27
uga,Uganda,1948,40.74
uga,Uganda,1949,43.21
uga,Uganda,1950,45.7
uga,Uganda,1951,45.9
uga,Uganda,1952,45.9
uga,Uganda,1953,46.2
uga,Uganda,1954,46.4
uga,Uganda,1955,46.2
uga,Uganda,1956,46.4
uga,Uganda,1957,46.6
uga,Uganda,1958,46.7
uga,Uganda,1959,46.8
uga,Uganda,1960,46.9
uga,Uganda,1961,47.0
uga,Uganda,1962,47.1
uga,Uganda,1963,47.3
uga,Uganda,1964,47.5
uga,Uganda,1965,47.7
uga,Uganda,1966,47.9
uga,Uganda,1967,48.1
uga,Uganda,1968,48.3
uga,Uganda,1969,48.5
uga,Uganda,1970,48.8
uga,Uganda,1971,49.0
uga,Uganda,1972,49.3
uga,Uganda,1973,49.6
uga,Uganda,1974,49.8
uga,Uganda,1975,50.1
uga,Uganda,1976,50.4
uga,Uganda,1977,50.7
uga,Uganda,1978,50.8
uga,Uganda,1979,51.1
uga,Uganda,1980,49.4
uga,Uganda,1981,49.5
uga,Uganda,1982,49.6
uga,Uganda,1983,49.5
uga,Uganda,1984,49.2
uga,Uganda,1985,48.7
uga,Uganda,1986,48.1
uga,Uganda,1987,48.7
uga,Uganda,1988,48.1
uga,Uganda,1989,47.4
uga,Uganda,1990,46.9
uga,Uganda,1991,46.3
uga,Uganda,1992,46.2
uga,Uganda,1993,46.1
uga,Uganda,1994,46.1
uga,Uganda,1995,46.4
uga,Uganda,1996,46.6
uga,Uganda,1997,47.1
uga,Uganda,1998,47.6
uga,Uganda,1999,48.1
uga,Uganda,2000,48.5
uga,Uganda,2001,49.5
uga,Uganda,2002,50.4
uga,Uganda,2003,51.7
uga,Uganda,2004,53.3
uga,Uganda,2005,55.2
uga,Uganda,2006,55.9
uga,Uganda,2007,56.4
uga,Uganda,2008,57.4
uga,Uganda,2009,58.4
uga,Uganda,2010,59.3
uga,Uganda,2011,60.0
uga,Uganda,2012,60.6
uga,Uganda,2013,61.4
uga,Uganda,2014,62.1
uga,Uganda,2015,62.7
uga,Uganda,2016,63.3
uga,Uganda,2017,63.9
uga,Uganda,2018,64.4
uga,Uganda,2019,64.9
uga,Uganda,2020,64.6
uga,Uganda,2021,61.6
uga,Uganda,2022,65.1
uga,Uganda,2023,65.6
uga,Uganda,2024,65.79
uga,Uganda,2025,65.98
ukr,Ukraine,1900,37.75
ukr,Ukraine,1901,38.19
ukr,Ukraine,1902,38.62
ukr,Ukraine,1903,39.05
ukr,Ukraine,1904,39.49
ukr,Ukraine,1905,39.93
ukr,Ukraine,1906,40.37
ukr,Ukraine,1907,40.8
ukr,Ukraine,1908,41.23
ukr,Ukraine,1909,41.67
ukr,Ukraine,1910,42.11
ukr,Ukraine,1911,42.55
ukr,Ukraine,1912,43.0
ukr,Ukraine,1913,43.44
ukr,Ukraine,1914,42.18
ukr,Ukraine,1915,36.43
ukr,Ukraine,1916,36.45
ukr,Ukraine,1917,34.39
ukr,Ukraine,1918,30.24
ukr,Ukraine,1919,32.35
ukr,Ukraine,1920,29.29
ukr,Ukraine,1921,32.75
ukr,Ukraine,1922,33.71
ukr,Ukraine,1923,43.04
ukr,Ukraine,1924,45.68
ukr,Ukraine,1925,44.77
ukr,Ukraine,1926,48.15
ukr,Ukraine,1927,47.23
ukr,Ukraine,1928,48.94
ukr,Ukraine,1929,46.98
ukr,Ukraine,1930,46.95
ukr,Ukraine,1931,48.03
ukr,Ukraine,1932,38.86
ukr,Ukraine,1933,9.52
ukr,Ukraine,1934,41.85
ukr,Ukraine,1935,52.26
ukr,Ukraine,1936,53.02
ukr,Ukraine,1937,51.74
ukr,Ukraine,1938,53.09
ukr,Ukraine,1939,52.91
ukr,Ukraine,1940,52.73
ukr,Ukraine,1941,26.37
ukr,Ukraine,1942,20.66
ukr,Ukraine,1943,19.29
ukr,Ukraine,1944,30.62
ukr,Ukraine,1945,37.62
ukr,Ukraine,1946,58.58
ukr,Ukraine,1947,47.95
ukr,Ukraine,1948,61.4
ukr,Ukraine,1949,64.4
ukr,Ukraine,1950,66.5
ukr,Ukraine,1951,66.8
ukr,Ukraine,1952,67.1
ukr,Ukraine,1953,67.4
ukr,Ukraine,1954,67.7
ukr,Ukraine,1955,68.0
ukr,Ukraine,1956,68.2
ukr,Ukraine,1957,68.4
ukr,Ukraine,1958,68.9
ukr,Ukraine,1959,69.6
ukr,Ukraine,1960,70.6
ukr,Ukraine,1961,70.9
ukr,Ukraine,1962,70.8
ukr,Ukraine,1963,71.3
ukr,Ukraine,1964,71.8
ukr,Ukraine,1965,71.7
ukr,Ukraine,1966,71.7
ukr,Ukraine,1967,71.6
ukr,Ukraine,1968,71.5
ukr,Ukraine,1969,71.1
ukr,Ukraine,1970,70.9
ukr,Ukraine,1971,71.0
ukr,Ukraine,1972,70.9
ukr,Ukraine,1973,71.0
ukr,Ukraine,1974,70.9
ukr,Ukraine,1975,70.5
ukr,Ukraine,1976,70.3
ukr,Ukraine,1977,70.1
ukr,Ukraine,1978,70.0
ukr,Ukraine,1979,69.8
ukr,Ukraine,1980,69.8
ukr,Ukraine,1981,69.9
ukr,Ukraine,1982,70.1
ukr,Ukraine,1983,70.0
ukr,Ukraine,1984,69.9
ukr,Ukraine,1985,70.3
ukr,Ukraine,1986,71.2
ukr,Ukraine,1987,71.3
ukr,Ukraine,1988,71.2
ukr,Ukraine,1989,71.1
ukr,Ukraine,1990,70.6
ukr,Ukraine,1991,69.9
ukr,Ukraine,1992,69.2
ukr,Ukraine,1993,68.4
ukr,Ukraine,1994,67.8
ukr,Ukraine,1995,67.1
ukr,Ukraine,1996,67.3
ukr,Ukraine,1997,67.9
ukr,Ukraine,1998,68.5
ukr,Ukraine,1999,68.3
ukr,Ukraine,2000,68.1
ukr,Ukraine,2001,68.2
ukr,Ukraine,2002,68.1
ukr,Ukraine,2003,68.0
ukr,Ukraine,2004,67.9
ukr,Ukraine,2005,67.7
ukr,Ukraine,2006,67.9
ukr,Ukraine,2007,68.0
ukr,Ukraine,2008,68.4
ukr,Ukraine,2009,69.6
ukr,Ukraine,2010,70.4
ukr,Ukraine,2011,71.0
ukr,Ukraine,2012,71.2
ukr,Ukraine,2013,71.4
ukr,Ukraine,2014,71.7
ukr,Ukraine,2015,72.8
ukr,Ukraine,2016,73.2
ukr,Ukraine,2017,73.1
ukr,Ukraine,2018,73.4
ukr,Ukraine,2019,73.4
ukr,Ukraine,2020,72.3
ukr,Ukraine,2021,70.8
ukr,Ukraine,2022,68.4
ukr,Ukraine,2023,72.5
ukr,Ukraine,2024,73.78
ukr,Ukraine,2025,73.98
ury,Uruguay,1900,33.0
ury,Uruguay,1901,33.0
ury,Uruguay,1902,33.01
ury,Uruguay,1903,33.01
ury,Uruguay,1904,33.01
ury,Uruguay,1905,33.01
ury,Uruguay,1906,33.01
ury,Uruguay,1907,33.02
ury,Uruguay,1908,33.02
ury,Uruguay,1909,33.02
ury,Uruguay,1910,33.02
ury,Uruguay,1911,33.02
ury,Uruguay,1912,33.03
ury,Uruguay,1913,33.03
ury,Uruguay,1914,33.03
ury,Uruguay,1915,33.03
ury,Uruguay,1916,33.04
ury,Uruguay,1917,33.04
ury,Uruguay,1918,30.73
ury,Uruguay,1919,33.04
ury,Uruguay,1920,33.04
ury,Uruguay,1921,33.05
ury,Uruguay,1922,33.05
ury,Uruguay,1923,33.05
ury,Uruguay,1924,33.05
ury,Uruguay,1925,33.05
ury,Uruguay,1926,34.38
ury,Uruguay,1927,35.7
ury,Uruguay,1928,37.03
ury,Uruguay,1929,38.35
ury,Uruguay,1930,39.68
ury,Uruguay,1931,41.01
ury,Uruguay,1932,42.32
ury,Uruguay,1933,43.65
ury,Uruguay,1934,44.98
ury,Uruguay,1935,46.3
ury,Uruguay,1936,47.63
ury,Uruguay,1937,48.95
ury,Uruguay,1938,50.28
ury,Uruguay,1939,51.61
ury,Uruguay,1940,52.93
ury,Uruguay,1941,54.28
ury,Uruguay,1942,55.61
ury,Uruguay,1943,56.95
ury,Uruguay,1944,58.28
ury,Uruguay,1945,59.61
ury,Uruguay,1946,60.95
ury,Uruguay,1947,62.29
ury,Uruguay,1948,63.63
ury,Uruguay,1949,64.97
ury,Uruguay,1950,66.3
ury,Uruguay,1951,66.8
ury,Uruguay,1952,67.2
ury,Uruguay,1953,67.6
ury,Uruguay,1954,67.8
ury,Uruguay,1955,67.8
ury,Uruguay,1956,68.0
ury,Uruguay,1957,68.0
ury,Uruguay,1958,68.0
ury,Uruguay,1959,68.0
ury,Uruguay,1960,68.2
ury,Uruguay,1961,68.5
ury,Uruguay,1962,68.7
ury,Uruguay,1963,68.6
ury,Uruguay,1964,68.5
ury,Uruguay,1965,68.4
ury,Uruguay,1966,68.4
ury,Uruguay,1967,68.3
ury,Uruguay,1968,68.3
ury,Uruguay,1969,68.2
ury,Uruguay,1970,68.2
ury,Uruguay,1971,68.2
ury,Uruguay,1972,68.2
ury,Uruguay,1973,68.7
ury,Uruguay,1974,69.1
ury,Uruguay,1975,69.5
ury,Uruguay,1976,69.6
ury,Uruguay,1977,69.8
ury,Uruguay,1978,70.2
ury,Uruguay,1979,70.4
ury,Uruguay,1980,70.7
ury,Uruguay,1981,71.3
ury,Uruguay,1982,71.8
ury,Uruguay,1983,71.8
ury,Uruguay,1984,71.9
ury,Uruguay,1985,72.3
ury,Uruguay,1986,72.5
ury,Uruguay,1987,72.5
ury,Uruguay,1988,72.5
ury,Uruguay,1989,72.8
ury,Uruguay,1990,73.1
ury,Uruguay,1991,73.3
ury,Uruguay,1992,73.4
ury,Uruguay,1993,73.3
ury,Uruguay,1994,73.6
ury,Uruguay,1995,73.6
ury,Uruguay,1996,73.8
ury,Uruguay,1997,74.1
ury,Uruguay,1998,74.1
ury,Uruguay,1999,74.2
ury,Uruguay,2000,74.7
ury,Uruguay,2001,74.9
ury,Uruguay,2002,75.0
ury,Uruguay,2003,75.0
ury,Uruguay,2004,75.3
ury,Uruguay,2005,75.6
ury,Uruguay,2006,75.8
ury,Uruguay,2007,75.8
ury,Uruguay,2008,76.2
ury,Uruguay,2009,76.5
ury,Uruguay,2010,76.4
ury,Uruguay,2011,76.4
ury,Uruguay,2012,76.5
ury,Uruguay,2013,76.8
ury,Uruguay,2014,77.0
ury,Uruguay,2015,77.0
ury,Uruguay,2016,77.0
ury,Uruguay,2017,77.2
ury,Uruguay,2018,77.2
ury,Uruguay,2019,77.5
ury,Uruguay,2020,77.9
ury,Uruguay,2021,75.1
ury,Uruguay,2022,76.2
ury,Uruguay,2023,77.4
ury,Uruguay,2024,77.6
ury,Uruguay,2025,77.8
usa,USA,1900,49.07
usa,USA,1901,49.44
usa,USA,1902,50.65
usa,USA,1903,50.75
usa,USA,1904,49.75
usa,USA,1905,50.45
usa,USA,1906,50.26
usa,USA,1907,50.36
usa,USA,1908,52.07
usa,USA,1909,52.97
usa,USA,1910,51.97
usa,USA,1911,53.58
usa,USA,1912,54.29
usa,USA,1913,53.69
usa,USA,1914,54.79
usa,USA,1915,55.3
usa,USA,1916,54.4
usa,USA,1917,54.2
usa,USA,1918,47.38
usa,USA,1919,55.51
usa,USA,1920,55.62
usa,USA,1921,58.43
usa,USA,1922,58.33
usa,USA,1923,57.73
usa,USA,1924,58.74
usa,USA,1925,58.74
usa,USA,1926,58.15
usa,USA,1927,59.66
usa,USA,1928,58.55
usa,USA,1929,58.76
usa,USA,1930,59.87
usa,USA,1931,60.57
usa,USA,1932,61.28
usa,USA,1933,61.24
usa,USA,1934,60.57
usa,USA,1935,61.23
usa,USA,1936,60.69
usa,USA,1937,61.4
usa,USA,1938,62.74
usa,USA,1939,63.43
usa,USA,1940,63.6
usa,USA,1941,64.16
usa,USA,1942,64.96
usa,USA,1943,64.67
usa,USA,1944,65.47
usa,USA,1945,65.98
usa,USA,1946,66.69
usa,USA,1947,67.09
usa,USA,1948,67.67
usa,USA,1949,68.05
usa,USA,1950,68.5
usa,USA,1951,68.5
usa,USA,1952,68.7
usa,USA,1953,69.0
usa,USA,1954,69.7
usa,USA,1955,69.8
usa,USA,1956,69.8
usa,USA,1957,69.6
usa,USA,1958,69.8
usa,USA,1959,70.0
usa,USA,1960,69.9
usa,USA,1961,70.3
usa,USA,1962,70.2
usa,USA,1963,70.0
usa,USA,1964,70.2
usa,USA,1965,70.3
usa,USA,1966,70.2
usa,USA,1967,70.5
usa,USA,1968,70.2
usa,USA,1969,70.5
usa,USA,1970,70.8
usa,USA,1971,71.2
usa,USA,1972,71.3
usa,USA,1973,71.5
usa,USA,1974,72.1
usa,USA,1975,72.6
usa,USA,1976,72.9
usa,USA,1977,73.3
usa,USA,1978,73.5
usa,USA,1979,73.8
usa,USA,1980,73.8
usa,USA,1981,74.1
usa,USA,1982,74.5
usa,USA,1983,74.6
usa,USA,1984,74.7
usa,USA,1985,74.7
usa,USA,1986,74.8
usa,USA,1987,75.0
usa,USA,1988,75.0
usa,USA,1989,75.3
usa,USA,1990,75.5
usa,USA,1991,75.6
usa,USA,1992,75.8
usa,USA,1993,75.6
usa,USA,1994,75.8
usa,USA,1995,75.9
usa,USA,1996,76.2
usa,USA,1997,76.5
usa,USA,1998,76.7
usa,USA,1999,76.7
usa,USA,2000,76.8
usa,USA,2001,76.9
usa,USA,2002,77.0
usa,USA,2003,77.2
usa,USA,2004,77.6
usa,USA,2005,77.6
usa,USA,2006,77.8
usa,USA,2007,78.1
usa,USA,2008,78.2
usa,USA,2009,78.5
usa,USA,2010,78.7
usa,USA,2011,78.8
usa,USA,2012,78.9
usa,USA,2013,78.9
usa,USA,2014,78.9
usa,USA,2015,78.8
usa,USA,2016,78.7
usa,USA,2017,78.7
usa,USA,2018,78.8
usa,USA,2019,78.9
usa,USA,2020,77.1
usa,USA,2021,76.4
usa,USA,2022,77.6
usa,USA,2023,78.5
usa,USA,2024,78.7
usa,USA,2025,78.8
uzb,Uzbekistan,1900,29.28
uzb,Uzbekistan,1901,29.54
uzb,Uzbekistan,1902,29.8
uzb,Uzbekistan,1903,30.07
uzb,Uzbekistan,1904,30.33
uzb,Uzbekistan,1905,30.59
uzb,Uzbekistan,1906,30.86
uzb,Uzbekistan,1907,31.12
uzb,Uzbekistan,1908,31.39
uzb,Uzbekistan,1909,31.65
uzb,Uzbekistan,1910,31.91
uzb,Uzbekistan,1911,34.93
uzb,Uzbekistan,1912,35.38
uzb,Uzbekistan,1913,33.18
uzb,Uzbekistan,1914,32.77
uzb,Uzbekistan,1915,32.37
uzb,Uzbekistan,1916,32.38
uzb,Uzbekistan,1917,29.33
uzb,Uzbekistan,1918,19.13
uzb,Uzbekistan,1919,24.72
uzb,Uzbekistan,1920,20.13
uzb,Uzbekistan,1921,23.51
uzb,Uzbekistan,1922,24.43
uzb,Uzbekistan,1923,33.54
uzb,Uzbekistan,1924,36.11
uzb,Uzbekistan,1925,35.2
uzb,Uzbekistan,1926,38.49
uzb,Uzbekistan,1927,37.81
uzb,Uzbekistan,1928,39.37
uzb,Uzbekistan,1929,38.11
uzb,Uzbekistan,1930,37.42
uzb,Uzbekistan,1931,31.5
uzb,Uzbekistan,1932,23.31
uzb,Uzbekistan,1933,19.21
uzb,Uzbekistan,1934,39.89
uzb,Uzbekistan,1935,41.5
uzb,Uzbekistan,1936,43.22
uzb,Uzbekistan,1937,42.22
uzb,Uzbekistan,1938,43.97
uzb,Uzbekistan,1939,46.45
uzb,Uzbekistan,1940,43.92
uzb,Uzbekistan,1941,31.07
uzb,Uzbekistan,1942,26.78
uzb,Uzbekistan,1943,24.75
uzb,Uzbekistan,1944,34.46
uzb,Uzbekistan,1945,42.21
uzb,Uzbekistan,1946,51.34
uzb,Uzbekistan,1947,43.13
uzb,Uzbekistan,1948,51.48
uzb,Uzbekistan,1949,54.39
uzb,Uzbekistan,1950,56.8
uzb,Uzbekistan,1951,57.1
uzb,Uzbekistan,1952,57.4
uzb,Uzbekistan,1953,57.9
uzb,Uzbekistan,1954,58.2
uzb,Uzbekistan,1955,58.5
uzb,Uzbekistan,1956,59.0
uzb,Uzbekistan,1957,59.5
uzb,Uzbekistan,1958,60.0
uzb,Uzbekistan,1959,60.6
uzb,Uzbekistan,1960,61.2
uzb,Uzbekistan,1961,61.9
uzb,Uzbekistan,1962,62.5
uzb,Uzbekistan,1963,63.0
uzb,Uzbekistan,1964,63.6
uzb,Uzbekistan,1965,64.2
uzb,Uzbekistan,1966,64.7
uzb,Uzbekistan,1967,65.1
uzb,Uzbekistan,1968,65.5
uzb,Uzbekistan,1969,65.8
uzb,Uzbekistan,1970,66.0
uzb,Uzbekistan,1971,66.2
uzb,Uzbekistan,1972,66.2
uzb,Uzbekistan,1973,66.3
uzb,Uzbekistan,1974,66.3
uzb,Uzbekistan,1975,66.4
uzb,Uzbekistan,1976,66.4
uzb,Uzbekistan,1977,66.5
uzb,Uzbekistan,1978,66.6
uzb,Uzbekistan,1979,66.7
uzb,Uzbekistan,1980,66.9
uzb,Uzbekistan,1981,67.0
uzb,Uzbekistan,1982,67.1
uzb,Uzbekistan,1983,67.2
uzb,Uzbekistan,1984,67.3
uzb,Uzbekistan,1985,67.3
uzb,Uzbekistan,1986,67.4
uzb,Uzbekistan,1987,67.6
uzb,Uzbekistan,1988,67.9
uzb,Uzbekistan,1989,68.2
uzb,Uzbekistan,1990,68.3
uzb,Uzbekistan,1991,68.1
uzb,Uzbekistan,1992,67.7
uzb,Uzbekistan,1993,67.3
uzb,Uzbekistan,1994,67.0
uzb,Uzbekistan,1995,67.0
uzb,Uzbekistan,1996,67.1
uzb,Uzbekistan,1997,67.4
uzb,Uzbekistan,1998,67.7
uzb,Uzbekistan,1999,68.1
uzb,Uzbekistan,2000,68.3
uzb,Uzbekistan,2001,68.4
uzb,Uzbekistan,2002,68.6
uzb,Uzbekistan,2003,68.8
uzb,Uzbekistan,2004,69.0
uzb,Uzbekistan,2005,69.0
uzb,Uzbekistan,2006,68.9
uzb,Uzbekistan,2007,69.2
uzb,Uzbekistan,2008,69.6
uzb,Uzbekistan,2009,69.9
uzb,Uzbekistan,2010,70.1
uzb,Uzbekistan,2011,70.2
uzb,Uzbekistan,2012,70.4
uzb,Uzbekistan,2013,70.7
uzb,Uzbekistan,2014,70.9
uzb,Uzbekistan,2015,71.1
uzb,Uzbekistan,2016,71.2
uzb,Uzbekistan,2017,71.4
uzb,Uzbekistan,2018,71.6
uzb,Uzbekistan,2019,71.7
uzb,Uzbekistan,2020,71.2
uzb,Uzbekistan,2021,71.6
uzb,Uzbekistan,2022,72.1
uzb,Uzbekistan,2023,72.5
uzb,Uzbekistan,2024,72.6
uzb,Uzbekistan,2025,72.8
vct,St. Vincent and the Grenadines,1900,28.26
vct,St. Vincent and the Grenadines,1901,28.3
vct,St. Vincent and the Grenadines,1902,28.35
vct,St. Vincent and the Grenadines,1903,28.39
vct,St. Vincent and the Grenadines,1904,28.44
vct,St. Vincent and the Grenadines,1905,28.48
vct,St. Vincent and the Grenadines,1906,28.53
vct,St. Vincent and the Grenadines,1907,28.57
vct,St. Vincent and the Grenadines,1908,28.62
vct,St. Vincent and the Grenadines,1909,28.66
vct,St. Vincent and the Grenadines,1910,28.71
vct,St. Vincent and the Grenadines,1911,28.75
vct,St. Vincent and the Grenadines,1912,28.8
vct,St. Vincent and the Grenadines,1913,28.84
vct,St. Vincent and the Grenadines,1914,28.89
vct,St. Vincent and the Grenadines,1915,28.94
vct,St. Vincent and the Grenadines,1916,28.98
vct,St. Vincent and the Grenadines,1917,29.03
vct,St. Vincent and the Grenadines,1918,18.85
vct,St. Vincent and the Grenadines,1919,29.12
vct,St. Vincent and the Grenadines,1920,29.16
vct,St. Vincent and the Grenadines,1921,29.21
vct,St. Vincent and the Grenadines,1922,30.18
vct,St. Vincent and the Grenadines,1923,31.16
vct,St. Vincent and the Grenadines,1924,32.14
vct,St. Vincent and the Grenadines,1925,33.13
vct,St. Vincent and the Grenadines,1926,34.11
vct,St. Vincent and the Grenadines,1927,35.1
vct,St. Vincent and the Grenadines,1928,36.1
vct,St. Vincent and the Grenadines,1929,37.1
vct,St. Vincent and the Grenadines,1930,38.09
vct,St. Vincent and the Grenadines,1931,39.1
vct,St. Vincent and the Grenadines,1932,40.11
vct,St. Vincent and the Grenadines,1933,41.12
vct,St. Vincent and the Grenadines,1934,42.12
vct,St. Vincent and the Grenadines,1935,43.14
vct,St. Vincent and the Grenadines,1936,44.16
vct,St. Vincent and the Grenadines,1937,45.18
vct,St. Vincent and the Grenadines,1938,46.19
vct,St. Vincent and the Grenadines,1939,47.22
vct,St. Vincent and the Grenadines,1940,48.25
vct,St. Vincent and the Grenadines,1941,49.28
vct,St. Vincent and the Grenadines,1942,50.3
vct,St. Vincent and the Grenadines,1943,51.32
vct,St. Vincent and the Grenadines,1944,52.35
vct,St. Vincent and the Grenadines,1945,53.4
vct,St. Vincent and the Grenadines,1946,54.43
vct,St. Vincent and the Grenadines,1947,55.46
vct,St. Vincent and the Grenadines,1948,56.51
vct,St. Vincent and the Grenadines,1949,57.55
vct,St. Vincent and the Grenadines,1950,58.6
vct,St. Vincent and the Grenadines,1951,58.5
vct,St. Vincent and the Grenadines,1952,58.3
vct,St. Vincent and the Grenadines,1953,58.0
vct,St. Vincent and the Grenadines,1954,57.4
vct,St. Vincent and the Grenadines,1955,54.0
vct,St. Vincent and the Grenadines,1956,56.0
vct,St. Vincent and the Grenadines,1957,55.6
vct,St. Vincent and the Grenadines,1958,55.8
vct,St. Vincent and the Grenadines,1959,56.5
vct,St. Vincent and the Grenadines,1960,57.6
vct,St. Vincent and the Grenadines,1961,58.9
vct,St. Vincent and the Grenadines,1962,59.9
vct,St. Vincent and the Grenadines,1963,60.5
vct,St. Vincent and the Grenadines,1964,60.9
vct,St. Vincent and the Grenadines,1965,61.3
vct,St. Vincent and the Grenadines,1966,62.0
vct,St. Vincent and the Grenadines,1967,62.8
vct,St. Vincent and the Grenadines,1968,63.6
vct,St. Vincent and the Grenadines,1969,64.0
vct,St. Vincent and the Grenadines,1970,64.2
vct,St. Vincent and the Grenadines,1971,64.5
vct,St. Vincent and the Grenadines,1972,65.1
vct,St. Vincent and the Grenadines,1973,65.9
vct,St. Vincent and the Grenadines,1974,66.7
vct,St. Vincent and the Grenadines,1975,67.3
vct,St. Vincent and the Grenadines,1976,67.8
vct,St. Vincent and the Grenadines,1977,68.1
vct,St. Vincent and the Grenadines,1978,68.4
vct,St. Vincent and the Grenadines,1979,68.6
vct,St. Vincent and the Grenadines,1980,68.9
vct,St. Vincent and the Grenadines,1981,69.2
vct,St. Vincent and the Grenadines,1982,69.6
vct,St. Vincent and the Grenadines,1983,70.1
vct,St. Vincent and the Grenadines,1984,70.5
vct,St. Vincent and the Grenadines,1985,70.9
vct,St. Vincent and the Grenadines,1986,71.2
vct,St. Vincent and the Grenadines,1987,71.2
vct,St. Vincent and the Grenadines,1988,71.6
vct,St. Vincent and the Grenadines,1989,71.7
vct,St. Vincent and the Grenadines,1990,71.7
vct,St. Vincent and the Grenadines,1991,71.6
vct,St. Vincent and the Grenadines,1992,71.3
vct,St. Vincent and the Grenadines,1993,71.1
vct,St. Vincent and the Grenadines,1994,71.0
vct,St. Vincent and the Grenadines,1995,71.0
vct,St. Vincent and the Grenadines,1996,71.2
vct,St. Vincent and the Grenadines,1997,71.4
vct,St. Vincent and the Grenadines,1998,71.5
vct,St. Vincent and the Grenadines,1999,71.7
vct,St. Vincent and the Grenadines,2000,71.8
vct,St. Vincent and the Grenadines,2001,72.1
vct,St. Vincent and the Grenadines,2002,72.1
vct,St. Vincent and the Grenadines,2003,72.4
vct,St. Vincent and the Grenadines,2004,72.6
vct,St. Vincent and the Grenadines,2005,72.9
vct,St. Vincent and the Grenadines,2006,73.3
vct,St. Vincent and the Grenadines,2007,73.5
vct,St. Vincent and the Grenadines,2008,73.6
vct,St. Vincent and the Grenadines,2009,73.8
vct,St. Vincent and the Grenadines,2010,73.8
vct,St. Vincent and the Grenadines,2011,73.7
vct,St. Vincent and the Grenadines,2012,73.6
vct,St. Vincent and the Grenadines,2013,73.5
vct,St. Vincent and the Grenadines,2014,73.9
vct,St. Vincent and the Grenadines,2015,74.2
vct,St. Vincent and the Grenadines,2016,74.3
vct,St. Vincent and the Grenadines,2017,74.4
vct,St. Vincent and the Grenadines,2018,74.5
vct,St. Vincent and the Grenadines,2019,74.5
vct,St. Vincent and the Grenadines,2020,74.2
vct,St. Vincent and the Grenadines,2021,74.1
vct,St. Vincent and the Grenadines,2022,74.9
vct,St. Vincent and the Grenadines,2023,75.1
vct,St. Vincent and the Grenadines,2024,75.31
vct,St. Vincent and the Grenadines,2025,75.42
ven,Venezuela,1900,33.58
ven,Venezuela,1901,33.61
ven,Venezuela,1902,33.64
ven,Venezuela,1903,33.67
ven,Venezuela,1904,33.69
ven,Venezuela,1905,33.72
ven,Venezuela,1906,33.75
ven,Venezuela,1907,33.78
ven,Venezuela,1908,33.81
ven,Venezuela,1909,33.83
ven,Venezuela,1910,33.86
ven,Venezuela,1911,33.89
ven,Venezuela,1912,33.92
ven,Venezuela,1913,33.94
ven,Venezuela,1914,33.97
ven,Venezuela,1915,34.0
ven,Venezuela,1916,34.03
ven,Venezuela,1917,34.05
ven,Venezuela,1918,30.84
ven,Venezuela,1919,34.11
ven,Venezuela,1920,34.14
ven,Venezuela,1921,34.17
ven,Venezuela,1922,34.19
ven,Venezuela,1923,34.22
ven,Venezuela,1924,34.25
ven,Venezuela,1925,34.28
ven,Venezuela,1926,34.3
ven,Venezuela,1927,34.51
ven,Venezuela,1928,34.72
ven,Venezuela,1929,34.93
ven,Venezuela,1930,35.14
ven,Venezuela,1931,35.35
ven,Venezuela,1932,35.56
ven,Venezuela,1933,35.77
ven,Venezuela,1934,35.98
ven,Venezuela,1935,36.19
ven,Venezuela,1936,36.41
ven,Venezuela,1937,37.72
ven,Venezuela,1938,39.05
ven,Venezuela,1939,40.37
ven,Venezuela,1940,41.69
ven,Venezuela,1941,43.05
ven,Venezuela,1942,44.81
ven,Venezuela,1943,46.57
ven,Venezuela,1944,48.34
ven,Venezuela,1945,50.11
ven,Venezuela,1946,51.89
ven,Venezuela,1947,53.66
ven,Venezuela,1948,55.44
ven,Venezuela,1949,57.21
ven,Venezuela,1950,59.0
ven,Venezuela,1951,59.3
ven,Venezuela,1952,59.7
ven,Venezuela,1953,60.2
ven,Venezuela,1954,60.5
ven,Venezuela,1955,60.8
ven,Venezuela,1956,61.1
ven,Venezuela,1957,61.7
ven,Venezuela,1958,62.4
ven,Venezuela,1959,63.4
ven,Venezuela,1960,64.3
ven,Venezuela,1961,65.0
ven,Venezuela,1962,65.2
ven,Venezuela,1963,65.4
ven,Venezuela,1964,65.4
ven,Venezuela,1965,65.6
ven,Venezuela,1966,65.7
ven,Venezuela,1967,65.8
ven,Venezuela,1968,65.8
ven,Venezuela,1969,65.8
ven,Venezuela,1970,65.9
ven,Venezuela,1971,66.0
ven,Venezuela,1972,66.0
ven,Venezuela,1973,66.2
ven,Venezuela,1974,66.5
ven,Venezuela,1975,67.0
ven,Venezuela,1976,67.5
ven,Venezuela,1977,68.1
ven,Venezuela,1978,68.6
ven,Venezuela,1979,68.9
ven,Venezuela,1980,69.1
ven,Venezuela,1981,69.3
ven,Venezuela,1982,69.7
ven,Venezuela,1983,70.2
ven,Venezuela,1984,70.6
ven,Venezuela,1985,70.9
ven,Venezuela,1986,71.2
ven,Venezuela,1987,71.4
ven,Venezuela,1988,71.5
ven,Venezuela,1989,71.6
ven,Venezuela,1990,71.7
ven,Venezuela,1991,71.8
ven,Venezuela,1992,71.8
ven,Venezuela,1993,71.9
ven,Venezuela,1994,71.9
ven,Venezuela,1995,72.2
ven,Venezuela,1996,72.6
ven,Venezuela,1997,73.0
ven,Venezuela,1998,73.4
ven,Venezuela,1999,69.2
ven,Venezuela,2000,73.6
ven,Venezuela,2001,73.5
ven,Venezuela,2002,73.6
ven,Venezuela,2003,73.5
ven,Venezuela,2004,73.9
ven,Venezuela,2005,74.3
ven,Venezuela,2006,74.4
ven,Venezuela,2007,74.4
ven,Venezuela,2008,74.3
ven,Venezuela,2009,74.4
ven,Venezuela,2010,74.6
ven,Venezuela,2011,74.7
ven,Venezuela,2012,74.8
ven,Venezuela,2013,74.7
ven,Venezuela,2014,74.3
ven,Venezuela,2015,73.8
ven,Venezuela,2016,73.2
ven,Venezuela,2017,72.9
ven,Venezuela,2018,72.7
ven,Venezuela,2019,72.4
ven,Venezuela,2020,71.8
ven,Venezuela,2021,70.9
ven,Venezuela,2022,71.6
ven,Venezuela,2023,71.8
ven,Venezuela,2024,72.0
ven,Venezuela,2025,72.1
vnm,Vietnam,1900,31.79
vnm,Vietnam,1901,31.78
vnm,Vietnam,1902,31.78
vnm,Vietnam,1903,31.78
vnm,Vietnam,1904,31.77
vnm,Vietnam,1905,31.77
vnm,Vietnam,1906,31.76
vnm,Vietnam,1907,31.76
vnm,Vietnam,1908,31.76
vnm,Vietnam,1909,31.75
vnm,Vietnam,1910,31.75
vnm,Vietnam,1911,31.74
vnm,Vietnam,1912,31.74
vnm,Vietnam,1913,31.73
vnm,Vietnam,1914,31.73
vnm,Vietnam,1915,31.73
vnm,Vietnam,1916,31.72
vnm,Vietnam,1917,31.72
vnm,Vietnam,1918,20.33
vnm,Vietnam,1919,31.71
vnm,Vietnam,1920,31.7
vnm,Vietnam,1921,31.7
vnm,Vietnam,1922,31.7
vnm,Vietnam,1923,31.69
vnm,Vietnam,1924,31.69
vnm,Vietnam,1925,31.68
vnm,Vietnam,1926,31.68
vnm,Vietnam,1927,31.68
vnm,Vietnam,1928,31.67
vnm,Vietnam,1929,31.67
vnm,Vietnam,1930,31.66
vnm,Vietnam,1931,31.83
vnm,Vietnam,1932,31.98
vnm,Vietnam,1933,32.14
vnm,Vietnam,1934,32.31
vnm,Vietnam,1935,32.46
vnm,Vietnam,1936,32.63
vnm,Vietnam,1937,33.96
vnm,Vietnam,1938,35.28
vnm,Vietnam,1939,36.61
vnm,Vietnam,1940,35.57
vnm,Vietnam,1941,34.65
vnm,Vietnam,1942,34.03
vnm,Vietnam,1943,32.52
vnm,Vietnam,1944,26.56
vnm,Vietnam,1945,16.66
vnm,Vietnam,1946,35.39
vnm,Vietnam,1947,41.28
vnm,Vietnam,1948,46.18
vnm,Vietnam,1949,49.11
vnm,Vietnam,1950,50.9
vnm,Vietnam,1951,50.7
vnm,Vietnam,1952,51.0
vnm,Vietnam,1953,51.5
vnm,Vietnam,1954,52.0
vnm,Vietnam,1955,54.8
vnm,Vietnam,1956,55.2
vnm,Vietnam,1957,55.7
vnm,Vietnam,1958,56.1
vnm,Vietnam,1959,56.6
vnm,Vietnam,1960,57.0
vnm,Vietnam,1961,57.3
vnm,Vietnam,1962,56.9
vnm,Vietnam,1963,55.4
vnm,Vietnam,1964,56.2
vnm,Vietnam,1965,55.8
vnm,Vietnam,1966,56.2
vnm,Vietnam,1967,56.5
vnm,Vietnam,1968,52.6
vnm,Vietnam,1969,54.8
vnm,Vietnam,1970,55.0
vnm,Vietnam,1971,55.7
vnm,Vietnam,1972,52.2
vnm,Vietnam,1973,55.4
vnm,Vietnam,1974,55.2
vnm,Vietnam,1975,61.4
vnm,Vietnam,1976,63.8
vnm,Vietnam,1977,64.2
vnm,Vietnam,1978,64.7
vnm,Vietnam,1979,65.0
vnm,Vietnam,1980,65.4
vnm,Vietnam,1981,65.9
vnm,Vietnam,1982,66.4
vnm,Vietnam,1983,66.8
vnm,Vietnam,1984,67.3
vnm,Vietnam,1985,67.8
vnm,Vietnam,1986,68.2
vnm,Vietnam,1987,68.5
vnm,Vietnam,1988,68.7
vnm,Vietnam,1989,68.9
vnm,Vietnam,1990,69.2
vnm,Vietnam,1991,69.5
vnm,Vietnam,1992,69.8
vnm,Vietnam,1993,70.1
vnm,Vietnam,1994,70.5
vnm,Vietnam,1995,70.9
vnm,Vietnam,1996,71.2
vnm,Vietnam,1997,71.5
vnm,Vietnam,1998,71.9
vnm,Vietnam,1999,72.3
vnm,Vietnam,2000,72.7
vnm,Vietnam,2001,72.9
vnm,Vietnam,2002,73.0
vnm,Vietnam,2003,73.2
vnm,Vietnam,2004,73.4
vnm,Vietnam,2005,73.5
vnm,Vietnam,2006,73.7
vnm,Vietnam,2007,73.8
vnm,Vietnam,2008,73.9
vnm,Vietnam,2009,74.0
vnm,Vietnam,2010,74.2
vnm,Vietnam,2011,74.4
vnm,Vietnam,2012,74.6
vnm,Vietnam,2013,74.7
vnm,Vietnam,2014,74.9
vnm,Vietnam,2015,75.1
vnm,Vietnam,2016,75.2
vnm,Vietnam,2017,75.4
vnm,Vietnam,2018,75.6
vnm,Vietnam,2019,75.7
vnm,Vietnam,2020,75.9
vnm,Vietnam,2021,75.1
vnm,Vietnam,2022,75.7
vnm,Vietnam,2023,76.1
vnm,Vietnam,2024,76.2
vnm,Vietnam,2025,76.41
vut,Vanuatu,1900,28.04
vut,Vanuatu,1901,28.12
vut,Vanuatu,1902,28.19
vut,Vanuatu,1903,28.27
vut,Vanuatu,1904,28.34
vut,Vanuatu,1905,28.42
vut,Vanuatu,1906,28.49
vut,Vanuatu,1907,28.57
vut,Vanuatu,1908,28.64
vut,Vanuatu,1909,28.72
vut,Vanuatu,1910,28.79
vut,Vanuatu,1911,28.87
vut,Vanuatu,1912,28.94
vut,Vanuatu,1913,29.02
vut,Vanuatu,1914,29.09
vut,Vanuatu,1915,29.16
vut,Vanuatu,1916,29.24
vut,Vanuatu,1917,29.31
vut,Vanuatu,1918,29.39
vut,Vanuatu,1919,29.46
vut,Vanuatu,1920,29.54
vut,Vanuatu,1921,29.61
vut,Vanuatu,1922,29.69
vut,Vanuatu,1923,29.76
vut,Vanuatu,1924,29.84
vut,Vanuatu,1925,29.91
vut,Vanuatu,1926,29.99
vut,Vanuatu,1927,30.06
vut,Vanuatu,1928,30.14
vut,Vanuatu,1929,30.21
vut,Vanuatu,1930,30.29
vut,Vanuatu,1931,30.36
vut,Vanuatu,1932,30.44
vut,Vanuatu,1933,30.51
vut,Vanuatu,1934,30.59
vut,Vanuatu,1935,31.96
vut,Vanuatu,1936,33.34
vut,Vanuatu,1937,34.72
vut,Vanuatu,1938,36.11
vut,Vanuatu,1939,37.51
vut,Vanuatu,1940,38.92
vut,Vanuatu,1941,40.3
vut,Vanuatu,1942,41.67
vut,Vanuatu,1943,43.07
vut,Vanuatu,1944,44.48
vut,Vanuatu,1945,45.87
vut,Vanuatu,1946,47.29
vut,Vanuatu,1947,48.7
vut,Vanuatu,1948,50.12
vut,Vanuatu,1949,51.56
vut,Vanuatu,1950,53.0
vut,Vanuatu,1951,50.7
vut,Vanuatu,1952,53.6
vut,Vanuatu,1953,53.9
vut,Vanuatu,1954,54.1
vut,Vanuatu,1955,54.4
vut,Vanuatu,1956,54.8
vut,Vanuatu,1957,55.1
vut,Vanuatu,1958,55.4
vut,Vanuatu,1959,55.7
vut,Vanuatu,1960,56.0
vut,Vanuatu,1961,56.3
vut,Vanuatu,1962,56.7
vut,Vanuatu,1963,57.0
vut,Vanuatu,1964,57.4
vut,Vanuatu,1965,57.7
vut,Vanuatu,1966,58.0
vut,Vanuatu,1967,58.4
vut,Vanuatu,1968,58.7
vut,Vanuatu,1969,59.0
vut,Vanuatu,1970,59.4
vut,Vanuatu,1971,59.7
vut,Vanuatu,1972,59.9
vut,Vanuatu,1973,60.3
vut,Vanuatu,1974,60.8
vut,Vanuatu,1975,61.2
vut,Vanuatu,1976,61.6
vut,Vanuatu,1977,62.0
vut,Vanuatu,1978,62.4
vut,Vanuatu,1979,62.8
vut,Vanuatu,1980,63.2
vut,Vanuatu,1981,63.6
vut,Vanuatu,1982,64.1
vut,Vanuatu,1983,64.5
vut,Vanuatu,1984,65.0
vut,Vanuatu,1985,65.3
vut,Vanuatu,1986,65.8
vut,Vanuatu,1987,65.3
vut,Vanuatu,1988,66.2
vut,Vanuatu,1989,66.2
vut,Vanuatu,1990,66.5
vut,Vanuatu,1991,66.4
vut,Vanuatu,1992,66.4
vut,Vanuatu,1993,66.4
vut,Vanuatu,1994,66.4
vut,Vanuatu,1995,66.7
vut,Vanuatu,1996,66.7
vut,Vanuatu,1997,66.9
vut,Vanuatu,1998,67.1
vut,Vanuatu,1999,66.7
vut,Vanuatu,2000,67.8
vut,Vanuatu,2001,67.8
vut,Vanuatu,2002,68.5
vut,Vanuatu,2003,69.2
vut,Vanuatu,2004,69.3
vut,Vanuatu,2005,69.0
vut,Vanuatu,2006,69.0
vut,Vanuatu,2007,69.0
vut,Vanuatu,2008,69.0
vut,Vanuatu,2009,69.3
vut,Vanuatu,2010,69.4
vut,Vanuatu,2011,69.3
vut,Vanuatu,2012,69.4
vut,Vanuatu,2013,69.4
vut,Vanuatu,2014,69.3
vut,Vanuatu,2015,69.4
vut,Vanuatu,2016,69.6
vut,Vanuatu,2017,69.7
vut,Vanuatu,2018,69.9
vut,Vanuatu,2019,70.1
vut,Vanuatu,2020,69.8
vut,Vanuatu,2021,69.1
vut,Vanuatu,2022,70.0
vut,Vanuatu,2023,70.3
vut,Vanuatu,2024,70.5
vut,Vanuatu,2025,70.59
wsm,Samoa,1900,29.25
wsm,Samoa,1901,29.33
wsm,Samoa,1902,29.41
wsm,Samoa,1903,29.48
wsm,Samoa,1904,29.56
wsm,Samoa,1905,29.64
wsm,Samoa,1906,29.71
wsm,Samoa,1907,29.79
wsm,Samoa,1908,29.87
wsm,Samoa,1909,29.95
wsm,Samoa,1910,30.02
wsm,Samoa,1911,30.1
wsm,Samoa,1912,30.18
wsm,Samoa,1913,30.25
wsm,Samoa,1914,30.33
wsm,Samoa,1915,30.41
wsm,Samoa,1916,30.48
wsm,Samoa,1917,30.56
wsm,Samoa,1918,1.21
wsm,Samoa,1919,30.72
wsm,Samoa,1920,30.79
wsm,Samoa,1921,30.87
wsm,Samoa,1922,30.95
wsm,Samoa,1923,31.02
wsm,Samoa,1924,31.1
wsm,Samoa,1925,31.18
wsm,Samoa,1926,31.25
wsm,Samoa,1927,31.33
wsm,Samoa,1928,31.41
wsm,Samoa,1929,31.49
wsm,Samoa,1930,31.56
wsm,Samoa,1931,31.64
wsm,Samoa,1932,31.72
wsm,Samoa,1933,31.79
wsm,Samoa,1934,31.87
wsm,Samoa,1935,33.48
wsm,Samoa,1936,35.1
wsm,Samoa,1937,36.72
wsm,Samoa,1938,38.35
wsm,Samoa,1939,39.99
wsm,Samoa,1940,41.64
wsm,Samoa,1941,43.4
wsm,Samoa,1942,45.16
wsm,Samoa,1943,46.95
wsm,Samoa,1944,48.73
wsm,Samoa,1945,50.52
wsm,Samoa,1946,52.32
wsm,Samoa,1947,54.14
wsm,Samoa,1948,55.95
wsm,Samoa,1949,57.77
wsm,Samoa,1950,59.6
wsm,Samoa,1951,59.9
wsm,Samoa,1952,60.2
wsm,Samoa,1953,60.6
wsm,Samoa,1954,60.9
wsm,Samoa,1955,61.2
wsm,Samoa,1956,61.5
wsm,Samoa,1957,61.8
wsm,Samoa,1958,62.1
wsm,Samoa,1959,62.4
wsm,Samoa,1960,62.7
wsm,Samoa,1961,63.0
wsm,Samoa,1962,63.4
wsm,Samoa,1963,63.7
wsm,Samoa,1964,60.0
wsm,Samoa,1965,64.3
wsm,Samoa,1966,64.4
wsm,Samoa,1967,64.9
wsm,Samoa,1968,65.2
wsm,Samoa,1969,65.5
wsm,Samoa,1970,65.8
wsm,Samoa,1971,66.2
wsm,Samoa,1972,66.5
wsm,Samoa,1973,66.9
wsm,Samoa,1974,67.2
wsm,Samoa,1975,67.4
wsm,Samoa,1976,67.7
wsm,Samoa,1977,68.0
wsm,Samoa,1978,68.3
wsm,Samoa,1979,68.6
wsm,Samoa,1980,68.9
wsm,Samoa,1981,69.2
wsm,Samoa,1982,69.5
wsm,Samoa,1983,69.8
wsm,Samoa,1984,70.1
wsm,Samoa,1985,70.5
wsm,Samoa,1986,70.7
wsm,Samoa,1987,71.0
wsm,Samoa,1988,71.2
wsm,Samoa,1989,71.3
wsm,Samoa,1990,71.3
wsm,Samoa,1991,71.3
wsm,Samoa,1992,71.6
wsm,Samoa,1993,71.6
wsm,Samoa,1994,71.6
wsm,Samoa,1995,71.7
wsm,Samoa,1996,71.7
wsm,Samoa,1997,71.7
wsm,Samoa,1998,71.7
wsm,Samoa,1999,71.7
wsm,Samoa,2000,71.7
wsm,Samoa,2001,71.8
wsm,Samoa,2002,71.9
wsm,Samoa,2003,71.9
wsm,Samoa,2004,72.0
wsm,Samoa,2005,72.0
wsm,Samoa,2006,72.2
wsm,Samoa,2007,72.4
wsm,Samoa,2008,72.5
wsm,Samoa,2009,70.6
wsm,Samoa,2010,72.7
wsm,Samoa,2011,72.8
wsm,Samoa,2012,72.7
wsm,Samoa,2013,72.9
wsm,Samoa,2014,72.9
wsm,Samoa,2015,73.0
wsm,Samoa,2016,73.0
wsm,Samoa,2017,73.1
wsm,Samoa,2018,73.2
wsm,Samoa,2019,72.0
wsm,Samoa,2020,72.5
wsm,Samoa,2021,71.1
wsm,Samoa,2022,72.5
wsm,Samoa,2023,72.6
wsm,Samoa,2024,72.7
wsm,Samoa,2025,72.8
yem,Yemen,1900,32.39
yem,Yemen,1901,32.57
yem,Yemen,1902,32.75
yem,Yemen,1903,32.93
yem,Yemen,1904,33.11
yem,Yemen,1905,33.29
yem,Yemen,1906,33.47
yem,Yemen,1907,33.65
yem,Yemen,1908,33.83
yem,Yemen,1909,34.01
yem,Yemen,1910,34.19
yem,Yemen,1911,34.37
yem,Yemen,1912,34.55
yem,Yemen,1913,34.73
yem,Yemen,1914,34.91
yem,Yemen,1915,35.09
yem,Yemen,1916,35.27
yem,Yemen,1917,35.45
yem,Yemen,1918,29.54
yem,Yemen,1919,35.81
yem,Yemen,1920,35.99
yem,Yemen,1921,36.17
yem,Yemen,1922,36.35
yem,Yemen,1923,36.53
yem,Yemen,1924,36.71
yem,Yemen,1925,36.89
yem,Yemen,1926,37.07
yem,Yemen,1927,37.25
yem,Yemen,1928,37.43
yem,Yemen,1929,37.61
yem,Yemen,1930,37.79
yem,Yemen,1931,37.97
yem,Yemen,1932,38.15
yem,Yemen,1933,38.33
yem,Yemen,1934,38.51
yem,Yemen,1935,38.69
yem,Yemen,1936,38.87
yem,Yemen,1937,39.05
yem,Yemen,1938,39.23
yem,Yemen,1939,39.41
yem,Yemen,1940,39.59
yem,Yemen,1941,39.78
yem,Yemen,1942,39.98
yem,Yemen,1943,40.2
yem,Yemen,1944,40.39
yem,Yemen,1945,40.59
yem,Yemen,1946,40.79
yem,Yemen,1947,41.0
yem,Yemen,1948,41.2
yem,Yemen,1949,41.4
yem,Yemen,1950,41.6
yem,Yemen,1951,42.2
yem,Yemen,1952,42.4
yem,Yemen,1953,42.8
yem,Yemen,1954,43.2
yem,Yemen,1955,43.5
yem,Yemen,1956,43.8
yem,Yemen,1957,44.1
yem,Yemen,1958,44.4
yem,Yemen,1959,44.7
yem,Yemen,1960,44.9
yem,Yemen,1961,45.1
yem,Yemen,1962,43.5
yem,Yemen,1963,43.7
yem,Yemen,1964,43.9
yem,Yemen,1965,44.3
yem,Yemen,1966,44.6
yem,Yemen,1967,45.1
yem,Yemen,1968,45.6
yem,Yemen,1969,46.1
yem,Yemen,1970,46.7
yem,Yemen,1971,48.9
yem,Yemen,1972,49.5
yem,Yemen,1973,50.2
yem,Yemen,1974,50.8
yem,Yemen,1975,51.5
yem,Yemen,1976,52.2
yem,Yemen,1977,52.8
yem,Yemen,1978,53.3
yem,Yemen,1979,54.0
yem,Yemen,1980,54.5
yem,Yemen,1981,55.2
yem,Yemen,1982,55.4
yem,Yemen,1983,56.5
yem,Yemen,1984,57.0
yem,Yemen,1985,57.5
yem,Yemen,1986,55.8
yem,Yemen,1987,58.5
yem,Yemen,1988,58.9
yem,Yemen,1989,59.3
yem,Yemen,1990,59.7
yem,Yemen,1991,60.2
yem,Yemen,1992,60.7
yem,Yemen,1993,61.2
yem,Yemen,1994,61.4
yem,Yemen,1995,62.2
yem,Yemen,1996,62.8
yem,Yemen,1997,63.4
yem,Yemen,1998,64.0
yem,Yemen,1999,64.5
yem,Yemen,2000,65.0
yem,Yemen,2001,65.6
yem,Yemen,2002,66.1
yem,Yemen,2003,66.6
yem,Yemen,2004,66.9
yem,Yemen,2005,67.3
yem,Yemen,2006,67.7
yem,Yemen,2007,68.0
yem,Yemen,2008,68.3
yem,Yemen,2009,68.6
yem,Yemen,2010,69.2
yem,Yemen,2011,69.2
yem,Yemen,2012,69.4
yem,Yemen,2013,69.8
yem,Yemen,2014,70.0
yem,Yemen,2015,69.6
yem,Yemen,2016,69.2
yem,Yemen,2017,69.2
yem,Yemen,2018,68.2
yem,Yemen,2019,68.8
yem,Yemen,2020,67.9
yem,Yemen,2021,68.6
yem,Yemen,2022,71.0
yem,Yemen,2023,71.7
yem,Yemen,2024,71.8
yem,Yemen,2025,72.01
zaf,South Africa,1900,36.61
zaf,South Africa,1901,36.67
zaf,South Africa,1902,36.73
zaf,South Africa,1903,36.79
zaf,South Africa,1904,36.85
zaf,South Africa,1905,36.92
zaf,South Africa,1906,36.98
zaf,South Africa,1907,37.04
zaf,South Africa,1908,37.1
zaf,South Africa,1909,37.16
zaf,South Africa,1910,37.23
zaf,South Africa,1911,37.29
zaf,South Africa,1912,37.35
zaf,South Africa,1913,37.41
zaf,South Africa,1914,37.47
zaf,South Africa,1915,37.54
zaf,South Africa,1916,37.6
zaf,South Africa,1917,37.66
zaf,South Africa,1918,12.47
zaf,South Africa,1919,37.79
zaf,South Africa,1920,37.85
zaf,South Africa,1921,37.91
zaf,South Africa,1922,37.97
zaf,South Africa,1923,38.03
zaf,South Africa,1924,38.1
zaf,South Africa,1925,38.16
zaf,South Africa,1926,38.22
zaf,South Africa,1927,38.28
zaf,South Africa,1928,38.34
zaf,South Africa,1929,38.41
zaf,South Africa,1930,38.47
zaf,South Africa,1931,39.11
zaf,South Africa,1932,39.74
zaf,South Africa,1933,40.4
zaf,South Africa,1934,41.04
zaf,South Africa,1935,41.68
zaf,South Africa,1936,42.33
zaf,South Africa,1937,42.99
zaf,South Africa,1938,43.64
zaf,South Africa,1939,44.29
zaf,South Africa,1940,44.95
zaf,South Africa,1941,45.61
zaf,South Africa,1942,46.27
zaf,South Africa,1943,46.92
zaf,South Africa,1944,47.58
zaf,South Africa,1945,48.26
zaf,South Africa,1946,48.92
zaf,South Africa,1947,49.59
zaf,South Africa,1948,50.25
zaf,South Africa,1949,50.92
zaf,South Africa,1950,51.6
zaf,South Africa,1951,52.1
zaf,South Africa,1952,52.4
zaf,South Africa,1953,52.7
zaf,South Africa,1954,53.1
zaf,South Africa,1955,53.4
zaf,South Africa,1956,53.8
zaf,South Africa,1957,54.1
zaf,South Africa,1958,54.4
zaf,South Africa,1959,54.7
zaf,South Africa,1960,55.0
zaf,South Africa,1961,55.4
zaf,South Africa,1962,55.7
zaf,South Africa,1963,56.1
zaf,South Africa,1964,56.4
zaf,South Africa,1965,56.7
zaf,South Africa,1966,56.9
zaf,South Africa,1967,57.2
zaf,South Africa,1968,57.5
zaf,South Africa,1969,57.7
zaf,South Africa,1970,58.0
zaf,South Africa,1971,58.3
zaf,South Africa,1972,58.6
zaf,South Africa,1973,58.9
zaf,South Africa,1974,59.1
zaf,South Africa,1975,59.4
zaf,South Africa,1976,59.8
zaf,South Africa,1977,60.1
zaf,South Africa,1978,60.5
zaf,South Africa,1979,61.0
zaf,South Africa,1980,61.5
zaf,South Africa,1981,62.1
zaf,South Africa,1982,62.7
zaf,South Africa,1983,63.3
zaf,South Africa,1984,64.1
zaf,South Africa,1985,64.7
zaf,South Africa,1986,65.3
zaf,South Africa,1987,66.1
zaf,South Africa,1988,66.8
zaf,South Africa,1989,67.3
zaf,South Africa,1990,67.7
zaf,South Africa,1991,68.0
zaf,South Africa,1992,68.0
zaf,South Africa,1993,67.4
zaf,South Africa,1994,66.3
zaf,South Africa,1995,65.6
zaf,South Africa,1996,63.8
zaf,South Africa,1997,62.4
zaf,South Africa,1998,60.8
zaf,South Africa,1999,59.9
zaf,South Africa,2000,59.0
zaf,South Africa,2001,57.7
zaf,South Africa,2002,56.4
zaf,South Africa,2003,55.2
zaf,South Africa,2004,54.7
zaf,South Africa,2005,54.4
zaf,South Africa,2006,54.4
zaf,South Africa,2007,54.9
zaf,South Africa,2008,55.8
zaf,South Africa,2009,56.9
zaf,South Africa,2010,58.2
zaf,South Africa,2011,59.7
zaf,South Africa,2012,61.0
zaf,South Africa,2013,61.9
zaf,South Africa,2014,62.5
zaf,South Africa,2015,63.1
zaf,South Africa,2016,63.7
zaf,South Africa,2017,64.5
zaf,South Africa,2018,65.1
zaf,South Africa,2019,65.9
zaf,South Africa,2020,64.4
zaf,South Africa,2021,61.6
zaf,South Africa,2022,65.7
zaf,South Africa,2023,66.5
zaf,South Africa,2024,66.7
zaf,South Africa,2025,66.9
zmb,Zambia,1900,32.81
zmb,Zambia,1901,32.81
zmb,Zambia,1902,32.82
zmb,Zambia,1903,32.82
zmb,Zambia,1904,32.83
zmb,Zambia,1905,32.83
zmb,Zambia,1906,32.83
zmb,Zambia,1907,32.84
zmb,Zambia,1908,32.84
zmb,Zambia,1909,32.85
zmb,Zambia,1910,32.85
zmb,Zambia,1911,32.86
zmb,Zambia,1912,32.86
zmb,Zambia,1913,32.86
zmb,Zambia,1914,32.87
zmb,Zambia,1915,32.87
zmb,Zambia,1916,32.88
zmb,Zambia,1917,32.88
zmb,Zambia,1918,12.72
zmb,Zambia,1919,32.89
zmb,Zambia,1920,32.89
zmb,Zambia,1921,32.9
zmb,Zambia,1922,32.9
zmb,Zambia,1923,32.91
zmb,Zambia,1924,32.91
zmb,Zambia,1925,32.91
zmb,Zambia,1926,32.92
zmb,Zambia,1927,32.92
zmb,Zambia,1928,32.93
zmb,Zambia,1929,32.93
zmb,Zambia,1930,32.93
zmb,Zambia,1931,32.94
zmb,Zambia,1932,32.94
zmb,Zambia,1933,32.95
zmb,Zambia,1934,32.95
zmb,Zambia,1935,32.96
zmb,Zambia,1936,32.96
zmb,Zambia,1937,32.96
zmb,Zambia,1938,32.97
zmb,Zambia,1939,32.97
zmb,Zambia,1940,32.98
zmb,Zambia,1941,33.14
zmb,Zambia,1942,33.31
zmb,Zambia,1943,33.47
zmb,Zambia,1944,33.64
zmb,Zambia,1945,33.82
zmb,Zambia,1946,35.73
zmb,Zambia,1947,37.64
zmb,Zambia,1948,39.56
zmb,Zambia,1949,41.48
zmb,Zambia,1950,43.4
zmb,Zambia,1951,43.3
zmb,Zambia,1952,43.1
zmb,Zambia,1953,43.1
zmb,Zambia,1954,43.0
zmb,Zambia,1955,42.8
zmb,Zambia,1956,42.7
zmb,Zambia,1957,42.6
zmb,Zambia,1958,42.6
zmb,Zambia,1959,42.5
zmb,Zambia,1960,42.6
zmb,Zambia,1961,42.6
zmb,Zambia,1962,42.8
zmb,Zambia,1963,42.9
zmb,Zambia,1964,43.2
zmb,Zambia,1965,43.6
zmb,Zambia,1966,44.1
zmb,Zambia,1967,44.6
zmb,Zambia,1968,45.2
zmb,Zambia,1969,45.8
zmb,Zambia,1970,46.5
zmb,Zambia,1971,47.1
zmb,Zambia,1972,47.8
zmb,Zambia,1973,48.5
zmb,Zambia,1974,49.1
zmb,Zambia,1975,49.7
zmb,Zambia,1976,50.3
zmb,Zambia,1977,50.8
zmb,Zambia,1978,51.2
zmb,Zambia,1979,51.6
zmb,Zambia,1980,51.9
zmb,Zambia,1981,52.2
zmb,Zambia,1982,52.2
zmb,Zambia,1983,52.3
zmb,Zambia,1984,52.2
zmb,Zambia,1985,52.0
zmb,Zambia,1986,51.8
zmb,Zambia,1987,51.2
zmb,Zambia,1988,50.8
zmb,Zambia,1989,50.0
zmb,Zambia,1990,48.8
zmb,Zambia,1991,47.7
zmb,Zambia,1992,46.5
zmb,Zambia,1993,45.7
zmb,Zambia,1994,44.8
zmb,Zambia,1995,43.9
zmb,Zambia,1996,43.2
zmb,Zambia,1997,42.9
zmb,Zambia,1998,42.8
zmb,Zambia,1999,42.8
zmb,Zambia,2000,43.1
zmb,Zambia,2001,42.8
zmb,Zambia,2002,43.7
zmb,Zambia,2003,45.2
zmb,Zambia,2004,47.2
zmb,Zambia,2005,48.5
zmb,Zambia,2006,49.8
zmb,Zambia,2007,51.8
zmb,Zambia,2008,53.6
zmb,Zambia,2009,54.7
zmb,Zambia,2010,55.4
zmb,Zambia,2011,55.9
zmb,Zambia,2012,56.7
zmb,Zambia,2013,57.5
zmb,Zambia,2014,58.1
zmb,Zambia,2015,58.6
zmb,Zambia,2016,59.1
zmb,Zambia,2017,59.5
zmb,Zambia,2018,59.8
zmb,Zambia,2019,60.2
zmb,Zambia,2020,59.2
zmb,Zambia,2021,56.3
zmb,Zambia,2022,60.9
zmb,Zambia,2023,61.5
zmb,Zambia,2024,61.69
zmb,Zambia,2025,61.87
zwe,Zimbabwe,1900,34.97
zwe,Zimbabwe,1901,34.99
zwe,Zimbabwe,1902,35.02
zwe,Zimbabwe,1903,35.04
zwe,Zimbabwe,1904,35.07
zwe,Zimbabwe,1905,35.09
zwe,Zimbabwe,1906,35.12
zwe,Zimbabwe,1907,35.14
zwe,Zimbabwe,1908,35.17
zwe,Zimbabwe,1909,35.19
zwe,Zimbabwe,1910,35.22
zwe,Zimbabwe,1911,35.24
zwe,Zimbabwe,1912,35.27
zwe,Zimbabwe,1913,35.29
zwe,Zimbabwe,1914,35.32
zwe,Zimbabwe,1915,35.35
zwe,Zimbabwe,1916,35.37
zwe,Zimbabwe,1917,35.4
zwe,Zimbabwe,1918,17.9
zwe,Zimbabwe,1919,35.45
zwe,Zimbabwe,1920,35.47
zwe,Zimbabwe,1921,35.5
zwe,Zimbabwe,1922,35.52
zwe,Zimbabwe,1923,35.55
zwe,Zimbabwe,1924,35.57
zwe,Zimbabwe,1925,35.6
zwe,Zimbabwe,1926,35.62
zwe,Zimbabwe,1927,35.65
zwe,Zimbabwe,1928,35.67
zwe,Zimbabwe,1929,35.7
zwe,Zimbabwe,1930,35.73
zwe,Zimbabwe,1931,35.75
zwe,Zimbabwe,1932,35.78
zwe,Zimbabwe,1933,35.8
zwe,Zimbabwe,1934,35.83
zwe,Zimbabwe,1935,35.85
zwe,Zimbabwe,1936,35.88
zwe,Zimbabwe,1937,35.9
zwe,Zimbabwe,1938,35.93
zwe,Zimbabwe,1939,35.95
zwe,Zimbabwe,1940,35.98
zwe,Zimbabwe,1941,37.58
zwe,Zimbabwe,1942,39.18
zwe,Zimbabwe,1943,40.79
zwe,Zimbabwe,1944,42.41
zwe,Zimbabwe,1945,44.01
zwe,Zimbabwe,1946,45.62
zwe,Zimbabwe,1947,47.24
zwe,Zimbabwe,1948,48.85
zwe,Zimbabwe,1949,50.47
zwe,Zimbabwe,1950,52.1
zwe,Zimbabwe,1951,52.3
zwe,Zimbabwe,1952,52.5
zwe,Zimbabwe,1953,52.8
zwe,Zimbabwe,1954,53.0
zwe,Zimbabwe,1955,53.2
zwe,Zimbabwe,1956,53.5
zwe,Zimbabwe,1957,53.8
zwe,Zimbabwe,1958,54.1
zwe,Zimbabwe,1959,54.3
zwe,Zimbabwe,1960,54.6
zwe,Zimbabwe,1961,54.9
zwe,Zimbabwe,1962,55.2
zwe,Zimbabwe,1963,55.5
zwe,Zimbabwe,1964,55.7
zwe,Zimbabwe,1965,55.9
zwe,Zimbabwe,1966,56.2
zwe,Zimbabwe,1967,56.4
zwe,Zimbabwe,1968,56.6
zwe,Zimbabwe,1969,57.0
zwe,Zimbabwe,1970,57.3
zwe,Zimbabwe,1971,57.7
zwe,Zimbabwe,1972,58.2
zwe,Zimbabwe,1973,58.4
zwe,Zimbabwe,1974,58.9
zwe,Zimbabwe,1975,59.3
zwe,Zimbabwe,1976,59.2
zwe,Zimbabwe,1977,59.1
zwe,Zimbabwe,1978,57.7
zwe,Zimbabwe,1979,58.4
zwe,Zimbabwe,1980,61.8
zwe,Zimbabwe,1981,62.5
zwe,Zimbabwe,1982,63.2
zwe,Zimbabwe,1983,63.9
zwe,Zimbabwe,1984,64.6
zwe,Zimbabwe,1985,65.3
zwe,Zimbabwe,1986,65.9
zwe,Zimbabwe,1987,66.2
zwe,Zimbabwe,1988,66.2
zwe,Zimbabwe,1989,65.7
zwe,Zimbabwe,1990,64.8
zwe,Zimbabwe,1991,63.4
zwe,Zimbabwe,1992,61.4
zwe,Zimbabwe,1993,59.4
zwe,Zimbabwe,1994,57.0
zwe,Zimbabwe,1995,54.7
zwe,Zimbabwe,1996,52.5
zwe,Zimbabwe,1997,50.7
zwe,Zimbabwe,1998,49.0
zwe,Zimbabwe,1999,47.7
zwe,Zimbabwe,2000,46.7
zwe,Zimbabwe,2001,46.4
zwe,Zimbabwe,2002,46.2
zwe,Zimbabwe,2003,45.9
zwe,Zimbabwe,2004,46.5
zwe,Zimbabwe,2005,47.7
zwe,Zimbabwe,2006,49.2
zwe,Zimbabwe,2007,51.4
zwe,Zimbabwe,2008,52.2
zwe,Zimbabwe,2009,53.9
zwe,Zimbabwe,2010,56.7
zwe,Zimbabwe,2011,58.2
zwe,Zimbabwe,2012,59.3
zwe,Zimbabwe,2013,60.4
zwe,Zimbabwe,2014,61.5
zwe,Zimbabwe,2015,62.1
zwe,Zimbabwe,2016,62.6
zwe,Zimbabwe,2017,63.3
zwe,Zimbabwe,2018,63.9
zwe,Zimbabwe,2019,64.3
zwe,Zimbabwe,2020,63.5
zwe,Zimbabwe,2021,59.5
zwe,Zimbabwe,2022,64.9
zwe,Zimbabwe,2023,66.3
zwe,Zimbabwe,2024,66.62
zwe,Zimbabwe,2025,66.83
