geo,country,year,population
afg,Afghanistan,1900,4843455.0
afg,Afghanistan,1901,4891067.0
afg,Afghanistan,1902,4946868.0
afg,Afghanistan,1903,5010996.0
afg,Afghanistan,1904,5075953.0
afg,Afghanistan,1905,5141750.0
afg,Afghanistan,1906,5208396.0
afg,Afghanistan,1907,5275903.0
afg,Afghanistan,1908,5344282.0
afg,Afghanistan,1909,5482676.0
afg,Afghanistan,1910,5697189.0
afg,Afghanistan,1911,5994398.0
afg,Afghanistan,1912,6381387.0
afg,Afghanistan,1913,6865792.0
afg,Afghanistan,1914,7386963.0
afg,Afghanistan,1915,7947691.0
afg,Afghanistan,1916,8550978.0
afg,Afghanistan,1917,9200053.0
afg,Afghanistan,1918,9905878.0
afg,Afghanistan,1919,10370737.0
afg,Afghanistan,1920,10591626.0
afg,Afghanistan,1921,10564504.0
afg,Afghanistan,1922,10284244.0
afg,Afghanistan,1923,9744601.0
afg,Afghanistan,1924,9233274.0
afg,Afghanistan,1925,8748779.0
afg,Afghanistan,1926,8289705.0
afg,Afghanistan,1927,7854721.0
afg,Afghanistan,1928,7442562.0
afg,Afghanistan,1929,7121951.0
afg,Afghanistan,1930,6888085.0
afg,Afghanistan,1931,6736411.0
afg,Afghanistan,1932,6662618.0
afg,Afghanistan,1933,6662618.0
afg,Afghanistan,1934,6662618.0
afg,Afghanistan,1935,6662618.0
afg,Afghanistan,1936,6662618.0
afg,Afghanistan,1937,6662618.0
afg,Afghanistan,1938,6662618.0
afg,Afghanistan,1939,6683048.0
afg,Afghanistan,1940,6724220.0
afg,Afghanistan,1941,6786454.0
afg,Afghanistan,1942,6870072.0
afg,Afghanistan,1943,6975401.0
afg,Afghanistan,1944,7082346.0
afg,Afghanistan,1945,7190930.0
afg,Afghanistan,1946,7301178.0
afg,Afghanistan,1947,7413117.0
afg,Afghanistan,1948,7526773.0
afg,Afghanistan,1949,7647720.0
afg,Afghanistan,1950,7776176.0
afg,Afghanistan,1951,7879339.0
afg,Afghanistan,1952,7987783.0
afg,Afghanistan,1953,8096698.0
afg,Afghanistan,1954,8207950.0
afg,Afghanistan,1955,8326979.0
afg,Afghanistan,1956,8454301.0
afg,Afghanistan,1957,8588335.0
afg,Afghanistan,1958,8723401.0
afg,Afghanistan,1959,8869270.0
afg,Afghanistan,1960,9035043.0
afg,Afghanistan,1961,9214083.0
afg,Afghanistan,1962,9404406.0
afg,Afghanistan,1963,9604487.0
afg,Afghanistan,1964,9814318.0
afg,Afghanistan,1965,10036008.0
afg,Afghanistan,1966,10266395.0
afg,Afghanistan,1967,10505959.0
afg,Afghanistan,1968,10756922.0
afg,Afghanistan,1969,11017409.0
afg,Afghanistan,1970,11290128.0
afg,Afghanistan,1971,11567667.0
afg,Afghanistan,1972,11853696.0
afg,Afghanistan,1973,12157999.0
afg,Afghanistan,1974,12469127.0
afg,Afghanistan,1975,12773954.0
afg,Afghanistan,1976,13059851.0
afg,Afghanistan,1977,13340756.0
afg,Afghanistan,1978,13611441.0
afg,Afghanistan,1979,13655567.0
afg,Afghanistan,1980,13169311.0
afg,Afghanistan,1981,11937581.0
afg,Afghanistan,1982,10991378.0
afg,Afghanistan,1983,10917982.0
afg,Afghanistan,1984,11190221.0
afg,Afghanistan,1985,11426852.0
afg,Afghanistan,1986,11420074.0
afg,Afghanistan,1987,11387818.0
afg,Afghanistan,1988,11523298.0
afg,Afghanistan,1989,11874088.0
afg,Afghanistan,1990,12045660.0
afg,Afghanistan,1991,12238879.0
afg,Afghanistan,1992,13278974.0
afg,Afghanistan,1993,14943172.0
afg,Afghanistan,1994,16250794.0
afg,Afghanistan,1995,17065836.0
afg,Afghanistan,1996,17763266.0
afg,Afghanistan,1997,18452091.0
afg,Afghanistan,1998,19159996.0
afg,Afghanistan,1999,19887785.0
afg,Afghanistan,2000,20130327.0
afg,Afghanistan,2001,20284307.0
afg,Afghanistan,2002,21378117.0
afg,Afghanistan,2003,22733049.0
afg,Afghanistan,2004,23560654.0
afg,Afghanistan,2005,24404567.0
afg,Afghanistan,2006,25424094.0
afg,Afghanistan,2007,25909852.0
afg,Afghanistan,2008,26482622.0
afg,Afghanistan,2009,27466101.0
afg,Afghanistan,2010,28284089.0
afg,Afghanistan,2011,29347708.0
afg,Afghanistan,2012,30560034.0
afg,Afghanistan,2013,31622704.0
afg,Afghanistan,2014,32792523.0
afg,Afghanistan,2015,33831764.0
afg,Afghanistan,2016,34700612.0
afg,Afghanistan,2017,35688935.0
afg,Afghanistan,2018,36743039.0
afg,Afghanistan,2019,37856121.0
afg,Afghanistan,2020,39068979.0
afg,Afghanistan,2021,40000412.0
afg,Afghanistan,2022,40578842.0
afg,Afghanistan,2023,41454761.0
afg,Afghanistan,2024,42647492.0
afg,Afghanistan,2025,43844111.0
ago,Angola,1900,3140304.0
ago,Angola,1901,3123196.0
ago,Angola,1902,3104276.0
ago,Angola,1903,3083560.0
ago,Angola,1904,3062976.0
ago,Angola,1905,3042524.0
ago,Angola,1906,3022203.0
ago,Angola,1907,3002013.0
ago,Angola,1908,2981952.0
ago,Angola,1909,2964371.0
ago,Angola,1910,2949249.0
ago,Angola,1911,2936568.0
ago,Angola,1912,2926307.0
ago,Angola,1913,2918448.0
ago,Angola,1914,2910605.0
ago,Angola,1915,2902777.0
ago,Angola,1916,2894966.0
ago,Angola,1917,2887171.0
ago,Angola,1918,2875622.0
ago,Angola,1919,2874960.0
ago,Angola,1920,2885302.0
ago,Angola,1921,2906771.0
ago,Angola,1922,2939489.0
ago,Angola,1923,2983582.0
ago,Angola,1924,3028335.0
ago,Angola,1925,3073761.0
ago,Angola,1926,3119867.0
ago,Angola,1927,3166665.0
ago,Angola,1928,3214165.0
ago,Angola,1929,3261716.0
ago,Angola,1930,3309308.0
ago,Angola,1931,3356933.0
ago,Angola,1932,3404583.0
ago,Angola,1933,3452247.0
ago,Angola,1934,3500578.0
ago,Angola,1935,3549586.0
ago,Angola,1936,3599280.0
ago,Angola,1937,3649670.0
ago,Angola,1938,3700766.0
ago,Angola,1939,3755620.0
ago,Angola,1940,3814340.0
ago,Angola,1941,3877037.0
ago,Angola,1942,3943822.0
ago,Angola,1943,4014811.0
ago,Angola,1944,4087077.0
ago,Angola,1945,4160645.0
ago,Angola,1946,4235536.0
ago,Angola,1947,4311776.0
ago,Angola,1948,4389388.0
ago,Angola,1949,4469398.0
ago,Angola,1950,4551869.0
ago,Angola,1951,4602561.0
ago,Angola,1952,4651688.0
ago,Angola,1953,4706359.0
ago,Angola,1954,4766717.0
ago,Angola,1955,4832764.0
ago,Angola,1956,4904270.0
ago,Angola,1957,4980642.0
ago,Angola,1958,5061134.0
ago,Angola,1959,5145102.0
ago,Angola,1960,5231654.0
ago,Angola,1961,5301583.0
ago,Angola,1962,5354310.0
ago,Angola,1963,5408320.0
ago,Angola,1964,5464187.0
ago,Angola,1965,5521981.0
ago,Angola,1966,5581386.0
ago,Angola,1967,5641807.0
ago,Angola,1968,5702699.0
ago,Angola,1969,5763685.0
ago,Angola,1970,5852788.0
ago,Angola,1971,5991102.0
ago,Angola,1972,6174262.0
ago,Angola,1973,6388528.0
ago,Angola,1974,6613367.0
ago,Angola,1975,6842947.0
ago,Angola,1976,7074664.0
ago,Angola,1977,7317829.0
ago,Angola,1978,7576734.0
ago,Angola,1979,7847207.0
ago,Angola,1980,8133872.0
ago,Angola,1981,8435607.0
ago,Angola,1982,8751648.0
ago,Angola,1983,9082983.0
ago,Angola,1984,9425917.0
ago,Angola,1985,9779120.0
ago,Angola,1986,10139450.0
ago,Angola,1987,10497858.0
ago,Angola,1988,10861291.0
ago,Angola,1989,11238562.0
ago,Angola,1990,11626360.0
ago,Angola,1991,12023529.0
ago,Angola,1992,12423712.0
ago,Angola,1993,12827135.0
ago,Angola,1994,13249764.0
ago,Angola,1995,13699778.0
ago,Angola,1996,14170973.0
ago,Angola,1997,14660413.0
ago,Angola,1998,15159370.0
ago,Angola,1999,15667235.0
ago,Angola,2000,16194869.0
ago,Angola,2001,16747208.0
ago,Angola,2002,17327699.0
ago,Angola,2003,17943712.0
ago,Angola,2004,18600423.0
ago,Angola,2005,19291161.0
ago,Angola,2006,20015279.0
ago,Angola,2007,20778561.0
ago,Angola,2008,21578655.0
ago,Angola,2009,22414773.0
ago,Angola,2010,23294825.0
ago,Angola,2011,24218352.0
ago,Angola,2012,25177394.0
ago,Angola,2013,26165620.0
ago,Angola,2014,27160769.0
ago,Angola,2015,28157798.0
ago,Angola,2016,29183070.0
ago,Angola,2017,30234839.0
ago,Angola,2018,31297155.0
ago,Angola,2019,32375632.0
ago,Angola,2020,33451132.0
ago,Angola,2021,34532429.0
ago,Angola,2022,35635029.0
ago,Angola,2023,36749906.0
ago,Angola,2024,37885849.0
ago,Angola,2025,39040039.0
alb,Albania,1900,803696.0
alb,Albania,1901,811194.0
alb,Albania,1902,818623.0
alb,Albania,1903,825981.0
alb,Albania,1904,833404.0
alb,Albania,1905,840894.0
alb,Albania,1906,848452.0
alb,Albania,1907,856077.0
alb,Albania,1908,863771.0
alb,Albania,1909,871105.0
alb,Albania,1910,878073.0
alb,Albania,1911,884669.0
alb,Albania,1912,890886.0
alb,Albania,1913,896719.0
alb,Albania,1914,902590.0
alb,Albania,1915,908499.0
alb,Albania,1916,914447.0
alb,Albania,1917,920434.0
alb,Albania,1918,926367.0
alb,Albania,1919,932112.0
alb,Albania,1920,937666.0
alb,Albania,1921,943027.0
alb,Albania,1922,948193.0
alb,Albania,1923,953161.0
alb,Albania,1924,958156.0
alb,Albania,1925,963176.0
alb,Albania,1926,968222.0
alb,Albania,1927,973295.0
alb,Albania,1928,978395.0
alb,Albania,1929,984523.0
alb,Albania,1930,991694.0
alb,Albania,1931,999925.0
alb,Albania,1932,1009231.0
alb,Albania,1933,1019629.0
alb,Albania,1934,1030135.0
alb,Albania,1935,1040749.0
alb,Albania,1936,1051472.0
alb,Albania,1937,1062305.0
alb,Albania,1938,1073250.0
alb,Albania,1939,1084704.0
alb,Albania,1940,1096676.0
alb,Albania,1941,1109176.0
alb,Albania,1942,1122215.0
alb,Albania,1943,1135803.0
alb,Albania,1944,1149556.0
alb,Albania,1945,1163476.0
alb,Albania,1946,1177564.0
alb,Albania,1947,1191822.0
alb,Albania,1948,1206253.0
alb,Albania,1949,1224875.0
alb,Albania,1950,1247851.0
alb,Albania,1951,1276366.0
alb,Albania,1952,1308360.0
alb,Albania,1953,1343575.0
alb,Albania,1954,1381087.0
alb,Albania,1955,1418850.0
alb,Albania,1956,1456820.0
alb,Albania,1957,1497956.0
alb,Albania,1958,1543978.0
alb,Albania,1959,1595011.0
alb,Albania,1960,1649387.0
alb,Albania,1961,1698791.0
alb,Albania,1962,1743733.0
alb,Albania,1963,1791285.0
alb,Albania,1964,1841441.0
alb,Albania,1965,1894312.0
alb,Albania,1966,1950044.0
alb,Albania,1967,2008521.0
alb,Albania,1968,2068841.0
alb,Albania,1969,2126875.0
alb,Albania,1970,2181220.0
alb,Albania,1971,2234992.0
alb,Albania,1972,2289265.0
alb,Albania,1973,2344105.0
alb,Albania,1974,2399401.0
alb,Albania,1975,2454859.0
alb,Albania,1976,2510580.0
alb,Albania,1977,2566599.0
alb,Albania,1978,2624621.0
alb,Albania,1979,2681385.0
alb,Albania,1980,2735416.0
alb,Albania,1981,2790413.0
alb,Albania,1982,2846907.0
alb,Albania,1983,2905130.0
alb,Albania,1984,2964958.0
alb,Albania,1985,3026242.0
alb,Albania,1986,3087652.0
alb,Albania,1987,3148838.0
alb,Albania,1988,3212919.0
alb,Albania,1989,3260374.0
alb,Albania,1990,3277966.0
alb,Albania,1991,3282602.0
alb,Albania,1992,3282501.0
alb,Albania,1993,3277825.0
alb,Albania,1994,3269410.0
alb,Albania,1995,3258567.0
alb,Albania,1996,3245678.0
alb,Albania,1997,3229660.0
alb,Albania,1998,3210133.0
alb,Albania,1999,3188595.0
alb,Albania,2000,3166148.0
alb,Albania,2001,3147943.0
alb,Albania,2002,3134092.0
alb,Albania,2003,3118088.0
alb,Albania,2004,3098657.0
alb,Albania,2005,3076159.0
alb,Albania,2006,3050809.0
alb,Albania,2007,3022887.0
alb,Albania,2008,2992930.0
alb,Albania,2009,2961479.0
alb,Albania,2010,2928722.0
alb,Albania,2011,2911504.0
alb,Albania,2012,2910004.0
alb,Albania,2013,2907573.0
alb,Albania,2014,2903749.0
alb,Albania,2015,2898632.0
alb,Albania,2016,2897867.0
alb,Albania,2017,2898242.0
alb,Albania,2018,2894231.0
alb,Albania,2019,2885010.0
alb,Albania,2020,2871954.0
alb,Albania,2021,2849635.0
alb,Albania,2022,2827608.0
alb,Albania,2023,2811655.0
alb,Albania,2024,2791765.0
alb,Albania,2025,2771508.0
and,Andorra,1900,4517.0
and,Andorra,1901,4546.0
and,Andorra,1902,4575.0
and,Andorra,1903,4605.0
and,Andorra,1904,4634.0
and,Andorra,1905,4664.0
and,Andorra,1906,4694.0
and,Andorra,1907,4724.0
and,Andorra,1908,4754.0
and,Andorra,1909,4796.0
and,Andorra,1910,4849.0
and,Andorra,1911,4913.0
and,Andorra,1912,4990.0
and,Andorra,1913,5078.0
and,Andorra,1914,5168.0
and,Andorra,1915,5260.0
and,Andorra,1916,5353.0
and,Andorra,1917,5448.0
and,Andorra,1918,5549.0
and,Andorra,1919,5609.0
and,Andorra,1920,5629.0
and,Andorra,1921,5609.0
and,Andorra,1922,5549.0
and,Andorra,1923,5448.0
and,Andorra,1924,5350.0
and,Andorra,1925,5253.0
and,Andorra,1926,5158.0
and,Andorra,1927,5065.0
and,Andorra,1928,4974.0
and,Andorra,1929,4911.0
and,Andorra,1930,4878.0
and,Andorra,1931,4873.0
and,Andorra,1932,4897.0
and,Andorra,1933,4949.0
and,Andorra,1934,5001.0
and,Andorra,1935,5054.0
and,Andorra,1936,5108.0
and,Andorra,1937,5162.0
and,Andorra,1938,5217.0
and,Andorra,1939,5273.0
and,Andorra,1940,5329.0
and,Andorra,1941,5385.0
and,Andorra,1942,5442.0
and,Andorra,1943,5500.0
and,Andorra,1944,5558.0
and,Andorra,1945,5617.0
and,Andorra,1946,5677.0
and,Andorra,1947,5737.0
and,Andorra,1948,5798.0
and,Andorra,1949,5884.0
and,Andorra,1950,5996.0
and,Andorra,1951,5819.0
and,Andorra,1952,5455.0
and,Andorra,1953,5323.0
and,Andorra,1954,5602.0
and,Andorra,1955,6165.0
and,Andorra,1956,6765.0
and,Andorra,1957,7399.0
and,Andorra,1958,8068.0
and,Andorra,1959,8771.0
and,Andorra,1960,9510.0
and,Andorra,1961,10283.0
and,Andorra,1962,11086.0
and,Andorra,1963,11915.0
and,Andorra,1964,12764.0
and,Andorra,1965,13634.0
and,Andorra,1966,14626.0
and,Andorra,1967,15837.0
and,Andorra,1968,17176.0
and,Andorra,1969,18555.0
and,Andorra,1970,19977.0
and,Andorra,1971,21442.0
and,Andorra,1972,22957.0
and,Andorra,1973,24523.0
and,Andorra,1974,26130.0
and,Andorra,1975,27773.0
and,Andorra,1976,29436.0
and,Andorra,1977,31097.0
and,Andorra,1978,32735.0
and,Andorra,1979,34306.0
and,Andorra,1980,35782.0
and,Andorra,1981,37169.0
and,Andorra,1982,38764.0
and,Andorra,1983,40565.0
and,Andorra,1984,42273.0
and,Andorra,1985,43825.0
and,Andorra,1986,45734.0
and,Andorra,1987,47653.0
and,Andorra,1988,49416.0
and,Andorra,1989,50620.0
and,Andorra,1990,52597.0
and,Andorra,1991,56667.0
and,Andorra,1992,60200.0
and,Andorra,1993,63272.0
and,Andorra,1994,64612.0
and,Andorra,1995,63912.0
and,Andorra,1996,63984.0
and,Andorra,1997,64700.0
and,Andorra,1998,65382.0
and,Andorra,1999,65710.0
and,Andorra,2000,65685.0
and,Andorra,2001,65852.0
and,Andorra,2002,66506.0
and,Andorra,2003,69486.0
and,Andorra,2004,74325.0
and,Andorra,2005,77421.0
and,Andorra,2006,79585.0
and,Andorra,2007,81877.0
and,Andorra,2008,83495.0
and,Andorra,2009,83888.0
and,Andorra,2010,80706.0
and,Andorra,2011,77783.0
and,Andorra,2012,76834.0
and,Andorra,2013,75194.0
and,Andorra,2014,73737.0
and,Andorra,2015,72174.0
and,Andorra,2016,72181.0
and,Andorra,2017,73763.0
and,Andorra,2018,75162.0
and,Andorra,2019,76474.0
and,Andorra,2020,77380.0
and,Andorra,2021,78364.0
and,Andorra,2022,79705.0
and,Andorra,2023,80856.0
and,Andorra,2024,81938.0
and,Andorra,2025,82904.0
are,UAE,1900,48894.0
are,UAE,1901,49204.0
are,UAE,1902,49516.0
are,UAE,1903,49831.0
are,UAE,1904,50147.0
are,UAE,1905,50465.0
are,UAE,1906,50785.0
are,UAE,1907,51107.0
are,UAE,1908,51432.0
are,UAE,1909,51784.0
are,UAE,1910,52165.0
are,UAE,1911,52575.0
are,UAE,1912,53014.0
are,UAE,1913,53482.0
are,UAE,1914,53955.0
are,UAE,1915,54433.0
are,UAE,1916,54914.0
are,UAE,1917,55400.0
are,UAE,1918,55870.0
are,UAE,1919,56344.0
are,UAE,1920,56823.0
are,UAE,1921,57305.0
are,UAE,1922,57792.0
are,UAE,1923,58283.0
are,UAE,1924,58778.0
are,UAE,1925,59277.0
are,UAE,1926,59780.0
are,UAE,1927,60288.0
are,UAE,1928,60800.0
are,UAE,1929,61316.0
are,UAE,1930,61837.0
are,UAE,1931,62362.0
are,UAE,1932,62892.0
are,UAE,1933,63426.0
are,UAE,1934,63964.0
are,UAE,1935,64508.0
are,UAE,1936,65055.0
are,UAE,1937,65608.0
are,UAE,1938,66165.0
are,UAE,1939,66727.0
are,UAE,1940,67294.0
are,UAE,1941,67865.0
are,UAE,1942,68441.0
are,UAE,1943,69023.0
are,UAE,1944,69609.0
are,UAE,1945,70200.0
are,UAE,1946,70796.0
are,UAE,1947,71397.0
are,UAE,1948,72004.0
are,UAE,1949,73035.0
are,UAE,1950,74512.0
are,UAE,1951,79540.0
are,UAE,1952,84761.0
are,UAE,1953,90147.0
are,UAE,1954,95653.0
are,UAE,1955,101258.0
are,UAE,1956,106963.0
are,UAE,1957,112784.0
are,UAE,1958,118762.0
are,UAE,1959,124937.0
are,UAE,1960,131334.0
are,UAE,1961,137989.0
are,UAE,1962,144946.0
are,UAE,1963,152211.0
are,UAE,1964,159692.0
are,UAE,1965,167103.0
are,UAE,1966,173976.0
are,UAE,1967,179700.0
are,UAE,1968,199416.0
are,UAE,1969,239660.0
are,UAE,1970,286536.0
are,UAE,1971,335027.0
are,UAE,1972,385014.0
are,UAE,1973,436399.0
are,UAE,1974,489087.0
are,UAE,1975,542856.0
are,UAE,1976,615866.0
are,UAE,1977,710209.0
are,UAE,1978,809274.0
are,UAE,1979,912010.0
are,UAE,1980,1015700.0
are,UAE,1981,1099855.0
are,UAE,1982,1166370.0
are,UAE,1983,1235305.0
are,UAE,1984,1305996.0
are,UAE,1985,1377911.0
are,UAE,1986,1467383.0
are,UAE,1987,1574244.0
are,UAE,1988,1681788.0
are,UAE,1989,1789851.0
are,UAE,1990,1898220.0
are,UAE,1991,2006626.0
are,UAE,1992,2114730.0
are,UAE,1993,2222093.0
are,UAE,1994,2328188.0
are,UAE,1995,2434662.0
are,UAE,1996,2597564.0
are,UAE,1997,2817410.0
are,UAE,1998,3040421.0
are,UAE,1999,3266009.0
are,UAE,2000,3493575.0
are,UAE,2001,3723590.0
are,UAE,2002,3956826.0
are,UAE,2003,4192457.0
are,UAE,2004,4428967.0
are,UAE,2005,4664790.0
are,UAE,2006,5009100.0
are,UAE,2007,5624635.0
are,UAE,2008,6302664.0
are,UAE,2009,6707058.0
are,UAE,2010,6938363.0
are,UAE,2011,7199423.0
are,UAE,2012,7497118.0
are,UAE,2013,7831847.0
are,UAE,2014,8236874.0
are,UAE,2015,8674633.0
are,UAE,2016,9030873.0
are,UAE,2017,9234327.0
are,UAE,2018,9346870.0
are,UAE,2019,9377847.0
are,UAE,2020,9448524.0
are,UAE,2021,9789048.0
are,UAE,2022,10242086.0
are,UAE,2023,10642081.0
are,UAE,2024,11027129.0
are,UAE,2025,11346000.0
arg,Argentina,1900,4685149.0
arg,Argentina,1901,4855566.0
arg,Argentina,1902,5036726.0
arg,Argentina,1903,5229179.0
arg,Argentina,1904,5428987.0
arg,Argentina,1905,5636429.0
arg,Argentina,1906,5851797.0
arg,Argentina,1907,6075395.0
arg,Argentina,1908,6307536.0
arg,Argentina,1909,6532191.0
arg,Argentina,1910,6748648.0
arg,Argentina,1911,6956157.0
arg,Argentina,1912,7153927.0
arg,Argentina,1913,7341125.0
arg,Argentina,1914,7533221.0
arg,Argentina,1915,7730344.0
arg,Argentina,1916,7932625.0
arg,Argentina,1917,8140198.0
arg,Argentina,1918,8354165.0
arg,Argentina,1919,8580100.0
arg,Argentina,1920,8818506.0
arg,Argentina,1921,9069908.0
arg,Argentina,1922,9334847.0
arg,Argentina,1923,9613888.0
arg,Argentina,1924,9901269.0
arg,Argentina,1925,10197241.0
arg,Argentina,1926,10502060.0
arg,Argentina,1927,10815991.0
arg,Argentina,1928,11139307.0
arg,Argentina,1929,11443357.0
arg,Argentina,1930,11727056.0
arg,Argentina,1931,11989276.0
arg,Argentina,1932,12228847.0
arg,Argentina,1933,12444554.0
arg,Argentina,1934,12664066.0
arg,Argentina,1935,12887450.0
arg,Argentina,1936,13114774.0
arg,Argentina,1937,13346108.0
arg,Argentina,1938,13581523.0
arg,Argentina,1939,13825703.0
arg,Argentina,1940,14078892.0
arg,Argentina,1941,14341341.0
arg,Argentina,1942,14613304.0
arg,Argentina,1943,14895043.0
arg,Argentina,1944,15182214.0
arg,Argentina,1945,15474922.0
arg,Argentina,1946,15773273.0
arg,Argentina,1947,16077376.0
arg,Argentina,1948,16387342.0
arg,Argentina,1949,16700887.0
arg,Argentina,1950,17018036.0
arg,Argentina,1951,17356467.0
arg,Argentina,1952,17698877.0
arg,Argentina,1953,18041302.0
arg,Argentina,1954,18381213.0
arg,Argentina,1955,18716029.0
arg,Argentina,1956,19049964.0
arg,Argentina,1957,19383035.0
arg,Argentina,1958,19714253.0
arg,Argentina,1959,20049609.0
arg,Argentina,1960,20386045.0
arg,Argentina,1961,20726276.0
arg,Argentina,1962,21072538.0
arg,Argentina,1963,21421705.0
arg,Argentina,1964,21769453.0
arg,Argentina,1965,22112629.0
arg,Argentina,1966,22453893.0
arg,Argentina,1967,22799059.0
arg,Argentina,1968,23150583.0
arg,Argentina,1969,23508711.0
arg,Argentina,1970,23878327.0
arg,Argentina,1971,24257208.0
arg,Argentina,1972,24644328.0
arg,Argentina,1973,25046005.0
arg,Argentina,1974,25461351.0
arg,Argentina,1975,25874107.0
arg,Argentina,1976,26282283.0
arg,Argentina,1977,26701805.0
arg,Argentina,1978,27132158.0
arg,Argentina,1979,27568895.0
arg,Argentina,1980,28011596.0
arg,Argentina,1981,28463959.0
arg,Argentina,1982,28924262.0
arg,Argentina,1983,29391332.0
arg,Argentina,1984,29863093.0
arg,Argentina,1985,30336441.0
arg,Argentina,1986,30811980.0
arg,Argentina,1987,31291762.0
arg,Argentina,1988,31780532.0
arg,Argentina,1989,32270948.0
arg,Argentina,1990,32755901.0
arg,Argentina,1991,33230294.0
arg,Argentina,1992,33693527.0
arg,Argentina,1993,34152717.0
arg,Argentina,1994,34613491.0
arg,Argentina,1995,35070020.0
arg,Argentina,1996,35513793.0
arg,Argentina,1997,35947791.0
arg,Argentina,1998,36372860.0
arg,Argentina,1999,36794682.0
arg,Argentina,2000,37213984.0
arg,Argentina,2001,37624825.0
arg,Argentina,2002,38029349.0
arg,Argentina,2003,38424282.0
arg,Argentina,2004,38815916.0
arg,Argentina,2005,39216789.0
arg,Argentina,2006,39622115.0
arg,Argentina,2007,40016763.0
arg,Argentina,2008,40424148.0
arg,Argentina,2009,40854831.0
arg,Argentina,2010,41288694.0
arg,Argentina,2011,41730660.0
arg,Argentina,2012,42161721.0
arg,Argentina,2013,42582455.0
arg,Argentina,2014,43024071.0
arg,Argentina,2015,43477012.0
arg,Argentina,2016,43900313.0
arg,Argentina,2017,44288894.0
arg,Argentina,2018,44654882.0
arg,Argentina,2019,44973465.0
arg,Argentina,2020,45191965.0
arg,Argentina,2021,45312281.0
arg,Argentina,2022,45407904.0
arg,Argentina,2023,45538401.0
arg,Argentina,2024,45696159.0
arg,Argentina,2025,45851378.0
arm,Armenia,1900,862227.0
arm,Armenia,1901,870216.0
arm,Armenia,1902,878279.0
arm,Armenia,1903,886416.0
arm,Armenia,1904,894630.0
arm,Armenia,1905,902919.0
arm,Armenia,1906,911285.0
arm,Armenia,1907,919728.0
arm,Armenia,1908,928250.0
arm,Armenia,1909,936851.0
arm,Armenia,1910,945531.0
arm,Armenia,1911,954292.0
arm,Armenia,1912,963134.0
arm,Armenia,1913,972058.0
arm,Armenia,1914,981064.0
arm,Armenia,1915,990155.0
arm,Armenia,1916,999329.0
arm,Armenia,1917,1008588.0
arm,Armenia,1918,1017843.0
arm,Armenia,1919,1027184.0
arm,Armenia,1920,1036610.0
arm,Armenia,1921,1046122.0
arm,Armenia,1922,1055722.0
arm,Armenia,1923,1065410.0
arm,Armenia,1924,1075187.0
arm,Armenia,1925,1085054.0
arm,Armenia,1926,1095011.0
arm,Armenia,1927,1105059.0
arm,Armenia,1928,1115200.0
arm,Armenia,1929,1125434.0
arm,Armenia,1930,1135761.0
arm,Armenia,1931,1146184.0
arm,Armenia,1932,1156702.0
arm,Armenia,1933,1167316.0
arm,Armenia,1934,1178028.0
arm,Armenia,1935,1188839.0
arm,Armenia,1936,1199748.0
arm,Armenia,1937,1210758.0
arm,Armenia,1938,1221868.0
arm,Armenia,1939,1233081.0
arm,Armenia,1940,1244397.0
arm,Armenia,1941,1255816.0
arm,Armenia,1942,1267340.0
arm,Armenia,1943,1278970.0
arm,Armenia,1944,1290707.0
arm,Armenia,1945,1302551.0
arm,Armenia,1946,1314504.0
arm,Armenia,1947,1326567.0
arm,Armenia,1948,1338740.0
arm,Armenia,1949,1357426.0
arm,Armenia,1950,1382895.0
arm,Armenia,1951,1417284.0
arm,Armenia,1952,1454107.0
arm,Armenia,1953,1493578.0
arm,Armenia,1954,1535978.0
arm,Armenia,1955,1581508.0
arm,Armenia,1956,1630819.0
arm,Armenia,1957,1684134.0
arm,Armenia,1958,1740884.0
arm,Armenia,1959,1801008.0
arm,Armenia,1960,1863705.0
arm,Armenia,1961,1927484.0
arm,Armenia,1962,1991689.0
arm,Armenia,1963,2056023.0
arm,Armenia,1964,2120135.0
arm,Armenia,1965,2183635.0
arm,Armenia,1966,2246159.0
arm,Armenia,1967,2307492.0
arm,Armenia,1968,2367319.0
arm,Armenia,1969,2424030.0
arm,Armenia,1970,2475633.0
arm,Armenia,1971,2525345.0
arm,Armenia,1972,2577079.0
arm,Armenia,1973,2630860.0
arm,Armenia,1974,2686445.0
arm,Armenia,1975,2743660.0
arm,Armenia,1976,2818165.0
arm,Armenia,1977,2912827.0
arm,Armenia,1978,3012807.0
arm,Armenia,1979,3078501.0
arm,Armenia,1980,3107415.0
arm,Armenia,1981,3135349.0
arm,Armenia,1982,3163144.0
arm,Armenia,1983,3191539.0
arm,Armenia,1984,3224547.0
arm,Armenia,1985,3260432.0
arm,Armenia,1986,3294847.0
arm,Armenia,1987,3328520.0
arm,Armenia,1988,3355125.0
arm,Armenia,1989,3443100.0
arm,Armenia,1990,3552128.0
arm,Armenia,1991,3613977.0
arm,Armenia,1992,3571861.0
arm,Armenia,1993,3453332.0
arm,Armenia,1994,3364610.0
arm,Armenia,1995,3307581.0
arm,Armenia,1996,3278735.0
arm,Armenia,1997,3246289.0
arm,Armenia,1998,3208401.0
arm,Armenia,1999,3167286.0
arm,Armenia,2000,3125628.0
arm,Armenia,2001,3084349.0
arm,Armenia,2002,3055630.0
arm,Armenia,2003,3038968.0
arm,Armenia,2004,3022541.0
arm,Armenia,2005,3006351.0
arm,Armenia,2006,2990377.0
arm,Armenia,2007,2974819.0
arm,Armenia,2008,2959990.0
arm,Armenia,2009,2945517.0
arm,Armenia,2010,2931078.0
arm,Armenia,2011,2923271.0
arm,Armenia,2012,2922528.0
arm,Armenia,2013,2922518.0
arm,Armenia,2014,2922422.0
arm,Armenia,2015,2921177.0
arm,Armenia,2016,2918793.0
arm,Armenia,2017,2914963.0
arm,Armenia,2018,2909965.0
arm,Armenia,2019,2903972.0
arm,Armenia,2020,2890892.0
arm,Armenia,2021,2870349.0
arm,Armenia,2022,2880874.0
arm,Armenia,2023,2943393.0
arm,Armenia,2024,2973840.0
arm,Armenia,2025,2952365.0
atg,Antigua and Barbuda,1900,34580.0
atg,Antigua and Barbuda,1901,34312.0
atg,Antigua and Barbuda,1902,34023.0
atg,Antigua and Barbuda,1903,33712.0
atg,Antigua and Barbuda,1904,33405.0
atg,Antigua and Barbuda,1905,33100.0
atg,Antigua and Barbuda,1906,32798.0
atg,Antigua and Barbuda,1907,32499.0
atg,Antigua and Barbuda,1908,32202.0
atg,Antigua and Barbuda,1909,31924.0
atg,Antigua and Barbuda,1910,31665.0
atg,Antigua and Barbuda,1911,31423.0
atg,Antigua and Barbuda,1912,31198.0
atg,Antigua and Barbuda,1913,30991.0
atg,Antigua and Barbuda,1914,30786.0
atg,Antigua and Barbuda,1915,30581.0
atg,Antigua and Barbuda,1916,30378.0
atg,Antigua and Barbuda,1917,30177.0
atg,Antigua and Barbuda,1918,29983.0
atg,Antigua and Barbuda,1919,29847.0
atg,Antigua and Barbuda,1920,29771.0
atg,Antigua and Barbuda,1921,29752.0
atg,Antigua and Barbuda,1922,29792.0
atg,Antigua and Barbuda,1923,29890.0
atg,Antigua and Barbuda,1924,29988.0
atg,Antigua and Barbuda,1925,30087.0
atg,Antigua and Barbuda,1926,30185.0
atg,Antigua and Barbuda,1927,30285.0
atg,Antigua and Barbuda,1928,30384.0
atg,Antigua and Barbuda,1929,30652.0
atg,Antigua and Barbuda,1930,31095.0
atg,Antigua and Barbuda,1931,31719.0
atg,Antigua and Barbuda,1932,32529.0
atg,Antigua and Barbuda,1933,33532.0
atg,Antigua and Barbuda,1934,34566.0
atg,Antigua and Barbuda,1935,35631.0
atg,Antigua and Barbuda,1936,36730.0
atg,Antigua and Barbuda,1937,37863.0
atg,Antigua and Barbuda,1938,39030.0
atg,Antigua and Barbuda,1939,40050.0
atg,Antigua and Barbuda,1940,40917.0
atg,Antigua and Barbuda,1941,41625.0
atg,Antigua and Barbuda,1942,42166.0
atg,Antigua and Barbuda,1943,42534.0
atg,Antigua and Barbuda,1944,42906.0
atg,Antigua and Barbuda,1945,43281.0
atg,Antigua and Barbuda,1946,43659.0
atg,Antigua and Barbuda,1947,44040.0
atg,Antigua and Barbuda,1948,44425.0
atg,Antigua and Barbuda,1949,44892.0
atg,Antigua and Barbuda,1950,45444.0
atg,Antigua and Barbuda,1951,46420.0
atg,Antigua and Barbuda,1952,47397.0
atg,Antigua and Barbuda,1953,48383.0
atg,Antigua and Barbuda,1954,49371.0
atg,Antigua and Barbuda,1955,50374.0
atg,Antigua and Barbuda,1956,51382.0
atg,Antigua and Barbuda,1957,52404.0
atg,Antigua and Barbuda,1958,53457.0
atg,Antigua and Barbuda,1959,54526.0
atg,Antigua and Barbuda,1960,55603.0
atg,Antigua and Barbuda,1961,56540.0
atg,Antigua and Barbuda,1962,57336.0
atg,Antigua and Barbuda,1963,58138.0
atg,Antigua and Barbuda,1964,59020.0
atg,Antigua and Barbuda,1965,59970.0
atg,Antigua and Barbuda,1966,60900.0
atg,Antigua and Barbuda,1967,61837.0
atg,Antigua and Barbuda,1968,62809.0
atg,Antigua and Barbuda,1969,63819.0
atg,Antigua and Barbuda,1970,64528.0
atg,Antigua and Barbuda,1971,64729.0
atg,Antigua and Barbuda,1972,64615.0
atg,Antigua and Barbuda,1973,64342.0
atg,Antigua and Barbuda,1974,64058.0
atg,Antigua and Barbuda,1975,63839.0
atg,Antigua and Barbuda,1976,63762.0
atg,Antigua and Barbuda,1977,63862.0
atg,Antigua and Barbuda,1978,64038.0
atg,Antigua and Barbuda,1979,64274.0
atg,Antigua and Barbuda,1980,64513.0
atg,Antigua and Barbuda,1981,64665.0
atg,Antigua and Barbuda,1982,64785.0
atg,Antigua and Barbuda,1983,64934.0
atg,Antigua and Barbuda,1984,64882.0
atg,Antigua and Barbuda,1985,64591.0
atg,Antigua and Barbuda,1986,64276.0
atg,Antigua and Barbuda,1987,63946.0
atg,Antigua and Barbuda,1988,63623.0
atg,Antigua and Barbuda,1989,63325.0
atg,Antigua and Barbuda,1990,63066.0
atg,Antigua and Barbuda,1991,63387.0
atg,Antigua and Barbuda,1992,64404.0
atg,Antigua and Barbuda,1993,65587.0
atg,Antigua and Barbuda,1994,66843.0
atg,Antigua and Barbuda,1995,68189.0
atg,Antigua and Barbuda,1996,69612.0
atg,Antigua and Barbuda,1997,71053.0
atg,Antigua and Barbuda,1998,72412.0
atg,Antigua and Barbuda,1999,73666.0
atg,Antigua and Barbuda,2000,74912.0
atg,Antigua and Barbuda,2001,76069.0
atg,Antigua and Barbuda,2002,77032.0
atg,Antigua and Barbuda,2003,77884.0
atg,Antigua and Barbuda,2004,78719.0
atg,Antigua and Barbuda,2005,79611.0
atg,Antigua and Barbuda,2006,80604.0
atg,Antigua and Barbuda,2007,81704.0
atg,Antigua and Barbuda,2008,82912.0
atg,Antigua and Barbuda,2009,84173.0
atg,Antigua and Barbuda,2010,85320.0
atg,Antigua and Barbuda,2011,86332.0
atg,Antigua and Barbuda,2012,87260.0
atg,Antigua and Barbuda,2013,88064.0
atg,Antigua and Barbuda,2014,88765.0
atg,Antigua and Barbuda,2015,89409.0
atg,Antigua and Barbuda,2016,89969.0
atg,Antigua and Barbuda,2017,90468.0
atg,Antigua and Barbuda,2018,90926.0
atg,Antigua and Barbuda,2019,91364.0
atg,Antigua and Barbuda,2020,91846.0
atg,Antigua and Barbuda,2021,92349.0
atg,Antigua and Barbuda,2022,92840.0
atg,Antigua and Barbuda,2023,93316.0
atg,Antigua and Barbuda,2024,93772.0
atg,Antigua and Barbuda,2025,94209.0
aus,Australia,1900,3693191.0
aus,Australia,1901,3754868.0
aus,Australia,1902,3815391.0
aus,Australia,1903,3874703.0
aus,Australia,1904,3934936.0
aus,Australia,1905,3996106.0
aus,Australia,1906,4058226.0
aus,Australia,1907,4121312.0
aus,Australia,1908,4185378.0
aus,Australia,1909,4254495.0
aus,Australia,1910,4328821.0
aus,Australia,1911,4408521.0
aus,Australia,1912,4493763.0
aus,Australia,1913,4584719.0
aus,Australia,1914,4677515.0
aus,Australia,1915,4772190.0
aus,Australia,1916,4868780.0
aus,Australia,1917,4967325.0
aus,Australia,1918,5069032.0
aus,Australia,1919,5171288.0
aus,Australia,1920,5274074.0
aus,Australia,1921,5377372.0
aus,Australia,1922,5481162.0
aus,Australia,1923,5585424.0
aus,Australia,1924,5691668.0
aus,Australia,1925,5799933.0
aus,Australia,1926,5910258.0
aus,Australia,1927,6022682.0
aus,Australia,1928,6137243.0
aus,Australia,1929,6240608.0
aus,Australia,1930,6332448.0
aus,Australia,1931,6412429.0
aus,Australia,1932,6480210.0
aus,Australia,1933,6535442.0
aus,Australia,1934,6591145.0
aus,Australia,1935,6647323.0
aus,Australia,1936,6703979.0
aus,Australia,1937,6761118.0
aus,Australia,1938,6818745.0
aus,Australia,1939,6887470.0
aus,Australia,1940,6967561.0
aus,Australia,1941,7059288.0
aus,Australia,1942,7162928.0
aus,Australia,1943,7278763.0
aus,Australia,1944,7396470.0
aus,Australia,1945,7516081.0
aus,Australia,1946,7637627.0
aus,Australia,1947,7761138.0
aus,Australia,1948,7886646.0
aus,Australia,1949,8025032.0
aus,Australia,1950,8176750.0
aus,Australia,1951,8418610.0
aus,Australia,1952,8630704.0
aus,Australia,1953,8816081.0
aus,Australia,1954,8999383.0
aus,Australia,1955,9205181.0
aus,Australia,1956,9424662.0
aus,Australia,1957,9638775.0
aus,Australia,1958,9847637.0
aus,Australia,1959,10060036.0
aus,Australia,1960,10280813.0
aus,Australia,1961,10500443.0
aus,Australia,1962,10707236.0
aus,Australia,1963,10913265.0
aus,Australia,1964,11128251.0
aus,Australia,1965,11357477.0
aus,Australia,1966,11592485.0
aus,Australia,1967,11810519.0
aus,Australia,1968,12030013.0
aus,Australia,1969,12272380.0
aus,Australia,1970,12599411.0
aus,Australia,1971,12997964.0
aus,Australia,1972,13304896.0
aus,Australia,1973,13518685.0
aus,Australia,1974,13719495.0
aus,Australia,1975,13893989.0
aus,Australia,1976,14046755.0
aus,Australia,1977,14203508.0
aus,Australia,1978,14367098.0
aus,Australia,1979,14533035.0
aus,Australia,1980,14721347.0
aus,Australia,1981,14949202.0
aus,Australia,1982,15192485.0
aus,Australia,1983,15414893.0
aus,Australia,1984,15620653.0
aus,Australia,1985,15835747.0
aus,Australia,1986,16069633.0
aus,Australia,1987,16322269.0
aus,Australia,1988,16594099.0
aus,Australia,1989,16869362.0
aus,Australia,1990,17126298.0
aus,Australia,1991,17353193.0
aus,Australia,1992,17549288.0
aus,Australia,1993,17722911.0
aus,Australia,1994,17897433.0
aus,Australia,1995,18095344.0
aus,Australia,1996,18305307.0
aus,Australia,1997,18504912.0
aus,Australia,1998,18701717.0
aus,Australia,1999,18909981.0
aus,Australia,2000,19132471.0
aus,Australia,2001,19365433.0
aus,Australia,2002,19595355.0
aus,Australia,2003,19819454.0
aus,Australia,2004,20046677.0
aus,Australia,2005,20294490.0
aus,Australia,2006,20590559.0
aus,Australia,2007,20954549.0
aus,Australia,2008,21370589.0
aus,Australia,2009,21783011.0
aus,Australia,2010,22141581.0
aus,Australia,2011,22479775.0
aus,Australia,2012,22852644.0
aus,Australia,2013,23236270.0
aus,Australia,2014,23595601.0
aus,Australia,2015,23948002.0
aus,Australia,2016,24329963.0
aus,Australia,2017,24731038.0
aus,Australia,2018,25119706.0
aus,Australia,2019,25482714.0
aus,Australia,2020,25743791.0
aus,Australia,2021,25956417.0
aus,Australia,2022,26200984.0
aus,Australia,2023,26451124.0
aus,Australia,2024,26713205.0
aus,Australia,2025,26974026.0
aut,Austria,1900,5979182.0
aut,Austria,1901,6040563.0
aut,Austria,1902,6102571.0
aut,Austria,1903,6165213.0
aut,Austria,1904,6228499.0
aut,Austria,1905,6292433.0
aut,Austria,1906,6357025.0
aut,Austria,1907,6422279.0
aut,Austria,1908,6488203.0
aut,Austria,1909,6538016.0
aut,Austria,1910,6571595.0
aut,Austria,1911,6588811.0
aut,Austria,1912,6589538.0
aut,Austria,1913,6573645.0
aut,Austria,1914,6557790.0
aut,Austria,1915,6541974.0
aut,Austria,1916,6526196.0
aut,Austria,1917,6510456.0
aut,Austria,1918,6494633.0
aut,Austria,1919,6486504.0
aut,Austria,1920,6486077.0
aut,Austria,1921,6493361.0
aut,Austria,1922,6508363.0
aut,Austria,1923,6531092.0
aut,Austria,1924,6553900.0
aut,Austria,1925,6576788.0
aut,Austria,1926,6599756.0
aut,Austria,1927,6622804.0
aut,Austria,1928,6645932.0
aut,Austria,1929,6664887.0
aut,Austria,1930,6679652.0
aut,Austria,1931,6690212.0
aut,Austria,1932,6696551.0
aut,Austria,1933,6698652.0
aut,Austria,1934,6700753.0
aut,Austria,1935,6702856.0
aut,Austria,1936,6704959.0
aut,Austria,1937,6707062.0
aut,Austria,1938,6709166.0
aut,Austria,1939,6715388.0
aut,Austria,1940,6725743.0
aut,Austria,1941,6740245.0
aut,Austria,1942,6758911.0
aut,Austria,1943,6781755.0
aut,Austria,1944,6804677.0
aut,Austria,1945,6827676.0
aut,Austria,1946,6850753.0
aut,Austria,1947,6873908.0
aut,Austria,1948,6897141.0
aut,Austria,1949,6917992.0
aut,Austria,1950,6936449.0
aut,Austria,1951,6930484.0
aut,Austria,1952,6927252.0
aut,Austria,1953,6932082.0
aut,Austria,1954,6939891.0
aut,Austria,1955,6946655.0
aut,Austria,1956,6952264.0
aut,Austria,1957,6965834.0
aut,Austria,1958,6987338.0
aut,Austria,1959,7014265.0
aut,Austria,1960,7047274.0
aut,Austria,1961,7086057.0
aut,Austria,1962,7129579.0
aut,Austria,1963,7175493.0
aut,Austria,1964,7223395.0
aut,Austria,1965,7270415.0
aut,Austria,1966,7321519.0
aut,Austria,1967,7376289.0
aut,Austria,1968,7414623.0
aut,Austria,1969,7440301.0
aut,Austria,1970,7466319.0
aut,Austria,1971,7499635.0
aut,Austria,1972,7543259.0
aut,Austria,1973,7585105.0
aut,Austria,1974,7597967.0
aut,Austria,1975,7577830.0
aut,Austria,1976,7564457.0
aut,Austria,1977,7567336.0
aut,Austria,1978,7561204.0
aut,Austria,1979,7548341.0
aut,Austria,1980,7548406.0
aut,Austria,1981,7567556.0
aut,Austria,1982,7573078.0
aut,Austria,1983,7561163.0
aut,Austria,1984,7560715.0
aut,Austria,1985,7564309.0
aut,Austria,1986,7569395.0
aut,Austria,1987,7574315.0
aut,Austria,1988,7585342.0
aut,Austria,1989,7620407.0
aut,Austria,1990,7679624.0
aut,Austria,1991,7757140.0
aut,Austria,1992,7842712.0
aut,Austria,1993,7907495.0
aut,Austria,1994,7938155.0
aut,Austria,1995,7950322.0
aut,Austria,1996,7960914.0
aut,Austria,1997,7969803.0
aut,Austria,1998,7978466.0
aut,Austria,1999,7993892.0
aut,Austria,2000,8012928.0
aut,Austria,2001,8042233.0
aut,Austria,2002,8081636.0
aut,Austria,2003,8122602.0
aut,Austria,2004,8173491.0
aut,Austria,2005,8229204.0
aut,Austria,2006,8269898.0
aut,Austria,2007,8296952.0
aut,Austria,2008,8323253.0
aut,Austria,2009,8345066.0
aut,Austria,2010,8365092.0
aut,Austria,2011,8393270.0
aut,Austria,2012,8431601.0
aut,Austria,2013,8481406.0
aut,Austria,2014,8547817.0
aut,Austria,2015,8644039.0
aut,Austria,2016,8737915.0
aut,Austria,2017,8798778.0
aut,Austria,2018,8841650.0
aut,Austria,2019,8880876.0
aut,Austria,2020,8921405.0
aut,Austria,2021,8967057.0
aut,Austria,2022,9064677.0
aut,Austria,2023,9130429.0
aut,Austria,2024,9120813.0
aut,Austria,2025,9113574.0
aze,Azerbaijan,1900,1925434.0
aze,Azerbaijan,1901,1945078.0
aze,Azerbaijan,1902,1964921.0
aze,Azerbaijan,1903,1984964.0
aze,Azerbaijan,1904,2005209.0
aze,Azerbaijan,1905,2025659.0
aze,Azerbaijan,1906,2046316.0
aze,Azerbaijan,1907,2067180.0
aze,Azerbaijan,1908,2088256.0
aze,Azerbaijan,1909,2109544.0
aze,Azerbaijan,1910,2131047.0
aze,Azerbaijan,1911,2152767.0
aze,Azerbaijan,1912,2174706.0
aze,Azerbaijan,1913,2196867.0
aze,Azerbaijan,1914,2219251.0
aze,Azerbaijan,1915,2241861.0
aze,Azerbaijan,1916,2264699.0
aze,Azerbaijan,1917,2287767.0
aze,Azerbaijan,1918,2308761.0
aze,Azerbaijan,1919,2329948.0
aze,Azerbaijan,1920,2351329.0
aze,Azerbaijan,1921,2372906.0
aze,Azerbaijan,1922,2394682.0
aze,Azerbaijan,1923,2416657.0
aze,Azerbaijan,1924,2438833.0
aze,Azerbaijan,1925,2461214.0
aze,Azerbaijan,1926,2483799.0
aze,Azerbaijan,1927,2506592.0
aze,Azerbaijan,1928,2529594.0
aze,Azerbaijan,1929,2552807.0
aze,Azerbaijan,1930,2576233.0
aze,Azerbaijan,1931,2599874.0
aze,Azerbaijan,1932,2623732.0
aze,Azerbaijan,1933,2647809.0
aze,Azerbaijan,1934,2672107.0
aze,Azerbaijan,1935,2696628.0
aze,Azerbaijan,1936,2721374.0
aze,Azerbaijan,1937,2746347.0
aze,Azerbaijan,1938,2771549.0
aze,Azerbaijan,1939,2796983.0
aze,Azerbaijan,1940,2822649.0
aze,Azerbaijan,1941,2848552.0
aze,Azerbaijan,1942,2874692.0
aze,Azerbaijan,1943,2901072.0
aze,Azerbaijan,1944,2927694.0
aze,Azerbaijan,1945,2954560.0
aze,Azerbaijan,1946,2981673.0
aze,Azerbaijan,1947,3009034.0
aze,Azerbaijan,1948,3036647.0
aze,Azerbaijan,1949,3077456.0
aze,Azerbaijan,1950,3131972.0
aze,Azerbaijan,1951,3187153.0
aze,Azerbaijan,1952,3247001.0
aze,Azerbaijan,1953,3312604.0
aze,Azerbaijan,1954,3384711.0
aze,Azerbaijan,1955,3464086.0
aze,Azerbaijan,1956,3551386.0
aze,Azerbaijan,1957,3646868.0
aze,Azerbaijan,1958,3750698.0
aze,Azerbaijan,1959,3862825.0
aze,Azerbaijan,1960,3982706.0
aze,Azerbaijan,1961,4108980.0
aze,Azerbaijan,1962,4239407.0
aze,Azerbaijan,1963,4372048.0
aze,Azerbaijan,1964,4503654.0
aze,Azerbaijan,1965,4630313.0
aze,Azerbaijan,1966,4751900.0
aze,Azerbaijan,1967,4867301.0
aze,Azerbaijan,1968,4976483.0
aze,Azerbaijan,1969,5081774.0
aze,Azerbaijan,1970,5183825.0
aze,Azerbaijan,1971,5283505.0
aze,Azerbaijan,1972,5380917.0
aze,Azerbaijan,1973,5476609.0
aze,Azerbaijan,1974,5572225.0
aze,Azerbaijan,1975,5669260.0
aze,Azerbaijan,1976,5791041.0
aze,Azerbaijan,1977,5937641.0
aze,Azerbaijan,1978,6075078.0
aze,Azerbaijan,1979,6187133.0
aze,Azerbaijan,1980,6284708.0
aze,Azerbaijan,1981,6385604.0
aze,Azerbaijan,1982,6491435.0
aze,Azerbaijan,1983,6602326.0
aze,Azerbaijan,1984,6706282.0
aze,Azerbaijan,1985,6799814.0
aze,Azerbaijan,1986,6891347.0
aze,Azerbaijan,1987,6977658.0
aze,Azerbaijan,1988,7081406.0
aze,Azerbaijan,1989,7167585.0
aze,Azerbaijan,1990,7231077.0
aze,Azerbaijan,1991,7314308.0
aze,Azerbaijan,1992,7405780.0
aze,Azerbaijan,1993,7504115.0
aze,Azerbaijan,1994,7608893.0
aze,Azerbaijan,1995,7719282.0
aze,Azerbaijan,1996,7830982.0
aze,Azerbaijan,1997,7936221.0
aze,Azerbaijan,1998,8025804.0
aze,Azerbaijan,1999,8100471.0
aze,Azerbaijan,2000,8174785.0
aze,Azerbaijan,2001,8251771.0
aze,Azerbaijan,2002,8326133.0
aze,Azerbaijan,2003,8400530.0
aze,Azerbaijan,2004,8489874.0
aze,Azerbaijan,2005,8597248.0
aze,Azerbaijan,2006,8711380.0
aze,Azerbaijan,2007,8828311.0
aze,Azerbaijan,2008,8942638.0
aze,Azerbaijan,2009,9046336.0
aze,Azerbaijan,2010,9146851.0
aze,Azerbaijan,2011,9256150.0
aze,Azerbaijan,2012,9376181.0
aze,Azerbaijan,2013,9504409.0
aze,Azerbaijan,2014,9631138.0
aze,Azerbaijan,2015,9752850.0
aze,Azerbaijan,2016,9868428.0
aze,Azerbaijan,2017,9968510.0
aze,Azerbaijan,2018,10039784.0
aze,Azerbaijan,2019,10110475.0
aze,Azerbaijan,2020,10181730.0
aze,Azerbaijan,2021,10234371.0
aze,Azerbaijan,2022,10295304.0
aze,Azerbaijan,2023,10318207.0
aze,Azerbaijan,2024,10336577.0
aze,Azerbaijan,2025,10397713.0
bdi,Burundi,1900,1628264.0
bdi,Burundi,1901,1615095.0
bdi,Burundi,1902,1601058.0
bdi,Burundi,1903,1586167.0
bdi,Burundi,1904,1571411.0
bdi,Burundi,1905,1556791.0
bdi,Burundi,1906,1542304.0
bdi,Burundi,1907,1527949.0
bdi,Burundi,1908,1513724.0
bdi,Burundi,1909,1500820.0
bdi,Burundi,1910,1489215.0
bdi,Burundi,1911,1478891.0
bdi,Burundi,1912,1469826.0
bdi,Burundi,1913,1462001.0
bdi,Burundi,1914,1454216.0
bdi,Burundi,1915,1446470.0
bdi,Burundi,1916,1438762.0
bdi,Burundi,1917,1431093.0
bdi,Burundi,1918,1425369.0
bdi,Burundi,1919,1425040.0
bdi,Burundi,1920,1430167.0
bdi,Burundi,1921,1440808.0
bdi,Burundi,1922,1457026.0
bdi,Burundi,1923,1478881.0
bdi,Burundi,1924,1501064.0
bdi,Burundi,1925,1523580.0
bdi,Burundi,1926,1546434.0
bdi,Burundi,1927,1569631.0
bdi,Burundi,1928,1593175.0
bdi,Burundi,1929,1616745.0
bdi,Burundi,1930,1640335.0
bdi,Burundi,1931,1663941.0
bdi,Burundi,1932,1687560.0
bdi,Burundi,1933,1711186.0
bdi,Burundi,1934,1735142.0
bdi,Burundi,1935,1759434.0
bdi,Burundi,1936,1784067.0
bdi,Burundi,1937,1809043.0
bdi,Burundi,1938,1834370.0
bdi,Burundi,1939,1861560.0
bdi,Burundi,1940,1890666.0
bdi,Burundi,1941,1921743.0
bdi,Burundi,1942,1954847.0
bdi,Burundi,1943,1990034.0
bdi,Burundi,1944,2025855.0
bdi,Burundi,1945,2062320.0
bdi,Burundi,1946,2099442.0
bdi,Burundi,1947,2137232.0
bdi,Burundi,1948,2175702.0
bdi,Burundi,1949,2214932.0
bdi,Burundi,1950,2254938.0
bdi,Burundi,1951,2305746.0
bdi,Burundi,1952,2355804.0
bdi,Burundi,1953,2405186.0
bdi,Burundi,1954,2454586.0
bdi,Burundi,1955,2504649.0
bdi,Burundi,1956,2555308.0
bdi,Burundi,1957,2606483.0
bdi,Burundi,1958,2657412.0
bdi,Burundi,1959,2709597.0
bdi,Burundi,1960,2764258.0
bdi,Burundi,1961,2835119.0
bdi,Burundi,1962,2907943.0
bdi,Burundi,1963,2969841.0
bdi,Burundi,1964,3055650.0
bdi,Burundi,1965,3141367.0
bdi,Burundi,1966,3217960.0
bdi,Burundi,1967,3300690.0
bdi,Burundi,1968,3380387.0
bdi,Burundi,1969,3454590.0
bdi,Burundi,1970,3530432.0
bdi,Burundi,1971,3617289.0
bdi,Burundi,1972,3617128.0
bdi,Burundi,1973,3611991.0
bdi,Burundi,1974,3703590.0
bdi,Burundi,1975,3796612.0
bdi,Burundi,1976,3882626.0
bdi,Burundi,1977,3983582.0
bdi,Burundi,1978,4100338.0
bdi,Burundi,1979,4203530.0
bdi,Burundi,1980,4383706.0
bdi,Burundi,1981,4566014.0
bdi,Burundi,1982,4681390.0
bdi,Burundi,1983,4808528.0
bdi,Burundi,1984,4926465.0
bdi,Burundi,1985,5034042.0
bdi,Burundi,1986,5129414.0
bdi,Burundi,1987,5247787.0
bdi,Burundi,1988,5365327.0
bdi,Burundi,1989,5471706.0
bdi,Burundi,1990,5587052.0
bdi,Burundi,1991,5703857.0
bdi,Burundi,1992,5858407.0
bdi,Burundi,1993,5676843.0
bdi,Burundi,1994,5713854.0
bdi,Burundi,1995,6066316.0
bdi,Burundi,1996,6070506.0
bdi,Burundi,1997,6070042.0
bdi,Burundi,1998,6187108.0
bdi,Burundi,1999,6337155.0
bdi,Burundi,2000,6470194.0
bdi,Burundi,2001,6634365.0
bdi,Burundi,2002,6824132.0
bdi,Burundi,2003,7043154.0
bdi,Burundi,2004,7310656.0
bdi,Burundi,2005,7587299.0
bdi,Burundi,2006,7865547.0
bdi,Burundi,2007,8161874.0
bdi,Burundi,2008,8505637.0
bdi,Burundi,2009,8947646.0
bdi,Burundi,2010,9376444.0
bdi,Burundi,2011,9717978.0
bdi,Burundi,2012,10071028.0
bdi,Burundi,2013,10439341.0
bdi,Burundi,2014,10799785.0
bdi,Burundi,2015,11047580.0
bdi,Burundi,2016,11239451.0
bdi,Burundi,2017,11506762.0
bdi,Burundi,2018,11859446.0
bdi,Burundi,2019,12255336.0
bdi,Burundi,2020,12617036.0
bdi,Burundi,2021,12965481.0
bdi,Burundi,2022,13321097.0
bdi,Burundi,2023,13689450.0
bdi,Burundi,2024,14047786.0
bdi,Burundi,2025,14390003.0
bel,Belgium,1900,6706043.0
bel,Belgium,1901,6776327.0
bel,Belgium,1902,6849028.0
bel,Belgium,1903,6924187.0
bel,Belgium,1904,7000172.0
bel,Belgium,1905,7076990.0
bel,Belgium,1906,7154651.0
bel,Belgium,1907,7233164.0
bel,Belgium,1908,7312539.0
bel,Belgium,1909,7377372.0
bel,Belgium,1910,7427493.0
bel,Belgium,1911,7462732.0
bel,Belgium,1912,7482915.0
bel,Belgium,1913,7487870.0
bel,Belgium,1914,7492827.0
bel,Belgium,1915,7497788.0
bel,Belgium,1916,7502753.0
bel,Belgium,1917,7507720.0
bel,Belgium,1918,7513110.0
bel,Belgium,1919,7527551.0
bel,Belgium,1920,7551113.0
bel,Belgium,1921,7583862.0
bel,Belgium,1922,7625867.0
bel,Belgium,1923,7677196.0
bel,Belgium,1924,7728871.0
bel,Belgium,1925,7780894.0
bel,Belgium,1926,7833267.0
bel,Belgium,1927,7885993.0
bel,Belgium,1928,7939073.0
bel,Belgium,1929,7986980.0
bel,Belgium,1930,8029661.0
bel,Belgium,1931,8067061.0
bel,Belgium,1932,8099128.0
bel,Belgium,1933,8125806.0
bel,Belgium,1934,8152572.0
bel,Belgium,1935,8179427.0
bel,Belgium,1936,8206370.0
bel,Belgium,1937,8233401.0
bel,Belgium,1938,8260522.0
bel,Belgium,1939,8288009.0
bel,Belgium,1940,8315865.0
bel,Belgium,1941,8344092.0
bel,Belgium,1942,8372692.0
bel,Belgium,1943,8401667.0
bel,Belgium,1944,8430743.0
bel,Belgium,1945,8459919.0
bel,Belgium,1946,8489196.0
bel,Belgium,1947,8518575.0
bel,Belgium,1948,8548055.0
bel,Belgium,1949,8581000.0
bel,Belgium,1950,8617441.0
bel,Belgium,1951,8655758.0
bel,Belgium,1952,8696639.0
bel,Belgium,1953,8741857.0
bel,Belgium,1954,8788382.0
bel,Belgium,1955,8835493.0
bel,Belgium,1956,8882162.0
bel,Belgium,1957,8931860.0
bel,Belgium,1958,8986122.0
bel,Belgium,1959,9045739.0
bel,Belgium,1960,9102171.0
bel,Belgium,1961,9158211.0
bel,Belgium,1962,9217669.0
bel,Belgium,1963,9275197.0
bel,Belgium,1964,9337684.0
bel,Belgium,1965,9399858.0
bel,Belgium,1966,9455003.0
bel,Belgium,1967,9505919.0
bel,Belgium,1968,9549700.0
bel,Belgium,1969,9589188.0
bel,Belgium,1970,9630504.0
bel,Belgium,1971,9666531.0
bel,Belgium,1972,9694853.0
bel,Belgium,1973,9718035.0
bel,Belgium,1974,9735806.0
bel,Belgium,1975,9748476.0
bel,Belgium,1976,9758901.0
bel,Belgium,1977,9774014.0
bel,Belgium,1978,9791817.0
bel,Belgium,1979,9811365.0
bel,Belgium,1980,9833093.0
bel,Belgium,1981,9850669.0
bel,Belgium,1982,9862327.0
bel,Belgium,1983,9869132.0
bel,Belgium,1984,9874586.0
bel,Belgium,1985,9880337.0
bel,Belgium,1986,9886984.0
bel,Belgium,1987,9899147.0
bel,Belgium,1988,9916565.0
bel,Belgium,1989,9936573.0
bel,Belgium,1990,9960968.0
bel,Belgium,1991,9998961.0
bel,Belgium,1992,10045987.0
bel,Belgium,1993,10084931.0
bel,Belgium,1994,10116005.0
bel,Belgium,1995,10137265.0
bel,Belgium,1996,10156969.0
bel,Belgium,1997,10181464.0
bel,Belgium,1998,10203182.0
bel,Belgium,1999,10226682.0
bel,Belgium,2000,10251717.0
bel,Belgium,2001,10287004.0
bel,Belgium,2002,10332973.0
bel,Belgium,2003,10376260.0
bel,Belgium,2004,10421292.0
bel,Belgium,2005,10478886.0
bel,Belgium,2006,10548442.0
bel,Belgium,2007,10625493.0
bel,Belgium,2008,10709708.0
bel,Belgium,2009,10812935.0
bel,Belgium,2010,10936626.0
bel,Belgium,2011,11038631.0
bel,Belgium,2012,11107518.0
bel,Belgium,2013,11160276.0
bel,Belgium,2014,11210119.0
bel,Belgium,2015,11275335.0
bel,Belgium,2016,11332701.0
bel,Belgium,2017,11376581.0
bel,Belgium,2018,11428605.0
bel,Belgium,2019,11490618.0
bel,Belgium,2020,11540107.0
bel,Belgium,2021,11570844.0
bel,Belgium,2022,11641820.0
bel,Belgium,2023,11712893.0
bel,Belgium,2024,11738763.0
bel,Belgium,2025,11758603.0
ben,Benin,1900,1181886.0
ben,Benin,1901,1191996.0
ben,Benin,1902,1202914.0
ben,Benin,1903,1214654.0
ben,Benin,1904,1226506.0
ben,Benin,1905,1238469.0
ben,Benin,1906,1250546.0
ben,Benin,1907,1262737.0
ben,Benin,1908,1275043.0
ben,Benin,1909,1287268.0
ben,Benin,1910,1299411.0
ben,Benin,1911,1311467.0
ben,Benin,1912,1323435.0
ben,Benin,1913,1335309.0
ben,Benin,1914,1347287.0
ben,Benin,1915,1359368.0
ben,Benin,1916,1371554.0
ben,Benin,1917,1383846.0
ben,Benin,1918,1393941.0
ben,Benin,1919,1406289.0
ben,Benin,1920,1420939.0
ben,Benin,1921,1437942.0
ben,Benin,1922,1457347.0
ben,Benin,1923,1479208.0
ben,Benin,1924,1501396.0
ben,Benin,1925,1523916.0
ben,Benin,1926,1546775.0
ben,Benin,1927,1569977.0
ben,Benin,1928,1593526.0
ben,Benin,1929,1617101.0
ben,Benin,1930,1640696.0
ben,Benin,1931,1664308.0
ben,Benin,1932,1687932.0
ben,Benin,1933,1711563.0
ben,Benin,1934,1735525.0
ben,Benin,1935,1759822.0
ben,Benin,1936,1784460.0
ben,Benin,1937,1809442.0
ben,Benin,1938,1834774.0
ben,Benin,1939,1861970.0
ben,Benin,1940,1891083.0
ben,Benin,1941,1922167.0
ben,Benin,1942,1955277.0
ben,Benin,1943,1990472.0
ben,Benin,1944,2026301.0
ben,Benin,1945,2062774.0
ben,Benin,1946,2099904.0
ben,Benin,1947,2137702.0
ben,Benin,1948,2176181.0
ben,Benin,1949,2213785.0
ben,Benin,1950,2250476.0
ben,Benin,1951,2267308.0
ben,Benin,1952,2285775.0
ben,Benin,1953,2306202.0
ben,Benin,1954,2328782.0
ben,Benin,1955,2353646.0
ben,Benin,1956,2380892.0
ben,Benin,1957,2410770.0
ben,Benin,1958,2443434.0
ben,Benin,1959,2478914.0
ben,Benin,1960,2517286.0
ben,Benin,1961,2559223.0
ben,Benin,1962,2604659.0
ben,Benin,1963,2652908.0
ben,Benin,1964,2704003.0
ben,Benin,1965,2757936.0
ben,Benin,1966,2814317.0
ben,Benin,1967,2872997.0
ben,Benin,1968,2934257.0
ben,Benin,1969,2998222.0
ben,Benin,1970,3065057.0
ben,Benin,1971,3134767.0
ben,Benin,1972,3207543.0
ben,Benin,1973,3283496.0
ben,Benin,1974,3362633.0
ben,Benin,1975,3445407.0
ben,Benin,1976,3532196.0
ben,Benin,1977,3623202.0
ben,Benin,1978,3718305.0
ben,Benin,1979,3818528.0
ben,Benin,1980,3925251.0
ben,Benin,1981,4038307.0
ben,Benin,1982,4156596.0
ben,Benin,1983,4278978.0
ben,Benin,1984,4405895.0
ben,Benin,1985,4538012.0
ben,Benin,1986,4675420.0
ben,Benin,1987,4818486.0
ben,Benin,1988,4967341.0
ben,Benin,1989,5121657.0
ben,Benin,1990,5281479.0
ben,Benin,1991,5446932.0
ben,Benin,1992,5617844.0
ben,Benin,1993,5872706.0
ben,Benin,1994,6096506.0
ben,Benin,1995,6226773.0
ben,Benin,1996,6391858.0
ben,Benin,1997,6583365.0
ben,Benin,1998,6789489.0
ben,Benin,1999,7002818.0
ben,Benin,2000,7221619.0
ben,Benin,2001,7445596.0
ben,Benin,2002,7675426.0
ben,Benin,2003,7913070.0
ben,Benin,2004,8159094.0
ben,Benin,2005,8426144.0
ben,Benin,2006,8693242.0
ben,Benin,2007,8953969.0
ben,Benin,2008,9228466.0
ben,Benin,2009,9509423.0
ben,Benin,2010,9797484.0
ben,Benin,2011,10093623.0
ben,Benin,2012,10397657.0
ben,Benin,2013,10708834.0
ben,Benin,2014,11030004.0
ben,Benin,2015,11360681.0
ben,Benin,2016,11697842.0
ben,Benin,2017,12039780.0
ben,Benin,2018,12383347.0
ben,Benin,2019,12726755.0
ben,Benin,2020,13070169.0
ben,Benin,2021,13413417.0
ben,Benin,2022,13759501.0
ben,Benin,2023,14111034.0
ben,Benin,2024,14462724.0
ben,Benin,2025,14814460.0
bfa,Burkina Faso,1900,2299057.0
bfa,Burkina Faso,1901,2320845.0
bfa,Burkina Faso,1902,2345612.0
bfa,Burkina Faso,1903,2373411.0
bfa,Burkina Faso,1904,2401537.0
bfa,Burkina Faso,1905,2429995.0
bfa,Burkina Faso,1906,2458789.0
bfa,Burkina Faso,1907,2487921.0
bfa,Burkina Faso,1908,2517398.0
bfa,Burkina Faso,1909,2545676.0
bfa,Burkina Faso,1910,2572728.0
bfa,Burkina Faso,1911,2598524.0
bfa,Burkina Faso,1912,2623033.0
bfa,Burkina Faso,1913,2646225.0
bfa,Burkina Faso,1914,2669621.0
bfa,Burkina Faso,1915,2693221.0
bfa,Burkina Faso,1916,2717028.0
bfa,Burkina Faso,1917,2741043.0
bfa,Burkina Faso,1918,2762972.0
bfa,Burkina Faso,1919,2787883.0
bfa,Burkina Faso,1920,2815837.0
bfa,Burkina Faso,1921,2846895.0
bfa,Burkina Faso,1922,2881120.0
bfa,Burkina Faso,1923,2918574.0
bfa,Burkina Faso,1924,2956515.0
bfa,Burkina Faso,1925,2994950.0
bfa,Burkina Faso,1926,3033884.0
bfa,Burkina Faso,1927,3073325.0
bfa,Burkina Faso,1928,3113278.0
bfa,Burkina Faso,1929,3153112.0
bfa,Burkina Faso,1930,3192817.0
bfa,Burkina Faso,1931,3232384.0
bfa,Burkina Faso,1932,3271803.0
bfa,Burkina Faso,1933,3311065.0
bfa,Burkina Faso,1934,3350797.0
bfa,Burkina Faso,1935,3391007.0
bfa,Burkina Faso,1936,3431699.0
bfa,Burkina Faso,1937,3472880.0
bfa,Burkina Faso,1938,3514554.0
bfa,Burkina Faso,1939,3559608.0
bfa,Burkina Faso,1940,3608128.0
bfa,Burkina Faso,1941,3660201.0
bfa,Burkina Faso,1942,3715920.0
bfa,Burkina Faso,1943,3775374.0
bfa,Burkina Faso,1944,3835780.0
bfa,Burkina Faso,1945,3897153.0
bfa,Burkina Faso,1946,3959507.0
bfa,Burkina Faso,1947,4022860.0
bfa,Burkina Faso,1948,4087225.0
bfa,Burkina Faso,1949,4150670.0
bfa,Burkina Faso,1950,4213152.0
bfa,Burkina Faso,1951,4260384.0
bfa,Burkina Faso,1952,4310351.0
bfa,Burkina Faso,1953,4361317.0
bfa,Burkina Faso,1954,4413876.0
bfa,Burkina Faso,1955,4469053.0
bfa,Burkina Faso,1956,4526654.0
bfa,Burkina Faso,1957,4586572.0
bfa,Burkina Faso,1958,4647280.0
bfa,Burkina Faso,1959,4710845.0
bfa,Burkina Faso,1960,4778621.0
bfa,Burkina Faso,1961,4848224.0
bfa,Burkina Faso,1962,4919672.0
bfa,Burkina Faso,1963,4993623.0
bfa,Burkina Faso,1964,5071034.0
bfa,Burkina Faso,1965,5152833.0
bfa,Burkina Faso,1966,5237933.0
bfa,Burkina Faso,1967,5326348.0
bfa,Burkina Faso,1968,5418644.0
bfa,Burkina Faso,1969,5513177.0
bfa,Burkina Faso,1970,5610304.0
bfa,Burkina Faso,1971,5707999.0
bfa,Burkina Faso,1972,5807234.0
bfa,Burkina Faso,1973,5911927.0
bfa,Burkina Faso,1974,6024904.0
bfa,Burkina Faso,1975,6147569.0
bfa,Burkina Faso,1976,6280635.0
bfa,Burkina Faso,1977,6428734.0
bfa,Burkina Faso,1978,6590984.0
bfa,Burkina Faso,1979,6763903.0
bfa,Burkina Faso,1980,6947900.0
bfa,Burkina Faso,1981,7140271.0
bfa,Burkina Faso,1982,7340197.0
bfa,Burkina Faso,1983,7551129.0
bfa,Burkina Faso,1984,7772256.0
bfa,Burkina Faso,1985,7999935.0
bfa,Burkina Faso,1986,8228847.0
bfa,Burkina Faso,1987,8457109.0
bfa,Burkina Faso,1988,8687435.0
bfa,Burkina Faso,1989,8921175.0
bfa,Burkina Faso,1990,9159356.0
bfa,Burkina Faso,1991,9394632.0
bfa,Burkina Faso,1992,9629275.0
bfa,Burkina Faso,1993,9871713.0
bfa,Burkina Faso,1994,10123798.0
bfa,Burkina Faso,1995,10386722.0
bfa,Burkina Faso,1996,10655942.0
bfa,Burkina Faso,1997,10934223.0
bfa,Burkina Faso,1998,11240664.0
bfa,Burkina Faso,1999,11574928.0
bfa,Burkina Faso,2000,11925546.0
bfa,Burkina Faso,2001,12295001.0
bfa,Burkina Faso,2002,12680897.0
bfa,Burkina Faso,2003,13082532.0
bfa,Burkina Faso,2004,13500533.0
bfa,Burkina Faso,2005,13932123.0
bfa,Burkina Faso,2006,14373707.0
bfa,Burkina Faso,2007,14816307.0
bfa,Burkina Faso,2008,15258093.0
bfa,Burkina Faso,2009,15710066.0
bfa,Burkina Faso,2010,16176498.0
bfa,Burkina Faso,2011,16661908.0
bfa,Burkina Faso,2012,17172287.0
bfa,Burkina Faso,2013,17695409.0
bfa,Burkina Faso,2014,18229461.0
bfa,Burkina Faso,2015,18777487.0
bfa,Burkina Faso,2016,19334856.0
bfa,Burkina Faso,2017,19894407.0
bfa,Burkina Faso,2018,20438288.0
bfa,Burkina Faso,2019,20961952.0
bfa,Burkina Faso,2020,21478690.0
bfa,Burkina Faso,2021,21995243.0
bfa,Burkina Faso,2022,22509038.0
bfa,Burkina Faso,2023,23025776.0
bfa,Burkina Faso,2024,23548781.0
bfa,Burkina Faso,2025,24074580.0
bgd,Bangladesh,1900,27566845.0
bgd,Bangladesh,1901,27694656.0
bgd,Bangladesh,1902,27822983.0
bgd,Bangladesh,1903,27951827.0
bgd,Bangladesh,1904,28081190.0
bgd,Bangladesh,1905,28211073.0
bgd,Bangladesh,1906,28341478.0
bgd,Bangladesh,1907,28472406.0
bgd,Bangladesh,1908,28603858.0
bgd,Bangladesh,1909,28722503.0
bgd,Bangladesh,1910,28828274.0
bgd,Bangladesh,1911,28921101.0
bgd,Bangladesh,1912,29000916.0
bgd,Bangladesh,1913,29067650.0
bgd,Bangladesh,1914,29134453.0
bgd,Bangladesh,1915,29201326.0
bgd,Bangladesh,1916,29268268.0
bgd,Bangladesh,1917,29335279.0
bgd,Bangladesh,1918,29452583.0
bgd,Bangladesh,1919,29570356.0
bgd,Bangladesh,1920,29688600.0
bgd,Bangladesh,1921,29807317.0
bgd,Bangladesh,1922,29926508.0
bgd,Bangladesh,1923,30046176.0
bgd,Bangladesh,1924,30166323.0
bgd,Bangladesh,1925,30286950.0
bgd,Bangladesh,1926,30408059.0
bgd,Bangladesh,1927,30529653.0
bgd,Bangladesh,1928,30651733.0
bgd,Bangladesh,1929,30873174.0
bgd,Bangladesh,1930,31196351.0
bgd,Bangladesh,1931,31623688.0
bgd,Bangladesh,1932,32157658.0
bgd,Bangladesh,1933,32800786.0
bgd,Bangladesh,1934,33456776.0
bgd,Bangladesh,1935,34125885.0
bgd,Bangladesh,1936,34808376.0
bgd,Bangladesh,1937,35504517.0
bgd,Bangladesh,1938,36214579.0
bgd,Bangladesh,1939,36851779.0
bgd,Bangladesh,1940,37413925.0
bgd,Bangladesh,1941,37898773.0
bgd,Bangladesh,1942,38304031.0
bgd,Bangladesh,1943,38627354.0
bgd,Bangladesh,1944,38953406.0
bgd,Bangladesh,1945,39282210.0
bgd,Bangladesh,1946,39613790.0
bgd,Bangladesh,1947,39948168.0
bgd,Bangladesh,1948,40285369.0
bgd,Bangladesh,1949,40704227.0
bgd,Bangladesh,1950,41206856.0
bgd,Bangladesh,1951,42022304.0
bgd,Bangladesh,1952,42893011.0
bgd,Bangladesh,1953,43791391.0
bgd,Bangladesh,1954,44741296.0
bgd,Bangladesh,1955,45767684.0
bgd,Bangladesh,1956,46854417.0
bgd,Bangladesh,1957,48004669.0
bgd,Bangladesh,1958,49184054.0
bgd,Bangladesh,1959,50441762.0
bgd,Bangladesh,1960,51828660.0
bgd,Bangladesh,1961,53310348.0
bgd,Bangladesh,1962,54881146.0
bgd,Bangladesh,1963,56504402.0
bgd,Bangladesh,1964,58178374.0
bgd,Bangladesh,1965,59902519.0
bgd,Bangladesh,1966,61669806.0
bgd,Bangladesh,1967,63510929.0
bgd,Bangladesh,1968,65408276.0
bgd,Bangladesh,1969,67294133.0
bgd,Bangladesh,1970,69058894.0
bgd,Bangladesh,1971,70276758.0
bgd,Bangladesh,1972,71641519.0
bgd,Bangladesh,1973,73722294.0
bgd,Bangladesh,1974,75839348.0
bgd,Bangladesh,1975,77854351.0
bgd,Bangladesh,1976,79855318.0
bgd,Bangladesh,1977,81867264.0
bgd,Bangladesh,1978,83889655.0
bgd,Bangladesh,1979,85935072.0
bgd,Bangladesh,1980,88016432.0
bgd,Bangladesh,1981,90303105.0
bgd,Bangladesh,1982,92814507.0
bgd,Bangladesh,1983,95335155.0
bgd,Bangladesh,1984,97814966.0
bgd,Bangladesh,1985,100253825.0
bgd,Bangladesh,1986,102635572.0
bgd,Bangladesh,1987,104959291.0
bgd,Bangladesh,1988,107216008.0
bgd,Bangladesh,1989,109433799.0
bgd,Bangladesh,1990,111633717.0
bgd,Bangladesh,1991,113787109.0
bgd,Bangladesh,1992,115952192.0
bgd,Bangladesh,1993,118132360.0
bgd,Bangladesh,1994,120343179.0
bgd,Bangladesh,1995,122600370.0
bgd,Bangladesh,1996,124862179.0
bgd,Bangladesh,1997,127198069.0
bgd,Bangladesh,1998,129622332.0
bgd,Bangladesh,1999,132108065.0
bgd,Bangladesh,2000,134544304.0
bgd,Bangladesh,2001,136805810.0
bgd,Bangladesh,2002,138933658.0
bgd,Bangladesh,2003,140970351.0
bgd,Bangladesh,2004,142902856.0
bgd,Bangladesh,2005,144715786.0
bgd,Bangladesh,2006,146405973.0
bgd,Bangladesh,2007,147989278.0
bgd,Bangladesh,2008,149474264.0
bgd,Bangladesh,2009,150873714.0
bgd,Bangladesh,2010,152201981.0
bgd,Bangladesh,2011,153591076.0
bgd,Bangladesh,2012,155070101.0
bgd,Bangladesh,2013,156532141.0
bgd,Bangladesh,2014,157964929.0
bgd,Bangladesh,2015,159383179.0
bgd,Bangladesh,2016,160811932.0
bgd,Bangladesh,2017,162186147.0
bgd,Bangladesh,2018,163523103.0
bgd,Bangladesh,2019,164913055.0
bgd,Bangladesh,2020,166298024.0
bgd,Bangladesh,2021,167658854.0
bgd,Bangladesh,2022,169384897.0
bgd,Bangladesh,2023,171466990.0
bgd,Bangladesh,2024,173562364.0
bgd,Bangladesh,2025,175686899.0
bgr,Bulgaria,1900,3993633.0
bgr,Bulgaria,1901,4047035.0
bgr,Bulgaria,1902,4098957.0
bgr,Bulgaria,1903,4149349.0
bgr,Bulgaria,1904,4200360.0
bgr,Bulgaria,1905,4251998.0
bgr,Bulgaria,1906,4304271.0
bgr,Bulgaria,1907,4357187.0
bgr,Bulgaria,1908,4410753.0
bgr,Bulgaria,1909,4464338.0
bgr,Bulgaria,1910,4517934.0
bgr,Bulgaria,1911,4571535.0
bgr,Bulgaria,1912,4625133.0
bgr,Bulgaria,1913,4678719.0
bgr,Bulgaria,1914,4732927.0
bgr,Bulgaria,1915,4787762.0
bgr,Bulgaria,1916,4843233.0
bgr,Bulgaria,1917,4899346.0
bgr,Bulgaria,1918,4956125.0
bgr,Bulgaria,1919,5019456.0
bgr,Bulgaria,1920,5089518.0
bgr,Bulgaria,1921,5166493.0
bgr,Bulgaria,1922,5250569.0
bgr,Bulgaria,1923,5341934.0
bgr,Bulgaria,1924,5434890.0
bgr,Bulgaria,1925,5529463.0
bgr,Bulgaria,1926,5625681.0
bgr,Bulgaria,1927,5723574.0
bgr,Bulgaria,1928,5823171.0
bgr,Bulgaria,1929,5915735.0
bgr,Bulgaria,1930,6001056.0
bgr,Bulgaria,1931,6078918.0
bgr,Bulgaria,1932,6149101.0
bgr,Bulgaria,1933,6211379.0
bgr,Bulgaria,1934,6274288.0
bgr,Bulgaria,1935,6337834.0
bgr,Bulgaria,1936,6402023.0
bgr,Bulgaria,1937,6466863.0
bgr,Bulgaria,1938,6532359.0
bgr,Bulgaria,1939,6596270.0
bgr,Bulgaria,1940,6658559.0
bgr,Bulgaria,1941,6719192.0
bgr,Bulgaria,1942,6778132.0
bgr,Bulgaria,1943,6835342.0
bgr,Bulgaria,1944,6893036.0
bgr,Bulgaria,1945,6951216.0
bgr,Bulgaria,1946,7009888.0
bgr,Bulgaria,1947,7069054.0
bgr,Bulgaria,1948,7128721.0
bgr,Bulgaria,1949,7188540.0
bgr,Bulgaria,1950,7248511.0
bgr,Bulgaria,1951,7314435.0
bgr,Bulgaria,1952,7361952.0
bgr,Bulgaria,1953,7415922.0
bgr,Bulgaria,1954,7476269.0
bgr,Bulgaria,1955,7533654.0
bgr,Bulgaria,1956,7587166.0
bgr,Bulgaria,1957,7649539.0
bgr,Bulgaria,1958,7724891.0
bgr,Bulgaria,1959,7794173.0
bgr,Bulgaria,1960,7862926.0
bgr,Bulgaria,1961,7938300.0
bgr,Bulgaria,1962,8008325.0
bgr,Bulgaria,1963,8073731.0
bgr,Bulgaria,1964,8140084.0
bgr,Bulgaria,1965,8202416.0
bgr,Bulgaria,1966,8258785.0
bgr,Bulgaria,1967,8311124.0
bgr,Bulgaria,1968,8370638.0
bgr,Bulgaria,1969,8435276.0
bgr,Bulgaria,1970,8490825.0
bgr,Bulgaria,1971,8538898.0
bgr,Bulgaria,1972,8579913.0
bgr,Bulgaria,1973,8624800.0
bgr,Bulgaria,1974,8682755.0
bgr,Bulgaria,1975,8723148.0
bgr,Bulgaria,1976,8759438.0
bgr,Bulgaria,1977,8804686.0
bgr,Bulgaria,1978,8813746.0
bgr,Bulgaria,1979,8824992.0
bgr,Bulgaria,1980,8859537.0
bgr,Bulgaria,1981,8887801.0
bgr,Bulgaria,1982,8912732.0
bgr,Bulgaria,1983,8933326.0
bgr,Bulgaria,1984,8952604.0
bgr,Bulgaria,1985,8958854.0
bgr,Bulgaria,1986,8963469.0
bgr,Bulgaria,1987,8976204.0
bgr,Bulgaria,1988,8985715.0
bgr,Bulgaria,1989,8936380.0
bgr,Bulgaria,1990,8822365.0
bgr,Bulgaria,1991,8695797.0
bgr,Bulgaria,1992,8559101.0
bgr,Bulgaria,1993,8466533.0
bgr,Bulgaria,1994,8416917.0
bgr,Bulgaria,1995,8357574.0
bgr,Bulgaria,1996,8291398.0
bgr,Bulgaria,1997,8217102.0
bgr,Bulgaria,1998,8138194.0
bgr,Bulgaria,1999,8067462.0
bgr,Bulgaria,2000,8000520.0
bgr,Bulgaria,2001,7928452.0
bgr,Bulgaria,2002,7861943.0
bgr,Bulgaria,2003,7804409.0
bgr,Bulgaria,2004,7749430.0
bgr,Bulgaria,2005,7695050.0
bgr,Bulgaria,2006,7640294.0
bgr,Bulgaria,2007,7586888.0
bgr,Bulgaria,2008,7535592.0
bgr,Bulgaria,2009,7488011.0
bgr,Bulgaria,2010,7437599.0
bgr,Bulgaria,2011,7380025.0
bgr,Bulgaria,2012,7317014.0
bgr,Bulgaria,2013,7264600.0
bgr,Bulgaria,2014,7223449.0
bgr,Bulgaria,2015,7177517.0
bgr,Bulgaria,2016,7127434.0
bgr,Bulgaria,2017,7075636.0
bgr,Bulgaria,2018,7024745.0
bgr,Bulgaria,2019,6975469.0
bgr,Bulgaria,2020,6933652.0
bgr,Bulgaria,2021,6877225.0
bgr,Bulgaria,2022,6825864.0
bgr,Bulgaria,2023,6795803.0
bgr,Bulgaria,2024,6757689.0
bgr,Bulgaria,2025,6714560.0
bhr,Bahrain,1900,77098.0
bhr,Bahrain,1901,77559.0
bhr,Bahrain,1902,78023.0
bhr,Bahrain,1903,78490.0
bhr,Bahrain,1904,78960.0
bhr,Bahrain,1905,79432.0
bhr,Bahrain,1906,79907.0
bhr,Bahrain,1907,80385.0
bhr,Bahrain,1908,80866.0
bhr,Bahrain,1909,81890.0
bhr,Bahrain,1910,83480.0
bhr,Bahrain,1911,85662.0
bhr,Bahrain,1912,88462.0
bhr,Bahrain,1913,91908.0
bhr,Bahrain,1914,95488.0
bhr,Bahrain,1915,99207.0
bhr,Bahrain,1916,103072.0
bhr,Bahrain,1917,107086.0
bhr,Bahrain,1918,111259.0
bhr,Bahrain,1919,114659.0
bhr,Bahrain,1920,117257.0
bhr,Bahrain,1921,119022.0
bhr,Bahrain,1922,119922.0
bhr,Bahrain,1923,119922.0
bhr,Bahrain,1924,119922.0
bhr,Bahrain,1925,119922.0
bhr,Bahrain,1926,119922.0
bhr,Bahrain,1927,119922.0
bhr,Bahrain,1928,119922.0
bhr,Bahrain,1929,119922.0
bhr,Bahrain,1930,119922.0
bhr,Bahrain,1931,119922.0
bhr,Bahrain,1932,119922.0
bhr,Bahrain,1933,119922.0
bhr,Bahrain,1934,119922.0
bhr,Bahrain,1935,119922.0
bhr,Bahrain,1936,119922.0
bhr,Bahrain,1937,119922.0
bhr,Bahrain,1938,119922.0
bhr,Bahrain,1939,119817.0
bhr,Bahrain,1940,119607.0
bhr,Bahrain,1941,119292.0
bhr,Bahrain,1942,118874.0
bhr,Bahrain,1943,118353.0
bhr,Bahrain,1944,117834.0
bhr,Bahrain,1945,117317.0
bhr,Bahrain,1946,116803.0
bhr,Bahrain,1947,116291.0
bhr,Bahrain,1948,115781.0
bhr,Bahrain,1949,116097.0
bhr,Bahrain,1950,117263.0
bhr,Bahrain,1951,120750.0
bhr,Bahrain,1952,124448.0
bhr,Bahrain,1953,128373.0
bhr,Bahrain,1954,132561.0
bhr,Bahrain,1955,137070.0
bhr,Bahrain,1956,141919.0
bhr,Bahrain,1957,147147.0
bhr,Bahrain,1958,152810.0
bhr,Bahrain,1959,158921.0
bhr,Bahrain,1960,165477.0
bhr,Bahrain,1961,172346.0
bhr,Bahrain,1962,179349.0
bhr,Bahrain,1963,186501.0
bhr,Bahrain,1964,193816.0
bhr,Bahrain,1965,200866.0
bhr,Bahrain,1966,207543.0
bhr,Bahrain,1967,214189.0
bhr,Bahrain,1968,219337.0
bhr,Bahrain,1969,222469.0
bhr,Bahrain,1970,224809.0
bhr,Bahrain,1971,230733.0
bhr,Bahrain,1972,242113.0
bhr,Bahrain,1973,255320.0
bhr,Bahrain,1974,269038.0
bhr,Bahrain,1975,283243.0
bhr,Bahrain,1976,297863.0
bhr,Bahrain,1977,312823.0
bhr,Bahrain,1978,328046.0
bhr,Bahrain,1979,343457.0
bhr,Bahrain,1980,358978.0
bhr,Bahrain,1981,373524.0
bhr,Bahrain,1982,386983.0
bhr,Bahrain,1983,400707.0
bhr,Bahrain,1984,415154.0
bhr,Bahrain,1985,430358.0
bhr,Bahrain,1986,446286.0
bhr,Bahrain,1987,462854.0
bhr,Bahrain,1988,479929.0
bhr,Bahrain,1989,497327.0
bhr,Bahrain,1990,514797.0
bhr,Bahrain,1991,531869.0
bhr,Bahrain,1992,547749.0
bhr,Bahrain,1993,562809.0
bhr,Bahrain,1994,577952.0
bhr,Bahrain,1995,593222.0
bhr,Bahrain,1996,608593.0
bhr,Bahrain,1997,624005.0
bhr,Bahrain,1998,639378.0
bhr,Bahrain,1999,654614.0
bhr,Bahrain,2000,669581.0
bhr,Bahrain,2001,699956.0
bhr,Bahrain,2002,752197.0
bhr,Bahrain,2003,811276.0
bhr,Bahrain,2004,871442.0
bhr,Bahrain,2005,932604.0
bhr,Bahrain,2006,994618.0
bhr,Bahrain,2007,1057405.0
bhr,Bahrain,2008,1120714.0
bhr,Bahrain,2009,1183605.0
bhr,Bahrain,2010,1213244.0
bhr,Bahrain,2011,1206728.0
bhr,Bahrain,2012,1216303.0
bhr,Bahrain,2013,1257203.0
bhr,Bahrain,2014,1312848.0
bhr,Bahrain,2015,1369650.0
bhr,Bahrain,2016,1429604.0
bhr,Bahrain,2017,1481995.0
bhr,Bahrain,2018,1497626.0
bhr,Bahrain,2019,1485670.0
bhr,Bahrain,2020,1483077.0
bhr,Bahrain,2021,1501764.0
bhr,Bahrain,2022,1533459.0
bhr,Bahrain,2023,1569666.0
bhr,Bahrain,2024,1607049.0
bhr,Bahrain,2025,1643332.0
bhs,Bahamas,1900,59848.0
bhs,Bahamas,1901,60383.0
bhs,Bahamas,1902,60824.0
bhs,Bahamas,1903,61170.0
bhs,Bahamas,1904,61518.0
bhs,Bahamas,1905,61867.0
bhs,Bahamas,1906,62218.0
bhs,Bahamas,1907,62570.0
bhs,Bahamas,1908,62925.0
bhs,Bahamas,1909,63165.0
bhs,Bahamas,1910,63290.0
bhs,Bahamas,1911,63300.0
bhs,Bahamas,1912,63194.0
bhs,Bahamas,1913,62973.0
bhs,Bahamas,1914,62751.0
bhs,Bahamas,1915,62531.0
bhs,Bahamas,1916,62310.0
bhs,Bahamas,1917,62091.0
bhs,Bahamas,1918,61750.0
bhs,Bahamas,1919,61630.0
bhs,Bahamas,1920,61734.0
bhs,Bahamas,1921,62062.0
bhs,Bahamas,1922,62616.0
bhs,Bahamas,1923,63397.0
bhs,Bahamas,1924,64189.0
bhs,Bahamas,1925,64990.0
bhs,Bahamas,1926,65801.0
bhs,Bahamas,1927,66622.0
bhs,Bahamas,1928,67454.0
bhs,Bahamas,1929,68318.0
bhs,Bahamas,1930,69215.0
bhs,Bahamas,1931,70146.0
bhs,Bahamas,1932,71112.0
bhs,Bahamas,1933,72112.0
bhs,Bahamas,1934,73127.0
bhs,Bahamas,1935,74157.0
bhs,Bahamas,1936,75200.0
bhs,Bahamas,1937,76259.0
bhs,Bahamas,1938,77332.0
bhs,Bahamas,1939,78231.0
bhs,Bahamas,1940,78952.0
bhs,Bahamas,1941,79493.0
bhs,Bahamas,1942,79851.0
bhs,Bahamas,1943,80023.0
bhs,Bahamas,1944,80195.0
bhs,Bahamas,1945,80367.0
bhs,Bahamas,1946,80540.0
bhs,Bahamas,1947,80713.0
bhs,Bahamas,1948,80887.0
bhs,Bahamas,1949,81799.0
bhs,Bahamas,1950,83487.0
bhs,Bahamas,1951,84585.0
bhs,Bahamas,1952,86163.0
bhs,Bahamas,1953,88237.0
bhs,Bahamas,1954,90824.0
bhs,Bahamas,1955,93922.0
bhs,Bahamas,1956,97505.0
bhs,Bahamas,1957,101537.0
bhs,Bahamas,1958,105999.0
bhs,Bahamas,1959,110917.0
bhs,Bahamas,1960,116317.0
bhs,Bahamas,1961,122197.0
bhs,Bahamas,1962,128493.0
bhs,Bahamas,1963,135087.0
bhs,Bahamas,1964,141528.0
bhs,Bahamas,1965,147952.0
bhs,Bahamas,1966,154874.0
bhs,Bahamas,1967,162267.0
bhs,Bahamas,1968,170089.0
bhs,Bahamas,1969,177981.0
bhs,Bahamas,1970,184982.0
bhs,Bahamas,1971,190857.0
bhs,Bahamas,1972,196055.0
bhs,Bahamas,1973,200791.0
bhs,Bahamas,1974,205342.0
bhs,Bahamas,1975,209886.0
bhs,Bahamas,1976,214501.0
bhs,Bahamas,1977,219157.0
bhs,Bahamas,1978,223761.0
bhs,Bahamas,1979,228230.0
bhs,Bahamas,1980,232526.0
bhs,Bahamas,1981,236614.0
bhs,Bahamas,1982,240614.0
bhs,Bahamas,1983,244698.0
bhs,Bahamas,1984,248863.0
bhs,Bahamas,1985,253154.0
bhs,Bahamas,1986,257536.0
bhs,Bahamas,1987,261935.0
bhs,Bahamas,1988,266448.0
bhs,Bahamas,1989,271178.0
bhs,Bahamas,1990,275945.0
bhs,Bahamas,1991,280731.0
bhs,Bahamas,1992,285927.0
bhs,Bahamas,1993,291339.0
bhs,Bahamas,1994,296509.0
bhs,Bahamas,1995,301461.0
bhs,Bahamas,1996,306268.0
bhs,Bahamas,1997,310904.0
bhs,Bahamas,1998,315368.0
bhs,Bahamas,1999,319614.0
bhs,Bahamas,2000,323835.0
bhs,Bahamas,2001,327836.0
bhs,Bahamas,2002,331614.0
bhs,Bahamas,2003,335618.0
bhs,Bahamas,2004,339782.0
bhs,Bahamas,2005,343894.0
bhs,Bahamas,2006,348375.0
bhs,Bahamas,2007,353334.0
bhs,Bahamas,2008,358120.0
bhs,Bahamas,2009,362810.0
bhs,Bahamas,2010,367478.0
bhs,Bahamas,2011,371729.0
bhs,Bahamas,2012,375469.0
bhs,Bahamas,2013,378953.0
bhs,Bahamas,2014,382298.0
bhs,Bahamas,2015,385346.0
bhs,Bahamas,2016,388055.0
bhs,Bahamas,2017,390485.0
bhs,Bahamas,2018,392717.0
bhs,Bahamas,2019,394675.0
bhs,Bahamas,2020,395863.0
bhs,Bahamas,2021,396373.0
bhs,Bahamas,2022,397538.0
bhs,Bahamas,2023,399440.0
bhs,Bahamas,2024,401283.0
bhs,Bahamas,2025,403033.0
bih,Bosnia and Herzegovina,1900,1762783.0
bih,Bosnia and Herzegovina,1901,1783188.0
bih,Bosnia and Herzegovina,1902,1803829.0
bih,Bosnia and Herzegovina,1903,1824710.0
bih,Bosnia and Herzegovina,1904,1845832.0
bih,Bosnia and Herzegovina,1905,1867198.0
bih,Bosnia and Herzegovina,1906,1888812.0
bih,Bosnia and Herzegovina,1907,1910676.0
bih,Bosnia and Herzegovina,1908,1932793.0
bih,Bosnia and Herzegovina,1909,1953585.0
bih,Bosnia and Herzegovina,1910,1973023.0
bih,Bosnia and Herzegovina,1911,1991080.0
bih,Bosnia and Herzegovina,1912,2007728.0
bih,Bosnia and Herzegovina,1913,2022939.0
bih,Bosnia and Herzegovina,1914,2038265.0
bih,Bosnia and Herzegovina,1915,2053706.0
bih,Bosnia and Herzegovina,1916,2069265.0
bih,Bosnia and Herzegovina,1917,2084942.0
bih,Bosnia and Herzegovina,1918,2100639.0
bih,Bosnia and Herzegovina,1919,2116455.0
bih,Bosnia and Herzegovina,1920,2132390.0
bih,Bosnia and Herzegovina,1921,2148444.0
bih,Bosnia and Herzegovina,1922,2164620.0
bih,Bosnia and Herzegovina,1923,2180917.0
bih,Bosnia and Herzegovina,1924,2197337.0
bih,Bosnia and Herzegovina,1925,2213881.0
bih,Bosnia and Herzegovina,1926,2230549.0
bih,Bosnia and Herzegovina,1927,2247342.0
bih,Bosnia and Herzegovina,1928,2264262.0
bih,Bosnia and Herzegovina,1929,2281310.0
bih,Bosnia and Herzegovina,1930,2298486.0
bih,Bosnia and Herzegovina,1931,2315791.0
bih,Bosnia and Herzegovina,1932,2333226.0
bih,Bosnia and Herzegovina,1933,2350793.0
bih,Bosnia and Herzegovina,1934,2368492.0
bih,Bosnia and Herzegovina,1935,2386324.0
bih,Bosnia and Herzegovina,1936,2404291.0
bih,Bosnia and Herzegovina,1937,2422393.0
bih,Bosnia and Herzegovina,1938,2440631.0
bih,Bosnia and Herzegovina,1939,2459006.0
bih,Bosnia and Herzegovina,1940,2477520.0
bih,Bosnia and Herzegovina,1941,2496173.0
bih,Bosnia and Herzegovina,1942,2514966.0
bih,Bosnia and Herzegovina,1943,2533901.0
bih,Bosnia and Herzegovina,1944,2552979.0
bih,Bosnia and Herzegovina,1945,2572200.0
bih,Bosnia and Herzegovina,1946,2591566.0
bih,Bosnia and Herzegovina,1947,2611078.0
bih,Bosnia and Herzegovina,1948,2630736.0
bih,Bosnia and Herzegovina,1949,2657120.0
bih,Bosnia and Herzegovina,1950,2690410.0
bih,Bosnia and Herzegovina,1951,2730242.0
bih,Bosnia and Herzegovina,1952,2774682.0
bih,Bosnia and Herzegovina,1953,2829227.0
bih,Bosnia and Herzegovina,1954,2890197.0
bih,Bosnia and Herzegovina,1955,2952173.0
bih,Bosnia and Herzegovina,1956,3015551.0
bih,Bosnia and Herzegovina,1957,3079937.0
bih,Bosnia and Herzegovina,1958,3145430.0
bih,Bosnia and Herzegovina,1959,3212367.0
bih,Bosnia and Herzegovina,1960,3281381.0
bih,Bosnia and Herzegovina,1961,3348035.0
bih,Bosnia and Herzegovina,1962,3407532.0
bih,Bosnia and Herzegovina,1963,3461942.0
bih,Bosnia and Herzegovina,1964,3513441.0
bih,Bosnia and Herzegovina,1965,3562834.0
bih,Bosnia and Herzegovina,1966,3610562.0
bih,Bosnia and Herzegovina,1967,3656223.0
bih,Bosnia and Herzegovina,1968,3698794.0
bih,Bosnia and Herzegovina,1969,3737765.0
bih,Bosnia and Herzegovina,1970,3773247.0
bih,Bosnia and Herzegovina,1971,3809376.0
bih,Bosnia and Herzegovina,1972,3848271.0
bih,Bosnia and Herzegovina,1973,3887376.0
bih,Bosnia and Herzegovina,1974,3926472.0
bih,Bosnia and Herzegovina,1975,3965743.0
bih,Bosnia and Herzegovina,1976,4004552.0
bih,Bosnia and Herzegovina,1977,4042124.0
bih,Bosnia and Herzegovina,1978,4078240.0
bih,Bosnia and Herzegovina,1979,4113300.0
bih,Bosnia and Herzegovina,1980,4148426.0
bih,Bosnia and Herzegovina,1981,4184217.0
bih,Bosnia and Herzegovina,1982,4221100.0
bih,Bosnia and Herzegovina,1983,4258728.0
bih,Bosnia and Herzegovina,1984,4295536.0
bih,Bosnia and Herzegovina,1985,4330364.0
bih,Bosnia and Herzegovina,1986,4362115.0
bih,Bosnia and Herzegovina,1987,4390246.0
bih,Bosnia and Herzegovina,1988,4414404.0
bih,Bosnia and Herzegovina,1989,4433983.0
bih,Bosnia and Herzegovina,1990,4448652.0
bih,Bosnia and Herzegovina,1991,4458343.0
bih,Bosnia and Herzegovina,1992,4234616.0
bih,Bosnia and Herzegovina,1993,3904482.0
bih,Bosnia and Herzegovina,1994,3725412.0
bih,Bosnia and Herzegovina,1995,3715564.0
bih,Bosnia and Herzegovina,1996,3875246.0
bih,Bosnia and Herzegovina,1997,4018227.0
bih,Bosnia and Herzegovina,1998,4089356.0
bih,Bosnia and Herzegovina,1999,4130305.0
bih,Bosnia and Herzegovina,2000,4159771.0
bih,Bosnia and Herzegovina,2001,4179438.0
bih,Bosnia and Herzegovina,2002,4188002.0
bih,Bosnia and Herzegovina,2003,4178523.0
bih,Bosnia and Herzegovina,2004,4140987.0
bih,Bosnia and Herzegovina,2005,4096493.0
bih,Bosnia and Herzegovina,2006,4063272.0
bih,Bosnia and Herzegovina,2007,4013424.0
bih,Bosnia and Herzegovina,2008,3947544.0
bih,Bosnia and Herzegovina,2009,3879794.0
bih,Bosnia and Herzegovina,2010,3811472.0
bih,Bosnia and Herzegovina,2011,3741798.0
bih,Bosnia and Herzegovina,2012,3670113.0
bih,Bosnia and Herzegovina,2013,3610859.0
bih,Bosnia and Herzegovina,2014,3564829.0
bih,Bosnia and Herzegovina,2015,3518541.0
bih,Bosnia and Herzegovina,2016,3473003.0
bih,Bosnia and Herzegovina,2017,3428682.0
bih,Bosnia and Herzegovina,2018,3387000.0
bih,Bosnia and Herzegovina,2019,3345533.0
bih,Bosnia and Herzegovina,2020,3299349.0
bih,Bosnia and Herzegovina,2021,3244907.0
bih,Bosnia and Herzegovina,2022,3204802.0
bih,Bosnia and Herzegovina,2023,3185073.0
bih,Bosnia and Herzegovina,2024,3164253.0
bih,Bosnia and Herzegovina,2025,3140095.0
blr,Belarus,1900,4617109.0
blr,Belarus,1901,4653946.0
blr,Belarus,1902,4691071.0
blr,Belarus,1903,4728484.0
blr,Belarus,1904,4766190.0
blr,Belarus,1905,4804189.0
blr,Belarus,1906,4842484.0
blr,Belarus,1907,4881078.0
blr,Belarus,1908,4919972.0
blr,Belarus,1909,4959169.0
blr,Belarus,1910,4998671.0
blr,Belarus,1911,5038481.0
blr,Belarus,1912,5078600.0
blr,Belarus,1913,5119031.0
blr,Belarus,1914,5159776.0
blr,Belarus,1915,5200839.0
blr,Belarus,1916,5242220.0
blr,Belarus,1917,5283923.0
blr,Belarus,1918,5332411.0
blr,Belarus,1919,5381345.0
blr,Belarus,1920,5430727.0
blr,Belarus,1921,5480563.0
blr,Belarus,1922,5530856.0
blr,Belarus,1923,5581610.0
blr,Belarus,1924,5632831.0
blr,Belarus,1925,5684521.0
blr,Belarus,1926,5736685.0
blr,Belarus,1927,5789329.0
blr,Belarus,1928,5842455.0
blr,Belarus,1929,5896069.0
blr,Belarus,1930,5950175.0
blr,Belarus,1931,6004777.0
blr,Belarus,1932,6059881.0
blr,Belarus,1933,6115490.0
blr,Belarus,1934,6171609.0
blr,Belarus,1935,6228244.0
blr,Belarus,1936,6285398.0
blr,Belarus,1937,6343077.0
blr,Belarus,1938,6401285.0
blr,Belarus,1939,6460027.0
blr,Belarus,1940,6519308.0
blr,Belarus,1941,6579133.0
blr,Belarus,1942,6639507.0
blr,Belarus,1943,6700435.0
blr,Belarus,1944,6761922.0
blr,Belarus,1945,6823974.0
blr,Belarus,1946,6886595.0
blr,Belarus,1947,6949790.0
blr,Belarus,1948,7013566.0
blr,Belarus,1949,7072857.0
blr,Belarus,1950,7127595.0
blr,Belarus,1951,7189433.0
blr,Belarus,1952,7264607.0
blr,Belarus,1953,7350636.0
blr,Belarus,1954,7448889.0
blr,Belarus,1955,7560676.0
blr,Belarus,1956,7682882.0
blr,Belarus,1957,7811335.0
blr,Belarus,1958,7944089.0
blr,Belarus,1959,8081319.0
blr,Belarus,1960,8207998.0
blr,Belarus,1961,8320433.0
blr,Belarus,1962,8424480.0
blr,Belarus,1963,8517704.0
blr,Belarus,1964,8602838.0
blr,Belarus,1965,8679929.0
blr,Belarus,1966,8752970.0
blr,Belarus,1967,8823254.0
blr,Belarus,1968,8891328.0
blr,Belarus,1969,8954597.0
blr,Belarus,1970,9014897.0
blr,Belarus,1971,9079747.0
blr,Belarus,1972,9144633.0
blr,Belarus,1973,9205712.0
blr,Belarus,1974,9265678.0
blr,Belarus,1975,9324281.0
blr,Belarus,1976,9380086.0
blr,Belarus,1977,9434943.0
blr,Belarus,1978,9485805.0
blr,Belarus,1979,9537705.0
blr,Belarus,1980,9603171.0
blr,Belarus,1981,9678048.0
blr,Belarus,1982,9748282.0
blr,Belarus,1983,9815555.0
blr,Belarus,1984,9881694.0
blr,Belarus,1985,9944186.0
blr,Belarus,1986,10004288.0
blr,Belarus,1987,10057605.0
blr,Belarus,1988,10107637.0
blr,Belarus,1989,10158785.0
blr,Belarus,1990,10186261.0
blr,Belarus,1991,10193889.0
blr,Belarus,1992,10217561.0
blr,Belarus,1993,10241320.0
blr,Belarus,1994,10230187.0
blr,Belarus,1995,10197463.0
blr,Belarus,1996,10164028.0
blr,Belarus,1997,10122364.0
blr,Belarus,1998,10080578.0
blr,Belarus,1999,10039223.0
blr,Belarus,2000,9991313.0
blr,Belarus,2001,9938065.0
blr,Belarus,2002,9873450.0
blr,Belarus,2003,9803176.0
blr,Belarus,2004,9735091.0
blr,Belarus,2005,9667838.0
blr,Belarus,2006,9608036.0
blr,Belarus,2007,9563133.0
blr,Belarus,2008,9529358.0
blr,Belarus,2009,9507337.0
blr,Belarus,2010,9490752.0
blr,Belarus,2011,9472735.0
blr,Belarus,2012,9463076.0
blr,Belarus,2013,9464453.0
blr,Belarus,2014,9472708.0
blr,Belarus,2015,9487293.0
blr,Belarus,2016,9499064.0
blr,Belarus,2017,9495790.0
blr,Belarus,2018,9480031.0
blr,Belarus,2019,9435419.0
blr,Belarus,2020,9350944.0
blr,Belarus,2021,9251365.0
blr,Belarus,2022,9173237.0
blr,Belarus,2023,9115680.0
blr,Belarus,2024,9056696.0
blr,Belarus,2025,8997603.0
blz,Belize,1900,37753.0
blz,Belize,1901,38216.0
blz,Belize,1902,38610.0
blz,Belize,1903,38932.0
blz,Belize,1904,39257.0
blz,Belize,1905,39584.0
blz,Belize,1906,39914.0
blz,Belize,1907,40247.0
blz,Belize,1908,40583.0
blz,Belize,1909,40955.0
blz,Belize,1910,41363.0
blz,Belize,1911,41809.0
blz,Belize,1912,42293.0
blz,Belize,1913,42816.0
blz,Belize,1914,43345.0
blz,Belize,1915,43881.0
blz,Belize,1916,44423.0
blz,Belize,1917,44972.0
blz,Belize,1918,45505.0
blz,Belize,1919,46051.0
blz,Belize,1920,46611.0
blz,Belize,1921,47184.0
blz,Belize,1922,47772.0
blz,Belize,1923,48373.0
blz,Belize,1924,48983.0
blz,Belize,1925,49599.0
blz,Belize,1926,50224.0
blz,Belize,1927,50857.0
blz,Belize,1928,51497.0
blz,Belize,1929,52168.0
blz,Belize,1930,52869.0
blz,Belize,1931,53602.0
blz,Belize,1932,54367.0
blz,Belize,1933,55165.0
blz,Belize,1934,55975.0
blz,Belize,1935,56796.0
blz,Belize,1936,57630.0
blz,Belize,1937,58476.0
blz,Belize,1938,59334.0
blz,Belize,1939,60160.0
blz,Belize,1940,60952.0
blz,Belize,1941,61709.0
blz,Belize,1942,62430.0
blz,Belize,1943,63114.0
blz,Belize,1944,63806.0
blz,Belize,1945,64506.0
blz,Belize,1946,65213.0
blz,Belize,1947,65928.0
blz,Belize,1948,66651.0
blz,Belize,1949,67694.0
blz,Belize,1950,69073.0
blz,Belize,1951,71121.0
blz,Belize,1952,73344.0
blz,Belize,1953,75514.0
blz,Belize,1954,77674.0
blz,Belize,1955,79856.0
blz,Belize,1956,82072.0
blz,Belize,1957,84342.0
blz,Belize,1958,86659.0
blz,Belize,1959,88990.0
blz,Belize,1960,91318.0
blz,Belize,1961,93632.0
blz,Belize,1962,96042.0
blz,Belize,1963,98704.0
blz,Belize,1964,101603.0
blz,Belize,1965,104675.0
blz,Belize,1966,107906.0
blz,Belize,1967,111272.0
blz,Belize,1968,114713.0
blz,Belize,1969,118040.0
blz,Belize,1970,120736.0
blz,Belize,1971,122805.0
blz,Belize,1972,124676.0
blz,Belize,1973,126445.0
blz,Belize,1974,128185.0
blz,Belize,1975,130387.0
blz,Belize,1976,133099.0
blz,Belize,1977,135887.0
blz,Belize,1978,138713.0
blz,Belize,1979,141678.0
blz,Belize,1980,145062.0
blz,Belize,1981,148786.0
blz,Belize,1982,152548.0
blz,Belize,1983,156297.0
blz,Belize,1984,160044.0
blz,Belize,1985,163796.0
blz,Belize,1986,167554.0
blz,Belize,1987,171338.0
blz,Belize,1988,175180.0
blz,Belize,1989,179107.0
blz,Belize,1990,183076.0
blz,Belize,1991,187040.0
blz,Belize,1992,190983.0
blz,Belize,1993,194902.0
blz,Belize,1994,199097.0
blz,Belize,1995,204146.0
blz,Belize,1996,210310.0
blz,Belize,1997,217446.0
blz,Belize,1998,225173.0
blz,Belize,1999,233059.0
blz,Belize,2000,240799.0
blz,Belize,2001,248379.0
blz,Belize,2002,256009.0
blz,Belize,2003,263780.0
blz,Belize,2004,271688.0
blz,Belize,2005,279731.0
blz,Belize,2006,287878.0
blz,Belize,2007,296100.0
blz,Belize,2008,304361.0
blz,Belize,2009,312614.0
blz,Belize,2010,320245.0
blz,Belize,2011,327298.0
blz,Belize,2012,334414.0
blz,Belize,2013,341627.0
blz,Belize,2014,348923.0
blz,Belize,2015,356333.0
blz,Belize,2016,364705.0
blz,Belize,2017,373202.0
blz,Belize,2018,380226.0
blz,Belize,2019,385829.0
blz,Belize,2020,390812.0
blz,Belize,2021,395346.0
blz,Belize,2022,402733.0
blz,Belize,2023,411106.0
blz,Belize,2024,417072.0
blz,Belize,2025,422924.0
bol,Bolivia,1900,1813486.0
bol,Bolivia,1901,1840563.0
bol,Bolivia,1902,1863006.0
bol,Bolivia,1903,1880650.0
bol,Bolivia,1904,1898457.0
bol,Bolivia,1905,1916428.0
bol,Bolivia,1906,1934566.0
bol,Bolivia,1907,1952871.0
bol,Bolivia,1908,1971346.0
bol,Bolivia,1909,1992870.0
bol,Bolivia,1910,2017524.0
bol,Bolivia,1911,2045391.0
bol,Bolivia,1912,2076555.0
bol,Bolivia,1913,2111102.0
bol,Bolivia,1914,2146219.0
bol,Bolivia,1915,2181915.0
bol,Bolivia,1916,2218201.0
bol,Bolivia,1917,2255086.0
bol,Bolivia,1918,2289351.0
bol,Bolivia,1919,2322438.0
bol,Bolivia,1920,2354310.0
bol,Bolivia,1921,2384929.0
bol,Bolivia,1922,2414255.0
bol,Bolivia,1923,2442248.0
bol,Bolivia,1924,2470566.0
bol,Bolivia,1925,2499212.0
bol,Bolivia,1926,2528190.0
bol,Bolivia,1927,2557505.0
bol,Bolivia,1928,2587159.0
bol,Bolivia,1929,2617159.0
bol,Bolivia,1930,2647510.0
bol,Bolivia,1931,2678214.0
bol,Bolivia,1932,2709277.0
bol,Bolivia,1933,2740702.0
bol,Bolivia,1934,2772491.0
bol,Bolivia,1935,2804650.0
bol,Bolivia,1936,2837181.0
bol,Bolivia,1937,2870090.0
bol,Bolivia,1938,2903380.0
bol,Bolivia,1939,2931823.0
bol,Bolivia,1940,2955349.0
bol,Bolivia,1941,2973884.0
bol,Bolivia,1942,2987358.0
bol,Bolivia,1943,2995696.0
bol,Bolivia,1944,3004057.0
bol,Bolivia,1945,3012441.0
bol,Bolivia,1946,3020849.0
bol,Bolivia,1947,3029280.0
bol,Bolivia,1948,3037735.0
bol,Bolivia,1949,3057868.0
bol,Bolivia,1950,3089969.0
bol,Bolivia,1951,3137297.0
bol,Bolivia,1952,3187537.0
bol,Bolivia,1953,3240965.0
bol,Bolivia,1954,3297842.0
bol,Bolivia,1955,3358004.0
bol,Bolivia,1956,3421339.0
bol,Bolivia,1957,3487569.0
bol,Bolivia,1958,3556559.0
bol,Bolivia,1959,3628191.0
bol,Bolivia,1960,3702323.0
bol,Bolivia,1961,3778731.0
bol,Bolivia,1962,3857493.0
bol,Bolivia,1963,3938913.0
bol,Bolivia,1964,4022996.0
bol,Bolivia,1965,4109796.0
bol,Bolivia,1966,4199550.0
bol,Bolivia,1967,4292572.0
bol,Bolivia,1968,4388944.0
bol,Bolivia,1969,4488232.0
bol,Bolivia,1970,4590010.0
bol,Bolivia,1971,4694342.0
bol,Bolivia,1972,4800978.0
bol,Bolivia,1973,4910200.0
bol,Bolivia,1974,5022475.0
bol,Bolivia,1975,5137539.0
bol,Bolivia,1976,5256496.0
bol,Bolivia,1977,5379166.0
bol,Bolivia,1978,5504123.0
bol,Bolivia,1979,5630849.0
bol,Bolivia,1980,5758900.0
bol,Bolivia,1981,5888109.0
bol,Bolivia,1982,6018088.0
bol,Bolivia,1983,6149060.0
bol,Bolivia,1984,6281868.0
bol,Bolivia,1985,6416185.0
bol,Bolivia,1986,6552479.0
bol,Bolivia,1987,6692162.0
bol,Bolivia,1988,6835508.0
bol,Bolivia,1989,6981766.0
bol,Bolivia,1990,7130142.0
bol,Bolivia,1991,7280289.0
bol,Bolivia,1992,7430336.0
bol,Bolivia,1993,7579195.0
bol,Bolivia,1994,7727322.0
bol,Bolivia,1995,7874676.0
bol,Bolivia,1996,8021736.0
bol,Bolivia,1997,8167900.0
bol,Bolivia,1998,8313394.0
bol,Bolivia,1999,8459806.0
bol,Bolivia,2000,8606326.0
bol,Bolivia,2001,8752736.0
bol,Bolivia,2002,8900355.0
bol,Bolivia,2003,9050700.0
bol,Bolivia,2004,9204287.0
bol,Bolivia,2005,9360754.0
bol,Bolivia,2006,9521689.0
bol,Bolivia,2007,9685960.0
bol,Bolivia,2008,9850858.0
bol,Bolivia,2009,10016275.0
bol,Bolivia,2010,10182345.0
bol,Bolivia,2011,10348929.0
bol,Bolivia,2012,10515807.0
bol,Bolivia,2013,10682608.0
bol,Bolivia,2014,10848888.0
bol,Bolivia,2015,11014705.0
bol,Bolivia,2016,11180020.0
bol,Bolivia,2017,11344587.0
bol,Bolivia,2018,11508368.0
bol,Bolivia,2019,11671386.0
bol,Bolivia,2020,11816299.0
bol,Bolivia,2021,11937360.0
bol,Bolivia,2022,12077154.0
bol,Bolivia,2023,12244159.0
bol,Bolivia,2024,12413315.0
bol,Bolivia,2025,12581843.0
bra,Brazil,1900,17921723.0
bra,Brazil,1901,18321281.0
bra,Brazil,1902,18720610.0
bra,Brazil,1903,19119497.0
bra,Brazil,1904,19526883.0
bra,Brazil,1905,19942950.0
bra,Brazil,1906,20367881.0
bra,Brazil,1907,20801867.0
bra,Brazil,1908,21245100.0
bra,Brazil,1909,21697119.0
bra,Brazil,1910,22158097.0
bra,Brazil,1911,22628212.0
bra,Brazil,1912,23107643.0
bra,Brazil,1913,23596574.0
bra,Brazil,1914,24095851.0
bra,Brazil,1915,24605691.0
bra,Brazil,1916,25126319.0
bra,Brazil,1917,25657963.0
bra,Brazil,1918,26202153.0
bra,Brazil,1919,26753986.0
bra,Brazil,1920,27313544.0
bra,Brazil,1921,27880910.0
bra,Brazil,1922,28456165.0
bra,Brazil,1923,29039392.0
bra,Brazil,1924,29634573.0
bra,Brazil,1925,30241952.0
bra,Brazil,1926,30861780.0
bra,Brazil,1927,31494312.0
bra,Brazil,1928,32139808.0
bra,Brazil,1929,32798459.0
bra,Brazil,1930,33470534.0
bra,Brazil,1931,34156307.0
bra,Brazil,1932,34856055.0
bra,Brazil,1933,35570065.0
bra,Brazil,1934,36298701.0
bra,Brazil,1935,37042263.0
bra,Brazil,1936,37801057.0
bra,Brazil,1937,38575394.0
bra,Brazil,1938,39365593.0
bra,Brazil,1939,40221884.0
bra,Brazil,1940,41146947.0
bra,Brazil,1941,42143552.0
bra,Brazil,1942,43214563.0
bra,Brazil,1943,44362938.0
bra,Brazil,1944,45541830.0
bra,Brazil,1945,46752049.0
bra,Brazil,1946,47994428.0
bra,Brazil,1947,49269823.0
bra,Brazil,1948,50579109.0
bra,Brazil,1949,51957728.0
bra,Brazil,1950,53408551.0
bra,Brazil,1951,55018851.0
bra,Brazil,1952,56694872.0
bra,Brazil,1953,58433757.0
bra,Brazil,1954,60235122.0
bra,Brazil,1955,62101388.0
bra,Brazil,1956,64033995.0
bra,Brazil,1957,66031492.0
bra,Brazil,1958,68092141.0
bra,Brazil,1959,70214470.0
bra,Brazil,1960,72388126.0
bra,Brazil,1961,74605447.0
bra,Brazil,1962,76865323.0
bra,Brazil,1963,79164235.0
bra,Brazil,1964,81488595.0
bra,Brazil,1965,83817583.0
bra,Brazil,1966,86139359.0
bra,Brazil,1967,88446124.0
bra,Brazil,1968,90741240.0
bra,Brazil,1969,93045777.0
bra,Brazil,1970,95375651.0
bra,Brazil,1971,97739273.0
bra,Brazil,1972,100146797.0
bra,Brazil,1973,102600976.0
bra,Brazil,1974,105089675.0
bra,Brazil,1975,107619565.0
bra,Brazil,1976,110213349.0
bra,Brazil,1977,112875292.0
bra,Brazil,1978,115600942.0
bra,Brazil,1979,118380821.0
bra,Brazil,1980,121207461.0
bra,Brazil,1981,124063109.0
bra,Brazil,1982,126923155.0
bra,Brazil,1983,129790077.0
bra,Brazil,1984,132658864.0
bra,Brazil,1985,135515595.0
bra,Brazil,1986,138336370.0
bra,Brazil,1987,141104944.0
bra,Brazil,1988,143826357.0
bra,Brazil,1989,146502972.0
bra,Brazil,1990,149143223.0
bra,Brazil,1991,151724256.0
bra,Brazil,1992,154275079.0
bra,Brazil,1993,156794577.0
bra,Brazil,1994,159265006.0
bra,Brazil,1995,161735073.0
bra,Brazil,1996,164202549.0
bra,Brazil,1997,166661659.0
bra,Brazil,1998,169159655.0
bra,Brazil,1999,171641543.0
bra,Brazil,2000,174018282.0
bra,Brazil,2001,176301203.0
bra,Brazil,2002,178503484.0
bra,Brazil,2003,180622688.0
bra,Brazil,2004,182675143.0
bra,Brazil,2005,184688101.0
bra,Brazil,2006,186653106.0
bra,Brazil,2007,188552320.0
bra,Brazil,2008,190367302.0
bra,Brazil,2009,192079951.0
bra,Brazil,2010,193701929.0
bra,Brazil,2011,195284734.0
bra,Brazil,2012,196876111.0
bra,Brazil,2013,198478299.0
bra,Brazil,2014,200085127.0
bra,Brazil,2015,201675532.0
bra,Brazil,2016,203218114.0
bra,Brazil,2017,204703445.0
bra,Brazil,2018,206107261.0
bra,Brazil,2019,207455459.0
bra,Brazil,2020,208660842.0
bra,Brazil,2021,209550294.0
bra,Brazil,2022,210306415.0
bra,Brazil,2023,211140729.0
bra,Brazil,2024,211998573.0
bra,Brazil,2025,212812405.0
brb,Barbados,1900,193018.0
brb,Barbados,1901,192037.0
brb,Barbados,1902,190302.0
brb,Barbados,1903,187820.0
brb,Barbados,1904,185370.0
brb,Barbados,1905,182952.0
brb,Barbados,1906,180565.0
brb,Barbados,1907,178210.0
brb,Barbados,1908,175885.0
brb,Barbados,1909,173724.0
brb,Barbados,1910,171724.0
brb,Barbados,1911,169880.0
brb,Barbados,1912,168190.0
brb,Barbados,1913,166651.0
brb,Barbados,1914,165126.0
brb,Barbados,1915,163615.0
brb,Barbados,1916,162118.0
brb,Barbados,1917,160634.0
brb,Barbados,1918,159175.0
brb,Barbados,1919,158336.0
brb,Barbados,1920,158118.0
brb,Barbados,1921,158522.0
brb,Barbados,1922,159547.0
brb,Barbados,1923,161196.0
brb,Barbados,1924,162862.0
brb,Barbados,1925,164545.0
brb,Barbados,1926,166245.0
brb,Barbados,1927,167963.0
brb,Barbados,1928,169699.0
brb,Barbados,1929,171473.0
brb,Barbados,1930,173288.0
brb,Barbados,1931,175142.0
brb,Barbados,1932,177037.0
brb,Barbados,1933,178974.0
brb,Barbados,1934,180932.0
brb,Barbados,1935,182911.0
brb,Barbados,1936,184912.0
brb,Barbados,1937,186935.0
brb,Barbados,1938,188980.0
brb,Barbados,1939,190945.0
brb,Barbados,1940,192827.0
brb,Barbados,1941,194625.0
brb,Barbados,1942,196338.0
brb,Barbados,1943,197962.0
brb,Barbados,1944,199601.0
brb,Barbados,1945,201252.0
brb,Barbados,1946,202918.0
brb,Barbados,1947,204597.0
brb,Barbados,1948,206290.0
brb,Barbados,1949,208063.0
brb,Barbados,1950,209917.0
brb,Barbados,1951,213398.0
brb,Barbados,1952,216506.0
brb,Barbados,1953,219232.0
brb,Barbados,1954,221553.0
brb,Barbados,1955,223290.0
brb,Barbados,1956,224511.0
brb,Barbados,1957,225794.0
brb,Barbados,1958,227258.0
brb,Barbados,1959,228780.0
brb,Barbados,1960,230893.0
brb,Barbados,1961,233148.0
brb,Barbados,1962,235224.0
brb,Barbados,1963,237557.0
brb,Barbados,1964,239958.0
brb,Barbados,1965,242417.0
brb,Barbados,1966,244996.0
brb,Barbados,1967,247091.0
brb,Barbados,1968,248540.0
brb,Barbados,1969,249444.0
brb,Barbados,1970,249387.0
brb,Barbados,1971,249168.0
brb,Barbados,1972,249658.0
brb,Barbados,1973,250322.0
brb,Barbados,1974,250777.0
brb,Barbados,1975,251175.0
brb,Barbados,1976,251442.0
brb,Barbados,1977,251626.0
brb,Barbados,1978,251551.0
brb,Barbados,1979,251269.0
brb,Barbados,1980,251524.0
brb,Barbados,1981,252270.0
brb,Barbados,1982,253095.0
brb,Barbados,1983,253992.0
brb,Barbados,1984,254920.0
brb,Barbados,1985,255820.0
brb,Barbados,1986,256618.0
brb,Barbados,1987,257279.0
brb,Barbados,1988,257763.0
brb,Barbados,1989,258109.0
brb,Barbados,1990,258582.0
brb,Barbados,1991,259373.0
brb,Barbados,1992,260267.0
brb,Barbados,1993,261027.0
brb,Barbados,1994,261620.0
brb,Barbados,1995,262039.0
brb,Barbados,1996,262284.0
brb,Barbados,1997,262392.0
brb,Barbados,1998,262436.0
brb,Barbados,1999,262517.0
brb,Barbados,2000,262063.0
brb,Barbados,2001,262425.0
brb,Barbados,2002,264148.0
brb,Barbados,2003,265776.0
brb,Barbados,2004,267298.0
brb,Barbados,2005,268706.0
brb,Barbados,2006,270002.0
brb,Barbados,2007,271288.0
brb,Barbados,2008,272714.0
brb,Barbados,2009,274123.0
brb,Barbados,2010,275243.0
brb,Barbados,2011,276139.0
brb,Barbados,2012,276938.0
brb,Barbados,2013,277665.0
brb,Barbados,2014,278348.0
brb,Barbados,2015,278990.0
brb,Barbados,2016,279598.0
brb,Barbados,2017,280171.0
brb,Barbados,2018,280711.0
brb,Barbados,2019,281207.0
brb,Barbados,2020,281698.0
brb,Barbados,2021,282147.0
brb,Barbados,2022,282318.0
brb,Barbados,2023,282336.0
brb,Barbados,2024,282467.0
brb,Barbados,2025,282623.0
brn,Brunei,1900,16986.0
brn,Brunei,1901,17548.0
brn,Brunei,1902,18128.0
brn,Brunei,1903,18728.0
brn,Brunei,1904,19347.0
brn,Brunei,1905,19987.0
brn,Brunei,1906,20648.0
brn,Brunei,1907,21297.0
brn,Brunei,1908,21932.0
brn,Brunei,1909,22552.0
brn,Brunei,1910,23157.0
brn,Brunei,1911,23367.0
brn,Brunei,1912,23578.0
brn,Brunei,1913,23989.0
brn,Brunei,1914,24407.0
brn,Brunei,1915,24832.0
brn,Brunei,1916,25265.0
brn,Brunei,1917,25705.0
brn,Brunei,1918,26138.0
brn,Brunei,1919,26565.0
brn,Brunei,1920,26986.0
brn,Brunei,1921,27400.0
brn,Brunei,1922,27808.0
brn,Brunei,1923,28209.0
brn,Brunei,1924,28616.0
brn,Brunei,1925,29028.0
brn,Brunei,1926,29447.0
brn,Brunei,1927,29871.0
brn,Brunei,1928,30301.0
brn,Brunei,1929,30846.0
brn,Brunei,1930,31510.0
brn,Brunei,1931,32299.0
brn,Brunei,1932,33217.0
brn,Brunei,1933,34271.0
brn,Brunei,1934,35358.0
brn,Brunei,1935,36480.0
brn,Brunei,1936,37638.0
brn,Brunei,1937,38832.0
brn,Brunei,1938,40064.0
brn,Brunei,1939,41145.0
brn,Brunei,1940,42066.0
brn,Brunei,1941,42823.0
brn,Brunei,1942,43407.0
brn,Brunei,1943,43811.0
brn,Brunei,1944,44219.0
brn,Brunei,1945,44631.0
brn,Brunei,1946,45047.0
brn,Brunei,1947,45466.0
brn,Brunei,1948,45890.0
brn,Brunei,1949,46821.0
brn,Brunei,1950,48297.0
brn,Brunei,1951,51190.0
brn,Brunei,1952,54233.0
brn,Brunei,1953,57559.0
brn,Brunei,1954,61209.0
brn,Brunei,1955,65210.0
brn,Brunei,1956,69548.0
brn,Brunei,1957,74164.0
brn,Brunei,1958,78972.0
brn,Brunei,1959,83842.0
brn,Brunei,1960,88347.0
brn,Brunei,1961,92517.0
brn,Brunei,1962,96719.0
brn,Brunei,1963,101159.0
brn,Brunei,1964,105922.0
brn,Brunei,1965,110838.0
brn,Brunei,1966,115874.0
brn,Brunei,1967,121017.0
brn,Brunei,1968,126222.0
brn,Brunei,1969,131446.0
brn,Brunei,1970,135138.0
brn,Brunei,1971,137921.0
brn,Brunei,1972,142189.0
brn,Brunei,1973,147369.0
brn,Brunei,1974,152656.0
brn,Brunei,1975,158070.0
brn,Brunei,1976,163607.0
brn,Brunei,1977,169277.0
brn,Brunei,1978,174884.0
brn,Brunei,1979,180422.0
brn,Brunei,1980,186111.0
brn,Brunei,1981,191977.0
brn,Brunei,1982,198165.0
brn,Brunei,1983,204741.0
brn,Brunei,1984,211661.0
brn,Brunei,1985,218919.0
brn,Brunei,1986,226495.0
brn,Brunei,1987,233860.0
brn,Brunei,1988,240913.0
brn,Brunei,1989,248064.0
brn,Brunei,1990,255292.0
brn,Brunei,1991,262596.0
brn,Brunei,1992,269839.0
brn,Brunei,1993,276971.0
brn,Brunei,1994,284091.0
brn,Brunei,1995,291195.0
brn,Brunei,1996,298276.0
brn,Brunei,1997,305341.0
brn,Brunei,1998,312385.0
brn,Brunei,1999,319411.0
brn,Brunei,2000,326424.0
brn,Brunei,2001,333345.0
brn,Brunei,2002,340099.0
brn,Brunei,2003,346637.0
brn,Brunei,2004,352911.0
brn,Brunei,2005,358916.0
brn,Brunei,2006,364663.0
brn,Brunei,2007,370873.0
brn,Brunei,2008,377793.0
brn,Brunei,2009,384952.0
brn,Brunei,2010,392332.0
brn,Brunei,2011,399389.0
brn,Brunei,2012,405557.0
brn,Brunei,2013,411202.0
brn,Brunei,2014,416750.0
brn,Brunei,2015,422212.0
brn,Brunei,2016,427564.0
brn,Brunei,2017,432772.0
brn,Brunei,2018,437810.0
brn,Brunei,2019,442680.0
brn,Brunei,2020,447404.0
brn,Brunei,2021,451721.0
brn,Brunei,2022,455370.0
brn,Brunei,2023,458949.0
brn,Brunei,2024,462721.0
brn,Brunei,2025,466330.0
btn,Bhutan,1900,261810.0
btn,Bhutan,1901,260482.0
btn,Bhutan,1902,259161.0
btn,Bhutan,1903,257847.0
btn,Bhutan,1904,256539.0
btn,Bhutan,1905,255238.0
btn,Bhutan,1906,253944.0
btn,Bhutan,1907,252656.0
btn,Bhutan,1908,251374.0
btn,Bhutan,1909,250348.0
btn,Bhutan,1910,249575.0
btn,Bhutan,1911,249055.0
btn,Bhutan,1912,248786.0
btn,Bhutan,1913,248766.0
btn,Bhutan,1914,248746.0
btn,Bhutan,1915,248727.0
btn,Bhutan,1916,248707.0
btn,Bhutan,1917,248688.0
btn,Bhutan,1918,248688.0
btn,Bhutan,1919,248688.0
btn,Bhutan,1920,248688.0
btn,Bhutan,1921,248688.0
btn,Bhutan,1922,248688.0
btn,Bhutan,1923,248688.0
btn,Bhutan,1924,248688.0
btn,Bhutan,1925,248688.0
btn,Bhutan,1926,248688.0
btn,Bhutan,1927,248688.0
btn,Bhutan,1928,248688.0
btn,Bhutan,1929,248688.0
btn,Bhutan,1930,248688.0
btn,Bhutan,1931,248688.0
btn,Bhutan,1932,248688.0
btn,Bhutan,1933,248688.0
btn,Bhutan,1934,248688.0
btn,Bhutan,1935,248688.0
btn,Bhutan,1936,248688.0
btn,Bhutan,1937,248688.0
btn,Bhutan,1938,248688.0
btn,Bhutan,1939,246634.0
btn,Bhutan,1940,242612.0
btn,Bhutan,1941,236703.0
btn,Bhutan,1942,228985.0
btn,Bhutan,1943,219532.0
btn,Bhutan,1944,210469.0
btn,Bhutan,1945,201780.0
btn,Bhutan,1946,193450.0
btn,Bhutan,1947,185464.0
btn,Bhutan,1948,177807.0
btn,Bhutan,1949,172662.0
btn,Bhutan,1950,169982.0
btn,Bhutan,1951,174600.0
btn,Bhutan,1952,179380.0
btn,Bhutan,1953,184333.0
btn,Bhutan,1954,189453.0
btn,Bhutan,1955,194748.0
btn,Bhutan,1956,200236.0
btn,Bhutan,1957,205901.0
btn,Bhutan,1958,211757.0
btn,Bhutan,1959,217815.0
btn,Bhutan,1960,224084.0
btn,Bhutan,1961,230602.0
btn,Bhutan,1962,237636.0
btn,Bhutan,1963,245156.0
btn,Bhutan,1964,252987.0
btn,Bhutan,1965,261200.0
btn,Bhutan,1966,269820.0
btn,Bhutan,1967,278852.0
btn,Bhutan,1968,288311.0
btn,Bhutan,1969,298214.0
btn,Bhutan,1970,308528.0
btn,Bhutan,1971,319211.0
btn,Bhutan,1972,330264.0
btn,Bhutan,1973,341705.0
btn,Bhutan,1974,353538.0
btn,Bhutan,1975,365791.0
btn,Bhutan,1976,378490.0
btn,Bhutan,1977,391639.0
btn,Bhutan,1978,405243.0
btn,Bhutan,1979,419200.0
btn,Bhutan,1980,433404.0
btn,Bhutan,1981,447836.0
btn,Bhutan,1982,462485.0
btn,Bhutan,1983,477460.0
btn,Bhutan,1984,492784.0
btn,Bhutan,1985,508392.0
btn,Bhutan,1986,524324.0
btn,Bhutan,1987,540557.0
btn,Bhutan,1988,556986.0
btn,Bhutan,1989,573586.0
btn,Bhutan,1990,589287.0
btn,Bhutan,1991,599784.0
btn,Bhutan,1992,577774.0
btn,Bhutan,1993,554673.0
btn,Bhutan,1994,554497.0
btn,Bhutan,1995,547989.0
btn,Bhutan,1996,548784.0
btn,Bhutan,1997,558697.0
btn,Bhutan,1998,569435.0
btn,Bhutan,1999,582579.0
btn,Bhutan,2000,596863.0
btn,Bhutan,2001,610794.0
btn,Bhutan,2002,624409.0
btn,Bhutan,2003,637663.0
btn,Bhutan,2004,650544.0
btn,Bhutan,2005,661865.0
btn,Bhutan,2006,670799.0
btn,Bhutan,2007,678641.0
btn,Bhutan,2008,686351.0
btn,Bhutan,2009,693988.0
btn,Bhutan,2010,701632.0
btn,Bhutan,2011,709377.0
btn,Bhutan,2012,717279.0
btn,Bhutan,2013,725273.0
btn,Bhutan,2014,733139.0
btn,Bhutan,2015,740618.0
btn,Bhutan,2016,747866.0
btn,Bhutan,2017,754335.0
btn,Bhutan,2018,759759.0
btn,Bhutan,2019,764824.0
btn,Bhutan,2020,770006.0
btn,Bhutan,2021,775442.0
btn,Bhutan,2022,780914.0
btn,Bhutan,2023,786385.0
btn,Bhutan,2024,791524.0
btn,Bhutan,2025,796682.0
bwa,Botswana,1900,165789.0
bwa,Botswana,1901,168098.0
bwa,Botswana,1902,170651.0
bwa,Botswana,1903,173453.0
bwa,Botswana,1904,176300.0
bwa,Botswana,1905,179195.0
bwa,Botswana,1906,182137.0
bwa,Botswana,1907,185127.0
bwa,Botswana,1908,188167.0
bwa,Botswana,1909,191220.0
bwa,Botswana,1910,194285.0
bwa,Botswana,1911,197364.0
bwa,Botswana,1912,200454.0
bwa,Botswana,1913,203556.0
bwa,Botswana,1914,206706.0
bwa,Botswana,1915,209905.0
bwa,Botswana,1916,213154.0
bwa,Botswana,1917,216453.0
bwa,Botswana,1918,219808.0
bwa,Botswana,1919,223466.0
bwa,Botswana,1920,227436.0
bwa,Botswana,1921,231727.0
bwa,Botswana,1922,236351.0
bwa,Botswana,1923,241319.0
bwa,Botswana,1924,246390.0
bwa,Botswana,1925,251569.0
bwa,Botswana,1926,256856.0
bwa,Botswana,1927,262254.0
bwa,Botswana,1928,267766.0
bwa,Botswana,1929,273347.0
bwa,Botswana,1930,278998.0
bwa,Botswana,1931,284719.0
bwa,Botswana,1932,290512.0
bwa,Botswana,1933,296376.0
bwa,Botswana,1934,302358.0
bwa,Botswana,1935,308461.0
bwa,Botswana,1936,314687.0
bwa,Botswana,1937,321039.0
bwa,Botswana,1938,327519.0
bwa,Botswana,1939,334062.0
bwa,Botswana,1940,340668.0
bwa,Botswana,1941,347337.0
bwa,Botswana,1942,354069.0
bwa,Botswana,1943,360864.0
bwa,Botswana,1944,367789.0
bwa,Botswana,1945,374847.0
bwa,Botswana,1946,382040.0
bwa,Botswana,1947,389372.0
bwa,Botswana,1948,396844.0
bwa,Botswana,1949,404944.0
bwa,Botswana,1950,413697.0
bwa,Botswana,1951,423556.0
bwa,Botswana,1952,433711.0
bwa,Botswana,1953,443973.0
bwa,Botswana,1954,454043.0
bwa,Botswana,1955,463926.0
bwa,Botswana,1956,473782.0
bwa,Botswana,1957,483788.0
bwa,Botswana,1958,494106.0
bwa,Botswana,1959,504877.0
bwa,Botswana,1960,516165.0
bwa,Botswana,1961,527942.0
bwa,Botswana,1962,540186.0
bwa,Botswana,1963,552966.0
bwa,Botswana,1964,566266.0
bwa,Botswana,1965,574664.0
bwa,Botswana,1966,577866.0
bwa,Botswana,1967,580933.0
bwa,Botswana,1968,583966.0
bwa,Botswana,1969,587066.0
bwa,Botswana,1970,590334.0
bwa,Botswana,1971,600481.0
bwa,Botswana,1972,622407.0
bwa,Botswana,1973,652408.0
bwa,Botswana,1974,685448.0
bwa,Botswana,1975,720380.0
bwa,Botswana,1976,758508.0
bwa,Botswana,1977,799574.0
bwa,Botswana,1978,849239.0
bwa,Botswana,1979,901742.0
bwa,Botswana,1980,937485.0
bwa,Botswana,1981,969996.0
bwa,Botswana,1982,1009269.0
bwa,Botswana,1983,1046137.0
bwa,Botswana,1984,1083660.0
bwa,Botswana,1985,1121945.0
bwa,Botswana,1986,1160650.0
bwa,Botswana,1987,1199167.0
bwa,Botswana,1988,1235476.0
bwa,Botswana,1989,1270274.0
bwa,Botswana,1990,1305696.0
bwa,Botswana,1991,1341756.0
bwa,Botswana,1992,1380033.0
bwa,Botswana,1993,1420115.0
bwa,Botswana,1994,1460023.0
bwa,Botswana,1995,1498836.0
bwa,Botswana,1996,1535914.0
bwa,Botswana,1997,1571691.0
bwa,Botswana,1998,1606899.0
bwa,Botswana,1999,1641997.0
bwa,Botswana,2000,1677382.0
bwa,Botswana,2001,1712254.0
bwa,Botswana,2002,1744763.0
bwa,Botswana,2003,1775736.0
bwa,Botswana,2004,1807146.0
bwa,Botswana,2005,1839877.0
bwa,Botswana,2006,1874516.0
bwa,Botswana,2007,1911201.0
bwa,Botswana,2008,1949970.0
bwa,Botswana,2009,1990673.0
bwa,Botswana,2010,2033111.0
bwa,Botswana,2011,2073535.0
bwa,Botswana,2012,2108617.0
bwa,Botswana,2013,2140682.0
bwa,Botswana,2014,2172044.0
bwa,Botswana,2015,2203273.0
bwa,Botswana,2016,2234776.0
bwa,Botswana,2017,2266747.0
bwa,Botswana,2018,2299141.0
bwa,Botswana,2019,2332083.0
bwa,Botswana,2020,2365894.0
bwa,Botswana,2021,2401441.0
bwa,Botswana,2022,2439892.0
bwa,Botswana,2023,2480244.0
bwa,Botswana,2024,2521139.0
bwa,Botswana,2025,2562122.0
caf,Central African Republic,1900,1044564.0
caf,Central African Republic,1901,1040284.0
caf,Central African Republic,1902,1035713.0
caf,Central African Republic,1903,1030853.0
caf,Central African Republic,1904,1026013.0
caf,Central African Republic,1905,1021195.0
caf,Central African Republic,1906,1016397.0
caf,Central African Republic,1907,1011621.0
caf,Central African Republic,1908,1006865.0
caf,Central African Republic,1909,1002327.0
caf,Central African Republic,1910,998007.0
caf,Central African Republic,1911,993903.0
caf,Central African Republic,1912,990013.0
caf,Central African Republic,1913,986336.0
caf,Central African Republic,1914,982672.0
caf,Central African Republic,1915,979019.0
caf,Central African Republic,1916,975378.0
caf,Central African Republic,1917,971749.0
caf,Central African Republic,1918,966884.0
caf,Central African Republic,1919,965492.0
caf,Central African Republic,1920,967598.0
caf,Central African Republic,1921,973230.0
caf,Central African Republic,1922,982418.0
caf,Central African Republic,1923,995189.0
caf,Central African Republic,1924,1008127.0
caf,Central African Republic,1925,1021233.0
caf,Central African Republic,1926,1034509.0
caf,Central African Republic,1927,1047957.0
caf,Central African Republic,1928,1061581.0
caf,Central African Republic,1929,1075163.0
caf,Central African Republic,1930,1088702.0
caf,Central African Republic,1931,1102194.0
caf,Central African Republic,1932,1115635.0
caf,Central African Republic,1933,1129023.0
caf,Central African Republic,1934,1142571.0
caf,Central African Republic,1935,1156282.0
caf,Central African Republic,1936,1170157.0
caf,Central African Republic,1937,1184199.0
caf,Central African Republic,1938,1198410.0
caf,Central African Republic,1939,1213772.0
caf,Central African Republic,1940,1230317.0
caf,Central African Republic,1941,1248073.0
caf,Central African Republic,1942,1267072.0
caf,Central African Republic,1943,1287345.0
caf,Central African Republic,1944,1307943.0
caf,Central African Republic,1945,1328870.0
caf,Central African Republic,1946,1350132.0
caf,Central African Republic,1947,1371734.0
caf,Central African Republic,1948,1393682.0
caf,Central African Republic,1949,1415790.0
caf,Central African Republic,1950,1438057.0
caf,Central African Republic,1951,1461251.0
caf,Central African Republic,1952,1484824.0
caf,Central African Republic,1953,1508948.0
caf,Central African Republic,1954,1533757.0
caf,Central African Republic,1955,1559363.0
caf,Central African Republic,1956,1585846.0
caf,Central African Republic,1957,1613277.0
caf,Central African Republic,1958,1641670.0
caf,Central African Republic,1959,1671331.0
caf,Central African Republic,1960,1702346.0
caf,Central African Republic,1961,1734580.0
caf,Central African Republic,1962,1768115.0
caf,Central African Republic,1963,1803063.0
caf,Central African Republic,1964,1839583.0
caf,Central African Republic,1965,1877854.0
caf,Central African Republic,1966,1918082.0
caf,Central African Republic,1967,1960444.0
caf,Central African Republic,1968,2005100.0
caf,Central African Republic,1969,2051515.0
caf,Central African Republic,1970,2097505.0
caf,Central African Republic,1971,2141450.0
caf,Central African Republic,1972,2183769.0
caf,Central African Republic,1973,2226008.0
caf,Central African Republic,1974,2269338.0
caf,Central African Republic,1975,2313916.0
caf,Central African Republic,1976,2348566.0
caf,Central African Republic,1977,2372930.0
caf,Central African Republic,1978,2397961.0
caf,Central African Republic,1979,2423794.0
caf,Central African Republic,1980,2450535.0
caf,Central African Republic,1981,2478402.0
caf,Central African Republic,1982,2507375.0
caf,Central African Republic,1983,2537399.0
caf,Central African Republic,1984,2568610.0
caf,Central African Republic,1985,2600932.0
caf,Central African Republic,1986,2634258.0
caf,Central African Republic,1987,2669155.0
caf,Central African Republic,1988,2713965.0
caf,Central African Republic,1989,2783970.0
caf,Central African Republic,1990,2871910.0
caf,Central African Republic,1991,2963191.0
caf,Central African Republic,1992,3058831.0
caf,Central African Republic,1993,3157839.0
caf,Central African Republic,1994,3257954.0
caf,Central African Republic,1995,3348052.0
caf,Central African Republic,1996,3435965.0
caf,Central African Republic,1997,3531700.0
caf,Central African Republic,1998,3628827.0
caf,Central African Republic,1999,3729450.0
caf,Central African Republic,2000,3833416.0
caf,Central African Republic,2001,3919487.0
caf,Central African Republic,2002,4006077.0
caf,Central African Republic,2003,4103086.0
caf,Central African Republic,2004,4192826.0
caf,Central African Republic,2005,4288810.0
caf,Central African Republic,2006,4377579.0
caf,Central African Republic,2007,4462770.0
caf,Central African Republic,2008,4558984.0
caf,Central African Republic,2009,4529047.0
caf,Central African Republic,2010,4492995.0
caf,Central African Republic,2011,4565021.0
caf,Central African Republic,2012,4610848.0
caf,Central African Republic,2013,4642419.0
caf,Central African Republic,2014,4623182.0
caf,Central African Republic,2015,4629320.0
caf,Central African Republic,2016,4713663.0
caf,Central African Republic,2017,4793511.0
caf,Central African Republic,2018,4878657.0
caf,Central African Republic,2019,4944703.0
caf,Central African Republic,2020,5026628.0
caf,Central African Republic,2021,5112100.0
caf,Central African Republic,2022,5098039.0
caf,Central African Republic,2023,5152421.0
caf,Central African Republic,2024,5330690.0
caf,Central African Republic,2025,5513282.0
can,Canada,1900,5414039.0
can,Canada,1901,5526329.0
can,Canada,1902,5660054.0
can,Canada,1903,5815980.0
can,Canada,1904,5976202.0
can,Canada,1905,6140837.0
can,Canada,1906,6310006.0
can,Canada,1907,6483834.0
can,Canada,1908,6662450.0
can,Canada,1909,6835413.0
can,Canada,1910,7002359.0
can,Canada,1911,7162911.0
can,Canada,1912,7316676.0
can,Canada,1913,7463246.0
can,Canada,1914,7612752.0
can,Canada,1915,7765251.0
can,Canada,1916,7920804.0
can,Canada,1917,8079472.0
can,Canada,1918,8244429.0
can,Canada,1919,8408136.0
can,Canada,1920,8570485.0
can,Canada,1921,8731366.0
can,Canada,1922,8890664.0
can,Canada,1923,9048259.0
can,Canada,1924,9208649.0
can,Canada,1925,9371882.0
can,Canada,1926,9538008.0
can,Canada,1927,9707078.0
can,Canada,1928,9879146.0
can,Canada,1929,10040282.0
can,Canada,1930,10190141.0
can,Canada,1931,10328369.0
can,Canada,1932,10454603.0
can,Canada,1933,10568474.0
can,Canada,1934,10683586.0
can,Canada,1935,10799952.0
can,Canada,1936,10917584.0
can,Canada,1937,11036499.0
can,Canada,1938,11156708.0
can,Canada,1939,11295108.0
can,Canada,1940,11452206.0
can,Canada,1941,11628521.0
can,Canada,1942,11824581.0
can,Canada,1943,12040928.0
can,Canada,1944,12261233.0
can,Canada,1945,12485569.0
can,Canada,1946,12714009.0
can,Canada,1947,12946630.0
can,Canada,1948,13183506.0
can,Canada,1949,13448166.0
can,Canada,1950,13741747.0
can,Canada,1951,14083299.0
can,Canada,1952,14482799.0
can,Canada,1953,14897875.0
can,Canada,1954,15318987.0
can,Canada,1955,15728274.0
can,Canada,1956,16159622.0
can,Canada,1957,16641330.0
can,Canada,1958,17104086.0
can,Canada,1959,17515520.0
can,Canada,1960,17898790.0
can,Canada,1961,18263074.0
can,Canada,1962,18613601.0
can,Canada,1963,18964262.0
can,Canada,1964,19321666.0
can,Canada,1965,19685518.0
can,Canada,1966,20053671.0
can,Canada,1967,20408780.0
can,Canada,1968,20734172.0
can,Canada,1969,21037618.0
can,Canada,1970,21440022.0
can,Canada,1971,21895691.0
can,Canada,1972,22230880.0
can,Canada,1973,22512227.0
can,Canada,1974,22824082.0
can,Canada,1975,23148986.0
can,Canada,1976,23455781.0
can,Canada,1977,23730340.0
can,Canada,1978,23978738.0
can,Canada,1979,24237173.0
can,Canada,1980,24533776.0
can,Canada,1981,24844974.0
can,Canada,1982,25140164.0
can,Canada,1983,25412608.0
can,Canada,1984,25670375.0
can,Canada,1985,25927465.0
can,Canada,1986,26211031.0
can,Canada,1987,26540921.0
can,Canada,1988,26927945.0
can,Canada,1989,27366050.0
can,Canada,1990,27789443.0
can,Canada,1991,28157158.0
can,Canada,1992,28500059.0
can,Canada,1993,28830637.0
can,Canada,1994,29147381.0
can,Canada,1995,29459131.0
can,Canada,1996,29767206.0
can,Canada,1997,30059089.0
can,Canada,1998,30329969.0
can,Canada,1999,30599456.0
can,Canada,2000,30891803.0
can,Canada,2001,31213577.0
can,Canada,2002,31535577.0
can,Canada,2003,31836482.0
can,Canada,2004,32132678.0
can,Canada,2005,32440173.0
can,Canada,2006,32759171.0
can,Canada,2007,33092171.0
can,Canada,2008,33449085.0
can,Canada,2009,33826370.0
can,Canada,2010,34196899.0
can,Canada,2011,34555452.0
can,Canada,2012,34922516.0
can,Canada,2013,35293433.0
can,Canada,2014,35634264.0
can,Canada,2015,35962234.0
can,Canada,2016,36353343.0
can,Canada,2017,36808497.0
can,Canada,2018,37295005.0
can,Canada,2019,37782935.0
can,Canada,2020,38171902.0
can,Canada,2021,38454057.0
can,Canada,2022,38821259.0
can,Canada,2023,39299105.0
can,Canada,2024,39742430.0
can,Canada,2025,40126723.0
che,Switzerland,1900,3297642.0
che,Switzerland,1901,3337043.0
che,Switzerland,1902,3377721.0
che,Switzerland,1903,3419697.0
che,Switzerland,1904,3462196.0
che,Switzerland,1905,3505222.0
che,Switzerland,1906,3548784.0
che,Switzerland,1907,3592887.0
che,Switzerland,1908,3637537.0
che,Switzerland,1909,3676240.0
che,Switzerland,1910,3708898.0
che,Switzerland,1911,3735411.0
che,Switzerland,1912,3755679.0
che,Switzerland,1913,3769600.0
che,Switzerland,1914,3783573.0
che,Switzerland,1915,3797597.0
che,Switzerland,1916,3811673.0
che,Switzerland,1917,3825802.0
che,Switzerland,1918,3840104.0
che,Switzerland,1919,3854972.0
che,Switzerland,1920,3870409.0
che,Switzerland,1921,3886420.0
che,Switzerland,1922,3903010.0
che,Switzerland,1923,3920183.0
che,Switzerland,1924,3937431.0
che,Switzerland,1925,3954755.0
che,Switzerland,1926,3972156.0
che,Switzerland,1927,3989632.0
che,Switzerland,1928,4007186.0
che,Switzerland,1929,4024687.0
che,Switzerland,1930,4042133.0
che,Switzerland,1931,4059524.0
che,Switzerland,1932,4076859.0
che,Switzerland,1933,4094137.0
che,Switzerland,1934,4111489.0
che,Switzerland,1935,4128914.0
che,Switzerland,1936,4146413.0
che,Switzerland,1937,4163986.0
che,Switzerland,1938,4181634.0
che,Switzerland,1939,4204687.0
che,Switzerland,1940,4233224.0
che,Switzerland,1941,4267326.0
che,Switzerland,1942,4307074.0
che,Switzerland,1943,4352549.0
che,Switzerland,1944,4398505.0
che,Switzerland,1945,4444945.0
che,Switzerland,1946,4491876.0
che,Switzerland,1947,4539302.0
che,Switzerland,1948,4587230.0
che,Switzerland,1949,4638319.0
che,Switzerland,1950,4692641.0
che,Switzerland,1951,4748085.0
che,Switzerland,1952,4811612.0
che,Switzerland,1953,4875652.0
che,Switzerland,1954,4938748.0
che,Switzerland,1955,5002112.0
che,Switzerland,1956,5065620.0
che,Switzerland,1957,5130162.0
che,Switzerland,1958,5196441.0
che,Switzerland,1959,5262800.0
che,Switzerland,1960,5327780.0
che,Switzerland,1961,5434123.0
che,Switzerland,1962,5573696.0
che,Switzerland,1963,5694165.0
che,Switzerland,1964,5789149.0
che,Switzerland,1965,5856419.0
che,Switzerland,1966,5917962.0
che,Switzerland,1967,5991733.0
che,Switzerland,1968,6067657.0
che,Switzerland,1969,6136351.0
che,Switzerland,1970,6180922.0
che,Switzerland,1971,6213530.0
che,Switzerland,1972,6261081.0
che,Switzerland,1973,6307403.0
che,Switzerland,1974,6341377.0
che,Switzerland,1975,6338600.0
che,Switzerland,1976,6302555.0
che,Switzerland,1977,6281359.0
che,Switzerland,1978,6282038.0
che,Switzerland,1979,6294715.0
che,Switzerland,1980,6319846.0
che,Switzerland,1981,6354556.0
che,Switzerland,1982,6391804.0
che,Switzerland,1983,6419311.0
che,Switzerland,1984,6442422.0
che,Switzerland,1985,6470957.0
che,Switzerland,1986,6504750.0
che,Switzerland,1987,6545773.0
che,Switzerland,1988,6594143.0
che,Switzerland,1989,6647788.0
che,Switzerland,1990,6713173.0
che,Switzerland,1991,6796943.0
che,Switzerland,1992,6875051.0
che,Switzerland,1993,6938106.0
che,Switzerland,1994,6993587.0
che,Switzerland,1995,7040477.0
che,Switzerland,1996,7071883.0
che,Switzerland,1997,7089163.0
che,Switzerland,1998,7110291.0
che,Switzerland,1999,7144121.0
che,Switzerland,2000,7184007.0
che,Switzerland,2001,7226391.0
che,Switzerland,2002,7278752.0
che,Switzerland,2003,7333447.0
che,Switzerland,2004,7384194.0
che,Switzerland,2005,7431823.0
che,Switzerland,2006,7478509.0
che,Switzerland,2007,7545381.0
che,Switzerland,2008,7641728.0
che,Switzerland,2009,7737645.0
che,Switzerland,2010,7825753.0
che,Switzerland,2011,7914372.0
che,Switzerland,2012,7998926.0
che,Switzerland,2013,8091202.0
che,Switzerland,2014,8190235.0
che,Switzerland,2015,8283934.0
che,Switzerland,2016,8374901.0
che,Switzerland,2017,8453628.0
che,Switzerland,2018,8516344.0
che,Switzerland,2019,8577524.0
che,Switzerland,2020,8640582.0
che,Switzerland,2021,8707023.0
che,Switzerland,2022,8792182.0
che,Switzerland,2023,8870561.0
che,Switzerland,2024,8921981.0
che,Switzerland,2025,8967407.0
chl,Chile,1900,3146329.0
chl,Chile,1901,3187825.0
chl,Chile,1902,3229092.0
chl,Chile,1903,3270116.0
chl,Chile,1904,3311657.0
chl,Chile,1905,3353721.0
chl,Chile,1906,3396314.0
chl,Chile,1907,3439443.0
chl,Chile,1908,3483115.0
chl,Chile,1909,3527412.0
chl,Chile,1910,3572344.0
chl,Chile,1911,3617917.0
chl,Chile,1912,3664144.0
chl,Chile,1913,3711031.0
chl,Chile,1914,3758513.0
chl,Chile,1915,3806597.0
chl,Chile,1916,3855292.0
chl,Chile,1917,3904603.0
chl,Chile,1918,3949888.0
chl,Chile,1919,3997408.0
chl,Chile,1920,4047212.0
chl,Chile,1921,4099350.0
chl,Chile,1922,4153874.0
chl,Chile,1923,4210836.0
chl,Chile,1924,4268579.0
chl,Chile,1925,4327114.0
chl,Chile,1926,4386451.0
chl,Chile,1927,4446602.0
chl,Chile,1928,4507578.0
chl,Chile,1929,4572573.0
chl,Chile,1930,4641696.0
chl,Chile,1931,4715060.0
chl,Chile,1932,4792779.0
chl,Chile,1933,4874970.0
chl,Chile,1934,4958571.0
chl,Chile,1935,5043606.0
chl,Chile,1936,5130099.0
chl,Chile,1937,5218075.0
chl,Chile,1938,5307559.0
chl,Chile,1939,5400377.0
chl,Chile,1940,5496620.0
chl,Chile,1941,5596379.0
chl,Chile,1942,5699751.0
chl,Chile,1943,5806834.0
chl,Chile,1944,5915928.0
chl,Chile,1945,6027072.0
chl,Chile,1946,6140304.0
chl,Chile,1947,6255663.0
chl,Chile,1948,6373190.0
chl,Chile,1949,6497419.0
chl,Chile,1950,6628577.0
chl,Chile,1951,6756667.0
chl,Chile,1952,6891989.0
chl,Chile,1953,7033529.0
chl,Chile,1954,7180569.0
chl,Chile,1955,7332301.0
chl,Chile,1956,7489533.0
chl,Chile,1957,7651304.0
chl,Chile,1958,7815986.0
chl,Chile,1959,7983428.0
chl,Chile,1960,8153350.0
chl,Chile,1961,8324802.0
chl,Chile,1962,8497059.0
chl,Chile,1963,8670144.0
chl,Chile,1964,8842525.0
chl,Chile,1965,9012938.0
chl,Chile,1966,9181722.0
chl,Chile,1967,9348939.0
chl,Chile,1968,9514716.0
chl,Chile,1969,9680282.0
chl,Chile,1970,9845344.0
chl,Chile,1971,10009701.0
chl,Chile,1972,10174678.0
chl,Chile,1973,10340362.0
chl,Chile,1974,10505817.0
chl,Chile,1975,10671559.0
chl,Chile,1976,10838251.0
chl,Chile,1977,11005519.0
chl,Chile,1978,11172695.0
chl,Chile,1979,11339779.0
chl,Chile,1980,11508550.0
chl,Chile,1981,11678717.0
chl,Chile,1982,11850214.0
chl,Chile,1983,12026138.0
chl,Chile,1984,12207733.0
chl,Chile,1985,12395274.0
chl,Chile,1986,12588914.0
chl,Chile,1987,12790150.0
chl,Chile,1988,12999424.0
chl,Chile,1989,13215005.0
chl,Chile,1990,13437176.0
chl,Chile,1991,13662491.0
chl,Chile,1992,13884577.0
chl,Chile,1993,14102276.0
chl,Chile,1994,14316256.0
chl,Chile,1995,14527381.0
chl,Chile,1996,14734046.0
chl,Chile,1997,14932434.0
chl,Chile,1998,15127799.0
chl,Chile,1999,15319313.0
chl,Chile,2000,15503635.0
chl,Chile,2001,15683849.0
chl,Chile,2002,15857925.0
chl,Chile,2003,16024752.0
chl,Chile,2004,16187322.0
chl,Chile,2005,16348778.0
chl,Chile,2006,16509195.0
chl,Chile,2007,16671581.0
chl,Chile,2008,16838988.0
chl,Chile,2009,17009731.0
chl,Chile,2010,17181464.0
chl,Chile,2011,17351816.0
chl,Chile,2012,17519119.0
chl,Chile,2013,17687006.0
chl,Chile,2014,17864195.0
chl,Chile,2015,18047625.0
chl,Chile,2016,18267221.0
chl,Chile,2017,18558868.0
chl,Chile,2018,18893191.0
chl,Chile,2019,19197744.0
chl,Chile,2020,19370624.0
chl,Chile,2021,19456334.0
chl,Chile,2022,19553036.0
chl,Chile,2023,19658835.0
chl,Chile,2024,19764771.0
chl,Chile,2025,19859921.0
chn,China,1900,395964677.0
chn,China,1901,398028126.0
chn,China,1902,400139044.0
chn,China,1903,402297857.0
chn,China,1904,404468299.0
chn,China,1905,406650433.0
chn,China,1906,408844322.0
chn,China,1907,411050028.0
chn,China,1908,413267616.0
chn,China,1909,415949604.0
chn,China,1910,419103292.0
chn,China,1911,422736070.0
chn,China,1912,426855424.0
chn,China,1913,431468929.0
chn,China,1914,436132277.0
chn,China,1915,440846009.0
chn,China,1916,445610666.0
chn,China,1917,450426800.0
chn,China,1918,455390940.0
chn,China,1919,459713848.0
chn,China,1920,463385992.0
chn,China,1921,466397723.0
chn,China,1922,468739279.0
chn,China,1923,470400781.0
chn,China,1924,472068172.0
chn,China,1925,473741473.0
chn,China,1926,475420706.0
chn,China,1927,477105890.0
chn,China,1928,478797048.0
chn,China,1929,480723984.0
chn,China,1930,482888894.0
chn,China,1931,485293993.0
chn,China,1932,487941510.0
chn,China,1933,490833691.0
chn,China,1934,493743015.0
chn,China,1935,496669583.0
chn,China,1936,499613499.0
chn,China,1937,502574863.0
chn,China,1938,505553781.0
chn,China,1939,508484014.0
chn,China,1940,511364925.0
chn,China,1941,514195868.0
chn,China,1942,516976194.0
chn,China,1943,519705247.0
chn,China,1944,522448707.0
chn,China,1945,525206648.0
chn,China,1946,527979149.0
chn,China,1947,530766285.0
chn,China,1948,533568134.0
chn,China,1949,537980644.0
chn,China,1950,544044358.0
chn,China,1951,553758247.0
chn,China,1952,565131438.0
chn,China,1953,577557138.0
chn,China,1954,590113858.0
chn,China,1955,603547007.0
chn,China,1956,616558583.0
chn,China,1957,630356208.0
chn,China,1958,644219479.0
chn,China,1959,652708217.0
chn,China,1960,654802069.0
chn,China,1961,655773486.0
chn,China,1962,665073691.0
chn,China,1963,684552645.0
chn,China,1964,704798265.0
chn,China,1965,723415733.0
chn,China,1966,742402213.0
chn,China,1967,761026026.0
chn,China,1968,781011025.0
chn,China,1969,802140332.0
chn,China,1970,823308967.0
chn,China,1971,844069867.0
chn,China,1972,863677814.0
chn,China,1973,882576946.0
chn,China,1974,900307582.0
chn,China,1975,916116793.0
chn,China,1976,930372292.0
chn,China,1977,943546375.0
chn,China,1978,956161485.0
chn,China,1979,969288069.0
chn,China,1980,983163542.0
chn,China,1981,997721071.0
chn,China,1982,1013588179.0
chn,China,1983,1029064956.0
chn,China,1984,1043849638.0
chn,China,1985,1059807820.0
chn,China,1986,1077233607.0
chn,China,1987,1096217446.0
chn,China,1988,1115244165.0
chn,China,1989,1133991008.0
chn,China,1990,1153582724.0
chn,China,1991,1170788528.0
chn,China,1992,1184574237.0
chn,China,1993,1197308575.0
chn,China,1994,1209003096.0
chn,China,1995,1220133927.0
chn,China,1996,1230944812.0
chn,China,1997,1241139622.0
chn,China,1998,1250847127.0
chn,China,1999,1260176655.0
chn,China,2000,1269581175.0
chn,China,2001,1278725063.0
chn,China,2002,1286866839.0
chn,China,2003,1294517326.0
chn,China,2004,1302100316.0
chn,China,2005,1310027136.0
chn,China,2006,1318054036.0
chn,China,2007,1325813582.0
chn,China,2008,1333821016.0
chn,China,2009,1342522716.0
chn,China,2010,1351561514.0
chn,China,2011,1360250664.0
chn,China,2012,1369520864.0
chn,China,2013,1379008040.0
chn,China,2014,1387951972.0
chn,China,2015,1396134174.0
chn,China,2016,1404052632.0
chn,China,2017,1412354727.0
chn,China,2018,1419008956.0
chn,China,2019,1423520357.0
chn,China,2020,1426106093.0
chn,China,2021,1426437267.0
chn,China,2022,1425179569.0
chn,China,2023,1422584933.0
chn,China,2024,1419321278.0
chn,China,2025,1416096094.0
civ,Cote d'Ivoire,1900,1504375.0
civ,Cote d'Ivoire,1901,1513884.0
civ,Cote d'Ivoire,1902,1522548.0
civ,Cote d'Ivoire,1903,1530354.0
civ,Cote d'Ivoire,1904,1538198.0
civ,Cote d'Ivoire,1905,1546081.0
civ,Cote d'Ivoire,1906,1554002.0
civ,Cote d'Ivoire,1907,1561961.0
civ,Cote d'Ivoire,1908,1569960.0
civ,Cote d'Ivoire,1909,1578631.0
civ,Cote d'Ivoire,1910,1587984.0
civ,Cote d'Ivoire,1911,1598027.0
civ,Cote d'Ivoire,1912,1608768.0
civ,Cote d'Ivoire,1913,1620218.0
civ,Cote d'Ivoire,1914,1631746.0
civ,Cote d'Ivoire,1915,1643355.0
civ,Cote d'Ivoire,1916,1655045.0
civ,Cote d'Ivoire,1917,1666815.0
civ,Cote d'Ivoire,1918,1676816.0
civ,Cote d'Ivoire,1919,1689932.0
civ,Cote d'Ivoire,1920,1706226.0
civ,Cote d'Ivoire,1921,1725765.0
civ,Cote d'Ivoire,1922,1748615.0
civ,Cote d'Ivoire,1923,1774844.0
civ,Cote d'Ivoire,1924,1801467.0
civ,Cote d'Ivoire,1925,1828489.0
civ,Cote d'Ivoire,1926,1855916.0
civ,Cote d'Ivoire,1927,1883755.0
civ,Cote d'Ivoire,1928,1912011.0
civ,Cote d'Ivoire,1929,1940297.0
civ,Cote d'Ivoire,1930,1968608.0
civ,Cote d'Ivoire,1931,1996939.0
civ,Cote d'Ivoire,1932,2025285.0
civ,Cote d'Ivoire,1933,2053639.0
civ,Cote d'Ivoire,1934,2082390.0
civ,Cote d'Ivoire,1935,2111543.0
civ,Cote d'Ivoire,1936,2141105.0
civ,Cote d'Ivoire,1937,2171080.0
civ,Cote d'Ivoire,1938,2201475.0
civ,Cote d'Ivoire,1939,2234107.0
civ,Cote d'Ivoire,1940,2269038.0
civ,Cote d'Ivoire,1941,2306334.0
civ,Cote d'Ivoire,1942,2346063.0
civ,Cote d'Ivoire,1943,2388292.0
civ,Cote d'Ivoire,1944,2431281.0
civ,Cote d'Ivoire,1945,2475044.0
civ,Cote d'Ivoire,1946,2519595.0
civ,Cote d'Ivoire,1947,2564948.0
civ,Cote d'Ivoire,1948,2611117.0
civ,Cote d'Ivoire,1949,2667685.0
civ,Cote d'Ivoire,1950,2735180.0
civ,Cote d'Ivoire,1951,2809367.0
civ,Cote d'Ivoire,1952,2885711.0
civ,Cote d'Ivoire,1953,2965131.0
civ,Cote d'Ivoire,1954,3048537.0
civ,Cote d'Ivoire,1955,3136628.0
civ,Cote d'Ivoire,1956,3230010.0
civ,Cote d'Ivoire,1957,3329278.0
civ,Cote d'Ivoire,1958,3435080.0
civ,Cote d'Ivoire,1959,3548941.0
civ,Cote d'Ivoire,1960,3673666.0
civ,Cote d'Ivoire,1961,3810151.0
civ,Cote d'Ivoire,1962,3956939.0
civ,Cote d'Ivoire,1963,4112061.0
civ,Cote d'Ivoire,1964,4273952.0
civ,Cote d'Ivoire,1965,4442377.0
civ,Cote d'Ivoire,1966,4617519.0
civ,Cote d'Ivoire,1967,4799744.0
civ,Cote d'Ivoire,1968,4990021.0
civ,Cote d'Ivoire,1969,5192221.0
civ,Cote d'Ivoire,1970,5411567.0
civ,Cote d'Ivoire,1971,5650868.0
civ,Cote d'Ivoire,1972,5909716.0
civ,Cote d'Ivoire,1973,6184944.0
civ,Cote d'Ivoire,1974,6474057.0
civ,Cote d'Ivoire,1975,6776297.0
civ,Cote d'Ivoire,1976,7057958.0
civ,Cote d'Ivoire,1977,7321950.0
civ,Cote d'Ivoire,1978,7603130.0
civ,Cote d'Ivoire,1979,7902267.0
civ,Cote d'Ivoire,1980,8220714.0
civ,Cote d'Ivoire,1981,8556596.0
civ,Cote d'Ivoire,1982,8907936.0
civ,Cote d'Ivoire,1983,9272744.0
civ,Cote d'Ivoire,1984,9650516.0
civ,Cote d'Ivoire,1985,10040483.0
civ,Cote d'Ivoire,1986,10440917.0
civ,Cote d'Ivoire,1987,10851475.0
civ,Cote d'Ivoire,1988,11275189.0
civ,Cote d'Ivoire,1989,11719771.0
civ,Cote d'Ivoire,1990,12189778.0
civ,Cote d'Ivoire,1991,12683870.0
civ,Cote d'Ivoire,1992,13200310.0
civ,Cote d'Ivoire,1993,13735951.0
civ,Cote d'Ivoire,1994,14287201.0
civ,Cote d'Ivoire,1995,14855565.0
civ,Cote d'Ivoire,1996,15442312.0
civ,Cote d'Ivoire,1997,16047170.0
civ,Cote d'Ivoire,1998,16663948.0
civ,Cote d'Ivoire,1999,17215935.0
civ,Cote d'Ivoire,2000,17699004.0
civ,Cote d'Ivoire,2001,18178913.0
civ,Cote d'Ivoire,2002,18654771.0
civ,Cote d'Ivoire,2003,19125542.0
civ,Cote d'Ivoire,2004,19595000.0
civ,Cote d'Ivoire,2005,20068458.0
civ,Cote d'Ivoire,2006,20546802.0
civ,Cote d'Ivoire,2007,21030558.0
civ,Cote d'Ivoire,2008,21514439.0
civ,Cote d'Ivoire,2009,21997940.0
civ,Cote d'Ivoire,2010,22488065.0
civ,Cote d'Ivoire,2011,22982000.0
civ,Cote d'Ivoire,2012,23467078.0
civ,Cote d'Ivoire,2013,23939775.0
civ,Cote d'Ivoire,2014,24527395.0
civ,Cote d'Ivoire,2015,25246342.0
civ,Cote d'Ivoire,2016,25989405.0
civ,Cote d'Ivoire,2017,26733372.0
civ,Cote d'Ivoire,2018,27464173.0
civ,Cote d'Ivoire,2019,28193009.0
civ,Cote d'Ivoire,2020,28915449.0
civ,Cote d'Ivoire,2021,29639736.0
civ,Cote d'Ivoire,2022,30395002.0
civ,Cote d'Ivoire,2023,31165654.0
civ,Cote d'Ivoire,2024,31934230.0
civ,Cote d'Ivoire,2025,32711547.0
cmr,Cameroon,1900,3224542.0
cmr,Cameroon,1901,3201490.0
cmr,Cameroon,1902,3175612.0
cmr,Cameroon,1903,3146951.0
cmr,Cameroon,1904,3118547.0
cmr,Cameroon,1905,3090399.0
cmr,Cameroon,1906,3062504.0
cmr,Cameroon,1907,3034860.0
cmr,Cameroon,1908,3007465.0
cmr,Cameroon,1909,2982815.0
cmr,Cameroon,1910,2960873.0
cmr,Cameroon,1911,2941601.0
cmr,Cameroon,1912,2924961.0
cmr,Cameroon,1913,2910917.0
cmr,Cameroon,1914,2896940.0
cmr,Cameroon,1915,2883029.0
cmr,Cameroon,1916,2869184.0
cmr,Cameroon,1917,2855405.0
cmr,Cameroon,1918,2843100.0
cmr,Cameroon,1919,2840770.0
cmr,Cameroon,1920,2848503.0
cmr,Cameroon,1921,2866390.0
cmr,Cameroon,1922,2894522.0
cmr,Cameroon,1923,2932993.0
cmr,Cameroon,1924,2971975.0
cmr,Cameroon,1925,3011475.0
cmr,Cameroon,1926,3051500.0
cmr,Cameroon,1927,3092056.0
cmr,Cameroon,1928,3133152.0
cmr,Cameroon,1929,3174533.0
cmr,Cameroon,1930,3216200.0
cmr,Cameroon,1931,3258152.0
cmr,Cameroon,1932,3300391.0
cmr,Cameroon,1933,3342916.0
cmr,Cameroon,1934,3385989.0
cmr,Cameroon,1935,3429618.0
cmr,Cameroon,1936,3473808.0
cmr,Cameroon,1937,3518568.0
cmr,Cameroon,1938,3563904.0
cmr,Cameroon,1939,3612756.0
cmr,Cameroon,1940,3665219.0
cmr,Cameroon,1941,3721390.0
cmr,Cameroon,1942,3781367.0
cmr,Cameroon,1943,3845252.0
cmr,Cameroon,1944,3910216.0
cmr,Cameroon,1945,3976278.0
cmr,Cameroon,1946,4043456.0
cmr,Cameroon,1947,4111769.0
cmr,Cameroon,1948,4181236.0
cmr,Cameroon,1949,4253975.0
cmr,Cameroon,1950,4330084.0
cmr,Cameroon,1951,4395353.0
cmr,Cameroon,1952,4464716.0
cmr,Cameroon,1953,4538446.0
cmr,Cameroon,1954,4616886.0
cmr,Cameroon,1955,4700257.0
cmr,Cameroon,1956,4788337.0
cmr,Cameroon,1957,4878933.0
cmr,Cameroon,1958,4972218.0
cmr,Cameroon,1959,5070071.0
cmr,Cameroon,1960,5159057.0
cmr,Cameroon,1961,5239273.0
cmr,Cameroon,1962,5338620.0
cmr,Cameroon,1963,5456623.0
cmr,Cameroon,1964,5578257.0
cmr,Cameroon,1965,5704686.0
cmr,Cameroon,1966,5837295.0
cmr,Cameroon,1967,5977318.0
cmr,Cameroon,1968,6125863.0
cmr,Cameroon,1969,6283462.0
cmr,Cameroon,1970,6449793.0
cmr,Cameroon,1971,6624408.0
cmr,Cameroon,1972,6806872.0
cmr,Cameroon,1973,6996660.0
cmr,Cameroon,1974,7193583.0
cmr,Cameroon,1975,7397120.0
cmr,Cameroon,1976,7597962.0
cmr,Cameroon,1977,7796501.0
cmr,Cameroon,1978,8011921.0
cmr,Cameroon,1979,8239641.0
cmr,Cameroon,1980,8512219.0
cmr,Cameroon,1981,8816377.0
cmr,Cameroon,1982,9028678.0
cmr,Cameroon,1983,9215397.0
cmr,Cameroon,1984,9475078.0
cmr,Cameroon,1985,9761730.0
cmr,Cameroon,1986,10060342.0
cmr,Cameroon,1987,10370749.0
cmr,Cameroon,1988,10684968.0
cmr,Cameroon,1989,11002745.0
cmr,Cameroon,1990,11331821.0
cmr,Cameroon,1991,11667180.0
cmr,Cameroon,1992,12006353.0
cmr,Cameroon,1993,12353131.0
cmr,Cameroon,1994,12704903.0
cmr,Cameroon,1995,13058516.0
cmr,Cameroon,1996,13414757.0
cmr,Cameroon,1997,13775214.0
cmr,Cameroon,1998,14144860.0
cmr,Cameroon,1999,14525140.0
cmr,Cameroon,2000,14912631.0
cmr,Cameroon,2001,15309490.0
cmr,Cameroon,2002,15725528.0
cmr,Cameroon,2003,16160340.0
cmr,Cameroon,2004,16610487.0
cmr,Cameroon,2005,17074594.0
cmr,Cameroon,2006,17550407.0
cmr,Cameroon,2007,18049896.0
cmr,Cameroon,2008,18574056.0
cmr,Cameroon,2009,19113974.0
cmr,Cameroon,2010,19668066.0
cmr,Cameroon,2011,20232304.0
cmr,Cameroon,2012,20809529.0
cmr,Cameroon,2013,21402376.0
cmr,Cameroon,2014,22059893.0
cmr,Cameroon,2015,22763414.0
cmr,Cameroon,2016,23454161.0
cmr,Cameroon,2017,24128601.0
cmr,Cameroon,2018,24806383.0
cmr,Cameroon,2019,25506095.0
cmr,Cameroon,2020,26210558.0
cmr,Cameroon,2021,26915758.0
cmr,Cameroon,2022,27632771.0
cmr,Cameroon,2023,28372687.0
cmr,Cameroon,2024,29123744.0
cmr,Cameroon,2025,29879337.0
cod,"Congo, Dem. Rep.",1900,9450783.0
cod,"Congo, Dem. Rep.",1901,9375382.0
cod,"Congo, Dem. Rep.",1902,9291434.0
cod,"Congo, Dem. Rep.",1903,9199070.0
cod,"Congo, Dem. Rep.",1904,9107625.0
cod,"Congo, Dem. Rep.",1905,9017088.0
cod,"Congo, Dem. Rep.",1906,8927451.0
cod,"Congo, Dem. Rep.",1907,8838705.0
cod,"Congo, Dem. Rep.",1908,8750841.0
cod,"Congo, Dem. Rep.",1909,8670897.0
cod,"Congo, Dem. Rep.",1910,8598752.0
cod,"Congo, Dem. Rep.",1911,8534289.0
cod,"Congo, Dem. Rep.",1912,8477391.0
cod,"Congo, Dem. Rep.",1913,8427943.0
cod,"Congo, Dem. Rep.",1914,8378783.0
cod,"Congo, Dem. Rep.",1915,8329910.0
cod,"Congo, Dem. Rep.",1916,8281323.0
cod,"Congo, Dem. Rep.",1917,8233018.0
cod,"Congo, Dem. Rep.",1918,8184506.0
cod,"Congo, Dem. Rep.",1919,8167193.0
cod,"Congo, Dem. Rep.",1920,8181304.0
cod,"Congo, Dem. Rep.",1921,8227068.0
cod,"Congo, Dem. Rep.",1922,8304717.0
cod,"Congo, Dem. Rep.",1923,8414489.0
cod,"Congo, Dem. Rep.",1924,8525712.0
cod,"Congo, Dem. Rep.",1925,8638406.0
cod,"Congo, Dem. Rep.",1926,8752588.0
cod,"Congo, Dem. Rep.",1927,8868280.0
cod,"Congo, Dem. Rep.",1928,8985502.0
cod,"Congo, Dem. Rep.",1929,9102435.0
cod,"Congo, Dem. Rep.",1930,9219054.0
cod,"Congo, Dem. Rep.",1931,9335332.0
cod,"Congo, Dem. Rep.",1932,9451241.0
cod,"Congo, Dem. Rep.",1933,9566753.0
cod,"Congo, Dem. Rep.",1934,9683677.0
cod,"Congo, Dem. Rep.",1935,9802030.0
cod,"Congo, Dem. Rep.",1936,9921830.0
cod,"Congo, Dem. Rep.",1937,10043094.0
cod,"Congo, Dem. Rep.",1938,10165840.0
cod,"Congo, Dem. Rep.",1939,10298425.0
cod,"Congo, Dem. Rep.",1940,10441106.0
cod,"Congo, Dem. Rep.",1941,10594143.0
cod,"Congo, Dem. Rep.",1942,10757803.0
cod,"Congo, Dem. Rep.",1943,10932357.0
cod,"Congo, Dem. Rep.",1944,11109744.0
cod,"Congo, Dem. Rep.",1945,11290009.0
cod,"Congo, Dem. Rep.",1946,11473198.0
cod,"Congo, Dem. Rep.",1947,11659360.0
cod,"Congo, Dem. Rep.",1948,11848543.0
cod,"Congo, Dem. Rep.",1949,12059912.0
cod,"Congo, Dem. Rep.",1950,12294287.0
cod,"Congo, Dem. Rep.",1951,12542644.0
cod,"Congo, Dem. Rep.",1952,12803639.0
cod,"Congo, Dem. Rep.",1953,13069450.0
cod,"Congo, Dem. Rep.",1954,13343031.0
cod,"Congo, Dem. Rep.",1955,13630351.0
cod,"Congo, Dem. Rep.",1956,13929951.0
cod,"Congo, Dem. Rep.",1957,14242279.0
cod,"Congo, Dem. Rep.",1958,14557796.0
cod,"Congo, Dem. Rep.",1959,14891582.0
cod,"Congo, Dem. Rep.",1960,15264846.0
cod,"Congo, Dem. Rep.",1961,15662374.0
cod,"Congo, Dem. Rep.",1962,16075724.0
cod,"Congo, Dem. Rep.",1963,16507599.0
cod,"Congo, Dem. Rep.",1964,16955327.0
cod,"Congo, Dem. Rep.",1965,17427802.0
cod,"Congo, Dem. Rep.",1966,17931929.0
cod,"Congo, Dem. Rep.",1967,18462782.0
cod,"Congo, Dem. Rep.",1968,19012189.0
cod,"Congo, Dem. Rep.",1969,19570445.0
cod,"Congo, Dem. Rep.",1970,20137436.0
cod,"Congo, Dem. Rep.",1971,20695569.0
cod,"Congo, Dem. Rep.",1972,21251160.0
cod,"Congo, Dem. Rep.",1973,21827665.0
cod,"Congo, Dem. Rep.",1974,22418878.0
cod,"Congo, Dem. Rep.",1975,23021101.0
cod,"Congo, Dem. Rep.",1976,23624031.0
cod,"Congo, Dem. Rep.",1977,24229061.0
cod,"Congo, Dem. Rep.",1978,24992689.0
cod,"Congo, Dem. Rep.",1979,25886782.0
cod,"Congo, Dem. Rep.",1980,26711099.0
cod,"Congo, Dem. Rep.",1981,27500515.0
cod,"Congo, Dem. Rep.",1982,28338190.0
cod,"Congo, Dem. Rep.",1983,29250963.0
cod,"Congo, Dem. Rep.",1984,30245081.0
cod,"Congo, Dem. Rep.",1985,31264816.0
cod,"Congo, Dem. Rep.",1986,32265196.0
cod,"Congo, Dem. Rep.",1987,33298904.0
cod,"Congo, Dem. Rep.",1988,34382752.0
cod,"Congo, Dem. Rep.",1989,35486866.0
cod,"Congo, Dem. Rep.",1990,36684063.0
cod,"Congo, Dem. Rep.",1991,37925817.0
cod,"Congo, Dem. Rep.",1992,39228910.0
cod,"Congo, Dem. Rep.",1993,40656336.0
cod,"Congo, Dem. Rep.",1994,42626876.0
cod,"Congo, Dem. Rep.",1995,44433704.0
cod,"Congo, Dem. Rep.",1996,45296124.0
cod,"Congo, Dem. Rep.",1997,46029902.0
cod,"Congo, Dem. Rep.",1998,47297600.0
cod,"Congo, Dem. Rep.",1999,48912971.0
cod,"Congo, Dem. Rep.",2000,50507442.0
cod,"Congo, Dem. Rep.",2001,52132646.0
cod,"Congo, Dem. Rep.",2002,53750524.0
cod,"Congo, Dem. Rep.",2003,55343867.0
cod,"Congo, Dem. Rep.",2004,56997741.0
cod,"Congo, Dem. Rep.",2005,58775724.0
cod,"Congo, Dem. Rep.",2006,60615908.0
cod,"Congo, Dem. Rep.",2007,62477752.0
cod,"Congo, Dem. Rep.",2008,64390664.0
cod,"Congo, Dem. Rep.",2009,66412044.0
cod,"Congo, Dem. Rep.",2010,68563038.0
cod,"Congo, Dem. Rep.",2011,70849311.0
cod,"Congo, Dem. Rep.",2012,73254618.0
cod,"Congo, Dem. Rep.",2013,75789395.0
cod,"Congo, Dem. Rep.",2014,78403242.0
cod,"Congo, Dem. Rep.",2015,81035531.0
cod,"Congo, Dem. Rep.",2016,83956415.0
cod,"Congo, Dem. Rep.",2017,87083398.0
cod,"Congo, Dem. Rep.",2018,90047644.0
cod,"Congo, Dem. Rep.",2019,92947442.0
cod,"Congo, Dem. Rep.",2020,95989998.0
cod,"Congo, Dem. Rep.",2021,99148932.0
cod,"Congo, Dem. Rep.",2022,102396968.0
cod,"Congo, Dem. Rep.",2023,105789731.0
cod,"Congo, Dem. Rep.",2024,109276265.0
cod,"Congo, Dem. Rep.",2025,112832473.0
cog,"Congo, Rep.",1900,607186.0
cog,"Congo, Rep.",1901,602613.0
cog,"Congo, Rep.",1902,597469.0
cog,"Congo, Rep.",1903,591762.0
cog,"Congo, Rep.",1904,586109.0
cog,"Congo, Rep.",1905,580510.0
cog,"Congo, Rep.",1906,574964.0
cog,"Congo, Rep.",1907,569471.0
cog,"Congo, Rep.",1908,564030.0
cog,"Congo, Rep.",1909,559084.0
cog,"Congo, Rep.",1910,554625.0
cog,"Congo, Rep.",1911,550646.0
cog,"Congo, Rep.",1912,547141.0
cog,"Congo, Rep.",1913,544103.0
cog,"Congo, Rep.",1914,541081.0
cog,"Congo, Rep.",1915,538076.0
cog,"Congo, Rep.",1916,535088.0
cog,"Congo, Rep.",1917,532116.0
cog,"Congo, Rep.",1918,528924.0
cog,"Congo, Rep.",1919,527945.0
cog,"Congo, Rep.",1920,529200.0
cog,"Congo, Rep.",1921,532708.0
cog,"Congo, Rep.",1922,538491.0
cog,"Congo, Rep.",1923,546568.0
cog,"Congo, Rep.",1924,554767.0
cog,"Congo, Rep.",1925,563088.0
cog,"Congo, Rep.",1926,571535.0
cog,"Congo, Rep.",1927,580108.0
cog,"Congo, Rep.",1928,588809.0
cog,"Congo, Rep.",1929,597520.0
cog,"Congo, Rep.",1930,606239.0
cog,"Congo, Rep.",1931,614963.0
cog,"Congo, Rep.",1932,623692.0
cog,"Congo, Rep.",1933,632424.0
cog,"Congo, Rep.",1934,641278.0
cog,"Congo, Rep.",1935,650256.0
cog,"Congo, Rep.",1936,659359.0
cog,"Congo, Rep.",1937,668590.0
cog,"Congo, Rep.",1938,677951.0
cog,"Congo, Rep.",1939,688000.0
cog,"Congo, Rep.",1940,698757.0
cog,"Congo, Rep.",1941,710242.0
cog,"Congo, Rep.",1942,722477.0
cog,"Congo, Rep.",1943,735481.0
cog,"Congo, Rep.",1944,748720.0
cog,"Congo, Rep.",1945,762197.0
cog,"Congo, Rep.",1946,775916.0
cog,"Congo, Rep.",1947,789883.0
cog,"Congo, Rep.",1948,804101.0
cog,"Congo, Rep.",1949,819217.0
cog,"Congo, Rep.",1950,835261.0
cog,"Congo, Rep.",1951,853635.0
cog,"Congo, Rep.",1952,872682.0
cog,"Congo, Rep.",1953,892466.0
cog,"Congo, Rep.",1954,913017.0
cog,"Congo, Rep.",1955,934432.0
cog,"Congo, Rep.",1956,956823.0
cog,"Congo, Rep.",1957,980198.0
cog,"Congo, Rep.",1958,1004628.0
cog,"Congo, Rep.",1959,1030155.0
cog,"Congo, Rep.",1960,1056732.0
cog,"Congo, Rep.",1961,1084389.0
cog,"Congo, Rep.",1962,1113175.0
cog,"Congo, Rep.",1963,1143263.0
cog,"Congo, Rep.",1964,1174816.0
cog,"Congo, Rep.",1965,1207880.0
cog,"Congo, Rep.",1966,1242534.0
cog,"Congo, Rep.",1967,1278691.0
cog,"Congo, Rep.",1968,1316519.0
cog,"Congo, Rep.",1969,1356182.0
cog,"Congo, Rep.",1970,1397638.0
cog,"Congo, Rep.",1971,1441039.0
cog,"Congo, Rep.",1972,1486468.0
cog,"Congo, Rep.",1973,1533680.0
cog,"Congo, Rep.",1974,1582301.0
cog,"Congo, Rep.",1975,1627032.0
cog,"Congo, Rep.",1976,1667225.0
cog,"Congo, Rep.",1977,1707568.0
cog,"Congo, Rep.",1978,1748089.0
cog,"Congo, Rep.",1979,1788524.0
cog,"Congo, Rep.",1980,1828985.0
cog,"Congo, Rep.",1981,1869759.0
cog,"Congo, Rep.",1982,1910430.0
cog,"Congo, Rep.",1983,1950321.0
cog,"Congo, Rep.",1984,1999528.0
cog,"Congo, Rep.",1985,2059311.0
cog,"Congo, Rep.",1986,2120602.0
cog,"Congo, Rep.",1987,2183473.0
cog,"Congo, Rep.",1988,2247653.0
cog,"Congo, Rep.",1989,2313558.0
cog,"Congo, Rep.",1990,2380560.0
cog,"Congo, Rep.",1991,2449229.0
cog,"Congo, Rep.",1992,2519465.0
cog,"Congo, Rep.",1993,2595124.0
cog,"Congo, Rep.",1994,2673144.0
cog,"Congo, Rep.",1995,2749461.0
cog,"Congo, Rep.",1996,2826785.0
cog,"Congo, Rep.",1997,2887862.0
cog,"Congo, Rep.",1998,2952061.0
cog,"Congo, Rep.",1999,3032874.0
cog,"Congo, Rep.",2000,3151345.0
cog,"Congo, Rep.",2001,3272537.0
cog,"Congo, Rep.",2002,3350771.0
cog,"Congo, Rep.",2003,3445753.0
cog,"Congo, Rep.",2004,3565554.0
cog,"Congo, Rep.",2005,3696393.0
cog,"Congo, Rep.",2006,3837409.0
cog,"Congo, Rep.",2007,3980430.0
cog,"Congo, Rep.",2008,4113517.0
cog,"Congo, Rep.",2009,4281219.0
cog,"Congo, Rep.",2010,4462290.0
cog,"Congo, Rep.",2011,4609724.0
cog,"Congo, Rep.",2012,4740450.0
cog,"Congo, Rep.",2013,4857099.0
cog,"Congo, Rep.",2014,4975880.0
cog,"Congo, Rep.",2015,5097581.0
cog,"Congo, Rep.",2016,5222536.0
cog,"Congo, Rep.",2017,5351011.0
cog,"Congo, Rep.",2018,5483118.0
cog,"Congo, Rep.",2019,5616661.0
cog,"Congo, Rep.",2020,5752791.0
cog,"Congo, Rep.",2021,5892183.0
cog,"Congo, Rep.",2022,6035104.0
cog,"Congo, Rep.",2023,6182885.0
cog,"Congo, Rep.",2024,6332961.0
cog,"Congo, Rep.",2025,6484437.0
col,Colombia,1900,4034025.0
col,Colombia,1901,4111820.0
col,Colombia,1902,4193603.0
col,Colombia,1903,4279498.0
col,Colombia,1904,4367152.0
col,Colombia,1905,4456602.0
col,Colombia,1906,4547884.0
col,Colombia,1907,4641035.0
col,Colombia,1908,4736094.0
col,Colombia,1909,4836936.0
col,Colombia,1910,4943772.0
col,Colombia,1911,5056822.0
col,Colombia,1912,5176311.0
col,Colombia,1913,5302473.0
col,Colombia,1914,5431710.0
col,Colombia,1915,5564096.0
col,Colombia,1916,5699709.0
col,Colombia,1917,5838627.0
col,Colombia,1918,5980122.0
col,Colombia,1919,6125371.0
col,Colombia,1920,6274474.0
col,Colombia,1921,6427532.0
col,Colombia,1922,6584651.0
col,Colombia,1923,6745936.0
col,Colombia,1924,6911172.0
col,Colombia,1925,7080455.0
col,Colombia,1926,7253884.0
col,Colombia,1927,7431562.0
col,Colombia,1928,7613591.0
col,Colombia,1929,7784729.0
col,Colombia,1930,7944479.0
col,Colombia,1931,8092331.0
col,Colombia,1932,8227759.0
col,Colombia,1933,8350218.0
col,Colombia,1934,8474500.0
col,Colombia,1935,8600632.0
col,Colombia,1936,8728641.0
col,Colombia,1937,8858555.0
col,Colombia,1938,8990403.0
col,Colombia,1939,9140477.0
col,Colombia,1940,9309432.0
col,Colombia,1941,9497943.0
col,Colombia,1942,9706706.0
col,Colombia,1943,9936435.0
col,Colombia,1944,10171600.0
col,Colombia,1945,10412331.0
col,Colombia,1946,10658759.0
col,Colombia,1947,10911020.0
col,Colombia,1948,11169250.0
col,Colombia,1949,11454141.0
col,Colombia,1950,11766988.0
col,Colombia,1951,12078807.0
col,Colombia,1952,12405842.0
col,Colombia,1953,12746035.0
col,Colombia,1954,13100839.0
col,Colombia,1955,13473060.0
col,Colombia,1956,13861801.0
col,Colombia,1957,14270271.0
col,Colombia,1958,14693287.0
col,Colombia,1959,15136215.0
col,Colombia,1960,15606209.0
col,Colombia,1961,16095203.0
col,Colombia,1962,16599029.0
col,Colombia,1963,17113823.0
col,Colombia,1964,17637411.0
col,Colombia,1965,18169050.0
col,Colombia,1966,18702688.0
col,Colombia,1967,19235618.0
col,Colombia,1968,19766796.0
col,Colombia,1969,20291942.0
col,Colombia,1970,20811782.0
col,Colombia,1971,21319096.0
col,Colombia,1972,21819563.0
col,Colombia,1973,22325374.0
col,Colombia,1974,22833469.0
col,Colombia,1975,23344644.0
col,Colombia,1976,23858810.0
col,Colombia,1977,24393494.0
col,Colombia,1978,24950337.0
col,Colombia,1979,25515626.0
col,Colombia,1980,26104498.0
col,Colombia,1981,26713267.0
col,Colombia,1982,27338331.0
col,Colombia,1983,27988173.0
col,Colombia,1984,28642690.0
col,Colombia,1985,29268470.0
col,Colombia,1986,29879112.0
col,Colombia,1987,30499467.0
col,Colombia,1988,31130524.0
col,Colombia,1989,31776279.0
col,Colombia,1990,32440069.0
col,Colombia,1991,33098372.0
col,Colombia,1992,33760571.0
col,Colombia,1993,34441473.0
col,Colombia,1994,35127410.0
col,Colombia,1995,35804662.0
col,Colombia,1996,36462745.0
col,Colombia,1997,37121149.0
col,Colombia,1998,37792165.0
col,Colombia,1999,38454863.0
col,Colombia,2000,39089934.0
col,Colombia,2001,39709262.0
col,Colombia,2002,40324680.0
col,Colombia,2003,40937429.0
col,Colombia,2004,41543171.0
col,Colombia,2005,42128977.0
col,Colombia,2006,42691084.0
col,Colombia,2007,43235374.0
col,Colombia,2008,43758808.0
col,Colombia,2009,44271541.0
col,Colombia,2010,44777319.0
col,Colombia,2011,45259614.0
col,Colombia,2012,45715810.0
col,Colombia,2013,46151584.0
col,Colombia,2014,46565429.0
col,Colombia,2015,46969940.0
col,Colombia,2016,47437512.0
col,Colombia,2017,48131078.0
col,Colombia,2018,49024465.0
col,Colombia,2019,49907985.0
col,Colombia,2020,50629997.0
col,Colombia,2021,51188173.0
col,Colombia,2022,51737944.0
col,Colombia,2023,52321152.0
col,Colombia,2024,52886363.0
col,Colombia,2025,53425635.0
com,Comoros,1900,85792.0
com,Comoros,1901,87156.0
com,Comoros,1902,88797.0
com,Comoros,1903,90723.0
com,Comoros,1904,92690.0
com,Comoros,1905,94699.0
com,Comoros,1906,96753.0
com,Comoros,1907,98850.0
com,Comoros,1908,100993.0
com,Comoros,1909,103182.0
com,Comoros,1910,105419.0
com,Comoros,1911,107704.0
com,Comoros,1912,110038.0
com,Comoros,1913,112422.0
com,Comoros,1914,114859.0
com,Comoros,1915,117347.0
com,Comoros,1916,119890.0
com,Comoros,1917,122487.0
com,Comoros,1918,124996.0
com,Comoros,1919,127206.0
com,Comoros,1920,129108.0
com,Comoros,1921,130695.0
com,Comoros,1922,131957.0
com,Comoros,1923,132884.0
com,Comoros,1924,133818.0
com,Comoros,1925,134758.0
com,Comoros,1926,135706.0
com,Comoros,1927,136659.0
com,Comoros,1928,137620.0
com,Comoros,1929,138587.0
com,Comoros,1930,139561.0
com,Comoros,1931,140542.0
com,Comoros,1932,141530.0
com,Comoros,1933,142524.0
com,Comoros,1934,143526.0
com,Comoros,1935,144535.0
com,Comoros,1936,145550.0
com,Comoros,1937,146573.0
com,Comoros,1938,147603.0
com,Comoros,1939,148641.0
com,Comoros,1940,149686.0
com,Comoros,1941,150738.0
com,Comoros,1942,151797.0
com,Comoros,1943,152864.0
com,Comoros,1944,153938.0
com,Comoros,1945,155020.0
com,Comoros,1946,156110.0
com,Comoros,1947,157207.0
com,Comoros,1948,158312.0
com,Comoros,1949,159884.0
com,Comoros,1950,161938.0
com,Comoros,1951,165533.0
com,Comoros,1952,168976.0
com,Comoros,1953,172600.0
com,Comoros,1954,176138.0
com,Comoros,1955,179587.0
com,Comoros,1956,182958.0
com,Comoros,1957,186566.0
com,Comoros,1958,190563.0
com,Comoros,1959,194286.0
com,Comoros,1960,197700.0
com,Comoros,1961,201201.0
com,Comoros,1962,204702.0
com,Comoros,1963,208185.0
com,Comoros,1964,211644.0
com,Comoros,1965,214967.0
com,Comoros,1966,218663.0
com,Comoros,1967,223859.0
com,Comoros,1968,230244.0
com,Comoros,1969,237001.0
com,Comoros,1970,244185.0
com,Comoros,1971,251865.0
com,Comoros,1972,260077.0
com,Comoros,1973,268820.0
com,Comoros,1974,278075.0
com,Comoros,1975,287692.0
com,Comoros,1976,297538.0
com,Comoros,1977,307579.0
com,Comoros,1978,317688.0
com,Comoros,1979,327791.0
com,Comoros,1980,337721.0
com,Comoros,1981,347382.0
com,Comoros,1982,357139.0
com,Comoros,1983,367233.0
com,Comoros,1984,377637.0
com,Comoros,1985,388352.0
com,Comoros,1986,399318.0
com,Comoros,1987,410439.0
com,Comoros,1988,421687.0
com,Comoros,1989,433103.0
com,Comoros,1990,444596.0
com,Comoros,1991,455556.0
com,Comoros,1992,465113.0
com,Comoros,1993,473682.0
com,Comoros,1994,482142.0
com,Comoros,1995,490586.0
com,Comoros,1996,499107.0
com,Comoros,1997,507777.0
com,Comoros,1998,516597.0
com,Comoros,1999,525886.0
com,Comoros,2000,536080.0
com,Comoros,2001,547220.0
com,Comoros,2002,558923.0
com,Comoros,2003,569798.0
com,Comoros,2004,580704.0
com,Comoros,2005,592677.0
com,Comoros,2006,604753.0
com,Comoros,2007,616927.0
com,Comoros,2008,629307.0
com,Comoros,2009,641947.0
com,Comoros,2010,654836.0
com,Comoros,2011,668056.0
com,Comoros,2012,681630.0
com,Comoros,2013,696192.0
com,Comoros,2014,711503.0
com,Comoros,2015,726682.0
com,Comoros,2016,741741.0
com,Comoros,2017,756669.0
com,Comoros,2018,771590.0
com,Comoros,2019,786578.0
com,Comoros,2020,802163.0
com,Comoros,2021,818174.0
com,Comoros,2022,834188.0
com,Comoros,2023,850387.0
com,Comoros,2024,866628.0
com,Comoros,2025,882847.0
cpv,Cape Verde,1900,151345.0
cpv,Cape Verde,1901,153389.0
cpv,Cape Verde,1902,155461.0
cpv,Cape Verde,1903,157558.0
cpv,Cape Verde,1904,159683.0
cpv,Cape Verde,1905,161835.0
cpv,Cape Verde,1906,164015.0
cpv,Cape Verde,1907,166223.0
cpv,Cape Verde,1908,168460.0
cpv,Cape Verde,1909,169928.0
cpv,Cape Verde,1910,170624.0
cpv,Cape Verde,1911,170541.0
cpv,Cape Verde,1912,169676.0
cpv,Cape Verde,1913,168024.0
cpv,Cape Verde,1914,166386.0
cpv,Cape Verde,1915,164763.0
cpv,Cape Verde,1916,163154.0
cpv,Cape Verde,1917,161560.0
cpv,Cape Verde,1918,159543.0
cpv,Cape Verde,1919,158376.0
cpv,Cape Verde,1920,158061.0
cpv,Cape Verde,1921,158599.0
cpv,Cape Verde,1922,159990.0
cpv,Cape Verde,1923,162236.0
cpv,Cape Verde,1924,164514.0
cpv,Cape Verde,1925,166823.0
cpv,Cape Verde,1926,169165.0
cpv,Cape Verde,1927,171540.0
cpv,Cape Verde,1928,173949.0
cpv,Cape Verde,1929,176686.0
cpv,Cape Verde,1930,179763.0
cpv,Cape Verde,1931,183191.0
cpv,Cape Verde,1932,186983.0
cpv,Cape Verde,1933,191150.0
cpv,Cape Verde,1934,195409.0
cpv,Cape Verde,1935,199764.0
cpv,Cape Verde,1936,204216.0
cpv,Cape Verde,1937,208766.0
cpv,Cape Verde,1938,213419.0
cpv,Cape Verde,1939,216221.0
cpv,Cape Verde,1940,217175.0
cpv,Cape Verde,1941,216279.0
cpv,Cape Verde,1942,213534.0
cpv,Cape Verde,1943,208937.0
cpv,Cape Verde,1944,204438.0
cpv,Cape Verde,1945,200037.0
cpv,Cape Verde,1946,195730.0
cpv,Cape Verde,1947,191516.0
cpv,Cape Verde,1948,187393.0
cpv,Cape Verde,1949,185207.0
cpv,Cape Verde,1950,184972.0
cpv,Cape Verde,1951,187198.0
cpv,Cape Verde,1952,189432.0
cpv,Cape Verde,1953,191546.0
cpv,Cape Verde,1954,193548.0
cpv,Cape Verde,1955,195614.0
cpv,Cape Verde,1956,197847.0
cpv,Cape Verde,1957,200286.0
cpv,Cape Verde,1958,203089.0
cpv,Cape Verde,1959,206354.0
cpv,Cape Verde,1960,210024.0
cpv,Cape Verde,1961,215087.0
cpv,Cape Verde,1962,221919.0
cpv,Cape Verde,1963,229373.0
cpv,Cape Verde,1964,237006.0
cpv,Cape Verde,1965,244856.0
cpv,Cape Verde,1966,252976.0
cpv,Cape Verde,1967,261404.0
cpv,Cape Verde,1968,270164.0
cpv,Cape Verde,1969,279248.0
cpv,Cape Verde,1970,287885.0
cpv,Cape Verde,1971,294046.0
cpv,Cape Verde,1972,297386.0
cpv,Cape Verde,1973,299881.0
cpv,Cape Verde,1974,302570.0
cpv,Cape Verde,1975,305847.0
cpv,Cape Verde,1976,309455.0
cpv,Cape Verde,1977,312834.0
cpv,Cape Verde,1978,316147.0
cpv,Cape Verde,1979,319480.0
cpv,Cape Verde,1980,323301.0
cpv,Cape Verde,1981,327846.0
cpv,Cape Verde,1982,332724.0
cpv,Cape Verde,1983,337654.0
cpv,Cape Verde,1984,342505.0
cpv,Cape Verde,1985,347365.0
cpv,Cape Verde,1986,352312.0
cpv,Cape Verde,1987,357302.0
cpv,Cape Verde,1988,362329.0
cpv,Cape Verde,1989,367803.0
cpv,Cape Verde,1990,375428.0
cpv,Cape Verde,1991,384586.0
cpv,Cape Verde,1992,393415.0
cpv,Cape Verde,1993,401965.0
cpv,Cape Verde,1994,410228.0
cpv,Cape Verde,1995,418104.0
cpv,Cape Verde,1996,425581.0
cpv,Cape Verde,1997,432798.0
cpv,Cape Verde,1998,439784.0
cpv,Cape Verde,1999,446519.0
cpv,Cape Verde,2000,453317.0
cpv,Cape Verde,2001,460293.0
cpv,Cape Verde,2002,467046.0
cpv,Cape Verde,2003,473383.0
cpv,Cape Verde,2004,479370.0
cpv,Cape Verde,2005,485115.0
cpv,Cape Verde,2006,490728.0
cpv,Cape Verde,2007,496190.0
cpv,Cape Verde,2008,501355.0
cpv,Cape Verde,2009,506141.0
cpv,Cape Verde,2010,509784.0
cpv,Cape Verde,2011,511447.0
cpv,Cape Verde,2012,511955.0
cpv,Cape Verde,2013,512225.0
cpv,Cape Verde,2014,512326.0
cpv,Cape Verde,2015,512394.0
cpv,Cape Verde,2016,512554.0
cpv,Cape Verde,2017,512893.0
cpv,Cape Verde,2018,513415.0
cpv,Cape Verde,2019,514104.0
cpv,Cape Verde,2020,514679.0
cpv,Cape Verde,2021,516649.0
cpv,Cape Verde,2022,519741.0
cpv,Cape Verde,2023,522331.0
cpv,Cape Verde,2024,524877.0
cpv,Cape Verde,2025,527326.0
cri,Costa Rica,1900,311706.0
cri,Costa Rica,1901,318322.0
cri,Costa Rica,1902,325077.0
cri,Costa Rica,1903,331977.0
cri,Costa Rica,1904,339022.0
cri,Costa Rica,1905,346216.0
cri,Costa Rica,1906,353563.0
cri,Costa Rica,1907,361065.0
cri,Costa Rica,1908,368726.0
cri,Costa Rica,1909,376122.0
cri,Costa Rica,1910,383238.0
cri,Costa Rica,1911,390062.0
cri,Costa Rica,1912,396580.0
cri,Costa Rica,1913,402779.0
cri,Costa Rica,1914,409075.0
cri,Costa Rica,1915,415468.0
cri,Costa Rica,1916,421962.0
cri,Costa Rica,1917,428556.0
cri,Costa Rica,1918,434852.0
cri,Costa Rica,1919,441500.0
cri,Costa Rica,1920,448510.0
cri,Costa Rica,1921,455891.0
cri,Costa Rica,1922,463654.0
cri,Costa Rica,1923,471809.0
cri,Costa Rica,1924,480107.0
cri,Costa Rica,1925,488551.0
cri,Costa Rica,1926,497144.0
cri,Costa Rica,1927,505888.0
cri,Costa Rica,1928,514786.0
cri,Costa Rica,1929,524283.0
cri,Costa Rica,1930,534400.0
cri,Costa Rica,1931,545157.0
cri,Costa Rica,1932,556575.0
cri,Costa Rica,1933,568678.0
cri,Costa Rica,1934,581043.0
cri,Costa Rica,1935,593677.0
cri,Costa Rica,1936,606586.0
cri,Costa Rica,1937,619776.0
cri,Costa Rica,1938,633253.0
cri,Costa Rica,1939,648655.0
cri,Costa Rica,1940,666080.0
cri,Costa Rica,1941,685631.0
cri,Costa Rica,1942,707412.0
cri,Costa Rica,1943,731533.0
cri,Costa Rica,1944,756477.0
cri,Costa Rica,1945,782272.0
cri,Costa Rica,1946,808946.0
cri,Costa Rica,1947,836530.0
cri,Costa Rica,1948,865054.0
cri,Costa Rica,1949,895106.0
cri,Costa Rica,1950,926758.0
cri,Costa Rica,1951,958409.0
cri,Costa Rica,1952,991793.0
cri,Costa Rica,1953,1027005.0
cri,Costa Rica,1954,1064119.0
cri,Costa Rica,1955,1103049.0
cri,Costa Rica,1956,1143847.0
cri,Costa Rica,1957,1186633.0
cri,Costa Rica,1958,1231551.0
cri,Costa Rica,1959,1278588.0
cri,Costa Rica,1960,1327496.0
cri,Costa Rica,1961,1377920.0
cri,Costa Rica,1962,1429445.0
cri,Costa Rica,1963,1481604.0
cri,Costa Rica,1964,1533960.0
cri,Costa Rica,1965,1586208.0
cri,Costa Rica,1966,1638116.0
cri,Costa Rica,1967,1689523.0
cri,Costa Rica,1968,1739731.0
cri,Costa Rica,1969,1789276.0
cri,Costa Rica,1970,1838949.0
cri,Costa Rica,1971,1888539.0
cri,Costa Rica,1972,1938248.0
cri,Costa Rica,1973,1988343.0
cri,Costa Rica,1974,2039643.0
cri,Costa Rica,1975,2092719.0
cri,Costa Rica,1976,2147774.0
cri,Costa Rica,1977,2205025.0
cri,Costa Rica,1978,2264510.0
cri,Costa Rica,1979,2326490.0
cri,Costa Rica,1980,2390633.0
cri,Costa Rica,1981,2456637.0
cri,Costa Rica,1982,2524806.0
cri,Costa Rica,1983,2595153.0
cri,Costa Rica,1984,2667595.0
cri,Costa Rica,1985,2741894.0
cri,Costa Rica,1986,2817216.0
cri,Costa Rica,1987,2892699.0
cri,Costa Rica,1988,2968103.0
cri,Costa Rica,1989,3043827.0
cri,Costa Rica,1990,3121706.0
cri,Costa Rica,1991,3202176.0
cri,Costa Rica,1992,3284258.0
cri,Costa Rica,1993,3367434.0
cri,Costa Rica,1994,3451122.0
cri,Costa Rica,1995,3535176.0
cri,Costa Rica,1996,3619013.0
cri,Costa Rica,1997,3701711.0
cri,Costa Rica,1998,3782838.0
cri,Costa Rica,1999,3862101.0
cri,Costa Rica,2000,3937739.0
cri,Costa Rica,2001,4008947.0
cri,Costa Rica,2002,4075705.0
cri,Costa Rica,2003,4138784.0
cri,Costa Rica,2004,4200078.0
cri,Costa Rica,2005,4261240.0
cri,Costa Rica,2006,4321340.0
cri,Costa Rica,2007,4380248.0
cri,Costa Rica,2008,4440056.0
cri,Costa Rica,2009,4499791.0
cri,Costa Rica,2010,4555962.0
cri,Costa Rica,2011,4609833.0
cri,Costa Rica,2012,4663934.0
cri,Costa Rica,2013,4716147.0
cri,Costa Rica,2014,4767119.0
cri,Costa Rica,2015,4818038.0
cri,Costa Rica,2016,4866998.0
cri,Costa Rica,2017,4913177.0
cri,Costa Rica,2018,4957818.0
cri,Costa Rica,2019,4999553.0
cri,Costa Rica,2020,5034320.0
cri,Costa Rica,2021,5059988.0
cri,Costa Rica,2022,5081765.0
cri,Costa Rica,2023,5105525.0
cri,Costa Rica,2024,5129910.0
cri,Costa Rica,2025,5152950.0
cub,Cuba,1900,1719184.0
cub,Cuba,1901,1751816.0
cub,Cuba,1902,1794860.0
cub,Cuba,1903,1848649.0
cub,Cuba,1904,1904051.0
cub,Cuba,1905,1961112.0
cub,Cuba,1906,2019884.0
cub,Cuba,1907,2080416.0
cub,Cuba,1908,2142762.0
cub,Cuba,1909,2207402.0
cub,Cuba,1910,2274419.0
cub,Cuba,1911,2343896.0
cub,Cuba,1912,2415923.0
cub,Cuba,1913,2490589.0
cub,Cuba,1914,2567563.0
cub,Cuba,1915,2646916.0
cub,Cuba,1916,2728720.0
cub,Cuba,1917,2813053.0
cub,Cuba,1918,2898884.0
cub,Cuba,1919,2983953.0
cub,Cuba,1920,3068152.0
cub,Cuba,1921,3151369.0
cub,Cuba,1922,3233483.0
cub,Cuba,1923,3314371.0
cub,Cuba,1924,3397282.0
cub,Cuba,1925,3482267.0
cub,Cuba,1926,3569379.0
cub,Cuba,1927,3658669.0
cub,Cuba,1928,3750193.0
cub,Cuba,1929,3838125.0
cub,Cuba,1930,3922270.0
cub,Cuba,1931,4002431.0
cub,Cuba,1932,4078399.0
cub,Cuba,1933,4149962.0
cub,Cuba,1934,4222781.0
cub,Cuba,1935,4296878.0
cub,Cuba,1936,4372274.0
cub,Cuba,1937,4448994.0
cub,Cuba,1938,4527060.0
cub,Cuba,1939,4612488.0
cub,Cuba,1940,4705553.0
cub,Cuba,1941,4806534.0
cub,Cuba,1942,4915720.0
cub,Cuba,1943,5033411.0
cub,Cuba,1944,5153919.0
cub,Cuba,1945,5277313.0
cub,Cuba,1946,5403660.0
cub,Cuba,1947,5533033.0
cub,Cuba,1948,5665503.0
cub,Cuba,1949,5796045.0
cub,Cuba,1950,5924511.0
cub,Cuba,1951,6042200.0
cub,Cuba,1952,6162175.0
cub,Cuba,1953,6285748.0
cub,Cuba,1954,6412849.0
cub,Cuba,1955,6543100.0
cub,Cuba,1956,6676052.0
cub,Cuba,1957,6811727.0
cub,Cuba,1958,6950289.0
cub,Cuba,1959,7092332.0
cub,Cuba,1960,7238081.0
cub,Cuba,1961,7387117.0
cub,Cuba,1962,7541098.0
cub,Cuba,1963,7701660.0
cub,Cuba,1964,7866020.0
cub,Cuba,1965,8030797.0
cub,Cuba,1966,8193450.0
cub,Cuba,1967,8352625.0
cub,Cuba,1968,8509522.0
cub,Cuba,1969,8666640.0
cub,Cuba,1970,8824382.0
cub,Cuba,1971,8979085.0
cub,Cuba,1972,9123891.0
cub,Cuba,1973,9255328.0
cub,Cuba,1974,9374183.0
cub,Cuba,1975,9479726.0
cub,Cuba,1976,9571242.0
cub,Cuba,1977,9648440.0
cub,Cuba,1978,9711980.0
cub,Cuba,1979,9763355.0
cub,Cuba,1980,9804796.0
cub,Cuba,1981,9849320.0
cub,Cuba,1982,9912681.0
cub,Cuba,1983,9991026.0
cub,Cuba,1984,10073299.0
cub,Cuba,1985,10157228.0
cub,Cuba,1986,10244247.0
cub,Cuba,1987,10335342.0
cub,Cuba,1988,10432585.0
cub,Cuba,1989,10533243.0
cub,Cuba,1990,10631799.0
cub,Cuba,1991,10717640.0
cub,Cuba,1992,10785801.0
cub,Cuba,1993,10841031.0
cub,Cuba,1994,10886021.0
cub,Cuba,1995,10925362.0
cub,Cuba,1996,10962010.0
cub,Cuba,1997,10997934.0
cub,Cuba,1998,11034712.0
cub,Cuba,1999,11072230.0
cub,Cuba,2000,11109109.0
cub,Cuba,2001,11144132.0
cub,Cuba,2002,11177418.0
cub,Cuba,2003,11209383.0
cub,Cuba,2004,11238756.0
cub,Cuba,2005,11262554.0
cub,Cuba,2006,11278550.0
cub,Cuba,2007,11287272.0
cub,Cuba,2008,11291762.0
cub,Cuba,2009,11294719.0
cub,Cuba,2010,11297409.0
cub,Cuba,2011,11301571.0
cub,Cuba,2012,11303175.0
cub,Cuba,2013,11298167.0
cub,Cuba,2014,11285775.0
cub,Cuba,2015,11275065.0
cub,Cuba,2016,11265612.0
cub,Cuba,2017,11247829.0
cub,Cuba,2018,11227118.0
cub,Cuba,2019,11202846.0
cub,Cuba,2020,11176354.0
cub,Cuba,2021,11122168.0
cub,Cuba,2022,11059820.0
cub,Cuba,2023,11019931.0
cub,Cuba,2024,10979783.0
cub,Cuba,2025,10937203.0
cyp,Cyprus,1900,236662.0
cyp,Cyprus,1901,239925.0
cyp,Cyprus,1902,243326.0
cyp,Cyprus,1903,246868.0
cyp,Cyprus,1904,250462.0
cyp,Cyprus,1905,254107.0
cyp,Cyprus,1906,257806.0
cyp,Cyprus,1907,261559.0
cyp,Cyprus,1908,265366.0
cyp,Cyprus,1909,269127.0
cyp,Cyprus,1910,272840.0
cyp,Cyprus,1911,276502.0
cyp,Cyprus,1912,280111.0
cyp,Cyprus,1913,283666.0
cyp,Cyprus,1914,287266.0
cyp,Cyprus,1915,290911.0
cyp,Cyprus,1916,294603.0
cyp,Cyprus,1917,298342.0
cyp,Cyprus,1918,302145.0
cyp,Cyprus,1919,305907.0
cyp,Cyprus,1920,309627.0
cyp,Cyprus,1921,313302.0
cyp,Cyprus,1922,316932.0
cyp,Cyprus,1923,320515.0
cyp,Cyprus,1924,324138.0
cyp,Cyprus,1925,327802.0
cyp,Cyprus,1926,331508.0
cyp,Cyprus,1927,335255.0
cyp,Cyprus,1928,339045.0
cyp,Cyprus,1929,343900.0
cyp,Cyprus,1930,349857.0
cyp,Cyprus,1931,356957.0
cyp,Cyprus,1932,365242.0
cyp,Cyprus,1933,374752.0
cyp,Cyprus,1934,384509.0
cyp,Cyprus,1935,394521.0
cyp,Cyprus,1936,404793.0
cyp,Cyprus,1937,415333.0
cyp,Cyprus,1938,426148.0
cyp,Cyprus,1939,435749.0
cyp,Cyprus,1940,444093.0
cyp,Cyprus,1941,451131.0
cyp,Cyprus,1942,456815.0
cyp,Cyprus,1943,461097.0
cyp,Cyprus,1944,465418.0
cyp,Cyprus,1945,469780.0
cyp,Cyprus,1946,474183.0
cyp,Cyprus,1947,478628.0
cyp,Cyprus,1948,483114.0
cyp,Cyprus,1949,488190.0
cyp,Cyprus,1950,493871.0
cyp,Cyprus,1951,501050.0
cyp,Cyprus,1952,508690.0
cyp,Cyprus,1953,516730.0
cyp,Cyprus,1954,525111.0
cyp,Cyprus,1955,533865.0
cyp,Cyprus,1956,543071.0
cyp,Cyprus,1957,552830.0
cyp,Cyprus,1958,563284.0
cyp,Cyprus,1959,574559.0
cyp,Cyprus,1960,586490.0
cyp,Cyprus,1961,595514.0
cyp,Cyprus,1962,601466.0
cyp,Cyprus,1963,607252.0
cyp,Cyprus,1964,612521.0
cyp,Cyprus,1965,617736.0
cyp,Cyprus,1966,623390.0
cyp,Cyprus,1967,629251.0
cyp,Cyprus,1968,635157.0
cyp,Cyprus,1969,641189.0
cyp,Cyprus,1970,647446.0
cyp,Cyprus,1971,654050.0
cyp,Cyprus,1972,661063.0
cyp,Cyprus,1973,665937.0
cyp,Cyprus,1974,663254.0
cyp,Cyprus,1975,659405.0
cyp,Cyprus,1976,662032.0
cyp,Cyprus,1977,667101.0
cyp,Cyprus,1978,672249.0
cyp,Cyprus,1979,677549.0
cyp,Cyprus,1980,683076.0
cyp,Cyprus,1981,688893.0
cyp,Cyprus,1982,696497.0
cyp,Cyprus,1983,707225.0
cyp,Cyprus,1984,719334.0
cyp,Cyprus,1985,731277.0
cyp,Cyprus,1986,743105.0
cyp,Cyprus,1987,754785.0
cyp,Cyprus,1988,766235.0
cyp,Cyprus,1989,777420.0
cyp,Cyprus,1990,788351.0
cyp,Cyprus,1991,798944.0
cyp,Cyprus,1992,810341.0
cyp,Cyprus,1993,826034.0
cyp,Cyprus,1994,844667.0
cyp,Cyprus,1995,862695.0
cyp,Cyprus,1996,880290.0
cyp,Cyprus,1997,897568.0
cyp,Cyprus,1998,914548.0
cyp,Cyprus,1999,931234.0
cyp,Cyprus,2000,947667.0
cyp,Cyprus,2001,964127.0
cyp,Cyprus,2002,981440.0
cyp,Cyprus,2003,999590.0
cyp,Cyprus,2004,1017875.0
cyp,Cyprus,2005,1036151.0
cyp,Cyprus,2006,1054418.0
cyp,Cyprus,2007,1072714.0
cyp,Cyprus,2008,1091026.0
cyp,Cyprus,2009,1109371.0
cyp,Cyprus,2010,1127816.0
cyp,Cyprus,2011,1146493.0
cyp,Cyprus,2012,1165397.0
cyp,Cyprus,2013,1183895.0
cyp,Cyprus,2014,1201801.0
cyp,Cyprus,2015,1219502.0
cyp,Cyprus,2016,1237112.0
cyp,Cyprus,2017,1254275.0
cyp,Cyprus,2018,1270737.0
cyp,Cyprus,2019,1286671.0
cyp,Cyprus,2020,1302247.0
cyp,Cyprus,2021,1317309.0
cyp,Cyprus,2022,1331370.0
cyp,Cyprus,2023,1344976.0
cyp,Cyprus,2024,1358282.0
cyp,Cyprus,2025,1370754.0
cze,Czech Republic,1900,9334000.0
cze,Czech Republic,1901,9405000.0
cze,Czech Republic,1902,9475000.0
cze,Czech Republic,1903,9545000.0
cze,Czech Republic,1904,9615000.0
cze,Czech Republic,1905,9685000.0
cze,Czech Republic,1906,9754000.0
cze,Czech Republic,1907,9825000.0
cze,Czech Republic,1908,9895000.0
cze,Czech Republic,1909,9965000.0
cze,Czech Republic,1910,10036000.0
cze,Czech Republic,1911,10099000.0
cze,Czech Republic,1912,10157000.0
cze,Czech Republic,1913,10221000.0
cze,Czech Republic,1914,10283000.0
cze,Czech Republic,1915,10286000.0
cze,Czech Republic,1916,10222000.0
cze,Czech Republic,1917,10128000.0
cze,Czech Republic,1918,10004000.0
cze,Czech Republic,1919,9922000.0
cze,Czech Republic,1920,9978000.0
cze,Czech Republic,1921,10002000.0
cze,Czech Republic,1922,10113000.0
cze,Czech Republic,1923,10198000.0
cze,Czech Republic,1924,10278000.0
cze,Czech Republic,1925,10370000.0
cze,Czech Republic,1926,10443000.0
cze,Czech Republic,1927,10496000.0
cze,Czech Republic,1928,10549000.0
cze,Czech Republic,1929,10598000.0
cze,Czech Republic,1930,10648000.0
cze,Czech Republic,1931,10702000.0
cze,Czech Republic,1932,10750000.0
cze,Czech Republic,1933,10791000.0
cze,Czech Republic,1934,10826000.0
cze,Czech Republic,1935,10853000.0
cze,Czech Republic,1936,10873000.0
cze,Czech Republic,1937,10889000.0
cze,Czech Republic,1938,10877000.0
cze,Czech Republic,1939,11106000.0
cze,Czech Republic,1940,11160000.0
cze,Czech Republic,1941,11129000.0
cze,Czech Republic,1942,11054000.0
cze,Czech Republic,1943,11035000.0
cze,Czech Republic,1944,11109000.0
cze,Czech Republic,1945,10693000.0
cze,Czech Republic,1946,9523000.0
cze,Czech Republic,1947,8765000.0
cze,Czech Republic,1948,8828436.0
cze,Czech Republic,1949,8868704.0
cze,Czech Republic,1950,8916711.0
cze,Czech Republic,1951,8997239.0
cze,Czech Republic,1952,9077205.0
cze,Czech Republic,1953,9152599.0
cze,Czech Republic,1954,9221190.0
cze,Czech Republic,1955,9289421.0
cze,Czech Republic,1956,9358018.0
cze,Czech Republic,1957,9418968.0
cze,Czech Republic,1958,9469704.0
cze,Czech Republic,1959,9508391.0
cze,Czech Republic,1960,9541605.0
cze,Czech Republic,1961,9573390.0
cze,Czech Republic,1962,9597460.0
cze,Czech Republic,1963,9627331.0
cze,Czech Republic,1964,9668746.0
cze,Czech Republic,1965,9706847.0
cze,Czech Republic,1966,9736239.0
cze,Czech Republic,1967,9758983.0
cze,Czech Republic,1968,9775113.0
cze,Czech Republic,1969,9787789.0
cze,Czech Republic,1970,9801252.0
cze,Czech Republic,1971,9822779.0
cze,Czech Republic,1972,9858068.0
cze,Czech Republic,1973,9906210.0
cze,Czech Republic,1974,9965949.0
cze,Czech Republic,1975,10030774.0
cze,Czech Republic,1976,10092938.0
cze,Czech Republic,1977,10149365.0
cze,Czech Republic,1978,10200749.0
cze,Czech Republic,1979,10246156.0
cze,Czech Republic,1980,10275403.0
cze,Czech Republic,1981,10289513.0
cze,Czech Republic,1982,10299008.0
cze,Czech Republic,1983,10302943.0
cze,Czech Republic,1984,10303818.0
cze,Czech Republic,1985,10305145.0
cze,Czech Republic,1986,10304373.0
cze,Czech Republic,1987,10303419.0
cze,Czech Republic,1988,10305450.0
cze,Czech Republic,1989,10305605.0
cze,Czech Republic,1990,10301988.0
cze,Czech Republic,1991,10304426.0
cze,Czech Republic,1992,10312448.0
cze,Czech Republic,1993,10320398.0
cze,Czech Republic,1994,10322329.0
cze,Czech Republic,1995,10312042.0
cze,Czech Republic,1996,10296128.0
cze,Czech Republic,1997,10280051.0
cze,Czech Republic,1998,10265426.0
cze,Czech Republic,1999,10251378.0
cze,Czech Republic,2000,10236804.0
cze,Czech Republic,2001,10231936.0
cze,Czech Republic,2002,10239468.0
cze,Czech Republic,2003,10248912.0
cze,Czech Republic,2004,10261450.0
cze,Czech Republic,2005,10280153.0
cze,Czech Republic,2006,10304588.0
cze,Czech Republic,2007,10337543.0
cze,Czech Republic,2008,10378292.0
cze,Czech Republic,2009,10420985.0
cze,Czech Republic,2010,10464035.0
cze,Czech Republic,2011,10495511.0
cze,Czech Republic,2012,10507335.0
cze,Czech Republic,2013,10511163.0
cze,Czech Republic,2014,10517226.0
cze,Czech Republic,2015,10524416.0
cze,Czech Republic,2016,10531948.0
cze,Czech Republic,2017,10541342.0
cze,Czech Republic,2018,10548937.0
cze,Czech Republic,2019,10554875.0
cze,Czech Republic,2020,10550129.0
cze,Czech Republic,2021,10530683.0
cze,Czech Republic,2022,10673213.0
cze,Czech Republic,2023,10809716.0
cze,Czech Republic,2024,10735859.0
cze,Czech Republic,2025,10609239.0
deu,Germany,1900,55115287.0
deu,Germany,1901,55908615.0
deu,Germany,1902,56726769.0
deu,Germany,1903,57570298.0
deu,Germany,1904,58426367.0
deu,Germany,1905,59295162.0
deu,Germany,1906,60176872.0
deu,Germany,1907,61071690.0
deu,Germany,1908,61979809.0
deu,Germany,1909,62673875.0
deu,Germany,1910,63151322.0
deu,Germany,1911,63409548.0
deu,Germany,1912,63445909.0
deu,Germany,1913,63257717.0
deu,Germany,1914,63070081.0
deu,Germany,1915,62882997.0
deu,Germany,1916,62696464.0
deu,Germany,1917,62510481.0
deu,Germany,1918,62309788.0
deu,Germany,1919,62232162.0
deu,Germany,1920,62278024.0
deu,Germany,1921,62447801.0
deu,Germany,1922,62741924.0
deu,Germany,1923,63160826.0
deu,Germany,1924,63582526.0
deu,Germany,1925,64007041.0
deu,Germany,1926,64434390.0
deu,Germany,1927,64864593.0
deu,Germany,1928,65297668.0
deu,Germany,1929,65738847.0
deu,Germany,1930,66188223.0
deu,Germany,1931,66645886.0
deu,Germany,1932,67111929.0
deu,Germany,1933,67586447.0
deu,Germany,1934,68064319.0
deu,Germany,1935,68545570.0
deu,Germany,1936,69030224.0
deu,Germany,1937,69518305.0
deu,Germany,1938,70009837.0
deu,Germany,1939,70374463.0
deu,Germany,1940,70611563.0
deu,Germany,1941,70720509.0
deu,Germany,1942,70700669.0
deu,Germany,1943,70551405.0
deu,Germany,1944,70402457.0
deu,Germany,1945,70253823.0
deu,Germany,1946,70105503.0
deu,Germany,1947,69957496.0
deu,Germany,1948,69809801.0
deu,Germany,1949,69773092.0
deu,Germany,1950,69847782.0
deu,Germany,1951,69782052.0
deu,Germany,1952,69826953.0
deu,Germany,1953,69935117.0
deu,Germany,1954,70104621.0
deu,Germany,1955,70334152.0
deu,Germany,1956,70613903.0
deu,Germany,1957,71088146.0
deu,Germany,1958,71694673.0
deu,Germany,1959,72241717.0
deu,Germany,1960,72811640.0
deu,Germany,1961,73376115.0
deu,Germany,1962,73997003.0
deu,Germany,1963,74698010.0
deu,Germany,1964,75313485.0
deu,Germany,1965,75966964.0
deu,Germany,1966,76611031.0
deu,Germany,1967,76970791.0
deu,Germany,1968,77321279.0
deu,Germany,1969,77944020.0
deu,Germany,1970,78205102.0
deu,Germany,1971,78345872.0
deu,Germany,1972,78719918.0
deu,Germany,1973,78966971.0
deu,Germany,1974,78996693.0
deu,Germany,1975,78701865.0
deu,Germany,1976,78364505.0
deu,Germany,1977,78185559.0
deu,Germany,1978,78115360.0
deu,Germany,1979,78147901.0
deu,Germany,1980,78315375.0
deu,Germany,1981,78448040.0
deu,Germany,1982,78393674.0
deu,Germany,1983,78224133.0
deu,Germany,1984,77998198.0
deu,Germany,1985,77863424.0
deu,Germany,1986,77923807.0
deu,Germany,1987,78062324.0
deu,Germany,1988,78385992.0
deu,Germany,1989,79007065.0
deu,Germany,1990,79707959.0
deu,Germany,1991,80303196.0
deu,Germany,1992,80934898.0
deu,Germany,1993,81486773.0
deu,Germany,1994,81773617.0
deu,Germany,1995,82019890.0
deu,Germany,1996,82263189.0
deu,Germany,1997,82389638.0
deu,Germany,1998,82011939.0
deu,Germany,1999,81678287.0
deu,Germany,2000,81797258.0
deu,Germany,2001,81933885.0
deu,Germany,2002,82068326.0
deu,Germany,2003,82111615.0
deu,Germany,2004,82092708.0
deu,Germany,2005,82046731.0
deu,Germany,2006,81701971.0
deu,Germany,2007,81298542.0
deu,Germany,2008,81110777.0
deu,Germany,2009,80935283.0
deu,Germany,2010,80830924.0
deu,Germany,2011,80857874.0
deu,Germany,2012,80916390.0
deu,Germany,2013,81041582.0
deu,Germany,2014,81376080.0
deu,Germany,2015,82077550.0
deu,Germany,2016,82760102.0
deu,Germany,2017,83104007.0
deu,Germany,2018,83368505.0
deu,Germany,2019,83559186.0
deu,Germany,2020,83628708.0
deu,Germany,2021,83697083.0
deu,Germany,2022,84086227.0
deu,Germany,2023,84548231.0
deu,Germany,2024,84552242.0
deu,Germany,2025,84075075.0
dji,Djibouti,1900,42319.0
dji,Djibouti,1901,42443.0
dji,Djibouti,1902,42567.0
dji,Djibouti,1903,42691.0
dji,Djibouti,1904,42816.0
dji,Djibouti,1905,42941.0
dji,Djibouti,1906,43066.0
dji,Djibouti,1907,43192.0
dji,Djibouti,1908,43318.0
dji,Djibouti,1909,43436.0
dji,Djibouti,1910,43545.0
dji,Djibouti,1911,43646.0
dji,Djibouti,1912,43739.0
dji,Djibouti,1913,43823.0
dji,Djibouti,1914,43907.0
dji,Djibouti,1915,43992.0
dji,Djibouti,1916,44076.0
dji,Djibouti,1917,44161.0
dji,Djibouti,1918,44249.0
dji,Djibouti,1919,44409.0
dji,Djibouti,1920,44640.0
dji,Djibouti,1921,44945.0
dji,Djibouti,1922,45324.0
dji,Djibouti,1923,45777.0
dji,Djibouti,1924,46235.0
dji,Djibouti,1925,46697.0
dji,Djibouti,1926,47164.0
dji,Djibouti,1927,47636.0
dji,Djibouti,1928,48112.0
dji,Djibouti,1929,48573.0
dji,Djibouti,1930,49020.0
dji,Djibouti,1931,49451.0
dji,Djibouti,1932,49866.0
dji,Djibouti,1933,50265.0
dji,Djibouti,1934,50667.0
dji,Djibouti,1935,51072.0
dji,Djibouti,1936,51481.0
dji,Djibouti,1937,51892.0
dji,Djibouti,1938,52308.0
dji,Djibouti,1939,52800.0
dji,Djibouti,1940,53373.0
dji,Djibouti,1941,54026.0
dji,Djibouti,1942,54763.0
dji,Djibouti,1943,55584.0
dji,Djibouti,1944,56418.0
dji,Djibouti,1945,57264.0
dji,Djibouti,1946,58123.0
dji,Djibouti,1947,58995.0
dji,Djibouti,1948,59880.0
dji,Djibouti,1949,60989.0
dji,Djibouti,1950,62331.0
dji,Djibouti,1951,64308.0
dji,Djibouti,1952,66355.0
dji,Djibouti,1953,68486.0
dji,Djibouti,1954,70707.0
dji,Djibouti,1955,73004.0
dji,Djibouti,1956,75391.0
dji,Djibouti,1957,77872.0
dji,Djibouti,1958,80437.0
dji,Djibouti,1959,83087.0
dji,Djibouti,1960,86024.0
dji,Djibouti,1961,89390.0
dji,Djibouti,1962,93283.0
dji,Djibouti,1963,97872.0
dji,Djibouti,1964,103198.0
dji,Djibouti,1965,109092.0
dji,Djibouti,1966,115269.0
dji,Djibouti,1967,121649.0
dji,Djibouti,1968,128250.0
dji,Djibouti,1969,136078.0
dji,Djibouti,1970,145175.0
dji,Djibouti,1971,155136.0
dji,Djibouti,1972,166256.0
dji,Djibouti,1973,178449.0
dji,Djibouti,1974,192613.0
dji,Djibouti,1975,209908.0
dji,Djibouti,1976,230737.0
dji,Djibouti,1977,254613.0
dji,Djibouti,1978,280031.0
dji,Djibouti,1979,304513.0
dji,Djibouti,1980,325815.0
dji,Djibouti,1981,343047.0
dji,Djibouti,1982,356880.0
dji,Djibouti,1983,369553.0
dji,Djibouti,1984,384053.0
dji,Djibouti,1985,402687.0
dji,Djibouti,1986,426341.0
dji,Djibouti,1987,454399.0
dji,Djibouti,1988,484523.0
dji,Djibouti,1989,523355.0
dji,Djibouti,1990,579538.0
dji,Djibouti,1991,631092.0
dji,Djibouti,1992,626010.0
dji,Djibouti,1993,614245.0
dji,Djibouti,1994,626710.0
dji,Djibouti,1995,633074.0
dji,Djibouti,1996,648348.0
dji,Djibouti,1997,671817.0
dji,Djibouti,1998,699352.0
dji,Djibouti,1999,724218.0
dji,Djibouti,2000,747318.0
dji,Djibouti,2001,771313.0
dji,Djibouti,2002,795574.0
dji,Djibouti,2003,813519.0
dji,Djibouti,2004,826124.0
dji,Djibouti,2005,839167.0
dji,Djibouti,2006,855764.0
dji,Djibouti,2007,874528.0
dji,Djibouti,2008,892734.0
dji,Djibouti,2009,911527.0
dji,Djibouti,2010,930251.0
dji,Djibouti,2011,948558.0
dji,Djibouti,2012,966747.0
dji,Djibouti,2013,984824.0
dji,Djibouti,2014,1002717.0
dji,Djibouti,2015,1020313.0
dji,Djibouti,2016,1037653.0
dji,Djibouti,2017,1054841.0
dji,Djibouti,2018,1071882.0
dji,Djibouti,2019,1088709.0
dji,Djibouti,2020,1105188.0
dji,Djibouti,2021,1121248.0
dji,Djibouti,2022,1137096.0
dji,Djibouti,2023,1152944.0
dji,Djibouti,2024,1168722.0
dji,Djibouti,2025,1184076.0
dma,Dominica,1900,28521.0
dma,Dominica,1901,28866.0
dma,Dominica,1902,29266.0
dma,Dominica,1903,29722.0
dma,Dominica,1904,30185.0
dma,Dominica,1905,30655.0
dma,Dominica,1906,31133.0
dma,Dominica,1907,31618.0
dma,Dominica,1908,32110.0
dma,Dominica,1909,32560.0
dma,Dominica,1910,32967.0
dma,Dominica,1911,33330.0
dma,Dominica,1912,33647.0
dma,Dominica,1913,33918.0
dma,Dominica,1914,34190.0
dma,Dominica,1915,34465.0
dma,Dominica,1916,34742.0
dma,Dominica,1917,35021.0
dma,Dominica,1918,35319.0
dma,Dominica,1919,35666.0
dma,Dominica,1920,36066.0
dma,Dominica,1921,36517.0
dma,Dominica,1922,37023.0
dma,Dominica,1923,37583.0
dma,Dominica,1924,38153.0
dma,Dominica,1925,38730.0
dma,Dominica,1926,39317.0
dma,Dominica,1927,39912.0
dma,Dominica,1928,40516.0
dma,Dominica,1929,41096.0
dma,Dominica,1930,41650.0
dma,Dominica,1931,42177.0
dma,Dominica,1932,42677.0
dma,Dominica,1933,43149.0
dma,Dominica,1934,43626.0
dma,Dominica,1935,44109.0
dma,Dominica,1936,44597.0
dma,Dominica,1937,45090.0
dma,Dominica,1938,45589.0
dma,Dominica,1939,46054.0
dma,Dominica,1940,46486.0
dma,Dominica,1941,46883.0
dma,Dominica,1942,47246.0
dma,Dominica,1943,47572.0
dma,Dominica,1944,47901.0
dma,Dominica,1945,48232.0
dma,Dominica,1946,48566.0
dma,Dominica,1947,48901.0
dma,Dominica,1948,49239.0
dma,Dominica,1949,49670.0
dma,Dominica,1950,50196.0
dma,Dominica,1951,50441.0
dma,Dominica,1952,50837.0
dma,Dominica,1953,51383.0
dma,Dominica,1954,52084.0
dma,Dominica,1955,52952.0
dma,Dominica,1956,53986.0
dma,Dominica,1957,55196.0
dma,Dominica,1958,56583.0
dma,Dominica,1959,58108.0
dma,Dominica,1960,59372.0
dma,Dominica,1961,60209.0
dma,Dominica,1962,60948.0
dma,Dominica,1963,61739.0
dma,Dominica,1964,62587.0
dma,Dominica,1965,63505.0
dma,Dominica,1966,64507.0
dma,Dominica,1967,65585.0
dma,Dominica,1968,66732.0
dma,Dominica,1969,67934.0
dma,Dominica,1970,68908.0
dma,Dominica,1971,69532.0
dma,Dominica,1972,70060.0
dma,Dominica,1973,70585.0
dma,Dominica,1974,71091.0
dma,Dominica,1975,71570.0
dma,Dominica,1976,72017.0
dma,Dominica,1977,72406.0
dma,Dominica,1978,72724.0
dma,Dominica,1979,72959.0
dma,Dominica,1980,73083.0
dma,Dominica,1981,72986.0
dma,Dominica,1982,72688.0
dma,Dominica,1983,72365.0
dma,Dominica,1984,72056.0
dma,Dominica,1985,71744.0
dma,Dominica,1986,71406.0
dma,Dominica,1987,71023.0
dma,Dominica,1988,70608.0
dma,Dominica,1989,70153.0
dma,Dominica,1990,69627.0
dma,Dominica,1991,69296.0
dma,Dominica,1992,69325.0
dma,Dominica,1993,69433.0
dma,Dominica,1994,69477.0
dma,Dominica,1995,69469.0
dma,Dominica,1996,69410.0
dma,Dominica,1997,69299.0
dma,Dominica,1998,69124.0
dma,Dominica,1999,68870.0
dma,Dominica,2000,68511.0
dma,Dominica,2001,68288.0
dma,Dominica,2002,68367.0
dma,Dominica,2003,68531.0
dma,Dominica,2004,68649.0
dma,Dominica,2005,68734.0
dma,Dominica,2006,68806.0
dma,Dominica,2007,68847.0
dma,Dominica,2008,68854.0
dma,Dominica,2009,68864.0
dma,Dominica,2010,68859.0
dma,Dominica,2011,69053.0
dma,Dominica,2012,69118.0
dma,Dominica,2013,69715.0
dma,Dominica,2014,70373.0
dma,Dominica,2015,70410.0
dma,Dominica,2016,69606.0
dma,Dominica,2017,68496.0
dma,Dominica,2018,68174.0
dma,Dominica,2019,67880.0
dma,Dominica,2020,67573.0
dma,Dominica,2021,67202.0
dma,Dominica,2022,66826.0
dma,Dominica,2023,66510.0
dma,Dominica,2024,66205.0
dma,Dominica,2025,65871.0
dnk,Denmark,1900,2565652.0
dnk,Denmark,1901,2595376.0
dnk,Denmark,1902,2625859.0
dnk,Denmark,1903,2657115.0
dnk,Denmark,1904,2688743.0
dnk,Denmark,1905,2720747.0
dnk,Denmark,1906,2753132.0
dnk,Denmark,1907,2785903.0
dnk,Denmark,1908,2819063.0
dnk,Denmark,1909,2852597.0
dnk,Denmark,1910,2886506.0
dnk,Denmark,1911,2920797.0
dnk,Denmark,1912,2955473.0
dnk,Denmark,1913,2990538.0
dnk,Denmark,1914,3026019.0
dnk,Denmark,1915,3061922.0
dnk,Denmark,1916,3098250.0
dnk,Denmark,1917,3135009.0
dnk,Denmark,1918,3172128.0
dnk,Denmark,1919,3207770.0
dnk,Denmark,1920,3241901.0
dnk,Denmark,1921,3274485.0
dnk,Denmark,1922,3305487.0
dnk,Denmark,1923,3334871.0
dnk,Denmark,1924,3364516.0
dnk,Denmark,1925,3394424.0
dnk,Denmark,1926,3424599.0
dnk,Denmark,1927,3455041.0
dnk,Denmark,1928,3485755.0
dnk,Denmark,1929,3516039.0
dnk,Denmark,1930,3545886.0
dnk,Denmark,1931,3575285.0
dnk,Denmark,1932,3604227.0
dnk,Denmark,1933,3632703.0
dnk,Denmark,1934,3661403.0
dnk,Denmark,1935,3690330.0
dnk,Denmark,1936,3719486.0
dnk,Denmark,1937,3748872.0
dnk,Denmark,1938,3778491.0
dnk,Denmark,1939,3810649.0
dnk,Denmark,1940,3845394.0
dnk,Denmark,1941,3882769.0
dnk,Denmark,1942,3922823.0
dnk,Denmark,1943,3965602.0
dnk,Denmark,1944,4008848.0
dnk,Denmark,1945,4052565.0
dnk,Denmark,1946,4096759.0
dnk,Denmark,1947,4141434.0
dnk,Denmark,1948,4186597.0
dnk,Denmark,1949,4228938.0
dnk,Denmark,1950,4268404.0
dnk,Denmark,1951,4300259.0
dnk,Denmark,1952,4332233.0
dnk,Denmark,1953,4369106.0
dnk,Denmark,1954,4406408.0
dnk,Denmark,1955,4438838.0
dnk,Denmark,1956,4466336.0
dnk,Denmark,1957,4489654.0
dnk,Denmark,1958,4516070.0
dnk,Denmark,1959,4548481.0
dnk,Denmark,1960,4579342.0
dnk,Denmark,1961,4611360.0
dnk,Denmark,1962,4647467.0
dnk,Denmark,1963,4684266.0
dnk,Denmark,1964,4721891.0
dnk,Denmark,1965,4758836.0
dnk,Denmark,1966,4797207.0
dnk,Denmark,1967,4835217.0
dnk,Denmark,1968,4864796.0
dnk,Denmark,1969,4891799.0
dnk,Denmark,1970,4928668.0
dnk,Denmark,1971,4963062.0
dnk,Denmark,1972,4991573.0
dnk,Denmark,1973,5021756.0
dnk,Denmark,1974,5045632.0
dnk,Denmark,1975,5060400.0
dnk,Denmark,1976,5072805.0
dnk,Denmark,1977,5088572.0
dnk,Denmark,1978,5104343.0
dnk,Denmark,1979,5116859.0
dnk,Denmark,1980,5123081.0
dnk,Denmark,1981,5121629.0
dnk,Denmark,1982,5117894.0
dnk,Denmark,1983,5114467.0
dnk,Denmark,1984,5111831.0
dnk,Denmark,1985,5113880.0
dnk,Denmark,1986,5120688.0
dnk,Denmark,1987,5127132.0
dnk,Denmark,1988,5129640.0
dnk,Denmark,1989,5132715.0
dnk,Denmark,1990,5141025.0
dnk,Denmark,1991,5154345.0
dnk,Denmark,1992,5171367.0
dnk,Denmark,1993,5188637.0
dnk,Denmark,1994,5206190.0
dnk,Denmark,1995,5233360.0
dnk,Denmark,1996,5263068.0
dnk,Denmark,1997,5285035.0
dnk,Denmark,1998,5304262.0
dnk,Denmark,1999,5321810.0
dnk,Denmark,2000,5339658.0
dnk,Denmark,2001,5358828.0
dnk,Denmark,2002,5375959.0
dnk,Denmark,2003,5390620.0
dnk,Denmark,2004,5404598.0
dnk,Denmark,2005,5419555.0
dnk,Denmark,2006,5437420.0
dnk,Denmark,2007,5461607.0
dnk,Denmark,2008,5493764.0
dnk,Denmark,2009,5523173.0
dnk,Denmark,2010,5547863.0
dnk,Denmark,2011,5570849.0
dnk,Denmark,2012,5591917.0
dnk,Denmark,2013,5615333.0
dnk,Denmark,2014,5643794.0
dnk,Denmark,2015,5683701.0
dnk,Denmark,2016,5728201.0
dnk,Denmark,2017,5765168.0
dnk,Denmark,2018,5793824.0
dnk,Denmark,2019,5814618.0
dnk,Denmark,2020,5831530.0
dnk,Denmark,2021,5856776.0
dnk,Denmark,2022,5902904.0
dnk,Denmark,2023,5948136.0
dnk,Denmark,2024,5977412.0
dnk,Denmark,2025,6002507.0
dom,Dominican Republic,1900,521084.0
dom,Dominican Republic,1901,535710.0
dom,Dominican Republic,1902,551154.0
dom,Dominican Republic,1903,567449.0
dom,Dominican Republic,1904,584225.0
dom,Dominican Republic,1905,601497.0
dom,Dominican Republic,1906,619280.0
dom,Dominican Republic,1907,637589.0
dom,Dominican Republic,1908,656439.0
dom,Dominican Republic,1909,675209.0
dom,Dominican Republic,1910,693881.0
dom,Dominican Republic,1911,712435.0
dom,Dominican Republic,1912,730851.0
dom,Dominican Republic,1913,749108.0
dom,Dominican Republic,1914,767821.0
dom,Dominican Republic,1915,787001.0
dom,Dominican Republic,1916,806660.0
dom,Dominican Republic,1917,826811.0
dom,Dominican Republic,1918,847317.0
dom,Dominican Republic,1919,870384.0
dom,Dominican Republic,1920,896148.0
dom,Dominican Republic,1921,924755.0
dom,Dominican Republic,1922,956354.0
dom,Dominican Republic,1923,991103.0
dom,Dominican Republic,1924,1027114.0
dom,Dominican Republic,1925,1064434.0
dom,Dominican Republic,1926,1103110.0
dom,Dominican Republic,1927,1143192.0
dom,Dominican Republic,1928,1184729.0
dom,Dominican Republic,1929,1225949.0
dom,Dominican Republic,1930,1266786.0
dom,Dominican Republic,1931,1307171.0
dom,Dominican Republic,1932,1347032.0
dom,Dominican Republic,1933,1386291.0
dom,Dominican Republic,1934,1426694.0
dom,Dominican Republic,1935,1468275.0
dom,Dominican Republic,1936,1511068.0
dom,Dominican Republic,1937,1555108.0
dom,Dominican Republic,1938,1600432.0
dom,Dominican Republic,1939,1648936.0
dom,Dominican Republic,1940,1700776.0
dom,Dominican Republic,1941,1756117.0
dom,Dominican Republic,1942,1815129.0
dom,Dominican Republic,1943,1877991.0
dom,Dominican Republic,1944,1943030.0
dom,Dominican Republic,1945,2010322.0
dom,Dominican Republic,1946,2079944.0
dom,Dominican Republic,1947,2151978.0
dom,Dominican Republic,1948,2226506.0
dom,Dominican Republic,1949,2302473.0
dom,Dominican Republic,1950,2379894.0
dom,Dominican Republic,1951,2450148.0
dom,Dominican Republic,1952,2525048.0
dom,Dominican Republic,1953,2604813.0
dom,Dominican Republic,1954,2689095.0
dom,Dominican Republic,1955,2777628.0
dom,Dominican Republic,1956,2870023.0
dom,Dominican Republic,1957,2965774.0
dom,Dominican Republic,1958,3064343.0
dom,Dominican Republic,1959,3165302.0
dom,Dominican Republic,1960,3268336.0
dom,Dominican Republic,1961,3373233.0
dom,Dominican Republic,1962,3479936.0
dom,Dominican Republic,1963,3588287.0
dom,Dominican Republic,1964,3698559.0
dom,Dominican Republic,1965,3808963.0
dom,Dominican Republic,1966,3921847.0
dom,Dominican Republic,1967,4038928.0
dom,Dominican Republic,1968,4157189.0
dom,Dominican Republic,1969,4277035.0
dom,Dominican Republic,1970,4399290.0
dom,Dominican Republic,1971,4524234.0
dom,Dominican Republic,1972,4651883.0
dom,Dominican Republic,1973,4782227.0
dom,Dominican Republic,1974,4914197.0
dom,Dominican Republic,1975,5046776.0
dom,Dominican Republic,1976,5180404.0
dom,Dominican Republic,1977,5315443.0
dom,Dominican Republic,1978,5451882.0
dom,Dominican Republic,1979,5589690.0
dom,Dominican Republic,1980,5729037.0
dom,Dominican Republic,1981,5868453.0
dom,Dominican Republic,1982,6007114.0
dom,Dominican Republic,1983,6147248.0
dom,Dominican Republic,1984,6289040.0
dom,Dominican Republic,1985,6430404.0
dom,Dominican Republic,1986,6571208.0
dom,Dominican Republic,1987,6712515.0
dom,Dominican Republic,1988,6855734.0
dom,Dominican Republic,1989,7002295.0
dom,Dominican Republic,1990,7151166.0
dom,Dominican Republic,1991,7299853.0
dom,Dominican Republic,1992,7447474.0
dom,Dominican Republic,1993,7594572.0
dom,Dominican Republic,1994,7741694.0
dom,Dominican Republic,1995,7888115.0
dom,Dominican Republic,1996,8032894.0
dom,Dominican Republic,1997,8174078.0
dom,Dominican Republic,1998,8310362.0
dom,Dominican Republic,1999,8446208.0
dom,Dominican Republic,2000,8584190.0
dom,Dominican Republic,2001,8720283.0
dom,Dominican Republic,2002,8852235.0
dom,Dominican Republic,2003,8980620.0
dom,Dominican Republic,2004,9104892.0
dom,Dominican Republic,2005,9225034.0
dom,Dominican Republic,2006,9341183.0
dom,Dominican Republic,2007,9455658.0
dom,Dominican Republic,2008,9573130.0
dom,Dominican Republic,2009,9695265.0
dom,Dominican Republic,2010,9820175.0
dom,Dominican Republic,2011,9945621.0
dom,Dominican Republic,2012,10070411.0
dom,Dominican Republic,2013,10193833.0
dom,Dominican Republic,2014,10315528.0
dom,Dominican Republic,2015,10434829.0
dom,Dominican Republic,2016,10551430.0
dom,Dominican Republic,2017,10666843.0
dom,Dominican Republic,2018,10782053.0
dom,Dominican Republic,2019,10894043.0
dom,Dominican Republic,2020,11008300.0
dom,Dominican Republic,2021,11123476.0
dom,Dominican Republic,2022,11230734.0
dom,Dominican Republic,2023,11331265.0
dom,Dominican Republic,2024,11427557.0
dom,Dominican Republic,2025,11520487.0
dza,Algeria,1900,4721238.0
dza,Algeria,1901,4786566.0
dza,Algeria,1902,4858997.0
dza,Algeria,1903,4938707.0
dza,Algeria,1904,5019725.0
dza,Algeria,1905,5102072.0
dza,Algeria,1906,5185770.0
dza,Algeria,1907,5270840.0
dza,Algeria,1908,5357307.0
dza,Algeria,1909,5432763.0
dza,Algeria,1910,5496963.0
dza,Algeria,1911,5549657.0
dza,Algeria,1912,5590589.0
dza,Algeria,1913,5619499.0
dza,Algeria,1914,5648558.0
dza,Algeria,1915,5677768.0
dza,Algeria,1916,5707129.0
dza,Algeria,1917,5736642.0
dza,Algeria,1918,5765649.0
dza,Algeria,1919,5801817.0
dza,Algeria,1920,5845259.0
dza,Algeria,1921,5896091.0
dza,Algeria,1922,5954430.0
dza,Algeria,1923,6020394.0
dza,Algeria,1924,6087088.0
dza,Algeria,1925,6154522.0
dza,Algeria,1926,6222702.0
dza,Algeria,1927,6291638.0
dza,Algeria,1928,6361337.0
dza,Algeria,1929,6440403.0
dza,Algeria,1930,6529090.0
dza,Algeria,1931,6627660.0
dza,Algeria,1932,6736380.0
dza,Algeria,1933,6855522.0
dza,Algeria,1934,6976771.0
dza,Algeria,1935,7100165.0
dza,Algeria,1936,7225742.0
dza,Algeria,1937,7353539.0
dza,Algeria,1938,7483597.0
dza,Algeria,1939,7611827.0
dza,Algeria,1940,7738135.0
dza,Algeria,1941,7862424.0
dza,Algeria,1942,7984595.0
dza,Algeria,1943,8104545.0
dza,Algeria,1944,8226297.0
dza,Algeria,1945,8349878.0
dza,Algeria,1946,8475316.0
dza,Algeria,1947,8602638.0
dza,Algeria,1948,8731872.0
dza,Algeria,1949,8870375.0
dza,Algeria,1950,9018426.0
dza,Algeria,1951,9269864.0
dza,Algeria,1952,9521207.0
dza,Algeria,1953,9772645.0
dza,Algeria,1954,10014381.0
dza,Algeria,1955,10247424.0
dza,Algeria,1956,10482182.0
dza,Algeria,1957,10717501.0
dza,Algeria,1958,10953639.0
dza,Algeria,1959,11189622.0
dza,Algeria,1960,11424922.0
dza,Algeria,1961,11628883.0
dza,Algeria,1962,11800771.0
dza,Algeria,1963,11982118.0
dza,Algeria,1964,12179813.0
dza,Algeria,1965,12365976.0
dza,Algeria,1966,12590069.0
dza,Algeria,1967,12876118.0
dza,Algeria,1968,13172614.0
dza,Algeria,1969,13475960.0
dza,Algeria,1970,13783719.0
dza,Algeria,1971,14098936.0
dza,Algeria,1972,14427072.0
dza,Algeria,1973,14771147.0
dza,Algeria,1974,15133502.0
dza,Algeria,1975,15678596.0
dza,Algeria,1976,16409170.0
dza,Algeria,1977,17015994.0
dza,Algeria,1978,17506974.0
dza,Algeria,1979,18036655.0
dza,Algeria,1980,18607174.0
dza,Algeria,1981,19220704.0
dza,Algeria,1982,19872348.0
dza,Algeria,1983,20558115.0
dza,Algeria,1984,21271969.0
dza,Algeria,1985,22008544.0
dza,Algeria,1986,22745499.0
dza,Algeria,1987,23443624.0
dza,Algeria,1988,24109536.0
dza,Algeria,1989,24754485.0
dza,Algeria,1990,25375810.0
dza,Algeria,1991,25987928.0
dza,Algeria,1992,26628568.0
dza,Algeria,1993,27277048.0
dza,Algeria,1994,27887279.0
dza,Algeria,1995,28470191.0
dza,Algeria,1996,29033044.0
dza,Algeria,1997,29579301.0
dza,Algeria,1998,30054133.0
dza,Algeria,1999,30474354.0
dza,Algeria,2000,30903893.0
dza,Algeria,2001,31331221.0
dza,Algeria,2002,31750835.0
dza,Algeria,2003,32175818.0
dza,Algeria,2004,32628286.0
dza,Algeria,2005,33109249.0
dza,Algeria,2006,33623506.0
dza,Algeria,2007,34189416.0
dza,Algeria,2008,34816961.0
dza,Algeria,2009,35490445.0
dza,Algeria,2010,36188236.0
dza,Algeria,2011,36903376.0
dza,Algeria,2012,37646166.0
dza,Algeria,2013,38414171.0
dza,Algeria,2014,39205031.0
dza,Algeria,2015,40019529.0
dza,Algeria,2016,40850721.0
dza,Algeria,2017,41689299.0
dza,Algeria,2018,42505035.0
dza,Algeria,2019,43294546.0
dza,Algeria,2020,44042091.0
dza,Algeria,2021,44761099.0
dza,Algeria,2022,45477389.0
dza,Algeria,2023,46164219.0
dza,Algeria,2024,46814308.0
dza,Algeria,2025,47435312.0
ecu,Ecuador,1900,1450728.0
ecu,Ecuador,1901,1470655.0
ecu,Ecuador,1902,1491924.0
ecu,Ecuador,1903,1514567.0
ecu,Ecuador,1904,1537553.0
ecu,Ecuador,1905,1560888.0
ecu,Ecuador,1906,1584576.0
ecu,Ecuador,1907,1608622.0
ecu,Ecuador,1908,1633033.0
ecu,Ecuador,1909,1656369.0
ecu,Ecuador,1910,1678595.0
ecu,Ecuador,1911,1699679.0
ecu,Ecuador,1912,1719586.0
ecu,Ecuador,1913,1738281.0
ecu,Ecuador,1914,1757179.0
ecu,Ecuador,1915,1776281.0
ecu,Ecuador,1916,1795591.0
ecu,Ecuador,1917,1815109.0
ecu,Ecuador,1918,1833652.0
ecu,Ecuador,1919,1851663.0
ecu,Ecuador,1920,1869131.0
ecu,Ecuador,1921,1886043.0
ecu,Ecuador,1922,1902387.0
ecu,Ecuador,1923,1918153.0
ecu,Ecuador,1924,1934050.0
ecu,Ecuador,1925,1950078.0
ecu,Ecuador,1926,1966239.0
ecu,Ecuador,1927,1982534.0
ecu,Ecuador,1928,1998964.0
ecu,Ecuador,1929,2021944.0
ecu,Ecuador,1930,2051684.0
ecu,Ecuador,1931,2088397.0
ecu,Ecuador,1932,2132303.0
ecu,Ecuador,1933,2183628.0
ecu,Ecuador,1934,2236188.0
ecu,Ecuador,1935,2290014.0
ecu,Ecuador,1936,2345134.0
ecu,Ecuador,1937,2401582.0
ecu,Ecuador,1938,2459388.0
ecu,Ecuador,1939,2522531.0
ecu,Ecuador,1940,2591265.0
ecu,Ecuador,1941,2665853.0
ecu,Ecuador,1942,2746569.0
ecu,Ecuador,1943,2833698.0
ecu,Ecuador,1944,2923592.0
ecu,Ecuador,1945,3016337.0
ecu,Ecuador,1946,3112024.0
ecu,Ecuador,1947,3210746.0
ecu,Ecuador,1948,3312601.0
ecu,Ecuador,1949,3414642.0
ecu,Ecuador,1950,3516791.0
ecu,Ecuador,1951,3607829.0
ecu,Ecuador,1952,3702399.0
ecu,Ecuador,1953,3800293.0
ecu,Ecuador,1954,3901506.0
ecu,Ecuador,1955,4006188.0
ecu,Ecuador,1956,4114534.0
ecu,Ecuador,1957,4226859.0
ecu,Ecuador,1958,4343497.0
ecu,Ecuador,1959,4464756.0
ecu,Ecuador,1960,4590891.0
ecu,Ecuador,1961,4722331.0
ecu,Ecuador,1962,4859269.0
ecu,Ecuador,1963,5001716.0
ecu,Ecuador,1964,5149918.0
ecu,Ecuador,1965,5303963.0
ecu,Ecuador,1966,5463748.0
ecu,Ecuador,1967,5629057.0
ecu,Ecuador,1968,5799680.0
ecu,Ecuador,1969,5975236.0
ecu,Ecuador,1970,6155387.0
ecu,Ecuador,1971,6340052.0
ecu,Ecuador,1972,6529034.0
ecu,Ecuador,1973,6722033.0
ecu,Ecuador,1974,6918573.0
ecu,Ecuador,1975,7118251.0
ecu,Ecuador,1976,7320912.0
ecu,Ecuador,1977,7526819.0
ecu,Ecuador,1978,7736167.0
ecu,Ecuador,1979,7948869.0
ecu,Ecuador,1980,8165877.0
ecu,Ecuador,1981,8386910.0
ecu,Ecuador,1982,8611298.0
ecu,Ecuador,1983,8840417.0
ecu,Ecuador,1984,9074782.0
ecu,Ecuador,1985,9311154.0
ecu,Ecuador,1986,9545998.0
ecu,Ecuador,1987,9779290.0
ecu,Ecuador,1988,10010808.0
ecu,Ecuador,1989,10241852.0
ecu,Ecuador,1990,10473673.0
ecu,Ecuador,1991,10702380.0
ecu,Ecuador,1992,10930128.0
ecu,Ecuador,1993,11154274.0
ecu,Ecuador,1994,11372197.0
ecu,Ecuador,1995,11590514.0
ecu,Ecuador,1996,11810950.0
ecu,Ecuador,1997,12031127.0
ecu,Ecuador,1998,12251184.0
ecu,Ecuador,1999,12470795.0
ecu,Ecuador,2000,12689206.0
ecu,Ecuador,2001,12910740.0
ecu,Ecuador,2002,13138472.0
ecu,Ecuador,2003,13372306.0
ecu,Ecuador,2004,13608701.0
ecu,Ecuador,2005,13846163.0
ecu,Ecuador,2006,14086131.0
ecu,Ecuador,2007,14328773.0
ecu,Ecuador,2008,14575202.0
ecu,Ecuador,2009,14825954.0
ecu,Ecuador,2010,15076695.0
ecu,Ecuador,2011,15326227.0
ecu,Ecuador,2012,15572194.0
ecu,Ecuador,2013,15807128.0
ecu,Ecuador,2014,16035124.0
ecu,Ecuador,2015,16266225.0
ecu,Ecuador,2016,16505139.0
ecu,Ecuador,2017,16759519.0
ecu,Ecuador,2018,17049547.0
ecu,Ecuador,2019,17340021.0
ecu,Ecuador,2020,17546065.0
ecu,Ecuador,2021,17682454.0
ecu,Ecuador,2022,17823897.0
ecu,Ecuador,2023,17980083.0
ecu,Ecuador,2024,18135478.0
ecu,Ecuador,2025,18289896.0
egy,Egypt,1900,9939630.0
egy,Egypt,1901,10076755.0
egy,Egypt,1902,10214563.0
egy,Egypt,1903,10353046.0
egy,Egypt,1904,10493404.0
egy,Egypt,1905,10635662.0
egy,Egypt,1906,10779847.0
egy,Egypt,1907,10925984.0
egy,Egypt,1908,11074099.0
egy,Egypt,1909,11218863.0
egy,Egypt,1910,11360171.0
egy,Egypt,1911,11497920.0
egy,Egypt,1912,11632001.0
egy,Egypt,1913,11762306.0
egy,Egypt,1914,11894068.0
egy,Egypt,1915,12027304.0
egy,Egypt,1916,12162029.0
egy,Egypt,1917,12298260.0
egy,Egypt,1918,12441948.0
egy,Egypt,1919,12585948.0
egy,Egypt,1920,12730251.0
egy,Egypt,1921,12874842.0
egy,Egypt,1922,13019711.0
egy,Egypt,1923,13164846.0
egy,Egypt,1924,13311598.0
egy,Egypt,1925,13459985.0
egy,Egypt,1926,13610027.0
egy,Egypt,1927,13761742.0
egy,Egypt,1928,13915148.0
egy,Egypt,1929,14077399.0
egy,Egypt,1930,14248691.0
egy,Egypt,1931,14429224.0
egy,Egypt,1932,14619201.0
egy,Egypt,1933,14818829.0
egy,Egypt,1934,15021182.0
egy,Egypt,1935,15226299.0
egy,Egypt,1936,15434217.0
egy,Egypt,1937,15644974.0
egy,Egypt,1938,15858609.0
egy,Egypt,1939,16116952.0
egy,Egypt,1940,16421720.0
egy,Egypt,1941,16774684.0
egy,Egypt,1942,17177667.0
egy,Egypt,1943,17632549.0
egy,Egypt,1944,18099477.0
egy,Egypt,1945,18578770.0
egy,Egypt,1946,19070755.0
egy,Egypt,1947,19575768.0
egy,Egypt,1948,20094154.0
egy,Egypt,1949,20618301.0
egy,Egypt,1950,21148164.0
egy,Egypt,1951,21605918.0
egy,Egypt,1952,22104945.0
egy,Egypt,1953,22644142.0
egy,Egypt,1954,23212560.0
egy,Egypt,1955,23795229.0
egy,Egypt,1956,24387343.0
egy,Egypt,1957,24994408.0
egy,Egypt,1958,25600321.0
egy,Egypt,1959,26226857.0
egy,Egypt,1960,26896479.0
egy,Egypt,1961,27600898.0
egy,Egypt,1962,28337013.0
egy,Egypt,1963,29091869.0
egy,Egypt,1964,29858922.0
egy,Egypt,1965,30629174.0
egy,Egypt,1966,31406541.0
egy,Egypt,1967,32196360.0
egy,Egypt,1968,32998319.0
egy,Egypt,1969,33811615.0
egy,Egypt,1970,34623990.0
egy,Egypt,1971,35433368.0
egy,Egypt,1972,36258328.0
egy,Egypt,1973,37102043.0
egy,Egypt,1974,37969667.0
egy,Egypt,1975,38875327.0
egy,Egypt,1976,39795557.0
egy,Egypt,1977,40748870.0
egy,Egypt,1978,41761431.0
egy,Egypt,1979,42818628.0
egy,Egypt,1980,43950413.0
egy,Egypt,1981,45147224.0
egy,Egypt,1982,46407611.0
egy,Egypt,1983,47786402.0
egy,Egypt,1984,49247334.0
egy,Egypt,1985,50734968.0
egy,Egypt,1986,52206295.0
egy,Egypt,1987,53674435.0
egy,Egypt,1988,55187681.0
egy,Egypt,1989,56710642.0
egy,Egypt,1990,58396618.0
egy,Egypt,1991,60028997.0
egy,Egypt,1992,61480660.0
egy,Egypt,1993,62915681.0
egy,Egypt,1994,64285589.0
egy,Egypt,1995,65652622.0
egy,Egypt,1996,67028048.0
egy,Egypt,1997,68431740.0
egy,Egypt,1998,69943294.0
egy,Egypt,1999,71520954.0
egy,Egypt,2000,73083284.0
egy,Egypt,2001,74652029.0
egy,Egypt,2002,76239137.0
egy,Egypt,2003,77853548.0
egy,Egypt,2004,79477443.0
egy,Egypt,2005,81101004.0
egy,Egypt,2006,82700403.0
egy,Egypt,2007,84276225.0
egy,Egypt,2008,85864789.0
egy,Egypt,2009,87501636.0
egy,Egypt,2010,89196072.0
egy,Egypt,2011,91093059.0
egy,Egypt,2012,93161001.0
egy,Egypt,2013,95333553.0
egy,Egypt,2014,97528654.0
egy,Egypt,2015,99597342.0
egy,Egypt,2016,101644589.0
egy,Egypt,2017,103696057.0
egy,Egypt,2018,105682094.0
egy,Egypt,2019,107553158.0
egy,Egypt,2020,109315124.0
egy,Egypt,2021,110957008.0
egy,Egypt,2022,112618250.0
egy,Egypt,2023,114535772.0
egy,Egypt,2024,116538258.0
egy,Egypt,2025,118365995.0
eri,Eritrea,1900,568222.0
eri,Eritrea,1901,567701.0
eri,Eritrea,1902,567839.0
eri,Eritrea,1903,568632.0
eri,Eritrea,1904,569408.0
eri,Eritrea,1905,570166.0
eri,Eritrea,1906,570908.0
eri,Eritrea,1907,571632.0
eri,Eritrea,1908,572338.0
eri,Eritrea,1909,572911.0
eri,Eritrea,1910,573350.0
eri,Eritrea,1911,573656.0
eri,Eritrea,1912,573830.0
eri,Eritrea,1913,573871.0
eri,Eritrea,1914,573892.0
eri,Eritrea,1915,573892.0
eri,Eritrea,1916,573872.0
eri,Eritrea,1917,573830.0
eri,Eritrea,1918,577273.0
eri,Eritrea,1919,581204.0
eri,Eritrea,1920,585631.0
eri,Eritrea,1921,590561.0
eri,Eritrea,1922,596002.0
eri,Eritrea,1923,601962.0
eri,Eritrea,1924,607982.0
eri,Eritrea,1925,614061.0
eri,Eritrea,1926,620202.0
eri,Eritrea,1927,626404.0
eri,Eritrea,1928,632668.0
eri,Eritrea,1929,638737.0
eri,Eritrea,1930,644606.0
eri,Eritrea,1931,650271.0
eri,Eritrea,1932,655729.0
eri,Eritrea,1933,660975.0
eri,Eritrea,1934,666263.0
eri,Eritrea,1935,671593.0
eri,Eritrea,1936,676965.0
eri,Eritrea,1937,682381.0
eri,Eritrea,1938,687840.0
eri,Eritrea,1939,694321.0
eri,Eritrea,1940,701847.0
eri,Eritrea,1941,710441.0
eri,Eritrea,1942,720127.0
eri,Eritrea,1943,730929.0
eri,Eritrea,1944,741893.0
eri,Eritrea,1945,753022.0
eri,Eritrea,1946,764317.0
eri,Eritrea,1947,775782.0
eri,Eritrea,1948,787419.0
eri,Eritrea,1949,800431.0
eri,Eritrea,1950,814866.0
eri,Eritrea,1951,827025.0
eri,Eritrea,1952,840340.0
eri,Eritrea,1953,854702.0
eri,Eritrea,1954,870021.0
eri,Eritrea,1955,886237.0
eri,Eritrea,1956,903407.0
eri,Eritrea,1957,918798.0
eri,Eritrea,1958,932583.0
eri,Eritrea,1959,950563.0
eri,Eritrea,1960,972547.0
eri,Eritrea,1961,995573.0
eri,Eritrea,1962,1019788.0
eri,Eritrea,1963,1045092.0
eri,Eritrea,1964,1071287.0
eri,Eritrea,1965,1098335.0
eri,Eritrea,1966,1124957.0
eri,Eritrea,1967,1152339.0
eri,Eritrea,1968,1181737.0
eri,Eritrea,1969,1212005.0
eri,Eritrea,1970,1243453.0
eri,Eritrea,1971,1276154.0
eri,Eritrea,1972,1309235.0
eri,Eritrea,1973,1342669.0
eri,Eritrea,1974,1375688.0
eri,Eritrea,1975,1408210.0
eri,Eritrea,1976,1443807.0
eri,Eritrea,1977,1482565.0
eri,Eritrea,1978,1522378.0
eri,Eritrea,1979,1563332.0
eri,Eritrea,1980,1605797.0
eri,Eritrea,1981,1649939.0
eri,Eritrea,1982,1695461.0
eri,Eritrea,1983,1736160.0
eri,Eritrea,1984,1771730.0
eri,Eritrea,1985,1807816.0
eri,Eritrea,1986,1845164.0
eri,Eritrea,1987,1888669.0
eri,Eritrea,1988,1938255.0
eri,Eritrea,1989,1987017.0
eri,Eritrea,1990,2032737.0
eri,Eritrea,1991,1919571.0
eri,Eritrea,1992,1798748.0
eri,Eritrea,1993,1856006.0
eri,Eritrea,1994,1913915.0
eri,Eritrea,1995,2025267.0
eri,Eritrea,1996,2128464.0
eri,Eritrea,1997,2152135.0
eri,Eritrea,1998,2180419.0
eri,Eritrea,1999,2212780.0
eri,Eritrea,2000,2247031.0
eri,Eritrea,2001,2312079.0
eri,Eritrea,2002,2392978.0
eri,Eritrea,2003,2493903.0
eri,Eritrea,2004,2598284.0
eri,Eritrea,2005,2661215.0
eri,Eritrea,2006,2703502.0
eri,Eritrea,2007,2743222.0
eri,Eritrea,2008,2816327.0
eri,Eritrea,2009,2887885.0
eri,Eritrea,2010,2945186.0
eri,Eritrea,2011,2998485.0
eri,Eritrea,2012,3036988.0
eri,Eritrea,2013,3074360.0
eri,Eritrea,2014,3095173.0
eri,Eritrea,2015,3105546.0
eri,Eritrea,2016,3124698.0
eri,Eritrea,2017,3150347.0
eri,Eritrea,2018,3192760.0
eri,Eritrea,2019,3240194.0
eri,Eritrea,2020,3291271.0
eri,Eritrea,2021,3350183.0
eri,Eritrea,2022,3409447.0
eri,Eritrea,2023,3470390.0
eri,Eritrea,2024,3535603.0
eri,Eritrea,2025,3607003.0
esp,Spain,1900,18596046.0
esp,Spain,1901,18704796.0
esp,Spain,1902,18822691.0
esp,Spain,1903,18949832.0
esp,Spain,1904,19077831.0
esp,Spain,1905,19206695.0
esp,Spain,1906,19336430.0
esp,Spain,1907,19467041.0
esp,Spain,1908,19598534.0
esp,Spain,1909,19730766.0
esp,Spain,1910,19863742.0
esp,Spain,1911,19997464.0
esp,Spain,1912,20131938.0
esp,Spain,1913,20267168.0
esp,Spain,1914,20403305.0
esp,Spain,1915,20540357.0
esp,Spain,1916,20678330.0
esp,Spain,1917,20817230.0
esp,Spain,1918,20956969.0
esp,Spain,1919,21111457.0
esp,Spain,1920,21280931.0
esp,Spain,1921,21465630.0
esp,Spain,1922,21665797.0
esp,Spain,1923,21881677.0
esp,Spain,1924,22099708.0
esp,Spain,1925,22319912.0
esp,Spain,1926,22542309.0
esp,Spain,1927,22766923.0
esp,Spain,1928,22993775.0
esp,Spain,1929,23220472.0
esp,Spain,1930,23446991.0
esp,Spain,1931,23673306.0
esp,Spain,1932,23899393.0
esp,Spain,1933,24125225.0
esp,Spain,1934,24353191.0
esp,Spain,1935,24583311.0
esp,Spain,1936,24815606.0
esp,Spain,1937,25050096.0
esp,Spain,1938,25286801.0
esp,Spain,1939,25521425.0
esp,Spain,1940,25753911.0
esp,Spain,1941,25984200.0
esp,Spain,1942,26212235.0
esp,Spain,1943,26437956.0
esp,Spain,1944,26665620.0
esp,Spain,1945,26895246.0
esp,Spain,1946,27126848.0
esp,Spain,1947,27360445.0
esp,Spain,1948,27596053.0
esp,Spain,1949,27834908.0
esp,Spain,1950,28077049.0
esp,Spain,1951,28214860.0
esp,Spain,1952,28406041.0
esp,Spain,1953,28632697.0
esp,Spain,1954,28857828.0
esp,Spain,1955,29089776.0
esp,Spain,1956,29323669.0
esp,Spain,1957,29569964.0
esp,Spain,1958,29849659.0
esp,Spain,1959,30140707.0
esp,Spain,1960,30404939.0
esp,Spain,1961,30699567.0
esp,Spain,1962,31040106.0
esp,Spain,1963,31379827.0
esp,Spain,1964,31741586.0
esp,Spain,1965,32110668.0
esp,Spain,1966,32465884.0
esp,Spain,1967,32820751.0
esp,Spain,1968,33170120.0
esp,Spain,1969,33496935.0
esp,Spain,1970,33812723.0
esp,Spain,1971,34157451.0
esp,Spain,1972,34539867.0
esp,Spain,1973,34926524.0
esp,Spain,1974,35361762.0
esp,Spain,1975,35795769.0
esp,Spain,1976,36176280.0
esp,Spain,1977,36551270.0
esp,Spain,1978,36904967.0
esp,Spain,1979,37230372.0
esp,Spain,1980,37537565.0
esp,Spain,1981,37812713.0
esp,Spain,1982,38047101.0
esp,Spain,1983,38253244.0
esp,Spain,1984,38437482.0
esp,Spain,1985,38601321.0
esp,Spain,1986,38735705.0
esp,Spain,1987,38852010.0
esp,Spain,1988,38952264.0
esp,Spain,1989,39029558.0
esp,Spain,1990,39084979.0
esp,Spain,1991,39201759.0
esp,Spain,1992,39420346.0
esp,Spain,1993,39651621.0
esp,Spain,1994,39858721.0
esp,Spain,1995,40052738.0
esp,Spain,1996,40237372.0
esp,Spain,1997,40423826.0
esp,Spain,1998,40617440.0
esp,Spain,1999,40812857.0
esp,Spain,2000,41019774.0
esp,Spain,2001,41245599.0
esp,Spain,2002,41755704.0
esp,Spain,2003,42506543.0
esp,Spain,2004,43234566.0
esp,Spain,2005,43958885.0
esp,Spain,2006,44695448.0
esp,Spain,2007,45516507.0
esp,Spain,2008,46235054.0
esp,Spain,2009,46635180.0
esp,Spain,2010,46840471.0
esp,Spain,2011,46998043.0
esp,Spain,2012,47018323.0
esp,Spain,2013,46860389.0
esp,Spain,2014,46720188.0
esp,Spain,2015,46683686.0
esp,Spain,2016,46732771.0
esp,Spain,2017,46868596.0
esp,Spain,2018,47092821.0
esp,Spain,2019,47435119.0
esp,Spain,2020,47679489.0
esp,Spain,2021,47735664.0
esp,Spain,2022,47828382.0
esp,Spain,2023,47911579.0
esp,Spain,2024,47910526.0
esp,Spain,2025,47889958.0
est,Estonia,1900,873388.0
est,Estonia,1901,883932.0
est,Estonia,1902,894602.0
est,Estonia,1903,905402.0
est,Estonia,1904,916332.0
est,Estonia,1905,927394.0
est,Estonia,1906,938589.0
est,Estonia,1907,949920.0
est,Estonia,1908,961387.0
est,Estonia,1909,973047.0
est,Estonia,1910,984903.0
est,Estonia,1911,996957.0
est,Estonia,1912,1009213.0
est,Estonia,1913,1021674.0
est,Estonia,1914,1034289.0
est,Estonia,1915,1047060.0
est,Estonia,1916,1059988.0
est,Estonia,1917,1073076.0
est,Estonia,1918,1086351.0
est,Estonia,1919,1097215.0
est,Estonia,1920,1105636.0
est,Estonia,1921,1111582.0
est,Estonia,1922,1115020.0
est,Estonia,1923,1115917.0
est,Estonia,1924,1116814.0
est,Estonia,1925,1117713.0
est,Estonia,1926,1118612.0
est,Estonia,1927,1119511.0
est,Estonia,1928,1120412.0
est,Estonia,1929,1121092.0
est,Estonia,1930,1121553.0
est,Estonia,1931,1121794.0
est,Estonia,1932,1121814.0
est,Estonia,1933,1121614.0
est,Estonia,1934,1121415.0
est,Estonia,1935,1121215.0
est,Estonia,1936,1121015.0
est,Estonia,1937,1120816.0
est,Estonia,1938,1120616.0
est,Estonia,1939,1119924.0
est,Estonia,1940,1118740.0
est,Estonia,1941,1117066.0
est,Estonia,1942,1114903.0
est,Estonia,1943,1112253.0
est,Estonia,1944,1109609.0
est,Estonia,1945,1106971.0
est,Estonia,1946,1104339.0
est,Estonia,1947,1101714.0
est,Estonia,1948,1099095.0
est,Estonia,1949,1099197.0
est,Estonia,1950,1102042.0
est,Estonia,1951,1116198.0
est,Estonia,1952,1129876.0
est,Estonia,1953,1142640.0
est,Estonia,1954,1154804.0
est,Estonia,1955,1166871.0
est,Estonia,1956,1178171.0
est,Estonia,1957,1188778.0
est,Estonia,1958,1200406.0
est,Estonia,1959,1209939.0
est,Estonia,1960,1220453.0
est,Estonia,1961,1235168.0
est,Estonia,1962,1249624.0
est,Estonia,1963,1263756.0
est,Estonia,1964,1278340.0
est,Estonia,1965,1292804.0
est,Estonia,1966,1306438.0
est,Estonia,1967,1320053.0
est,Estonia,1968,1334299.0
est,Estonia,1969,1348702.0
est,Estonia,1970,1361866.0
est,Estonia,1971,1374514.0
est,Estonia,1972,1387212.0
est,Estonia,1973,1399341.0
est,Estonia,1974,1411547.0
est,Estonia,1975,1423504.0
est,Estonia,1976,1434871.0
est,Estonia,1977,1446564.0
est,Estonia,1978,1458224.0
est,Estonia,1979,1468023.0
est,Estonia,1980,1476463.0
est,Estonia,1981,1485339.0
est,Estonia,1982,1494909.0
est,Estonia,1983,1505237.0
est,Estonia,1984,1515610.0
est,Estonia,1985,1525280.0
est,Estonia,1986,1535593.0
est,Estonia,1987,1547255.0
est,Estonia,1988,1559097.0
est,Estonia,1989,1567588.0
est,Estonia,1990,1570303.0
est,Estonia,1991,1565383.0
est,Estonia,1992,1540212.0
est,Estonia,1993,1504342.0
est,Estonia,1994,1475714.0
est,Estonia,1995,1452777.0
est,Estonia,1996,1434651.0
est,Estonia,1997,1421496.0
est,Estonia,1998,1411203.0
est,Estonia,1999,1403578.0
est,Estonia,2000,1396997.0
est,Estonia,2001,1388171.0
est,Estonia,2002,1379435.0
est,Estonia,2003,1370850.0
est,Estonia,2004,1362676.0
est,Estonia,2005,1354848.0
est,Estonia,2006,1346880.0
est,Estonia,2007,1340705.0
est,Estonia,2008,1337074.0
est,Estonia,2009,1334528.0
est,Estonia,2010,1331448.0
est,Estonia,2011,1327358.0
est,Estonia,2012,1322616.0
est,Estonia,2013,1317919.0
est,Estonia,2014,1314452.0
est,Estonia,2015,1314576.0
est,Estonia,2016,1315849.0
est,Estonia,2017,1317425.0
est,Estonia,2018,1321965.0
est,Estonia,2019,1326822.0
est,Estonia,2020,1329669.0
est,Estonia,2021,1331749.0
est,Estonia,2022,1350091.0
est,Estonia,2023,1367196.0
est,Estonia,2024,1360546.0
est,Estonia,2025,1344232.0
eth,Ethiopia,1900,17690191.0
eth,Ethiopia,1901,17675315.0
eth,Ethiopia,1902,17660438.0
eth,Ethiopia,1903,17645562.0
eth,Ethiopia,1904,17630686.0
eth,Ethiopia,1905,17615810.0
eth,Ethiopia,1906,17600934.0
eth,Ethiopia,1907,17586058.0
eth,Ethiopia,1908,17571181.0
eth,Ethiopia,1909,17556305.0
eth,Ethiopia,1910,17541429.0
eth,Ethiopia,1911,17526553.0
eth,Ethiopia,1912,17511677.0
eth,Ethiopia,1913,17496800.0
eth,Ethiopia,1914,17481924.0
eth,Ethiopia,1915,17467048.0
eth,Ethiopia,1916,17452172.0
eth,Ethiopia,1917,17437296.0
eth,Ethiopia,1918,17437296.0
eth,Ethiopia,1919,17437296.0
eth,Ethiopia,1920,17437296.0
eth,Ethiopia,1921,17437296.0
eth,Ethiopia,1922,17437296.0
eth,Ethiopia,1923,17437296.0
eth,Ethiopia,1924,17437296.0
eth,Ethiopia,1925,17437296.0
eth,Ethiopia,1926,17437296.0
eth,Ethiopia,1927,17437296.0
eth,Ethiopia,1928,17437296.0
eth,Ethiopia,1929,17437296.0
eth,Ethiopia,1930,17437296.0
eth,Ethiopia,1931,17437296.0
eth,Ethiopia,1932,17437296.0
eth,Ethiopia,1933,17437296.0
eth,Ethiopia,1934,17437296.0
eth,Ethiopia,1935,17437296.0
eth,Ethiopia,1936,17437296.0
eth,Ethiopia,1937,17437296.0
eth,Ethiopia,1938,17437296.0
eth,Ethiopia,1939,17437296.0
eth,Ethiopia,1940,17437296.0
eth,Ethiopia,1941,17437296.0
eth,Ethiopia,1942,17437296.0
eth,Ethiopia,1943,17437296.0
eth,Ethiopia,1944,17437296.0
eth,Ethiopia,1945,17437296.0
eth,Ethiopia,1946,17437296.0
eth,Ethiopia,1947,17437296.0
eth,Ethiopia,1948,17437296.0
eth,Ethiopia,1949,17514432.0
eth,Ethiopia,1950,17670412.0
eth,Ethiopia,1951,17989061.0
eth,Ethiopia,1952,18326173.0
eth,Ethiopia,1953,18674776.0
eth,Ethiopia,1954,19038035.0
eth,Ethiopia,1955,19419770.0
eth,Ethiopia,1956,19818885.0
eth,Ethiopia,1957,20173739.0
eth,Ethiopia,1958,20480285.0
eth,Ethiopia,1959,20878105.0
eth,Ethiopia,1960,21376693.0
eth,Ethiopia,1961,21906102.0
eth,Ethiopia,1962,22465126.0
eth,Ethiopia,1963,23051637.0
eth,Ethiopia,1964,23666548.0
eth,Ethiopia,1965,24310612.0
eth,Ethiopia,1966,24952689.0
eth,Ethiopia,1967,25620276.0
eth,Ethiopia,1968,26337930.0
eth,Ethiopia,1969,27072571.0
eth,Ethiopia,1970,27829128.0
eth,Ethiopia,1971,28600106.0
eth,Ethiopia,1972,29374608.0
eth,Ethiopia,1973,30166785.0
eth,Ethiopia,1974,30957273.0
eth,Ethiopia,1975,31723252.0
eth,Ethiopia,1976,32534418.0
eth,Ethiopia,1977,33167272.0
eth,Ethiopia,1978,33734592.0
eth,Ethiopia,1979,34238652.0
eth,Ethiopia,1980,34428514.0
eth,Ethiopia,1981,35304012.0
eth,Ethiopia,1982,36701290.0
eth,Ethiopia,1983,37740817.0
eth,Ethiopia,1984,38735722.0
eth,Ethiopia,1985,39842136.0
eth,Ethiopia,1986,41037656.0
eth,Ethiopia,1987,42460039.0
eth,Ethiopia,1988,44150825.0
eth,Ethiopia,1989,45879690.0
eth,Ethiopia,1990,47609755.0
eth,Ethiopia,1991,49717198.0
eth,Ethiopia,1992,51853747.0
eth,Ethiopia,1993,53708891.0
eth,Ethiopia,1994,55611508.0
eth,Ethiopia,1995,57537335.0
eth,Ethiopia,1996,59467635.0
eth,Ethiopia,1997,61404539.0
eth,Ethiopia,1998,63363524.0
eth,Ethiopia,1999,65374561.0
eth,Ethiopia,2000,67411494.0
eth,Ethiopia,2001,69487762.0
eth,Ethiopia,2002,71635517.0
eth,Ethiopia,2003,73832663.0
eth,Ethiopia,2004,76077206.0
eth,Ethiopia,2005,78367470.0
eth,Ethiopia,2006,80703490.0
eth,Ethiopia,2007,83103217.0
eth,Ethiopia,2008,85543668.0
eth,Ethiopia,2009,88007636.0
eth,Ethiopia,2010,90538514.0
eth,Ethiopia,2011,93149970.0
eth,Ethiopia,2012,95798767.0
eth,Ethiopia,2013,98438751.0
eth,Ethiopia,2014,101115610.0
eth,Ethiopia,2015,103867135.0
eth,Ethiopia,2016,106718162.0
eth,Ethiopia,2017,109666481.0
eth,Ethiopia,2018,112664152.0
eth,Ethiopia,2019,115737383.0
eth,Ethiopia,2020,118917671.0
eth,Ethiopia,2021,122138588.0
eth,Ethiopia,2022,125384287.0
eth,Ethiopia,2023,128691692.0
eth,Ethiopia,2024,132059767.0
eth,Ethiopia,2025,135472051.0
fin,Finland,1900,2641885.0
fin,Finland,1901,2669977.0
fin,Finland,1902,2697777.0
fin,Finland,1903,2725274.0
fin,Finland,1904,2753052.0
fin,Finland,1905,2781113.0
fin,Finland,1906,2809460.0
fin,Finland,1907,2838096.0
fin,Finland,1908,2867024.0
fin,Finland,1909,2894223.0
fin,Finland,1910,2919664.0
fin,Finland,1911,2943313.0
fin,Finland,1912,2965140.0
fin,Finland,1913,2985112.0
fin,Finland,1914,3005218.0
fin,Finland,1915,3025459.0
fin,Finland,1916,3045837.0
fin,Finland,1917,3066352.0
fin,Finland,1918,3087067.0
fin,Finland,1919,3109737.0
fin,Finland,1920,3134393.0
fin,Finland,1921,3161064.0
fin,Finland,1922,3189784.0
fin,Finland,1923,3220583.0
fin,Finland,1924,3251680.0
fin,Finland,1925,3283077.0
fin,Finland,1926,3314778.0
fin,Finland,1927,3346784.0
fin,Finland,1928,3379099.0
fin,Finland,1929,3409894.0
fin,Finland,1930,3439140.0
fin,Finland,1931,3466811.0
fin,Finland,1932,3492877.0
fin,Finland,1933,3517310.0
fin,Finland,1934,3541914.0
fin,Finland,1935,3566690.0
fin,Finland,1936,3591640.0
fin,Finland,1937,3616764.0
fin,Finland,1938,3642063.0
fin,Finland,1939,3668360.0
fin,Finland,1940,3695667.0
fin,Finland,1941,3723998.0
fin,Finland,1942,3753368.0
fin,Finland,1943,3783789.0
fin,Finland,1944,3814457.0
fin,Finland,1945,3845374.0
fin,Finland,1946,3876541.0
fin,Finland,1947,3907961.0
fin,Finland,1948,3939636.0
fin,Finland,1949,3973108.0
fin,Finland,1950,4008407.0
fin,Finland,1951,4047643.0
fin,Finland,1952,4090834.0
fin,Finland,1953,4139764.0
fin,Finland,1954,4187254.0
fin,Finland,1955,4235197.0
fin,Finland,1956,4281931.0
fin,Finland,1957,4324184.0
fin,Finland,1958,4359880.0
fin,Finland,1959,4394748.0
fin,Finland,1960,4429624.0
fin,Finland,1961,4460995.0
fin,Finland,1962,4491730.0
fin,Finland,1963,4523899.0
fin,Finland,1964,4549087.0
fin,Finland,1965,4564150.0
fin,Finland,1966,4581441.0
fin,Finland,1967,4606650.0
fin,Finland,1968,4627346.0
fin,Finland,1969,4624084.0
fin,Finland,1970,4606305.0
fin,Finland,1971,4612127.0
fin,Finland,1972,4639548.0
fin,Finland,1973,4665914.0
fin,Finland,1974,4690355.0
fin,Finland,1975,4711168.0
fin,Finland,1976,4725337.0
fin,Finland,1977,4738584.0
fin,Finland,1978,4752246.0
fin,Finland,1979,4764439.0
fin,Finland,1980,4779350.0
fin,Finland,1981,4799848.0
fin,Finland,1982,4826882.0
fin,Finland,1983,4855788.0
fin,Finland,1984,4881825.0
fin,Finland,1985,4902261.0
fin,Finland,1986,4918255.0
fin,Finland,1987,4932257.0
fin,Finland,1988,4946628.0
fin,Finland,1989,4964526.0
fin,Finland,1990,4986575.0
fin,Finland,1991,5013880.0
fin,Finland,1992,5042148.0
fin,Finland,1993,5066590.0
fin,Finland,1994,5088458.0
fin,Finland,1995,5107922.0
fin,Finland,1996,5124717.0
fin,Finland,1997,5139925.0
fin,Finland,1998,5153548.0
fin,Finland,1999,5165516.0
fin,Finland,2000,5176202.0
fin,Finland,2001,5187971.0
fin,Finland,2002,5200546.0
fin,Finland,2003,5212955.0
fin,Finland,2004,5228148.0
fin,Finland,2005,5246082.0
fin,Finland,2006,5266247.0
fin,Finland,2007,5288710.0
fin,Finland,2008,5313377.0
fin,Finland,2009,5338856.0
fin,Finland,2010,5363350.0
fin,Finland,2011,5388241.0
fin,Finland,2012,5413971.0
fin,Finland,2013,5439053.0
fin,Finland,2014,5461684.0
fin,Finland,2015,5479717.0
fin,Finland,2016,5495469.0
fin,Finland,2017,5508396.0
fin,Finland,2018,5515736.0
fin,Finland,2019,5521759.0
fin,Finland,2020,5529612.0
fin,Finland,2021,5541075.0
fin,Finland,2022,5569299.0
fin,Finland,2023,5601185.0
fin,Finland,2024,5617310.0
fin,Finland,2025,5623329.0
fji,Fiji,1900,126873.0
fji,Fiji,1901,128135.0
fji,Fiji,1902,129830.0
fji,Fiji,1903,131965.0
fji,Fiji,1904,134135.0
fji,Fiji,1905,136340.0
fji,Fiji,1906,138582.0
fji,Fiji,1907,140860.0
fji,Fiji,1908,143176.0
fji,Fiji,1909,145411.0
fji,Fiji,1910,147563.0
fji,Fiji,1911,149628.0
fji,Fiji,1912,151604.0
fji,Fiji,1913,153488.0
fji,Fiji,1914,155395.0
fji,Fiji,1915,157325.0
fji,Fiji,1916,159279.0
fji,Fiji,1917,161258.0
fji,Fiji,1918,163116.0
fji,Fiji,1919,165395.0
fji,Fiji,1920,168108.0
fji,Fiji,1921,171271.0
fji,Fiji,1922,174897.0
fji,Fiji,1923,179002.0
fji,Fiji,1924,183204.0
fji,Fiji,1925,187504.0
fji,Fiji,1926,191906.0
fji,Fiji,1927,196410.0
fji,Fiji,1928,201021.0
fji,Fiji,1929,205914.0
fji,Fiji,1930,211101.0
fji,Fiji,1931,216594.0
fji,Fiji,1932,222405.0
fji,Fiji,1933,228547.0
fji,Fiji,1934,234858.0
fji,Fiji,1935,241344.0
fji,Fiji,1936,248009.0
fji,Fiji,1937,254858.0
fji,Fiji,1938,261896.0
fji,Fiji,1939,268158.0
fji,Fiji,1940,273612.0
fji,Fiji,1941,278226.0
fji,Fiji,1942,281967.0
fji,Fiji,1943,284801.0
fji,Fiji,1944,287664.0
fji,Fiji,1945,290555.0
fji,Fiji,1946,293476.0
fji,Fiji,1947,296426.0
fji,Fiji,1948,299405.0
fji,Fiji,1949,303749.0
fji,Fiji,1950,309514.0
fji,Fiji,1951,316123.0
fji,Fiji,1952,323365.0
fji,Fiji,1953,331215.0
fji,Fiji,1954,339745.0
fji,Fiji,1955,349070.0
fji,Fiji,1956,359210.0
fji,Fiji,1957,369913.0
fji,Fiji,1958,381072.0
fji,Fiji,1959,392760.0
fji,Fiji,1960,404887.0
fji,Fiji,1961,417406.0
fji,Fiji,1962,430536.0
fji,Fiji,1963,444276.0
fji,Fiji,1964,458324.0
fji,Fiji,1965,472575.0
fji,Fiji,1966,486487.0
fji,Fiji,1967,498873.0
fji,Fiji,1968,510002.0
fji,Fiji,1969,520797.0
fji,Fiji,1970,531188.0
fji,Fiji,1971,541121.0
fji,Fiji,1972,550499.0
fji,Fiji,1973,559222.0
fji,Fiji,1974,567489.0
fji,Fiji,1975,575906.0
fji,Fiji,1976,585534.0
fji,Fiji,1977,597805.0
fji,Fiji,1978,612091.0
fji,Fiji,1979,626862.0
fji,Fiji,1980,641975.0
fji,Fiji,1981,657471.0
fji,Fiji,1982,673414.0
fji,Fiji,1983,689835.0
fji,Fiji,1984,706716.0
fji,Fiji,1985,723761.0
fji,Fiji,1986,739306.0
fji,Fiji,1987,750540.0
fji,Fiji,1988,758697.0
fji,Fiji,1989,766321.0
fji,Fiji,1990,773316.0
fji,Fiji,1991,779656.0
fji,Fiji,1992,785346.0
fji,Fiji,1993,790369.0
fji,Fiji,1994,794771.0
fji,Fiji,1995,798746.0
fji,Fiji,1996,803789.0
fji,Fiji,1997,812139.0
fji,Fiji,1998,822258.0
fji,Fiji,1999,831828.0
fji,Fiji,2000,840909.0
fji,Fiji,2001,849596.0
fji,Fiji,2002,858049.0
fji,Fiji,2003,866286.0
fji,Fiji,2004,874366.0
fji,Fiji,2005,882379.0
fji,Fiji,2006,890365.0
fji,Fiji,2007,897832.0
fji,Fiji,2008,903399.0
fji,Fiji,2009,907239.0
fji,Fiji,2010,910419.0
fji,Fiji,2011,912989.0
fji,Fiji,2012,914918.0
fji,Fiji,2013,916352.0
fji,Fiji,2014,917585.0
fji,Fiji,2015,918578.0
fji,Fiji,2016,919166.0
fji,Fiji,2017,918759.0
fji,Fiji,2018,917180.0
fji,Fiji,2019,914899.0
fji,Fiji,2020,914963.0
fji,Fiji,2021,916711.0
fji,Fiji,2022,919422.0
fji,Fiji,2023,924145.0
fji,Fiji,2024,928784.0
fji,Fiji,2025,933154.0
fra,France,1900,40048088.0
fra,France,1901,40097059.0
fra,France,1902,40146739.0
fra,France,1903,40197128.0
fra,France,1904,40247577.0
fra,France,1905,40298086.0
fra,France,1906,40348656.0
fra,France,1907,40399286.0
fra,France,1908,40449976.0
fra,France,1909,40443437.0
fra,France,1910,40379946.0
fra,France,1911,40259776.0
fra,France,1912,40083202.0
fra,France,1913,39850496.0
fra,France,1914,39619137.0
fra,France,1915,39389118.0
fra,France,1916,39160432.0
fra,France,1917,38933071.0
fra,France,1918,38717750.0
fra,France,1919,38595740.0
fra,France,1920,38567124.0
fra,France,1921,38631988.0
fra,France,1922,38790421.0
fra,France,1923,39042517.0
fra,France,1924,39296251.0
fra,France,1925,39551634.0
fra,France,1926,39808676.0
fra,France,1927,40067389.0
fra,France,1928,40327784.0
fra,France,1929,40524715.0
fra,France,1930,40657865.0
fra,France,1931,40726917.0
fra,France,1932,40731550.0
fra,France,1933,40671440.0
fra,France,1934,40611419.0
fra,France,1935,40551486.0
fra,France,1936,40491642.0
fra,France,1937,40431886.0
fra,France,1938,40372219.0
fra,France,1939,40353841.0
fra,France,1940,40376844.0
fra,France,1941,40441315.0
fra,France,1942,40547346.0
fra,France,1943,40695026.0
fra,France,1944,40843244.0
fra,France,1945,40992001.0
fra,France,1946,41141301.0
fra,France,1947,41291144.0
fra,France,1948,41441533.0
fra,France,1949,41638660.0
fra,France,1950,41883119.0
fra,France,1951,42333662.0
fra,France,1952,42780273.0
fra,France,1953,43227880.0
fra,France,1954,43676898.0
fra,France,1955,44136090.0
fra,France,1956,44588519.0
fra,France,1957,45036376.0
fra,France,1958,45493498.0
fra,France,1959,45963763.0
fra,France,1960,46428134.0
fra,France,1961,46893835.0
fra,France,1962,47352622.0
fra,France,1963,47817824.0
fra,France,1964,48319087.0
fra,France,1965,48772830.0
fra,France,1966,49184656.0
fra,France,1967,49574909.0
fra,France,1968,49947251.0
fra,France,1969,50355295.0
fra,France,1970,50813075.0
fra,France,1971,51293059.0
fra,France,1972,51743874.0
fra,France,1973,52162210.0
fra,France,1974,52504738.0
fra,France,1975,52746325.0
fra,France,1976,52959113.0
fra,France,1977,53197137.0
fra,France,1978,53429668.0
fra,France,1979,53660895.0
fra,France,1980,53941061.0
fra,France,1981,54255012.0
fra,France,1982,54582408.0
fra,France,1983,54889408.0
fra,France,1984,55176619.0
fra,France,1985,55467150.0
fra,France,1986,55752834.0
fra,France,1987,56048364.0
fra,France,1988,56361849.0
fra,France,1989,56685082.0
fra,France,1990,56990238.0
fra,France,1991,57271565.0
fra,France,1992,57554870.0
fra,France,1993,57801266.0
fra,France,1994,57999866.0
fra,France,1995,58192203.0
fra,France,1996,58380641.0
fra,France,1997,58568660.0
fra,France,1998,58778816.0
fra,France,1999,59084210.0
fra,France,2000,59483717.0
fra,France,2001,59905128.0
fra,France,2002,60327248.0
fra,France,2003,60741126.0
fra,France,2004,61175247.0
fra,France,2005,61625032.0
fra,France,2006,62049838.0
fra,France,2007,62432439.0
fra,France,2008,62780190.0
fra,France,2009,63106463.0
fra,France,2010,63417363.0
fra,France,2011,63733777.0
fra,France,2012,64058465.0
fra,France,2013,64387734.0
fra,France,2014,64692493.0
fra,France,2015,64916336.0
fra,France,2016,65086855.0
fra,France,2017,65284776.0
fra,France,2018,65519543.0
fra,France,2019,65729459.0
fra,France,2020,65905277.0
fra,France,2021,66083548.0
fra,France,2022,66277409.0
fra,France,2023,66438822.0
fra,France,2024,66548530.0
fra,France,2025,66650804.0
fsm,"Micronesia, Fed. Sts.",1900,24657.0
fsm,"Micronesia, Fed. Sts.",1901,24786.0
fsm,"Micronesia, Fed. Sts.",1902,24917.0
fsm,"Micronesia, Fed. Sts.",1903,25047.0
fsm,"Micronesia, Fed. Sts.",1904,25179.0
fsm,"Micronesia, Fed. Sts.",1905,25311.0
fsm,"Micronesia, Fed. Sts.",1906,25444.0
fsm,"Micronesia, Fed. Sts.",1907,25578.0
fsm,"Micronesia, Fed. Sts.",1908,25712.0
fsm,"Micronesia, Fed. Sts.",1909,25847.0
fsm,"Micronesia, Fed. Sts.",1910,25983.0
fsm,"Micronesia, Fed. Sts.",1911,26119.0
fsm,"Micronesia, Fed. Sts.",1912,26257.0
fsm,"Micronesia, Fed. Sts.",1913,26394.0
fsm,"Micronesia, Fed. Sts.",1914,26533.0
fsm,"Micronesia, Fed. Sts.",1915,26672.0
fsm,"Micronesia, Fed. Sts.",1916,26812.0
fsm,"Micronesia, Fed. Sts.",1917,26953.0
fsm,"Micronesia, Fed. Sts.",1918,27083.0
fsm,"Micronesia, Fed. Sts.",1919,27214.0
fsm,"Micronesia, Fed. Sts.",1920,27346.0
fsm,"Micronesia, Fed. Sts.",1921,27478.0
fsm,"Micronesia, Fed. Sts.",1922,27611.0
fsm,"Micronesia, Fed. Sts.",1923,27744.0
fsm,"Micronesia, Fed. Sts.",1924,27878.0
fsm,"Micronesia, Fed. Sts.",1925,28013.0
fsm,"Micronesia, Fed. Sts.",1926,28148.0
fsm,"Micronesia, Fed. Sts.",1927,28284.0
fsm,"Micronesia, Fed. Sts.",1928,28421.0
fsm,"Micronesia, Fed. Sts.",1929,28558.0
fsm,"Micronesia, Fed. Sts.",1930,28696.0
fsm,"Micronesia, Fed. Sts.",1931,28834.0
fsm,"Micronesia, Fed. Sts.",1932,28974.0
fsm,"Micronesia, Fed. Sts.",1933,29114.0
fsm,"Micronesia, Fed. Sts.",1934,29254.0
fsm,"Micronesia, Fed. Sts.",1935,29396.0
fsm,"Micronesia, Fed. Sts.",1936,29538.0
fsm,"Micronesia, Fed. Sts.",1937,29680.0
fsm,"Micronesia, Fed. Sts.",1938,29824.0
fsm,"Micronesia, Fed. Sts.",1939,29968.0
fsm,"Micronesia, Fed. Sts.",1940,30113.0
fsm,"Micronesia, Fed. Sts.",1941,30258.0
fsm,"Micronesia, Fed. Sts.",1942,30404.0
fsm,"Micronesia, Fed. Sts.",1943,30551.0
fsm,"Micronesia, Fed. Sts.",1944,30699.0
fsm,"Micronesia, Fed. Sts.",1945,30847.0
fsm,"Micronesia, Fed. Sts.",1946,30996.0
fsm,"Micronesia, Fed. Sts.",1947,31146.0
fsm,"Micronesia, Fed. Sts.",1948,31296.0
fsm,"Micronesia, Fed. Sts.",1949,31614.0
fsm,"Micronesia, Fed. Sts.",1950,32106.0
fsm,"Micronesia, Fed. Sts.",1951,33003.0
fsm,"Micronesia, Fed. Sts.",1952,33930.0
fsm,"Micronesia, Fed. Sts.",1953,34911.0
fsm,"Micronesia, Fed. Sts.",1954,35921.0
fsm,"Micronesia, Fed. Sts.",1955,36974.0
fsm,"Micronesia, Fed. Sts.",1956,38080.0
fsm,"Micronesia, Fed. Sts.",1957,39218.0
fsm,"Micronesia, Fed. Sts.",1958,40407.0
fsm,"Micronesia, Fed. Sts.",1959,41659.0
fsm,"Micronesia, Fed. Sts.",1960,43061.0
fsm,"Micronesia, Fed. Sts.",1961,44610.0
fsm,"Micronesia, Fed. Sts.",1962,46218.0
fsm,"Micronesia, Fed. Sts.",1963,47744.0
fsm,"Micronesia, Fed. Sts.",1964,49181.0
fsm,"Micronesia, Fed. Sts.",1965,50684.0
fsm,"Micronesia, Fed. Sts.",1966,52258.0
fsm,"Micronesia, Fed. Sts.",1967,53846.0
fsm,"Micronesia, Fed. Sts.",1968,55457.0
fsm,"Micronesia, Fed. Sts.",1969,57145.0
fsm,"Micronesia, Fed. Sts.",1970,58922.0
fsm,"Micronesia, Fed. Sts.",1971,60636.0
fsm,"Micronesia, Fed. Sts.",1972,62278.0
fsm,"Micronesia, Fed. Sts.",1973,63986.0
fsm,"Micronesia, Fed. Sts.",1974,65749.0
fsm,"Micronesia, Fed. Sts.",1975,67428.0
fsm,"Micronesia, Fed. Sts.",1976,69049.0
fsm,"Micronesia, Fed. Sts.",1977,70753.0
fsm,"Micronesia, Fed. Sts.",1978,72754.0
fsm,"Micronesia, Fed. Sts.",1979,75054.0
fsm,"Micronesia, Fed. Sts.",1980,77407.0
fsm,"Micronesia, Fed. Sts.",1981,79794.0
fsm,"Micronesia, Fed. Sts.",1982,82219.0
fsm,"Micronesia, Fed. Sts.",1983,84680.0
fsm,"Micronesia, Fed. Sts.",1984,87176.0
fsm,"Micronesia, Fed. Sts.",1985,89707.0
fsm,"Micronesia, Fed. Sts.",1986,92266.0
fsm,"Micronesia, Fed. Sts.",1987,94844.0
fsm,"Micronesia, Fed. Sts.",1988,97097.0
fsm,"Micronesia, Fed. Sts.",1989,99003.0
fsm,"Micronesia, Fed. Sts.",1990,100888.0
fsm,"Micronesia, Fed. Sts.",1991,102754.0
fsm,"Micronesia, Fed. Sts.",1992,104806.0
fsm,"Micronesia, Fed. Sts.",1993,107066.0
fsm,"Micronesia, Fed. Sts.",1994,109075.0
fsm,"Micronesia, Fed. Sts.",1995,110230.0
fsm,"Micronesia, Fed. Sts.",1996,110710.0
fsm,"Micronesia, Fed. Sts.",1997,111071.0
fsm,"Micronesia, Fed. Sts.",1998,111377.0
fsm,"Micronesia, Fed. Sts.",1999,111680.0
fsm,"Micronesia, Fed. Sts.",2000,112044.0
fsm,"Micronesia, Fed. Sts.",2001,112365.0
fsm,"Micronesia, Fed. Sts.",2002,112448.0
fsm,"Micronesia, Fed. Sts.",2003,112285.0
fsm,"Micronesia, Fed. Sts.",2004,111925.0
fsm,"Micronesia, Fed. Sts.",2005,111412.0
fsm,"Micronesia, Fed. Sts.",2006,110729.0
fsm,"Micronesia, Fed. Sts.",2007,109880.0
fsm,"Micronesia, Fed. Sts.",2008,108936.0
fsm,"Micronesia, Fed. Sts.",2009,107957.0
fsm,"Micronesia, Fed. Sts.",2010,107540.0
fsm,"Micronesia, Fed. Sts.",2011,107698.0
fsm,"Micronesia, Fed. Sts.",2012,107890.0
fsm,"Micronesia, Fed. Sts.",2013,108121.0
fsm,"Micronesia, Fed. Sts.",2014,108396.0
fsm,"Micronesia, Fed. Sts.",2015,108716.0
fsm,"Micronesia, Fed. Sts.",2016,109075.0
fsm,"Micronesia, Fed. Sts.",2017,109481.0
fsm,"Micronesia, Fed. Sts.",2018,109909.0
fsm,"Micronesia, Fed. Sts.",2019,110282.0
fsm,"Micronesia, Fed. Sts.",2020,110916.0
fsm,"Micronesia, Fed. Sts.",2021,111624.0
fsm,"Micronesia, Fed. Sts.",2022,112114.0
fsm,"Micronesia, Fed. Sts.",2023,112630.0
fsm,"Micronesia, Fed. Sts.",2024,113160.0
fsm,"Micronesia, Fed. Sts.",2025,113683.0
gab,Gabon,1900,369698.0
gab,Gabon,1901,366833.0
gab,Gabon,1902,363621.0
gab,Gabon,1903,360067.0
gab,Gabon,1904,356548.0
gab,Gabon,1905,353064.0
gab,Gabon,1906,349613.0
gab,Gabon,1907,346196.0
gab,Gabon,1908,342813.0
gab,Gabon,1909,339731.0
gab,Gabon,1910,336947.0
gab,Gabon,1911,334456.0
gab,Gabon,1912,332254.0
gab,Gabon,1913,330336.0
gab,Gabon,1914,328429.0
gab,Gabon,1915,326533.0
gab,Gabon,1916,324648.0
gab,Gabon,1917,322774.0
gab,Gabon,1918,320838.0
gab,Gabon,1919,320117.0
gab,Gabon,1920,320621.0
gab,Gabon,1921,322358.0
gab,Gabon,1922,325337.0
gab,Gabon,1923,329567.0
gab,Gabon,1924,333851.0
gab,Gabon,1925,338191.0
gab,Gabon,1926,342587.0
gab,Gabon,1927,347041.0
gab,Gabon,1928,351553.0
gab,Gabon,1929,356051.0
gab,Gabon,1930,360534.0
gab,Gabon,1931,365002.0
gab,Gabon,1932,369453.0
gab,Gabon,1933,373887.0
gab,Gabon,1934,378373.0
gab,Gabon,1935,382914.0
gab,Gabon,1936,387509.0
gab,Gabon,1937,392159.0
gab,Gabon,1938,396865.0
gab,Gabon,1939,401952.0
gab,Gabon,1940,407431.0
gab,Gabon,1941,413311.0
gab,Gabon,1942,419603.0
gab,Gabon,1943,426317.0
gab,Gabon,1944,433138.0
gab,Gabon,1945,440068.0
gab,Gabon,1946,447109.0
gab,Gabon,1947,454263.0
gab,Gabon,1948,461531.0
gab,Gabon,1949,467731.0
gab,Gabon,1950,472842.0
gab,Gabon,1951,475638.0
gab,Gabon,1952,478589.0
gab,Gabon,1953,481752.0
gab,Gabon,1954,485151.0
gab,Gabon,1955,488817.0
gab,Gabon,1956,492786.0
gab,Gabon,1957,497070.0
gab,Gabon,1958,501728.0
gab,Gabon,1959,506805.0
gab,Gabon,1960,512316.0
gab,Gabon,1961,518266.0
gab,Gabon,1962,524649.0
gab,Gabon,1963,531452.0
gab,Gabon,1964,538657.0
gab,Gabon,1965,546308.0
gab,Gabon,1966,554463.0
gab,Gabon,1967,563108.0
gab,Gabon,1968,572257.0
gab,Gabon,1969,583276.0
gab,Gabon,1970,595846.0
gab,Gabon,1971,608348.0
gab,Gabon,1972,620960.0
gab,Gabon,1973,633995.0
gab,Gabon,1974,647691.0
gab,Gabon,1975,662197.0
gab,Gabon,1976,677628.0
gab,Gabon,1977,693984.0
gab,Gabon,1978,711245.0
gab,Gabon,1979,729375.0
gab,Gabon,1980,748389.0
gab,Gabon,1981,768385.0
gab,Gabon,1982,789286.0
gab,Gabon,1983,811005.0
gab,Gabon,1984,833501.0
gab,Gabon,1985,856726.0
gab,Gabon,1986,880705.0
gab,Gabon,1987,905479.0
gab,Gabon,1988,931020.0
gab,Gabon,1989,957138.0
gab,Gabon,1990,983734.0
gab,Gabon,1991,1010818.0
gab,Gabon,1992,1038380.0
gab,Gabon,1993,1066405.0
gab,Gabon,1994,1094720.0
gab,Gabon,1995,1123213.0
gab,Gabon,1996,1152015.0
gab,Gabon,1997,1181439.0
gab,Gabon,1998,1211736.0
gab,Gabon,1999,1243016.0
gab,Gabon,2000,1275572.0
gab,Gabon,2001,1309589.0
gab,Gabon,2002,1345135.0
gab,Gabon,2003,1382350.0
gab,Gabon,2004,1421609.0
gab,Gabon,2005,1463495.0
gab,Gabon,2006,1508337.0
gab,Gabon,2007,1556237.0
gab,Gabon,2008,1607175.0
gab,Gabon,2009,1661556.0
gab,Gabon,2010,1719879.0
gab,Gabon,2011,1781985.0
gab,Gabon,2012,1846889.0
gab,Gabon,2013,1913059.0
gab,Gabon,2014,1978399.0
gab,Gabon,2015,2040989.0
gab,Gabon,2016,2100306.0
gab,Gabon,2017,2156900.0
gab,Gabon,2018,2212318.0
gab,Gabon,2019,2267706.0
gab,Gabon,2020,2322539.0
gab,Gabon,2021,2376722.0
gab,Gabon,2022,2430747.0
gab,Gabon,2023,2484789.0
gab,Gabon,2024,2538952.0
gab,Gabon,2025,2593130.0
gbr,UK,1900,41129986.0
gbr,UK,1901,41500717.0
gbr,UK,1902,41869847.0
gbr,UK,1903,42237318.0
gbr,UK,1904,42608014.0
gbr,UK,1905,42981964.0
gbr,UK,1906,43359195.0
gbr,UK,1907,43739737.0
gbr,UK,1908,44123619.0
gbr,UK,1909,44469377.0
gbr,UK,1910,44776504.0
gbr,UK,1911,45044488.0
gbr,UK,1912,45272813.0
gbr,UK,1913,45460954.0
gbr,UK,1914,45649878.0
gbr,UK,1915,45839587.0
gbr,UK,1916,46030084.0
gbr,UK,1917,46221373.0
gbr,UK,1918,46413766.0
gbr,UK,1919,46548729.0
gbr,UK,1920,46626146.0
gbr,UK,1921,46645894.0
gbr,UK,1922,46607855.0
gbr,UK,1923,46511906.0
gbr,UK,1924,46416154.0
gbr,UK,1925,46320599.0
gbr,UK,1926,46225241.0
gbr,UK,1927,46130080.0
gbr,UK,1928,46035114.0
gbr,UK,1929,46005341.0
gbr,UK,1930,46040953.0
gbr,UK,1931,46142144.0
gbr,UK,1932,46309109.0
gbr,UK,1933,46542045.0
gbr,UK,1934,46776153.0
gbr,UK,1935,47011438.0
gbr,UK,1936,47247907.0
gbr,UK,1937,47485565.0
gbr,UK,1938,47724419.0
gbr,UK,1939,47953325.0
gbr,UK,1940,48172191.0
gbr,UK,1941,48380923.0
gbr,UK,1942,48579426.0
gbr,UK,1943,48767604.0
gbr,UK,1944,48956512.0
gbr,UK,1945,49146152.0
gbr,UK,1946,49336526.0
gbr,UK,1947,49527637.0
gbr,UK,1948,49719489.0
gbr,UK,1949,49917267.0
gbr,UK,1950,50121017.0
gbr,UK,1951,50346815.0
gbr,UK,1952,50496234.0
gbr,UK,1953,50727037.0
gbr,UK,1954,50958249.0
gbr,UK,1955,51176747.0
gbr,UK,1956,51400459.0
gbr,UK,1957,51655912.0
gbr,UK,1958,51935644.0
gbr,UK,1959,52226471.0
gbr,UK,1960,52538548.0
gbr,UK,1961,52884948.0
gbr,UK,1962,53272830.0
gbr,UK,1963,53652936.0
gbr,UK,1964,54009135.0
gbr,UK,1965,54359020.0
gbr,UK,1966,54676344.0
gbr,UK,1967,54973661.0
gbr,UK,1968,55240645.0
gbr,UK,1969,55456207.0
gbr,UK,1970,55663801.0
gbr,UK,1971,55890372.0
gbr,UK,1972,56079239.0
gbr,UK,1973,56188791.0
gbr,UK,1974,56224550.0
gbr,UK,1975,56220143.0
gbr,UK,1976,56201138.0
gbr,UK,1977,56175829.0
gbr,UK,1978,56175556.0
gbr,UK,1979,56218763.0
gbr,UK,1980,56282103.0
gbr,UK,1981,56304592.0
gbr,UK,1982,56292755.0
gbr,UK,1983,56332058.0
gbr,UK,1984,56451313.0
gbr,UK,1985,56606414.0
gbr,UK,1986,56751923.0
gbr,UK,1987,56886024.0
gbr,UK,1988,57026546.0
gbr,UK,1989,57182136.0
gbr,UK,1990,57367862.0
gbr,UK,1991,57555192.0
gbr,UK,1992,57719272.0
gbr,UK,1993,57861037.0
gbr,UK,1994,58003203.0
gbr,UK,1995,58154635.0
gbr,UK,1996,58298565.0
gbr,UK,1997,58447089.0
gbr,UK,1998,58626819.0
gbr,UK,1999,58838657.0
gbr,UK,2000,59057338.0
gbr,UK,2001,59288090.0
gbr,UK,2002,59540763.0
gbr,UK,2003,59820385.0
gbr,UK,2004,60169967.0
gbr,UK,2005,60596108.0
gbr,UK,2006,61051094.0
gbr,UK,2007,61535855.0
gbr,UK,2008,62027306.0
gbr,UK,2009,62506226.0
gbr,UK,2010,63006483.0
gbr,UK,2011,63509285.0
gbr,UK,2012,63960484.0
gbr,UK,2013,64389388.0
gbr,UK,2014,64865916.0
gbr,UK,2015,65382110.0
gbr,UK,2016,65893358.0
gbr,UK,2017,66354471.0
gbr,UK,2018,66752475.0
gbr,UK,2019,67110958.0
gbr,UK,2020,67351861.0
gbr,UK,2021,67668792.0
gbr,UK,2022,68179315.0
gbr,UK,2023,68682962.0
gbr,UK,2024,69138192.0
gbr,UK,2025,69551332.0
geo,Georgia,1900,2210621.0
geo,Georgia,1901,2230581.0
geo,Georgia,1902,2250721.0
geo,Georgia,1903,2271043.0
geo,Georgia,1904,2291548.0
geo,Georgia,1905,2312238.0
geo,Georgia,1906,2333115.0
geo,Georgia,1907,2354181.0
geo,Georgia,1908,2375437.0
geo,Georgia,1909,2396884.0
geo,Georgia,1910,2418525.0
geo,Georgia,1911,2440362.0
geo,Georgia,1912,2462396.0
geo,Georgia,1913,2484628.0
geo,Georgia,1914,2507061.0
geo,Georgia,1915,2529697.0
geo,Georgia,1916,2552537.0
geo,Georgia,1917,2575583.0
geo,Georgia,1918,2599218.0
geo,Georgia,1919,2623070.0
geo,Georgia,1920,2647141.0
geo,Georgia,1921,2671433.0
geo,Georgia,1922,2695948.0
geo,Georgia,1923,2720687.0
geo,Georgia,1924,2745654.0
geo,Georgia,1925,2770850.0
geo,Georgia,1926,2796277.0
geo,Georgia,1927,2821937.0
geo,Georgia,1928,2847833.0
geo,Georgia,1929,2873967.0
geo,Georgia,1930,2900340.0
geo,Georgia,1931,2926955.0
geo,Georgia,1932,2953815.0
geo,Georgia,1933,2980921.0
geo,Georgia,1934,3008275.0
geo,Georgia,1935,3035881.0
geo,Georgia,1936,3063740.0
geo,Georgia,1937,3091855.0
geo,Georgia,1938,3120228.0
geo,Georgia,1939,3148861.0
geo,Georgia,1940,3177757.0
geo,Georgia,1941,3206918.0
geo,Georgia,1942,3236346.0
geo,Georgia,1943,3266045.0
geo,Georgia,1944,3296016.0
geo,Georgia,1945,3326262.0
geo,Georgia,1946,3356786.0
geo,Georgia,1947,3387590.0
geo,Georgia,1948,3418677.0
geo,Georgia,1949,3455248.0
geo,Georgia,1950,3497441.0
geo,Georgia,1951,3541236.0
geo,Georgia,1952,3586784.0
geo,Georgia,1953,3633974.0
geo,Georgia,1954,3682723.0
geo,Georgia,1955,3734030.0
geo,Georgia,1956,3789579.0
geo,Georgia,1957,3849526.0
geo,Georgia,1958,3913624.0
geo,Georgia,1959,3981694.0
geo,Georgia,1960,4053800.0
geo,Georgia,1961,4129029.0
geo,Georgia,1962,4205699.0
geo,Georgia,1963,4282793.0
geo,Georgia,1964,4358324.0
geo,Georgia,1965,4429322.0
geo,Georgia,1966,4503014.0
geo,Georgia,1967,4582952.0
geo,Georgia,1968,4663584.0
geo,Georgia,1969,4743028.0
geo,Georgia,1970,4804055.0
geo,Georgia,1971,4843145.0
geo,Georgia,1972,4877277.0
geo,Georgia,1973,4911008.0
geo,Georgia,1974,4944635.0
geo,Georgia,1975,4979409.0
geo,Georgia,1976,5015921.0
geo,Georgia,1977,5053551.0
geo,Georgia,1978,5091796.0
geo,Georgia,1979,5128673.0
geo,Georgia,1980,5165546.0
geo,Georgia,1981,5205030.0
geo,Georgia,1982,5246474.0
geo,Georgia,1983,5290180.0
geo,Georgia,1984,5334257.0
geo,Georgia,1985,5376896.0
geo,Georgia,1986,5419133.0
geo,Georgia,1987,5461016.0
geo,Georgia,1988,5500240.0
geo,Georgia,1989,5499641.0
geo,Georgia,1990,5448868.0
geo,Georgia,1991,5379510.0
geo,Georgia,1992,5294187.0
geo,Georgia,1993,5178780.0
geo,Georgia,1994,5046271.0
geo,Georgia,1995,4925743.0
geo,Georgia,1996,4812775.0
geo,Georgia,1997,4695356.0
geo,Georgia,1998,4576451.0
geo,Georgia,1999,4455583.0
geo,Georgia,2000,4328358.0
geo,Georgia,2001,4209636.0
geo,Georgia,2002,4127846.0
geo,Georgia,2003,4085483.0
geo,Georgia,2004,4056073.0
geo,Georgia,2005,4026131.0
geo,Georgia,2006,3996591.0
geo,Georgia,2007,3967590.0
geo,Georgia,2008,3941195.0
geo,Georgia,2009,3918941.0
geo,Georgia,2010,3895925.0
geo,Georgia,2011,3868724.0
geo,Georgia,2012,3839208.0
geo,Georgia,2013,3809125.0
geo,Georgia,2014,3792916.0
geo,Georgia,2015,3791573.0
geo,Georgia,2016,3792057.0
geo,Georgia,2017,3792859.0
geo,Georgia,2018,3794877.0
geo,Georgia,2019,3796722.0
geo,Georgia,2020,3795678.0
geo,Georgia,2021,3788451.0
geo,Georgia,2022,3794784.0
geo,Georgia,2023,3807492.0
geo,Georgia,2024,3807670.0
geo,Georgia,2025,3806671.0
gha,Ghana,1900,2718670.0
gha,Ghana,1901,2740973.0
gha,Ghana,1902,2763460.0
gha,Ghana,1903,2786133.0
gha,Ghana,1904,2808990.0
gha,Ghana,1905,2832034.0
gha,Ghana,1906,2855266.0
gha,Ghana,1907,2878687.0
gha,Ghana,1908,2902300.0
gha,Ghana,1909,2925246.0
gha,Ghana,1910,2947516.0
gha,Ghana,1911,2969098.0
gha,Ghana,1912,2989982.0
gha,Ghana,1913,3010156.0
gha,Ghana,1914,3030465.0
gha,Ghana,1915,3050910.0
gha,Ghana,1916,3071492.0
gha,Ghana,1917,3092212.0
gha,Ghana,1918,3114956.0
gha,Ghana,1919,3142700.0
gha,Ghana,1920,3175553.0
gha,Ghana,1921,3213626.0
gha,Ghana,1922,3257033.0
gha,Ghana,1923,3305889.0
gha,Ghana,1924,3355477.0
gha,Ghana,1925,3405809.0
gha,Ghana,1926,3456896.0
gha,Ghana,1927,3508749.0
gha,Ghana,1928,3561381.0
gha,Ghana,1929,3614068.0
gha,Ghana,1930,3666801.0
gha,Ghana,1931,3719571.0
gha,Ghana,1932,3772368.0
gha,Ghana,1933,3825181.0
gha,Ghana,1934,3878734.0
gha,Ghana,1935,3933036.0
gha,Ghana,1936,3988099.0
gha,Ghana,1937,4043932.0
gha,Ghana,1938,4100547.0
gha,Ghana,1939,4161327.0
gha,Ghana,1940,4226391.0
gha,Ghana,1941,4295861.0
gha,Ghana,1942,4369860.0
gha,Ghana,1943,4448518.0
gha,Ghana,1944,4528591.0
gha,Ghana,1945,4610106.0
gha,Ghana,1946,4693088.0
gha,Ghana,1947,4777563.0
gha,Ghana,1948,4863559.0
gha,Ghana,1949,4964366.0
gha,Ghana,1950,5080664.0
gha,Ghana,1951,5229124.0
gha,Ghana,1952,5387497.0
gha,Ghana,1953,5553970.0
gha,Ghana,1954,5729428.0
gha,Ghana,1955,5914923.0
gha,Ghana,1956,6109609.0
gha,Ghana,1957,6312501.0
gha,Ghana,1958,6520156.0
gha,Ghana,1959,6735541.0
gha,Ghana,1960,6961215.0
gha,Ghana,1961,7162667.0
gha,Ghana,1962,7337375.0
gha,Ghana,1963,7514714.0
gha,Ghana,1964,7695739.0
gha,Ghana,1965,7882606.0
gha,Ghana,1966,8074521.0
gha,Ghana,1967,8271913.0
gha,Ghana,1968,8475729.0
gha,Ghana,1969,8690383.0
gha,Ghana,1970,8925813.0
gha,Ghana,1971,9176264.0
gha,Ghana,1972,9438187.0
gha,Ghana,1973,9714617.0
gha,Ghana,1974,10000523.0
gha,Ghana,1975,10294308.0
gha,Ghana,1976,10594913.0
gha,Ghana,1977,10911871.0
gha,Ghana,1978,11248450.0
gha,Ghana,1979,11597255.0
gha,Ghana,1980,11941448.0
gha,Ghana,1981,12281712.0
gha,Ghana,1982,12643819.0
gha,Ghana,1983,13029836.0
gha,Ghana,1984,13370590.0
gha,Ghana,1985,13661229.0
gha,Ghana,1986,13965217.0
gha,Ghana,1987,14289108.0
gha,Ghana,1988,14636568.0
gha,Ghana,1989,15006813.0
gha,Ghana,1990,15394648.0
gha,Ghana,1991,15787496.0
gha,Ghana,1992,16184855.0
gha,Ghana,1993,16589519.0
gha,Ghana,1994,16993190.0
gha,Ghana,1995,17399017.0
gha,Ghana,1996,17810181.0
gha,Ghana,1997,18238958.0
gha,Ghana,1998,18688036.0
gha,Ghana,1999,19149864.0
gha,Ghana,2000,19637087.0
gha,Ghana,2001,20167069.0
gha,Ghana,2002,20729388.0
gha,Ghana,2003,21296705.0
gha,Ghana,2004,21868298.0
gha,Ghana,2005,22449438.0
gha,Ghana,2006,23040702.0
gha,Ghana,2007,23642279.0
gha,Ghana,2008,24249946.0
gha,Ghana,2009,24862664.0
gha,Ghana,2010,25474995.0
gha,Ghana,2011,26095088.0
gha,Ghana,2012,26734268.0
gha,Ghana,2013,27386193.0
gha,Ghana,2014,28041592.0
gha,Ghana,2015,28696068.0
gha,Ghana,2016,29356742.0
gha,Ghana,2017,30008354.0
gha,Ghana,2018,30637585.0
gha,Ghana,2019,31258945.0
gha,Ghana,2020,31887809.0
gha,Ghana,2021,32518665.0
gha,Ghana,2022,33149152.0
gha,Ghana,2023,33787914.0
gha,Ghana,2024,34427414.0
gha,Ghana,2025,35064272.0
gin,Guinea,1900,1544925.0
gin,Guinea,1901,1557653.0
gin,Guinea,1902,1571099.0
gin,Guinea,1903,1585278.0
gin,Guinea,1904,1599578.0
gin,Guinea,1905,1614000.0
gin,Guinea,1906,1628546.0
gin,Guinea,1907,1643217.0
gin,Guinea,1908,1658013.0
gin,Guinea,1909,1673273.0
gin,Guinea,1910,1689004.0
gin,Guinea,1911,1705215.0
gin,Guinea,1912,1721915.0
gin,Guinea,1913,1739111.0
gin,Guinea,1914,1756472.0
gin,Guinea,1915,1773999.0
gin,Guinea,1916,1791694.0
gin,Guinea,1917,1809559.0
gin,Guinea,1918,1824036.0
gin,Guinea,1919,1841964.0
gin,Guinea,1920,1863428.0
gin,Guinea,1921,1888514.0
gin,Guinea,1922,1917309.0
gin,Guinea,1923,1949904.0
gin,Guinea,1924,1983052.0
gin,Guinea,1925,2016764.0
gin,Guinea,1926,2051049.0
gin,Guinea,1927,2085917.0
gin,Guinea,1928,2121378.0
gin,Guinea,1929,2156125.0
gin,Guinea,1930,2190129.0
gin,Guinea,1931,2223357.0
gin,Guinea,1932,2255778.0
gin,Guinea,1933,2287359.0
gin,Guinea,1934,2319382.0
gin,Guinea,1935,2351853.0
gin,Guinea,1936,2384779.0
gin,Guinea,1937,2418166.0
gin,Guinea,1938,2452020.0
gin,Guinea,1939,2488365.0
gin,Guinea,1940,2527271.0
gin,Guinea,1941,2568812.0
gin,Guinea,1942,2613062.0
gin,Guinea,1943,2660097.0
gin,Guinea,1944,2707979.0
gin,Guinea,1945,2756722.0
gin,Guinea,1946,2806343.0
gin,Guinea,1947,2856858.0
gin,Guinea,1948,2908281.0
gin,Guinea,1949,2960385.0
gin,Guinea,1950,3013177.0
gin,Guinea,1951,3061973.0
gin,Guinea,1952,3111681.0
gin,Guinea,1953,3162523.0
gin,Guinea,1954,3214561.0
gin,Guinea,1955,3267860.0
gin,Guinea,1956,3322500.0
gin,Guinea,1957,3378654.0
gin,Guinea,1958,3436432.0
gin,Guinea,1959,3495773.0
gin,Guinea,1960,3556749.0
gin,Guinea,1961,3619551.0
gin,Guinea,1962,3684273.0
gin,Guinea,1963,3750954.0
gin,Guinea,1964,3819722.0
gin,Guinea,1965,3890716.0
gin,Guinea,1966,3964155.0
gin,Guinea,1967,4040153.0
gin,Guinea,1968,4118550.0
gin,Guinea,1969,4198300.0
gin,Guinea,1970,4277535.0
gin,Guinea,1971,4355200.0
gin,Guinea,1972,4431292.0
gin,Guinea,1973,4506324.0
gin,Guinea,1974,4580510.0
gin,Guinea,1975,4653876.0
gin,Guinea,1976,4727022.0
gin,Guinea,1977,4801128.0
gin,Guinea,1978,4877854.0
gin,Guinea,1979,4959283.0
gin,Guinea,1980,5047419.0
gin,Guinea,1981,5143288.0
gin,Guinea,1982,5247672.0
gin,Guinea,1983,5359814.0
gin,Guinea,1984,5480096.0
gin,Guinea,1985,5610373.0
gin,Guinea,1986,5750668.0
gin,Guinea,1987,5900198.0
gin,Guinea,1988,6056574.0
gin,Guinea,1989,6215811.0
gin,Guinea,1990,6434374.0
gin,Guinea,1991,6697166.0
gin,Guinea,1992,6914366.0
gin,Guinea,1993,7128177.0
gin,Guinea,1994,7345107.0
gin,Guinea,1995,7553249.0
gin,Guinea,1996,7770035.0
gin,Guinea,1997,7931370.0
gin,Guinea,1998,8081990.0
gin,Guinea,1999,8265123.0
gin,Guinea,2000,8428832.0
gin,Guinea,2001,8539960.0
gin,Guinea,2002,8674066.0
gin,Guinea,2003,8870781.0
gin,Guinea,2004,9062726.0
gin,Guinea,2005,9245844.0
gin,Guinea,2006,9441171.0
gin,Guinea,2007,9662281.0
gin,Guinea,2008,9898870.0
gin,Guinea,2009,10143534.0
gin,Guinea,2010,10396086.0
gin,Guinea,2011,10656810.0
gin,Guinea,2012,10921581.0
gin,Guinea,2013,11191873.0
gin,Guinea,2014,11472924.0
gin,Guinea,2015,11767070.0
gin,Guinea,2016,12073030.0
gin,Guinea,2017,12385659.0
gin,Guinea,2018,12704774.0
gin,Guinea,2019,13034346.0
gin,Guinea,2020,13371183.0
gin,Guinea,2021,13710513.0
gin,Guinea,2022,14055137.0
gin,Guinea,2023,14405468.0
gin,Guinea,2024,14754785.0
gin,Guinea,2025,15099727.0
gmb,Gambia,1900,167032.0
gmb,Gambia,1901,168303.0
gmb,Gambia,1902,169582.0
gmb,Gambia,1903,170872.0
gmb,Gambia,1904,172171.0
gmb,Gambia,1905,173480.0
gmb,Gambia,1906,174799.0
gmb,Gambia,1907,176127.0
gmb,Gambia,1908,177466.0
gmb,Gambia,1909,178779.0
gmb,Gambia,1910,180066.0
gmb,Gambia,1911,181326.0
gmb,Gambia,1912,182558.0
gmb,Gambia,1913,183763.0
gmb,Gambia,1914,184975.0
gmb,Gambia,1915,186196.0
gmb,Gambia,1916,187424.0
gmb,Gambia,1917,188661.0
gmb,Gambia,1918,189793.0
gmb,Gambia,1919,191277.0
gmb,Gambia,1920,193122.0
gmb,Gambia,1921,195333.0
gmb,Gambia,1922,197920.0
gmb,Gambia,1923,200888.0
gmb,Gambia,1924,203902.0
gmb,Gambia,1925,206960.0
gmb,Gambia,1926,210065.0
gmb,Gambia,1927,213216.0
gmb,Gambia,1928,216414.0
gmb,Gambia,1929,219616.0
gmb,Gambia,1930,222820.0
gmb,Gambia,1931,226027.0
gmb,Gambia,1932,229235.0
gmb,Gambia,1933,232444.0
gmb,Gambia,1934,235698.0
gmb,Gambia,1935,238998.0
gmb,Gambia,1936,242344.0
gmb,Gambia,1937,245737.0
gmb,Gambia,1938,249177.0
gmb,Gambia,1939,252871.0
gmb,Gambia,1940,256824.0
gmb,Gambia,1941,261046.0
gmb,Gambia,1942,265543.0
gmb,Gambia,1943,270322.0
gmb,Gambia,1944,275188.0
gmb,Gambia,1945,280142.0
gmb,Gambia,1946,285184.0
gmb,Gambia,1947,290317.0
gmb,Gambia,1948,295543.0
gmb,Gambia,1949,301014.0
gmb,Gambia,1950,306736.0
gmb,Gambia,1951,314491.0
gmb,Gambia,1952,322638.0
gmb,Gambia,1953,331089.0
gmb,Gambia,1954,339813.0
gmb,Gambia,1955,348789.0
gmb,Gambia,1956,358030.0
gmb,Gambia,1957,367546.0
gmb,Gambia,1958,377374.0
gmb,Gambia,1959,387544.0
gmb,Gambia,1960,398060.0
gmb,Gambia,1961,408930.0
gmb,Gambia,1962,420163.0
gmb,Gambia,1963,431757.0
gmb,Gambia,1964,443687.0
gmb,Gambia,1965,455952.0
gmb,Gambia,1966,468516.0
gmb,Gambia,1967,481588.0
gmb,Gambia,1968,495269.0
gmb,Gambia,1969,509440.0
gmb,Gambia,1970,524105.0
gmb,Gambia,1971,539388.0
gmb,Gambia,1972,555370.0
gmb,Gambia,1973,571991.0
gmb,Gambia,1974,589085.0
gmb,Gambia,1975,606821.0
gmb,Gambia,1976,625667.0
gmb,Gambia,1977,645770.0
gmb,Gambia,1978,667103.0
gmb,Gambia,1979,689781.0
gmb,Gambia,1980,713913.0
gmb,Gambia,1981,739125.0
gmb,Gambia,1982,765753.0
gmb,Gambia,1983,794525.0
gmb,Gambia,1984,825631.0
gmb,Gambia,1985,858874.0
gmb,Gambia,1986,894019.0
gmb,Gambia,1987,931091.0
gmb,Gambia,1988,970160.0
gmb,Gambia,1989,1011357.0
gmb,Gambia,1990,1054696.0
gmb,Gambia,1991,1099959.0
gmb,Gambia,1992,1145582.0
gmb,Gambia,1993,1188365.0
gmb,Gambia,1994,1227226.0
gmb,Gambia,1995,1264313.0
gmb,Gambia,1996,1301410.0
gmb,Gambia,1997,1338889.0
gmb,Gambia,1998,1376987.0
gmb,Gambia,1999,1415779.0
gmb,Gambia,2000,1455084.0
gmb,Gambia,2001,1495011.0
gmb,Gambia,2002,1535691.0
gmb,Gambia,2003,1577611.0
gmb,Gambia,2004,1621312.0
gmb,Gambia,2005,1667037.0
gmb,Gambia,2006,1715275.0
gmb,Gambia,2007,1765774.0
gmb,Gambia,2008,1817852.0
gmb,Gambia,2009,1871422.0
gmb,Gambia,2010,1926630.0
gmb,Gambia,2011,1983784.0
gmb,Gambia,2012,2043094.0
gmb,Gambia,2013,2103820.0
gmb,Gambia,2014,2164528.0
gmb,Gambia,2015,2224529.0
gmb,Gambia,2016,2283769.0
gmb,Gambia,2017,2342189.0
gmb,Gambia,2018,2399632.0
gmb,Gambia,2019,2456844.0
gmb,Gambia,2020,2515733.0
gmb,Gambia,2021,2576010.0
gmb,Gambia,2022,2636470.0
gmb,Gambia,2023,2697845.0
gmb,Gambia,2024,2759988.0
gmb,Gambia,2025,2822093.0
gnb,Guinea-Bissau,1900,295302.0
gnb,Guinea-Bissau,1901,297712.0
gnb,Guinea-Bissau,1902,300140.0
gnb,Guinea-Bissau,1903,302588.0
gnb,Guinea-Bissau,1904,305056.0
gnb,Guinea-Bissau,1905,307543.0
gnb,Guinea-Bissau,1906,310051.0
gnb,Guinea-Bissau,1907,312578.0
gnb,Guinea-Bissau,1908,315126.0
gnb,Guinea-Bissau,1909,317629.0
gnb,Guinea-Bissau,1910,320089.0
gnb,Guinea-Bissau,1911,322503.0
gnb,Guinea-Bissau,1912,324870.0
gnb,Guinea-Bissau,1913,327191.0
gnb,Guinea-Bissau,1914,329527.0
gnb,Guinea-Bissau,1915,331880.0
gnb,Guinea-Bissau,1916,334249.0
gnb,Guinea-Bissau,1917,336635.0
gnb,Guinea-Bissau,1918,338654.0
gnb,Guinea-Bissau,1919,341303.0
gnb,Guinea-Bissau,1920,344594.0
gnb,Guinea-Bissau,1921,348540.0
gnb,Guinea-Bissau,1922,353155.0
gnb,Guinea-Bissau,1923,358452.0
gnb,Guinea-Bissau,1924,363829.0
gnb,Guinea-Bissau,1925,369287.0
gnb,Guinea-Bissau,1926,374826.0
gnb,Guinea-Bissau,1927,380448.0
gnb,Guinea-Bissau,1928,386155.0
gnb,Guinea-Bissau,1929,391868.0
gnb,Guinea-Bissau,1930,397586.0
gnb,Guinea-Bissau,1931,403307.0
gnb,Guinea-Bissau,1932,409032.0
gnb,Guinea-Bissau,1933,414759.0
gnb,Guinea-Bissau,1934,420565.0
gnb,Guinea-Bissau,1935,426453.0
gnb,Guinea-Bissau,1936,432423.0
gnb,Guinea-Bissau,1937,438477.0
gnb,Guinea-Bissau,1938,444616.0
gnb,Guinea-Bissau,1939,451206.0
gnb,Guinea-Bissau,1940,458261.0
gnb,Guinea-Bissau,1941,465793.0
gnb,Guinea-Bissau,1942,473817.0
gnb,Guinea-Bissau,1943,482346.0
gnb,Guinea-Bissau,1944,491028.0
gnb,Guinea-Bissau,1945,499867.0
gnb,Guinea-Bissau,1946,508864.0
gnb,Guinea-Bissau,1947,518024.0
gnb,Guinea-Bissau,1948,527348.0
gnb,Guinea-Bissau,1949,535890.0
gnb,Guinea-Bissau,1950,543627.0
gnb,Guinea-Bissau,1951,549737.0
gnb,Guinea-Bissau,1952,553912.0
gnb,Guinea-Bissau,1953,557625.0
gnb,Guinea-Bissau,1954,560977.0
gnb,Guinea-Bissau,1955,564068.0
gnb,Guinea-Bissau,1956,566970.0
gnb,Guinea-Bissau,1957,569742.0
gnb,Guinea-Bissau,1958,572423.0
gnb,Guinea-Bissau,1959,575034.0
gnb,Guinea-Bissau,1960,577633.0
gnb,Guinea-Bissau,1961,582532.0
gnb,Guinea-Bissau,1962,589474.0
gnb,Guinea-Bissau,1963,594418.0
gnb,Guinea-Bissau,1964,588543.0
gnb,Guinea-Bissau,1965,575005.0
gnb,Guinea-Bissau,1966,566908.0
gnb,Guinea-Bissau,1967,569011.0
gnb,Guinea-Bissau,1968,578170.0
gnb,Guinea-Bissau,1969,581610.0
gnb,Guinea-Bissau,1970,584403.0
gnb,Guinea-Bissau,1971,586221.0
gnb,Guinea-Bissau,1972,586620.0
gnb,Guinea-Bissau,1973,592808.0
gnb,Guinea-Bissau,1974,613338.0
gnb,Guinea-Bissau,1975,650966.0
gnb,Guinea-Bissau,1976,694191.0
gnb,Guinea-Bissau,1977,741789.0
gnb,Guinea-Bissau,1978,791694.0
gnb,Guinea-Bissau,1979,819867.0
gnb,Guinea-Bissau,1980,829303.0
gnb,Guinea-Bissau,1981,842432.0
gnb,Guinea-Bissau,1982,855891.0
gnb,Guinea-Bissau,1983,869592.0
gnb,Guinea-Bissau,1984,883519.0
gnb,Guinea-Bissau,1985,897697.0
gnb,Guinea-Bissau,1986,912126.0
gnb,Guinea-Bissau,1987,926862.0
gnb,Guinea-Bissau,1988,942061.0
gnb,Guinea-Bissau,1989,957789.0
gnb,Guinea-Bissau,1990,973669.0
gnb,Guinea-Bissau,1991,994639.0
gnb,Guinea-Bissau,1992,1024356.0
gnb,Guinea-Bissau,1993,1058745.0
gnb,Guinea-Bissau,1994,1092031.0
gnb,Guinea-Bissau,1995,1119949.0
gnb,Guinea-Bissau,1996,1143535.0
gnb,Guinea-Bissau,1997,1165545.0
gnb,Guinea-Bissau,1998,1187473.0
gnb,Guinea-Bissau,1999,1210206.0
gnb,Guinea-Bissau,2000,1234741.0
gnb,Guinea-Bissau,2001,1261273.0
gnb,Guinea-Bissau,2002,1289307.0
gnb,Guinea-Bissau,2003,1318806.0
gnb,Guinea-Bissau,2004,1349563.0
gnb,Guinea-Bissau,2005,1381585.0
gnb,Guinea-Bissau,2006,1415303.0
gnb,Guinea-Bissau,2007,1450986.0
gnb,Guinea-Bissau,2008,1488054.0
gnb,Guinea-Bissau,2009,1526377.0
gnb,Guinea-Bissau,2010,1566347.0
gnb,Guinea-Bissau,2011,1608076.0
gnb,Guinea-Bissau,2012,1651417.0
gnb,Guinea-Bissau,2013,1695973.0
gnb,Guinea-Bissau,2014,1741122.0
gnb,Guinea-Bissau,2015,1786457.0
gnb,Guinea-Bissau,2016,1831893.0
gnb,Guinea-Bissau,2017,1877072.0
gnb,Guinea-Bissau,2018,1922168.0
gnb,Guinea-Bissau,2019,1967696.0
gnb,Guinea-Bissau,2020,2013255.0
gnb,Guinea-Bissau,2021,2058841.0
gnb,Guinea-Bissau,2022,2105529.0
gnb,Guinea-Bissau,2023,2153339.0
gnb,Guinea-Bissau,2024,2201352.0
gnb,Guinea-Bissau,2025,2249515.0
gnq,Equatorial Guinea,1900,135288.0
gnq,Equatorial Guinea,1901,134251.0
gnq,Equatorial Guinea,1902,133087.0
gnq,Equatorial Guinea,1903,131799.0
gnq,Equatorial Guinea,1904,130522.0
gnq,Equatorial Guinea,1905,129258.0
gnq,Equatorial Guinea,1906,128006.0
gnq,Equatorial Guinea,1907,126766.0
gnq,Equatorial Guinea,1908,125538.0
gnq,Equatorial Guinea,1909,124421.0
gnq,Equatorial Guinea,1910,123412.0
gnq,Equatorial Guinea,1911,122511.0
gnq,Equatorial Guinea,1912,121715.0
gnq,Equatorial Guinea,1913,121023.0
gnq,Equatorial Guinea,1914,120335.0
gnq,Equatorial Guinea,1915,119651.0
gnq,Equatorial Guinea,1916,118970.0
gnq,Equatorial Guinea,1917,118294.0
gnq,Equatorial Guinea,1918,117584.0
gnq,Equatorial Guinea,1919,117320.0
gnq,Equatorial Guinea,1920,117505.0
gnq,Equatorial Guinea,1921,118142.0
gnq,Equatorial Guinea,1922,119233.0
gnq,Equatorial Guinea,1923,120783.0
gnq,Equatorial Guinea,1924,122354.0
gnq,Equatorial Guinea,1925,123944.0
gnq,Equatorial Guinea,1926,125555.0
gnq,Equatorial Guinea,1927,127188.0
gnq,Equatorial Guinea,1928,128841.0
gnq,Equatorial Guinea,1929,130490.0
gnq,Equatorial Guinea,1930,132133.0
gnq,Equatorial Guinea,1931,133770.0
gnq,Equatorial Guinea,1932,135402.0
gnq,Equatorial Guinea,1933,137026.0
gnq,Equatorial Guinea,1934,138671.0
gnq,Equatorial Guinea,1935,140335.0
gnq,Equatorial Guinea,1936,142019.0
gnq,Equatorial Guinea,1937,143723.0
gnq,Equatorial Guinea,1938,145448.0
gnq,Equatorial Guinea,1939,148171.0
gnq,Equatorial Guinea,1940,151948.0
gnq,Equatorial Guinea,1941,156838.0
gnq,Equatorial Guinea,1942,162901.0
gnq,Equatorial Guinea,1943,170202.0
gnq,Equatorial Guinea,1944,177831.0
gnq,Equatorial Guinea,1945,185801.0
gnq,Equatorial Guinea,1946,194129.0
gnq,Equatorial Guinea,1947,202830.0
gnq,Equatorial Guinea,1948,211920.0
gnq,Equatorial Guinea,1949,219855.0
gnq,Equatorial Guinea,1950,226563.0
gnq,Equatorial Guinea,1951,230615.0
gnq,Equatorial Guinea,1952,234684.0
gnq,Equatorial Guinea,1953,238796.0
gnq,Equatorial Guinea,1954,242975.0
gnq,Equatorial Guinea,1955,247215.0
gnq,Equatorial Guinea,1956,251528.0
gnq,Equatorial Guinea,1957,255915.0
gnq,Equatorial Guinea,1958,260387.0
gnq,Equatorial Guinea,1959,264996.0
gnq,Equatorial Guinea,1960,269807.0
gnq,Equatorial Guinea,1961,274896.0
gnq,Equatorial Guinea,1962,280286.0
gnq,Equatorial Guinea,1963,285965.0
gnq,Equatorial Guinea,1964,291942.0
gnq,Equatorial Guinea,1965,298238.0
gnq,Equatorial Guinea,1966,304859.0
gnq,Equatorial Guinea,1967,311805.0
gnq,Equatorial Guinea,1968,318849.0
gnq,Equatorial Guinea,1969,322517.0
gnq,Equatorial Guinea,1970,320803.0
gnq,Equatorial Guinea,1971,315940.0
gnq,Equatorial Guinea,1972,309468.0
gnq,Equatorial Guinea,1973,302281.0
gnq,Equatorial Guinea,1974,294953.0
gnq,Equatorial Guinea,1975,287901.0
gnq,Equatorial Guinea,1976,281031.0
gnq,Equatorial Guinea,1977,276779.0
gnq,Equatorial Guinea,1978,276531.0
gnq,Equatorial Guinea,1979,279846.0
gnq,Equatorial Guinea,1980,288644.0
gnq,Equatorial Guinea,1981,303252.0
gnq,Equatorial Guinea,1982,322216.0
gnq,Equatorial Guinea,1983,343421.0
gnq,Equatorial Guinea,1984,364899.0
gnq,Equatorial Guinea,1985,385547.0
gnq,Equatorial Guinea,1986,404728.0
gnq,Equatorial Guinea,1987,422522.0
gnq,Equatorial Guinea,1988,439651.0
gnq,Equatorial Guinea,1989,456808.0
gnq,Equatorial Guinea,1990,474274.0
gnq,Equatorial Guinea,1991,492217.0
gnq,Equatorial Guinea,1992,510770.0
gnq,Equatorial Guinea,1993,530023.0
gnq,Equatorial Guinea,1994,550138.0
gnq,Equatorial Guinea,1995,571264.0
gnq,Equatorial Guinea,1996,593492.0
gnq,Equatorial Guinea,1997,616893.0
gnq,Equatorial Guinea,1998,641474.0
gnq,Equatorial Guinea,1999,667214.0
gnq,Equatorial Guinea,2000,703279.0
gnq,Equatorial Guinea,2001,749836.0
gnq,Equatorial Guinea,2002,797957.0
gnq,Equatorial Guinea,2003,847862.0
gnq,Equatorial Guinea,2004,899917.0
gnq,Equatorial Guinea,2005,947367.0
gnq,Equatorial Guinea,2006,990343.0
gnq,Equatorial Guinea,2007,1036044.0
gnq,Equatorial Guinea,2008,1084530.0
gnq,Equatorial Guinea,2009,1135673.0
gnq,Equatorial Guinea,2010,1189085.0
gnq,Equatorial Guinea,2011,1241835.0
gnq,Equatorial Guinea,2012,1293483.0
gnq,Equatorial Guinea,2013,1346218.0
gnq,Equatorial Guinea,2014,1399828.0
gnq,Equatorial Guinea,2015,1453923.0
gnq,Equatorial Guinea,2016,1508186.0
gnq,Equatorial Guinea,2017,1562396.0
gnq,Equatorial Guinea,2018,1616422.0
gnq,Equatorial Guinea,2019,1670177.0
gnq,Equatorial Guinea,2020,1716468.0
gnq,Equatorial Guinea,2021,1758786.0
gnq,Equatorial Guinea,2022,1803545.0
gnq,Equatorial Guinea,2023,1847549.0
gnq,Equatorial Guinea,2024,1892516.0
gnq,Equatorial Guinea,2025,1938431.0
grc,Greece,1900,4981360.0
grc,Greece,1901,5023119.0
grc,Greece,1902,5062011.0
grc,Greece,1903,5097982.0
grc,Greece,1904,5134209.0
grc,Greece,1905,5170693.0
grc,Greece,1906,5207436.0
grc,Greece,1907,5244441.0
grc,Greece,1908,5281708.0
grc,Greece,1909,5319167.0
grc,Greece,1910,5356820.0
grc,Greece,1911,5394667.0
grc,Greece,1912,5432708.0
grc,Greece,1913,5470945.0
grc,Greece,1914,5509452.0
grc,Greece,1915,5548229.0
grc,Greece,1916,5587279.0
grc,Greece,1917,5626604.0
grc,Greece,1918,5665558.0
grc,Greece,1919,5709319.0
grc,Greece,1920,5757971.0
grc,Greece,1921,5811596.0
grc,Greece,1922,5870281.0
grc,Greece,1923,5934110.0
grc,Greece,1924,5998634.0
grc,Greece,1925,6063858.0
grc,Greece,1926,6129793.0
grc,Greece,1927,6196444.0
grc,Greece,1928,6263819.0
grc,Greece,1929,6335604.0
grc,Greece,1930,6411897.0
grc,Greece,1931,6492796.0
grc,Greece,1932,6578406.0
grc,Greece,1933,6668829.0
grc,Greece,1934,6760496.0
grc,Greece,1935,6853422.0
grc,Greece,1936,6947625.0
grc,Greece,1937,7043124.0
grc,Greece,1938,7139935.0
grc,Greece,1939,7223574.0
grc,Greece,1940,7293804.0
grc,Greece,1941,7350385.0
grc,Greece,1942,7393072.0
grc,Greece,1943,7421618.0
grc,Greece,1944,7450274.0
grc,Greece,1945,7479041.0
grc,Greece,1946,7507918.0
grc,Greece,1947,7536908.0
grc,Greece,1948,7566009.0
grc,Greece,1949,7604026.0
grc,Greece,1950,7651079.0
grc,Greece,1951,7712870.0
grc,Greece,1952,7775542.0
grc,Greece,1953,7841270.0
grc,Greece,1954,7910867.0
grc,Greece,1955,7984711.0
grc,Greece,1956,8060988.0
grc,Greece,1957,8136974.0
grc,Greece,1958,8214996.0
grc,Greece,1959,8297710.0
grc,Greece,1960,8384492.0
grc,Greece,1961,8447002.0
grc,Greece,1962,8473376.0
grc,Greece,1963,8488375.0
grc,Greece,1964,8504002.0
grc,Greece,1965,8521363.0
grc,Greece,1966,8579992.0
grc,Greece,1967,8655156.0
grc,Greece,1968,8717917.0
grc,Greece,1969,8747073.0
grc,Greece,1970,8747776.0
grc,Greece,1971,8787038.0
grc,Greece,1972,8849378.0
grc,Greece,1973,8893400.0
grc,Greece,1974,8929114.0
grc,Greece,1975,9016967.0
grc,Greece,1976,9160209.0
grc,Greece,1977,9282021.0
grc,Greece,1978,9389967.0
grc,Greece,1979,9526004.0
grc,Greece,1980,9653414.0
grc,Greece,1981,9754402.0
grc,Greece,1982,9837470.0
grc,Greece,1983,9911493.0
grc,Greece,1984,9978782.0
grc,Greece,1985,10037037.0
grc,Greece,1986,10088763.0
grc,Greece,1987,10134534.0
grc,Greece,1988,10177006.0
grc,Greece,1989,10218039.0
grc,Greece,1990,10258487.0
grc,Greece,1991,10306644.0
grc,Greece,1992,10359895.0
grc,Greece,1993,10412751.0
grc,Greece,1994,10466260.0
grc,Greece,1995,10519235.0
grc,Greece,1996,10570080.0
grc,Greece,1997,10622325.0
grc,Greece,1998,10675409.0
grc,Greece,1999,10727951.0
grc,Greece,2000,10782635.0
grc,Greece,2001,10843164.0
grc,Greece,2002,10890285.0
grc,Greece,2003,10918471.0
grc,Greece,2004,10947365.0
grc,Greece,2005,10981334.0
grc,Greece,2006,11016103.0
grc,Greece,2007,11045737.0
grc,Greece,2008,11076872.0
grc,Greece,2009,11108069.0
grc,Greece,2010,11124670.0
grc,Greece,2011,11108844.0
grc,Greece,2012,11048298.0
grc,Greece,2013,10967540.0
grc,Greece,2014,10893166.0
grc,Greece,2015,10820903.0
grc,Greece,2016,10775504.0
grc,Greece,2017,10753533.0
grc,Greece,2018,10730844.0
grc,Greece,2019,10718576.0
grc,Greece,2020,10699369.0
grc,Greece,2021,10579561.0
grc,Greece,2022,10412480.0
grc,Greece,2023,10242908.0
grc,Greece,2024,10047817.0
grc,Greece,2025,9938844.0
grd,Grenada,1900,62507.0
grd,Grenada,1901,63168.0
grd,Grenada,1902,63696.0
grd,Grenada,1903,64087.0
grd,Grenada,1904,64481.0
grd,Grenada,1905,64878.0
grd,Grenada,1906,65276.0
grd,Grenada,1907,65678.0
grd,Grenada,1908,66082.0
grd,Grenada,1909,66385.0
grd,Grenada,1910,66588.0
grd,Grenada,1911,66690.0
grd,Grenada,1912,66690.0
grd,Grenada,1913,66588.0
grd,Grenada,1914,66486.0
grd,Grenada,1915,66384.0
grd,Grenada,1916,66283.0
grd,Grenada,1917,66182.0
grd,Grenada,1918,66082.0
grd,Grenada,1919,66242.0
grd,Grenada,1920,66665.0
grd,Grenada,1921,67355.0
grd,Grenada,1922,68318.0
grd,Grenada,1923,69557.0
grd,Grenada,1924,70819.0
grd,Grenada,1925,72104.0
grd,Grenada,1926,73412.0
grd,Grenada,1927,74744.0
grd,Grenada,1928,76100.0
grd,Grenada,1929,77401.0
grd,Grenada,1930,78646.0
grd,Grenada,1931,79832.0
grd,Grenada,1932,80958.0
grd,Grenada,1933,82020.0
grd,Grenada,1934,83096.0
grd,Grenada,1935,84186.0
grd,Grenada,1936,85291.0
grd,Grenada,1937,86410.0
grd,Grenada,1938,87544.0
grd,Grenada,1939,88151.0
grd,Grenada,1940,88234.0
grd,Grenada,1941,87795.0
grd,Grenada,1942,86835.0
grd,Grenada,1943,85358.0
grd,Grenada,1944,83905.0
grd,Grenada,1945,82477.0
grd,Grenada,1946,81074.0
grd,Grenada,1947,79694.0
grd,Grenada,1948,78338.0
grd,Grenada,1949,77527.0
grd,Grenada,1950,77261.0
grd,Grenada,1951,77933.0
grd,Grenada,1952,78934.0
grd,Grenada,1953,80216.0
grd,Grenada,1954,81776.0
grd,Grenada,1955,83635.0
grd,Grenada,1956,85804.0
grd,Grenada,1957,88147.0
grd,Grenada,1958,90415.0
grd,Grenada,1959,92423.0
grd,Grenada,1960,94058.0
grd,Grenada,1961,95335.0
grd,Grenada,1962,96375.0
grd,Grenada,1963,97195.0
grd,Grenada,1964,97760.0
grd,Grenada,1965,98067.0
grd,Grenada,1966,98121.0
grd,Grenada,1967,98066.0
grd,Grenada,1968,98078.0
grd,Grenada,1969,98204.0
grd,Grenada,1970,98414.0
grd,Grenada,1971,98648.0
grd,Grenada,1972,98777.0
grd,Grenada,1973,98709.0
grd,Grenada,1974,98486.0
grd,Grenada,1975,98126.0
grd,Grenada,1976,97632.0
grd,Grenada,1977,97017.0
grd,Grenada,1978,96305.0
grd,Grenada,1979,95490.0
grd,Grenada,1980,94538.0
grd,Grenada,1981,94052.0
grd,Grenada,1982,94383.0
grd,Grenada,1983,94948.0
grd,Grenada,1984,95498.0
grd,Grenada,1985,96111.0
grd,Grenada,1986,96790.0
grd,Grenada,1987,97526.0
grd,Grenada,1988,98308.0
grd,Grenada,1989,99121.0
grd,Grenada,1990,99957.0
grd,Grenada,1991,100793.0
grd,Grenada,1992,101602.0
grd,Grenada,1993,102382.0
grd,Grenada,1994,103138.0
grd,Grenada,1995,103869.0
grd,Grenada,1996,104584.0
grd,Grenada,1997,105293.0
grd,Grenada,1998,106009.0
grd,Grenada,1999,106727.0
grd,Grenada,2000,107451.0
grd,Grenada,2001,107987.0
grd,Grenada,2002,108404.0
grd,Grenada,2003,108884.0
grd,Grenada,2004,109323.0
grd,Grenada,2005,109734.0
grd,Grenada,2006,110135.0
grd,Grenada,2007,110522.0
grd,Grenada,2008,110896.0
grd,Grenada,2009,111254.0
grd,Grenada,2010,111586.0
grd,Grenada,2011,112079.0
grd,Grenada,2012,112775.0
grd,Grenada,2013,113487.0
grd,Grenada,2014,114132.0
grd,Grenada,2015,114676.0
grd,Grenada,2016,115130.0
grd,Grenada,2017,115438.0
grd,Grenada,2018,115691.0
grd,Grenada,2019,115981.0
grd,Grenada,2020,116341.0
grd,Grenada,2021,116688.0
grd,Grenada,2022,116913.0
grd,Grenada,2023,117081.0
grd,Grenada,2024,117207.0
grd,Grenada,2025,117303.0
gtm,Guatemala,1900,1351748.0
gtm,Guatemala,1901,1358367.0
gtm,Guatemala,1902,1369154.0
gtm,Guatemala,1903,1384141.0
gtm,Guatemala,1904,1399291.0
gtm,Guatemala,1905,1414607.0
gtm,Guatemala,1906,1430090.0
gtm,Guatemala,1907,1445742.0
gtm,Guatemala,1908,1461564.0
gtm,Guatemala,1909,1477554.0
gtm,Guatemala,1910,1493712.0
gtm,Guatemala,1911,1510042.0
gtm,Guatemala,1912,1526543.0
gtm,Guatemala,1913,1543219.0
gtm,Guatemala,1914,1560077.0
gtm,Guatemala,1915,1577118.0
gtm,Guatemala,1916,1594345.0
gtm,Guatemala,1917,1611759.0
gtm,Guatemala,1918,1628412.0
gtm,Guatemala,1919,1645257.0
gtm,Guatemala,1920,1662298.0
gtm,Guatemala,1921,1679537.0
gtm,Guatemala,1922,1696976.0
gtm,Guatemala,1923,1714617.0
gtm,Guatemala,1924,1732441.0
gtm,Guatemala,1925,1750450.0
gtm,Guatemala,1926,1768647.0
gtm,Guatemala,1927,1787033.0
gtm,Guatemala,1928,1805610.0
gtm,Guatemala,1929,1828631.0
gtm,Guatemala,1930,1856236.0
gtm,Guatemala,1931,1888568.0
gtm,Guatemala,1932,1925774.0
gtm,Guatemala,1933,1968003.0
gtm,Guatemala,1934,2011158.0
gtm,Guatemala,1935,2055259.0
gtm,Guatemala,1936,2100327.0
gtm,Guatemala,1937,2146384.0
gtm,Guatemala,1938,2193450.0
gtm,Guatemala,1939,2245442.0
gtm,Guatemala,1940,2302585.0
gtm,Guatemala,1941,2365115.0
gtm,Guatemala,1942,2433275.0
gtm,Guatemala,1943,2507319.0
gtm,Guatemala,1944,2583616.0
gtm,Guatemala,1945,2662235.0
gtm,Guatemala,1946,2743246.0
gtm,Guatemala,1947,2826723.0
gtm,Guatemala,1948,2912739.0
gtm,Guatemala,1949,3002840.0
gtm,Guatemala,1950,3097198.0
gtm,Guatemala,1951,3177367.0
gtm,Guatemala,1952,3261652.0
gtm,Guatemala,1953,3348810.0
gtm,Guatemala,1954,3439102.0
gtm,Guatemala,1955,3533307.0
gtm,Guatemala,1956,3631182.0
gtm,Guatemala,1957,3732743.0
gtm,Guatemala,1958,3837026.0
gtm,Guatemala,1959,3946494.0
gtm,Guatemala,1960,4063655.0
gtm,Guatemala,1961,4186201.0
gtm,Guatemala,1962,4312044.0
gtm,Guatemala,1963,4440264.0
gtm,Guatemala,1964,4571109.0
gtm,Guatemala,1965,4704965.0
gtm,Guatemala,1966,4840958.0
gtm,Guatemala,1967,4978862.0
gtm,Guatemala,1968,5118111.0
gtm,Guatemala,1969,5257081.0
gtm,Guatemala,1970,5396966.0
gtm,Guatemala,1971,5538355.0
gtm,Guatemala,1972,5682833.0
gtm,Guatemala,1973,5831631.0
gtm,Guatemala,1974,5981197.0
gtm,Guatemala,1975,6128731.0
gtm,Guatemala,1976,6262404.0
gtm,Guatemala,1977,6401515.0
gtm,Guatemala,1978,6561534.0
gtm,Guatemala,1979,6727797.0
gtm,Guatemala,1980,6900212.0
gtm,Guatemala,1981,7075648.0
gtm,Guatemala,1982,7240241.0
gtm,Guatemala,1983,7419642.0
gtm,Guatemala,1984,7630682.0
gtm,Guatemala,1985,7849693.0
gtm,Guatemala,1986,8070818.0
gtm,Guatemala,1987,8296485.0
gtm,Guatemala,1988,8532099.0
gtm,Guatemala,1989,8775546.0
gtm,Guatemala,1990,9024773.0
gtm,Guatemala,1991,9272584.0
gtm,Guatemala,1992,9522266.0
gtm,Guatemala,1993,9779761.0
gtm,Guatemala,1994,10043718.0
gtm,Guatemala,1995,10312996.0
gtm,Guatemala,1996,10583526.0
gtm,Guatemala,1997,10857754.0
gtm,Guatemala,1998,11139145.0
gtm,Guatemala,1999,11422965.0
gtm,Guatemala,2000,11697592.0
gtm,Guatemala,2001,11969422.0
gtm,Guatemala,2002,12246915.0
gtm,Guatemala,2003,12525842.0
gtm,Guatemala,2004,12807402.0
gtm,Guatemala,2005,13087629.0
gtm,Guatemala,2006,13367459.0
gtm,Guatemala,2007,13652040.0
gtm,Guatemala,2008,13935174.0
gtm,Guatemala,2009,14215611.0
gtm,Guatemala,2010,14500112.0
gtm,Guatemala,2011,14792126.0
gtm,Guatemala,2012,15089647.0
gtm,Guatemala,2013,15387337.0
gtm,Guatemala,2014,15681725.0
gtm,Guatemala,2015,15971743.0
gtm,Guatemala,2016,16268760.0
gtm,Guatemala,2017,16567357.0
gtm,Guatemala,2018,16845685.0
gtm,Guatemala,2019,17103803.0
gtm,Guatemala,2020,17357325.0
gtm,Guatemala,2021,17598650.0
gtm,Guatemala,2022,17847877.0
gtm,Guatemala,2023,18124838.0
gtm,Guatemala,2024,18406359.0
gtm,Guatemala,2025,18687881.0
guy,Guyana,1900,297681.0
guy,Guyana,1901,298572.0
guy,Guyana,1902,298858.0
guy,Guyana,1903,298532.0
guy,Guyana,1904,298207.0
guy,Guyana,1905,297882.0
guy,Guyana,1906,297558.0
guy,Guyana,1907,297233.0
guy,Guyana,1908,296909.0
guy,Guyana,1909,296625.0
guy,Guyana,1910,296379.0
guy,Guyana,1911,296172.0
guy,Guyana,1912,296004.0
guy,Guyana,1913,295875.0
guy,Guyana,1914,295746.0
guy,Guyana,1915,295617.0
guy,Guyana,1916,295489.0
guy,Guyana,1917,295360.0
guy,Guyana,1918,295360.0
guy,Guyana,1919,295494.0
guy,Guyana,1920,295764.0
guy,Guyana,1921,296169.0
guy,Guyana,1922,296709.0
guy,Guyana,1923,297385.0
guy,Guyana,1924,298063.0
guy,Guyana,1925,298742.0
guy,Guyana,1926,299423.0
guy,Guyana,1927,300106.0
guy,Guyana,1928,300790.0
guy,Guyana,1929,302003.0
guy,Guyana,1930,303753.0
guy,Guyana,1931,306046.0
guy,Guyana,1932,308890.0
guy,Guyana,1933,312292.0
guy,Guyana,1934,315731.0
guy,Guyana,1935,319209.0
guy,Guyana,1936,322724.0
guy,Guyana,1937,326278.0
guy,Guyana,1938,329872.0
guy,Guyana,1939,334191.0
guy,Guyana,1940,339259.0
guy,Guyana,1941,345099.0
guy,Guyana,1942,351734.0
guy,Guyana,1943,359189.0
guy,Guyana,1944,366802.0
guy,Guyana,1945,374576.0
guy,Guyana,1946,382515.0
guy,Guyana,1947,390623.0
guy,Guyana,1948,398902.0
guy,Guyana,1949,408028.0
guy,Guyana,1950,418038.0
guy,Guyana,1951,429101.0
guy,Guyana,1952,441245.0
guy,Guyana,1953,454555.0
guy,Guyana,1954,468971.0
guy,Guyana,1955,484363.0
guy,Guyana,1956,500575.0
guy,Guyana,1957,517501.0
guy,Guyana,1958,535071.0
guy,Guyana,1959,553067.0
guy,Guyana,1960,569143.0
guy,Guyana,1961,582568.0
guy,Guyana,1962,595461.0
guy,Guyana,1963,608537.0
guy,Guyana,1964,621764.0
guy,Guyana,1965,635128.0
guy,Guyana,1966,648646.0
guy,Guyana,1967,662311.0
guy,Guyana,1968,676160.0
guy,Guyana,1969,690223.0
guy,Guyana,1970,702705.0
guy,Guyana,1971,712662.0
guy,Guyana,1972,721617.0
guy,Guyana,1973,730138.0
guy,Guyana,1974,738057.0
guy,Guyana,1975,745393.0
guy,Guyana,1976,752253.0
guy,Guyana,1977,758654.0
guy,Guyana,1978,764586.0
guy,Guyana,1979,770062.0
guy,Guyana,1980,774367.0
guy,Guyana,1981,776453.0
guy,Guyana,1982,776712.0
guy,Guyana,1983,775891.0
guy,Guyana,1984,774111.0
guy,Guyana,1985,771477.0
guy,Guyana,1986,768098.0
guy,Guyana,1987,764120.0
guy,Guyana,1988,759663.0
guy,Guyana,1989,754865.0
guy,Guyana,1990,749894.0
guy,Guyana,1991,747861.0
guy,Guyana,1992,749911.0
guy,Guyana,1993,752965.0
guy,Guyana,1994,755822.0
guy,Guyana,1995,758388.0
guy,Guyana,1996,760526.0
guy,Guyana,1997,762245.0
guy,Guyana,1998,763586.0
guy,Guyana,1999,764483.0
guy,Guyana,2000,764832.0
guy,Guyana,2001,764477.0
guy,Guyana,2002,763652.0
guy,Guyana,2003,763101.0
guy,Guyana,2004,762418.0
guy,Guyana,2005,760914.0
guy,Guyana,2006,758966.0
guy,Guyana,2007,756861.0
guy,Guyana,2008,754606.0
guy,Guyana,2009,752094.0
guy,Guyana,2010,749256.0
guy,Guyana,2011,746153.0
guy,Guyana,2012,746288.0
guy,Guyana,2013,750021.0
guy,Guyana,2014,754229.0
guy,Guyana,2015,758781.0
guy,Guyana,2016,763548.0
guy,Guyana,2017,768479.0
guy,Guyana,2018,791556.0
guy,Guyana,2019,807665.0
guy,Guyana,2020,807481.0
guy,Guyana,2021,815482.0
guy,Guyana,2022,821637.0
guy,Guyana,2023,826353.0
guy,Guyana,2024,831087.0
guy,Guyana,2025,835986.0
hnd,Honduras,1900,530602.0
hnd,Honduras,1901,542935.0
hnd,Honduras,1902,555422.0
hnd,Honduras,1903,568063.0
hnd,Honduras,1904,580991.0
hnd,Honduras,1905,594213.0
hnd,Honduras,1906,607735.0
hnd,Honduras,1907,621563.0
hnd,Honduras,1908,635705.0
hnd,Honduras,1909,649326.0
hnd,Honduras,1910,662397.0
hnd,Honduras,1911,674892.0
hnd,Honduras,1912,686782.0
hnd,Honduras,1913,698037.0
hnd,Honduras,1914,709476.0
hnd,Honduras,1915,721102.0
hnd,Honduras,1916,732918.0
hnd,Honduras,1917,744926.0
hnd,Honduras,1918,756270.0
hnd,Honduras,1919,769795.0
hnd,Honduras,1920,785590.0
hnd,Honduras,1921,803747.0
hnd,Honduras,1922,824362.0
hnd,Honduras,1923,847534.0
hnd,Honduras,1924,871357.0
hnd,Honduras,1925,895850.0
hnd,Honduras,1926,921032.0
hnd,Honduras,1927,946921.0
hnd,Honduras,1928,973538.0
hnd,Honduras,1929,999089.0
hnd,Honduras,1930,1023510.0
hnd,Honduras,1931,1046733.0
hnd,Honduras,1932,1068687.0
hnd,Honduras,1933,1089302.0
hnd,Honduras,1934,1110313.0
hnd,Honduras,1935,1131730.0
hnd,Honduras,1936,1153561.0
hnd,Honduras,1937,1175812.0
hnd,Honduras,1938,1198492.0
hnd,Honduras,1939,1222318.0
hnd,Honduras,1940,1247328.0
hnd,Honduras,1941,1273560.0
hnd,Honduras,1942,1301054.0
hnd,Honduras,1943,1329851.0
hnd,Honduras,1944,1359285.0
hnd,Honduras,1945,1389372.0
hnd,Honduras,1946,1420124.0
hnd,Honduras,1947,1451556.0
hnd,Honduras,1948,1483685.0
hnd,Honduras,1949,1519422.0
hnd,Honduras,1950,1558938.0
hnd,Honduras,1951,1601486.0
hnd,Honduras,1952,1645832.0
hnd,Honduras,1953,1691965.0
hnd,Honduras,1954,1739815.0
hnd,Honduras,1955,1789390.0
hnd,Honduras,1956,1840666.0
hnd,Honduras,1957,1893582.0
hnd,Honduras,1958,1948150.0
hnd,Honduras,1959,2004320.0
hnd,Honduras,1960,2062060.0
hnd,Honduras,1961,2121242.0
hnd,Honduras,1962,2182064.0
hnd,Honduras,1963,2244878.0
hnd,Honduras,1964,2309855.0
hnd,Honduras,1965,2377157.0
hnd,Honduras,1966,2446751.0
hnd,Honduras,1967,2518648.0
hnd,Honduras,1968,2593057.0
hnd,Honduras,1969,2670289.0
hnd,Honduras,1970,2750715.0
hnd,Honduras,1971,2834616.0
hnd,Honduras,1972,2922064.0
hnd,Honduras,1973,3011459.0
hnd,Honduras,1974,3099836.0
hnd,Honduras,1975,3193234.0
hnd,Honduras,1976,3294457.0
hnd,Honduras,1977,3398655.0
hnd,Honduras,1978,3505463.0
hnd,Honduras,1979,3614981.0
hnd,Honduras,1980,3727173.0
hnd,Honduras,1981,3841778.0
hnd,Honduras,1982,3958728.0
hnd,Honduras,1983,4078174.0
hnd,Honduras,1984,4199850.0
hnd,Honduras,1985,4323342.0
hnd,Honduras,1986,4448899.0
hnd,Honduras,1987,4576910.0
hnd,Honduras,1988,4707677.0
hnd,Honduras,1989,4841838.0
hnd,Honduras,1990,4980488.0
hnd,Honduras,1991,5123792.0
hnd,Honduras,1992,5271431.0
hnd,Honduras,1993,5423249.0
hnd,Honduras,1994,5579242.0
hnd,Honduras,1995,5739637.0
hnd,Honduras,1996,5903954.0
hnd,Honduras,1997,6071454.0
hnd,Honduras,1998,6234431.0
hnd,Honduras,1999,6400463.0
hnd,Honduras,2000,6577773.0
hnd,Honduras,2001,6757993.0
hnd,Honduras,2002,6938859.0
hnd,Honduras,2003,7119213.0
hnd,Honduras,2004,7298994.0
hnd,Honduras,2005,7478355.0
hnd,Honduras,2006,7656832.0
hnd,Honduras,2007,7834798.0
hnd,Honduras,2008,8012587.0
hnd,Honduras,2009,8189899.0
hnd,Honduras,2010,8365878.0
hnd,Honduras,2011,8540583.0
hnd,Honduras,2012,8715076.0
hnd,Honduras,2013,8889278.0
hnd,Honduras,2014,9063122.0
hnd,Honduras,2015,9237305.0
hnd,Honduras,2016,9412380.0
hnd,Honduras,2017,9588137.0
hnd,Honduras,2018,9765210.0
hnd,Honduras,2019,9943633.0
hnd,Honduras,2020,10119640.0
hnd,Honduras,2021,10289877.0
hnd,Honduras,2022,10463872.0
hnd,Honduras,2023,10644851.0
hnd,Honduras,2024,10825703.0
hnd,Honduras,2025,11005850.0
hos,Holy See,1900,905.0
hos,Holy See,1901,905.0
hos,Holy See,1902,905.0
hos,Holy See,1903,905.0
hos,Holy See,1904,905.0
hos,Holy See,1905,905.0
hos,Holy See,1906,905.0
hos,Holy See,1907,905.0
hos,Holy See,1908,905.0
hos,Holy See,1909,905.0
hos,Holy See,1910,905.0
hos,Holy See,1911,905.0
hos,Holy See,1912,905.0
hos,Holy See,1913,905.0
hos,Holy See,1914,905.0
hos,Holy See,1915,905.0
hos,Holy See,1916,905.0
hos,Holy See,1917,905.0
hos,Holy See,1918,905.0
hos,Holy See,1919,905.0
hos,Holy See,1920,905.0
hos,Holy See,1921,905.0
hos,Holy See,1922,905.0
hos,Holy See,1923,905.0
hos,Holy See,1924,905.0
hos,Holy See,1925,905.0
hos,Holy See,1926,905.0
hos,Holy See,1927,905.0
hos,Holy See,1928,905.0
hos,Holy See,1929,905.0
hos,Holy See,1930,905.0
hos,Holy See,1931,905.0
hos,Holy See,1932,905.0
hos,Holy See,1933,905.0
hos,Holy See,1934,905.0
hos,Holy See,1935,905.0
hos,Holy See,1936,905.0
hos,Holy See,1937,905.0
hos,Holy See,1938,905.0
hos,Holy See,1939,905.0
hos,Holy See,1940,905.0
hos,Holy See,1941,905.0
hos,Holy See,1942,905.0
hos,Holy See,1943,905.0
hos,Holy See,1944,905.0
hos,Holy See,1945,905.0
hos,Holy See,1946,905.0
hos,Holy See,1947,905.0
hos,Holy See,1948,905.0
hos,Holy See,1949,905.0
hos,Holy See,1950,899.0
hos,Holy See,1951,892.0
hos,Holy See,1952,887.0
hos,Holy See,1953,890.0
hos,Holy See,1954,897.0
hos,Holy See,1955,904.0
hos,Holy See,1956,909.0
hos,Holy See,1957,911.0
hos,Holy See,1958,910.0
hos,Holy See,1959,908.0
hos,Holy See,1960,906.0
hos,Holy See,1961,904.0
hos,Holy See,1962,900.0
hos,Holy See,1963,893.0
hos,Holy See,1964,877.0
hos,Holy See,1965,851.0
hos,Holy See,1966,813.0
hos,Holy See,1967,766.0
hos,Holy See,1968,718.0
hos,Holy See,1969,678.0
hos,Holy See,1970,655.0
hos,Holy See,1971,651.0
hos,Holy See,1972,663.0
hos,Holy See,1973,685.0
hos,Holy See,1974,708.0
hos,Holy See,1975,726.0
hos,Holy See,1976,734.0
hos,Holy See,1977,736.0
hos,Holy See,1978,733.0
hos,Holy See,1979,729.0
hos,Holy See,1980,727.0
hos,Holy See,1981,728.0
hos,Holy See,1982,732.0
hos,Holy See,1983,736.0
hos,Holy See,1984,742.0
hos,Holy See,1985,747.0
hos,Holy See,1986,752.0
hos,Holy See,1987,757.0
hos,Holy See,1988,762.0
hos,Holy See,1989,766.0
hos,Holy See,1990,769.0
hos,Holy See,1991,772.0
hos,Holy See,1992,773.0
hos,Holy See,1993,774.0
hos,Holy See,1994,777.0
hos,Holy See,1995,783.0
hos,Holy See,1996,792.0
hos,Holy See,1997,803.0
hos,Holy See,1998,809.0
hos,Holy See,1999,803.0
hos,Holy See,2000,779.0
hrv,Croatia,1900,2493249.0
hrv,Croatia,1901,2515550.0
hrv,Croatia,1902,2538050.0
hrv,Croatia,1903,2560751.0
hrv,Croatia,1904,2583656.0
hrv,Croatia,1905,2606765.0
hrv,Croatia,1906,2630081.0
hrv,Croatia,1907,2653605.0
hrv,Croatia,1908,2677340.0
hrv,Croatia,1909,2701287.0
hrv,Croatia,1910,2725448.0
hrv,Croatia,1911,2749825.0
hrv,Croatia,1912,2774420.0
hrv,Croatia,1913,2799235.0
hrv,Croatia,1914,2824272.0
hrv,Croatia,1915,2849533.0
hrv,Croatia,1916,2875020.0
hrv,Croatia,1917,2900734.0
hrv,Croatia,1918,2926272.0
hrv,Croatia,1919,2952034.0
hrv,Croatia,1920,2978023.0
hrv,Croatia,1921,3004240.0
hrv,Croatia,1922,3030689.0
hrv,Croatia,1923,3057370.0
hrv,Croatia,1924,3084286.0
hrv,Croatia,1925,3111439.0
hrv,Croatia,1926,3138832.0
hrv,Croatia,1927,3166465.0
hrv,Croatia,1928,3194342.0
hrv,Croatia,1929,3222464.0
hrv,Croatia,1930,3250833.0
hrv,Croatia,1931,3279453.0
hrv,Croatia,1932,3308324.0
hrv,Croatia,1933,3337450.0
hrv,Croatia,1934,3366832.0
hrv,Croatia,1935,3396472.0
hrv,Croatia,1936,3426374.0
hrv,Croatia,1937,3456539.0
hrv,Croatia,1938,3486969.0
hrv,Croatia,1939,3517667.0
hrv,Croatia,1940,3548636.0
hrv,Croatia,1941,3579877.0
hrv,Croatia,1942,3611393.0
hrv,Croatia,1943,3643187.0
hrv,Croatia,1944,3675260.0
hrv,Croatia,1945,3707616.0
hrv,Croatia,1946,3740257.0
hrv,Croatia,1947,3773185.0
hrv,Croatia,1948,3806403.0
hrv,Croatia,1949,3837017.0
hrv,Croatia,1950,3864990.0
hrv,Croatia,1951,3911671.0
hrv,Croatia,1952,3957414.0
hrv,Croatia,1953,4006122.0
hrv,Croatia,1954,4048114.0
hrv,Croatia,1955,4080735.0
hrv,Croatia,1956,4110124.0
hrv,Croatia,1957,4136704.0
hrv,Croatia,1958,4160692.0
hrv,Croatia,1959,4182093.0
hrv,Croatia,1960,4200264.0
hrv,Croatia,1961,4223427.0
hrv,Croatia,1962,4255014.0
hrv,Croatia,1963,4287266.0
hrv,Croatia,1964,4317757.0
hrv,Croatia,1965,4346706.0
hrv,Croatia,1966,4374301.0
hrv,Croatia,1967,4400269.0
hrv,Croatia,1968,4423828.0
hrv,Croatia,1969,4444447.0
hrv,Croatia,1970,4462673.0
hrv,Croatia,1971,4480162.0
hrv,Croatia,1972,4497891.0
hrv,Croatia,1973,4515758.0
hrv,Croatia,1974,4533953.0
hrv,Croatia,1975,4552730.0
hrv,Croatia,1976,4571750.0
hrv,Croatia,1977,4590623.0
hrv,Croatia,1978,4609020.0
hrv,Croatia,1979,4626959.0
hrv,Croatia,1980,4643896.0
hrv,Croatia,1981,4664258.0
hrv,Croatia,1982,4689156.0
hrv,Croatia,1983,4712884.0
hrv,Croatia,1984,4734488.0
hrv,Croatia,1985,4754555.0
hrv,Croatia,1986,4773051.0
hrv,Croatia,1987,4790209.0
hrv,Croatia,1988,4806032.0
hrv,Croatia,1989,4820733.0
hrv,Croatia,1990,4835065.0
hrv,Croatia,1991,4825157.0
hrv,Croatia,1992,4782233.0
hrv,Croatia,1993,4729743.0
hrv,Croatia,1994,4675514.0
hrv,Croatia,1995,4619360.0
hrv,Croatia,1996,4562299.0
hrv,Croatia,1997,4504621.0
hrv,Croatia,1998,4445667.0
hrv,Croatia,1999,4385822.0
hrv,Croatia,2000,4326105.0
hrv,Croatia,2001,4301074.0
hrv,Croatia,2002,4305782.0
hrv,Croatia,2003,4306686.0
hrv,Croatia,2004,4310056.0
hrv,Croatia,2005,4313946.0
hrv,Croatia,2006,4315800.0
hrv,Croatia,2007,4315954.0
hrv,Croatia,2008,4314631.0
hrv,Croatia,2009,4310530.0
hrv,Croatia,2010,4301145.0
hrv,Croatia,2011,4280824.0
hrv,Croatia,2012,4259236.0
hrv,Croatia,2013,4242398.0
hrv,Croatia,2014,4219479.0
hrv,Croatia,2015,4183729.0
hrv,Croatia,2016,4136444.0
hrv,Croatia,2017,4079200.0
hrv,Croatia,2018,4024868.0
hrv,Croatia,2019,3986334.0
hrv,Croatia,2020,3953958.0
hrv,Croatia,2021,3924610.0
hrv,Croatia,2022,3907027.0
hrv,Croatia,2023,3896023.0
hrv,Croatia,2024,3875325.0
hrv,Croatia,2025,3848160.0
hti,Haiti,1900,1623903.0
hti,Haiti,1901,1646332.0
hti,Haiti,1902,1670603.0
hti,Haiti,1903,1696763.0
hti,Haiti,1904,1723332.0
hti,Haiti,1905,1750317.0
hti,Haiti,1906,1777722.0
hti,Haiti,1907,1805556.0
hti,Haiti,1908,1833825.0
hti,Haiti,1909,1863013.0
hti,Haiti,1910,1893142.0
hti,Haiti,1911,1924237.0
hti,Haiti,1912,1956321.0
hti,Haiti,1913,1989418.0
hti,Haiti,1914,2023074.0
hti,Haiti,1915,2057298.0
hti,Haiti,1916,2092100.0
hti,Haiti,1917,2127490.0
hti,Haiti,1918,2161917.0
hti,Haiti,1919,2195578.0
hti,Haiti,1920,2228441.0
hti,Haiti,1921,2260477.0
hti,Haiti,1922,2291654.0
hti,Haiti,1923,2321941.0
hti,Haiti,1924,2352627.0
hti,Haiti,1925,2383719.0
hti,Haiti,1926,2415222.0
hti,Haiti,1927,2447141.0
hti,Haiti,1928,2479482.0
hti,Haiti,1929,2512048.0
hti,Haiti,1930,2544840.0
hti,Haiti,1931,2577857.0
hti,Haiti,1932,2611101.0
hti,Haiti,1933,2644572.0
hti,Haiti,1934,2678471.0
hti,Haiti,1935,2712805.0
hti,Haiti,1936,2747580.0
hti,Haiti,1937,2782800.0
hti,Haiti,1938,2818471.0
hti,Haiti,1939,2854083.0
hti,Haiti,1940,2889628.0
hti,Haiti,1941,2925100.0
hti,Haiti,1942,2960491.0
hti,Haiti,1943,2995794.0
hti,Haiti,1944,3031517.0
hti,Haiti,1945,3067667.0
hti,Haiti,1946,3104247.0
hti,Haiti,1947,3141264.0
hti,Haiti,1948,3178723.0
hti,Haiti,1949,3220167.0
hti,Haiti,1950,3265707.0
hti,Haiti,1951,3314919.0
hti,Haiti,1952,3366262.0
hti,Haiti,1953,3419840.0
hti,Haiti,1954,3475528.0
hti,Haiti,1955,3533744.0
hti,Haiti,1956,3594803.0
hti,Haiti,1957,3657817.0
hti,Haiti,1958,3722709.0
hti,Haiti,1959,3789689.0
hti,Haiti,1960,3858443.0
hti,Haiti,1961,3929030.0
hti,Haiti,1962,4001575.0
hti,Haiti,1963,4073068.0
hti,Haiti,1964,4146244.0
hti,Haiti,1965,4223820.0
hti,Haiti,1966,4302639.0
hti,Haiti,1967,4382999.0
hti,Haiti,1968,4465328.0
hti,Haiti,1969,4549334.0
hti,Haiti,1970,4635124.0
hti,Haiti,1971,4723244.0
hti,Haiti,1972,4813868.0
hti,Haiti,1973,4906743.0
hti,Haiti,1974,5001796.0
hti,Haiti,1975,5099086.0
hti,Haiti,1976,5198357.0
hti,Haiti,1977,5299476.0
hti,Haiti,1978,5402580.0
hti,Haiti,1979,5507590.0
hti,Haiti,1980,5614493.0
hti,Haiti,1981,5723725.0
hti,Haiti,1982,5835937.0
hti,Haiti,1983,5951096.0
hti,Haiti,1984,6069230.0
hti,Haiti,1985,6190862.0
hti,Haiti,1986,6316122.0
hti,Haiti,1987,6445123.0
hti,Haiti,1988,6578145.0
hti,Haiti,1989,6714730.0
hti,Haiti,1990,6854441.0
hti,Haiti,1991,6995450.0
hti,Haiti,1992,7136571.0
hti,Haiti,1993,7278181.0
hti,Haiti,1994,7419771.0
hti,Haiti,1995,7562546.0
hti,Haiti,1996,7707557.0
hti,Haiti,1997,7854298.0
hti,Haiti,1998,8002143.0
hti,Haiti,1999,8151296.0
hti,Haiti,2000,8303151.0
hti,Haiti,2001,8455918.0
hti,Haiti,2002,8607641.0
hti,Haiti,2003,8759912.0
hti,Haiti,2004,8910263.0
hti,Haiti,2005,9061273.0
hti,Haiti,2006,9216562.0
hti,Haiti,2007,9373296.0
hti,Haiti,2008,9530774.0
hti,Haiti,2009,9689581.0
hti,Haiti,2010,9803294.0
hti,Haiti,2011,9914904.0
hti,Haiti,2012,10069771.0
hti,Haiti,2013,10222362.0
hti,Haiti,2014,10373235.0
hti,Haiti,2015,10523242.0
hti,Haiti,2016,10671457.0
hti,Haiti,2017,10817754.0
hti,Haiti,2018,10962362.0
hti,Haiti,2019,11105163.0
hti,Haiti,2020,11243848.0
hti,Haiti,2021,11374586.0
hti,Haiti,2022,11503606.0
hti,Haiti,2023,11637398.0
hti,Haiti,2024,11772557.0
hti,Haiti,2025,11906095.0
hun,Hungary,1900,7106191.0
hun,Hungary,1901,7156715.0
hun,Hungary,1902,7207102.0
hun,Hungary,1903,7257348.0
hun,Hungary,1904,7307945.0
hun,Hungary,1905,7358895.0
hun,Hungary,1906,7410200.0
hun,Hungary,1907,7461862.0
hun,Hungary,1908,7513885.0
hun,Hungary,1909,7561554.0
hun,Hungary,1910,7604822.0
hun,Hungary,1911,7643639.0
hun,Hungary,1912,7677957.0
hun,Hungary,1913,7707725.0
hun,Hungary,1914,7737609.0
hun,Hungary,1915,7767608.0
hun,Hungary,1916,7797724.0
hun,Hungary,1917,7827957.0
hun,Hungary,1918,7858742.0
hun,Hungary,1919,7896825.0
hun,Hungary,1920,7942295.0
hun,Hungary,1921,7995241.0
hun,Hungary,1922,8055755.0
hun,Hungary,1923,8123929.0
hun,Hungary,1924,8192680.0
hun,Hungary,1925,8262013.0
hun,Hungary,1926,8331933.0
hun,Hungary,1927,8402444.0
hun,Hungary,1928,8473552.0
hun,Hungary,1929,8542987.0
hun,Hungary,1930,8610718.0
hun,Hungary,1931,8676714.0
hun,Hungary,1932,8740944.0
hun,Hungary,1933,8803377.0
hun,Hungary,1934,8866255.0
hun,Hungary,1935,8929583.0
hun,Hungary,1936,8993363.0
hun,Hungary,1937,9057599.0
hun,Hungary,1938,9122294.0
hun,Hungary,1939,9175247.0
hun,Hungary,1940,9216367.0
hun,Hungary,1941,9245565.0
hun,Hungary,1942,9262747.0
hun,Hungary,1943,9267821.0
hun,Hungary,1944,9272898.0
hun,Hungary,1945,9277977.0
hun,Hungary,1946,9283060.0
hun,Hungary,1947,9288145.0
hun,Hungary,1948,9293233.0
hun,Hungary,1949,9309784.0
hun,Hungary,1950,9337880.0
hun,Hungary,1951,9423174.0
hun,Hungary,1952,9503927.0
hun,Hungary,1953,9594481.0
hun,Hungary,1954,9704585.0
hun,Hungary,1955,9823207.0
hun,Hungary,1956,9853988.0
hun,Hungary,1957,9837927.0
hun,Hungary,1958,9880677.0
hun,Hungary,1959,9936841.0
hun,Hungary,1960,9983374.0
hun,Hungary,1961,10026513.0
hun,Hungary,1962,10058066.0
hun,Hungary,1963,10083841.0
hun,Hungary,1964,10114371.0
hun,Hungary,1965,10141119.0
hun,Hungary,1966,10170405.0
hun,Hungary,1967,10206810.0
hun,Hungary,1968,10244544.0
hun,Hungary,1969,10281589.0
hun,Hungary,1970,10315143.0
hun,Hungary,1971,10343969.0
hun,Hungary,1972,10374303.0
hun,Hungary,1973,10407439.0
hun,Hungary,1974,10453913.0
hun,Hungary,1975,10515652.0
hun,Hungary,1976,10573772.0
hun,Hungary,1977,10623139.0
hun,Hungary,1978,10660188.0
hun,Hungary,1979,10688253.0
hun,Hungary,1980,10695367.0
hun,Hungary,1981,10679329.0
hun,Hungary,1982,10656116.0
hun,Hungary,1983,10622989.0
hun,Hungary,1984,10584328.0
hun,Hungary,1985,10547265.0
hun,Hungary,1986,10511098.0
hun,Hungary,1987,10475105.0
hun,Hungary,1988,10440531.0
hun,Hungary,1989,10403421.0
hun,Hungary,1990,10381281.0
hun,Hungary,1991,10378176.0
hun,Hungary,1992,10371474.0
hun,Hungary,1993,10356870.0
hun,Hungary,1994,10339937.0
hun,Hungary,1995,10322788.0
hun,Hungary,1996,10302235.0
hun,Hungary,1997,10278602.0
hun,Hungary,1998,10251717.0
hun,Hungary,1999,10219796.0
hun,Hungary,2000,10190600.0
hun,Hungary,2001,10166690.0
hun,Hungary,2002,10138466.0
hun,Hungary,2003,10108963.0
hun,Hungary,2004,10085791.0
hun,Hungary,2005,10065706.0
hun,Hungary,2006,10049943.0
hun,Hungary,2007,10034082.0
hun,Hungary,2008,10016657.0
hun,Hungary,2009,10001378.0
hun,Hungary,2010,9979129.0
hun,Hungary,2011,9946676.0
hun,Hungary,2012,9916623.0
hun,Hungary,2013,9889346.0
hun,Hungary,2014,9862842.0
hun,Hungary,2015,9839211.0
hun,Hungary,2016,9810532.0
hun,Hungary,2017,9785604.0
hun,Hungary,2018,9774394.0
hun,Hungary,2019,9770346.0
hun,Hungary,2020,9749457.0
hun,Hungary,2021,9707850.0
hun,Hungary,2022,9684306.0
hun,Hungary,2023,9686463.0
hun,Hungary,2024,9676135.0
hun,Hungary,2025,9632287.0
idn,Indonesia,1900,37870708.0
idn,Indonesia,1901,38349421.0
idn,Indonesia,1902,38833415.0
idn,Indonesia,1903,39305249.0
idn,Indonesia,1904,39764561.0
idn,Indonesia,1905,40210913.0
idn,Indonesia,1906,40644027.0
idn,Indonesia,1907,41079993.0
idn,Indonesia,1908,41517993.0
idn,Indonesia,1909,41958016.0
idn,Indonesia,1910,42400128.0
idn,Indonesia,1911,42822396.0
idn,Indonesia,1912,43272263.0
idn,Indonesia,1913,43724039.0
idn,Indonesia,1914,44177710.0
idn,Indonesia,1915,44636177.0
idn,Indonesia,1916,45033708.0
idn,Indonesia,1917,45331338.0
idn,Indonesia,1918,45715192.0
idn,Indonesia,1919,46191379.0
idn,Indonesia,1920,46781678.0
idn,Indonesia,1921,47360363.0
idn,Indonesia,1922,47929465.0
idn,Indonesia,1923,48506408.0
idn,Indonesia,1924,49091770.0
idn,Indonesia,1925,49685263.0
idn,Indonesia,1926,50287756.0
idn,Indonesia,1927,50898670.0
idn,Indonesia,1928,51518876.0
idn,Indonesia,1929,52148083.0
idn,Indonesia,1930,52832167.0
idn,Indonesia,1931,53568806.0
idn,Indonesia,1932,54358001.0
idn,Indonesia,1933,55156486.0
idn,Indonesia,1934,55967167.0
idn,Indonesia,1935,56791785.0
idn,Indonesia,1936,57630921.0
idn,Indonesia,1937,58484284.0
idn,Indonesia,1938,59352746.0
idn,Indonesia,1939,60235146.0
idn,Indonesia,1940,61159937.0
idn,Indonesia,1941,62126831.0
idn,Indonesia,1942,63038266.0
idn,Indonesia,1943,63691282.0
idn,Indonesia,1944,63940119.0
idn,Indonesia,1945,64177633.0
idn,Indonesia,1946,64636689.0
idn,Indonesia,1947,65495279.0
idn,Indonesia,1948,66517921.0
idn,Indonesia,1949,67649448.0
idn,Indonesia,1950,68799025.0
idn,Indonesia,1951,70286303.0
idn,Indonesia,1952,71876432.0
idn,Indonesia,1953,73569144.0
idn,Indonesia,1954,75367369.0
idn,Indonesia,1955,77273507.0
idn,Indonesia,1956,79282549.0
idn,Indonesia,1957,81390834.0
idn,Indonesia,1958,83592762.0
idn,Indonesia,1959,85892869.0
idn,Indonesia,1960,88296070.0
idn,Indonesia,1961,90791249.0
idn,Indonesia,1962,93375850.0
idn,Indonesia,1963,96051424.0
idn,Indonesia,1964,98833749.0
idn,Indonesia,1965,101365130.0
idn,Indonesia,1966,103792754.0
idn,Indonesia,1967,106526393.0
idn,Indonesia,1968,109450006.0
idn,Indonesia,1969,112517639.0
idn,Indonesia,1970,115657495.0
idn,Indonesia,1971,118833702.0
idn,Indonesia,1972,122039841.0
idn,Indonesia,1973,125288515.0
idn,Indonesia,1974,128555045.0
idn,Indonesia,1975,131843848.0
idn,Indonesia,1976,135173655.0
idn,Indonesia,1977,138533541.0
idn,Indonesia,1978,141953163.0
idn,Indonesia,1979,145434834.0
idn,Indonesia,1980,148950540.0
idn,Indonesia,1981,152485035.0
idn,Indonesia,1982,156052152.0
idn,Indonesia,1983,159651381.0
idn,Indonesia,1984,163251124.0
idn,Indonesia,1985,166776185.0
idn,Indonesia,1986,170175065.0
idn,Indonesia,1987,173511154.0
idn,Indonesia,1988,176855065.0
idn,Indonesia,1989,180201630.0
idn,Indonesia,1990,183501098.0
idn,Indonesia,1991,186778238.0
idn,Indonesia,1992,190043744.0
idn,Indonesia,1993,193305168.0
idn,Indonesia,1994,196591828.0
idn,Indonesia,1995,199888057.0
idn,Indonesia,1996,203204348.0
idn,Indonesia,1997,206536095.0
idn,Indonesia,1998,209826788.0
idn,Indonesia,1999,213004668.0
idn,Indonesia,2000,216077790.0
idn,Indonesia,2001,219097902.0
idn,Indonesia,2002,222088495.0
idn,Indonesia,2003,225048008.0
idn,Indonesia,2004,227926649.0
idn,Indonesia,2005,230871650.0
idn,Indonesia,2006,233951652.0
idn,Indonesia,2007,237062337.0
idn,Indonesia,2008,240157903.0
idn,Indonesia,2009,243220028.0
idn,Indonesia,2010,246305322.0
idn,Indonesia,2011,249470032.0
idn,Indonesia,2012,252698525.0
idn,Indonesia,2013,255852467.0
idn,Indonesia,2014,258877399.0
idn,Indonesia,2015,261799249.0
idn,Indonesia,2016,264627418.0
idn,Indonesia,2017,267346658.0
idn,Indonesia,2018,269951846.0
idn,Indonesia,2019,272489381.0
idn,Indonesia,2020,274814866.0
idn,Indonesia,2021,276758053.0
idn,Indonesia,2022,278830529.0
idn,Indonesia,2023,281190067.0
idn,Indonesia,2024,283487931.0
idn,Indonesia,2025,285721236.0
ind,India,1900,274445456.0
ind,India,1901,275412409.0
ind,India,1902,276618359.0
ind,India,1903,278064592.0
ind,India,1904,279518212.0
ind,India,1905,280979256.0
ind,India,1906,282447761.0
ind,India,1907,283923764.0
ind,India,1908,285407302.0
ind,India,1909,286617417.0
ind,India,1910,287552801.0
ind,India,1911,288212139.0
ind,India,1912,288594110.0
ind,India,1913,288697386.0
ind,India,1914,288800517.0
ind,India,1915,288903502.0
ind,India,1916,289006342.0
ind,India,1917,289109034.0
ind,India,1918,289442250.0
ind,India,1919,290268808.0
ind,India,1920,291594033.0
ind,India,1921,293423304.0
ind,India,1922,295762048.0
ind,India,1923,298615749.0
ind,India,1924,301496984.0
ind,India,1925,304406019.0
ind,India,1926,307343123.0
ind,India,1927,310308565.0
ind,India,1928,313302620.0
ind,India,1929,316607226.0
ind,India,1930,320229338.0
ind,India,1931,324176036.0
ind,India,1932,328454523.0
ind,India,1933,333072130.0
ind,India,1934,337754655.0
ind,India,1935,342503008.0
ind,India,1936,347318117.0
ind,India,1937,352200920.0
ind,India,1938,357152368.0
ind,India,1939,360595274.0
ind,India,1940,362520158.0
ind,India,1941,362917316.0
ind,India,1942,361776827.0
ind,India,1943,359088538.0
ind,India,1944,356420226.0
ind,India,1945,353771742.0
ind,India,1946,351142938.0
ind,India,1947,348533668.0
ind,India,1948,345943787.0
ind,India,1949,345185138.0
ind,India,1950,346278821.0
ind,India,1951,353870057.0
ind,India,1952,361874903.0
ind,India,1953,370104573.0
ind,India,1954,378687138.0
ind,India,1955,387700887.0
ind,India,1956,396988903.0
ind,India,1957,406253888.0
ind,India,1958,415777442.0
ind,India,1959,425780669.0
ind,India,1960,435990338.0
ind,India,1961,446564729.0
ind,India,1962,457283090.0
ind,India,1963,468138575.0
ind,India,1964,479229598.0
ind,India,1965,490140146.0
ind,India,1966,500740247.0
ind,India,1967,511606372.0
ind,India,1968,522716889.0
ind,India,1969,533880544.0
ind,India,1970,545864268.0
ind,India,1971,558096387.0
ind,India,1972,570482142.0
ind,India,1973,583465598.0
ind,India,1974,597041391.0
ind,India,1975,611309535.0
ind,India,1976,625861883.0
ind,India,1977,640801103.0
ind,India,1978,655728229.0
ind,India,1979,671155747.0
ind,India,1980,687354025.0
ind,India,1981,703696250.0
ind,India,1982,720313473.0
ind,India,1983,737372681.0
ind,India,1984,754875449.0
ind,India,1985,772647793.0
ind,India,1986,790689978.0
ind,India,1987,808931270.0
ind,India,1988,827342990.0
ind,India,1989,846039529.0
ind,India,1990,864972221.0
ind,India,1991,883927600.0
ind,India,1992,902957070.0
ind,India,1993,922118387.0
ind,India,1994,941163767.0
ind,India,1995,960301044.0
ind,India,1996,979678458.0
ind,India,1997,999133762.0
ind,India,1998,1018665080.0
ind,India,1999,1038225823.0
ind,India,2000,1057922733.0
ind,India,2001,1077898575.0
ind,India,2002,1097600380.0
ind,India,2003,1116803006.0
ind,India,2004,1135991513.0
ind,India,2005,1154676322.0
ind,India,2006,1172878890.0
ind,India,2007,1190676021.0
ind,India,2008,1207930964.0
ind,India,2009,1225524753.0
ind,India,2010,1243481564.0
ind,India,2011,1261224954.0
ind,India,2012,1278674502.0
ind,India,2013,1295829511.0
ind,India,2014,1312277191.0
ind,India,2015,1328024498.0
ind,India,2016,1343944296.0
ind,India,2017,1359657400.0
ind,India,2018,1374659064.0
ind,India,2019,1389030312.0
ind,India,2020,1402617695.0
ind,India,2021,1414203896.0
ind,India,2022,1425423212.0
ind,India,2023,1438069596.0
ind,India,2024,1450935791.0
ind,India,2025,1463865525.0
irl,Ireland,1900,4430957.0
irl,Ireland,1901,4415348.0
irl,Ireland,1902,4402910.0
irl,Ireland,1903,4393620.0
irl,Ireland,1904,4384348.0
irl,Ireland,1905,4375097.0
irl,Ireland,1906,4365864.0
irl,Ireland,1907,4356651.0
irl,Ireland,1908,4347457.0
irl,Ireland,1909,4339449.0
irl,Ireland,1910,4332623.0
irl,Ireland,1911,4326975.0
irl,Ireland,1912,4322502.0
irl,Ireland,1913,4319201.0
irl,Ireland,1914,4315901.0
irl,Ireland,1915,4312604.0
irl,Ireland,1916,4309310.0
irl,Ireland,1917,4306017.0
irl,Ireland,1918,4303655.0
irl,Ireland,1919,4268158.0
irl,Ireland,1920,4200840.0
irl,Ireland,1921,4102964.0
irl,Ireland,1922,3975741.0
irl,Ireland,1923,3820338.0
irl,Ireland,1924,3671009.0
irl,Ireland,1925,3527517.0
irl,Ireland,1926,3389634.0
irl,Ireland,1927,3257140.0
irl,Ireland,1928,3129825.0
irl,Ireland,1929,3030652.0
irl,Ireland,1930,2958544.0
irl,Ireland,1931,2912468.0
irl,Ireland,1932,2891431.0
irl,Ireland,1933,2894479.0
irl,Ireland,1934,2897530.0
irl,Ireland,1935,2900584.0
irl,Ireland,1936,2903641.0
irl,Ireland,1937,2906702.0
irl,Ireland,1938,2909766.0
irl,Ireland,1939,2912317.0
irl,Ireland,1940,2914355.0
irl,Ireland,1941,2915880.0
irl,Ireland,1942,2916889.0
irl,Ireland,1943,2917384.0
irl,Ireland,1944,2917878.0
irl,Ireland,1945,2918373.0
irl,Ireland,1946,2918867.0
irl,Ireland,1947,2919362.0
irl,Ireland,1948,2919857.0
irl,Ireland,1949,2917617.0
irl,Ireland,1950,2912654.0
irl,Ireland,1951,2936864.0
irl,Ireland,1952,2941463.0
irl,Ireland,1953,2929081.0
irl,Ireland,1954,2915173.0
irl,Ireland,1955,2899538.0
irl,Ireland,1956,2883755.0
irl,Ireland,1957,2869099.0
irl,Ireland,1958,2853999.0
irl,Ireland,1959,2839218.0
irl,Ireland,1960,2827689.0
irl,Ireland,1961,2824693.0
irl,Ireland,1962,2831495.0
irl,Ireland,1963,2843034.0
irl,Ireland,1964,2857166.0
irl,Ireland,1965,2873153.0
irl,Ireland,1966,2888887.0
irl,Ireland,1967,2905420.0
irl,Ireland,1968,2922794.0
irl,Ireland,1969,2940753.0
irl,Ireland,1970,2961403.0
irl,Ireland,1971,2993120.0
irl,Ireland,1972,3037153.0
irl,Ireland,1973,3084434.0
irl,Ireland,1974,3132177.0
irl,Ireland,1975,3180119.0
irl,Ireland,1976,3228401.0
irl,Ireland,1977,3277756.0
irl,Ireland,1978,3329183.0
irl,Ireland,1979,3375801.0
irl,Ireland,1980,3415240.0
irl,Ireland,1981,3448827.0
irl,Ireland,1982,3475536.0
irl,Ireland,1983,3497608.0
irl,Ireland,1984,3515954.0
irl,Ireland,1985,3531271.0
irl,Ireland,1986,3541867.0
irl,Ireland,1987,3540381.0
irl,Ireland,1988,3525095.0
irl,Ireland,1989,3511070.0
irl,Ireland,1990,3514018.0
irl,Ireland,1991,3534260.0
irl,Ireland,1992,3558421.0
irl,Ireland,1993,3576122.0
irl,Ireland,1994,3590157.0
irl,Ireland,1995,3610697.0
irl,Ireland,1996,3638509.0
irl,Ireland,1997,3672293.0
irl,Ireland,1998,3711073.0
irl,Ireland,1999,3752938.0
irl,Ireland,2000,3802585.0
irl,Ireland,2001,3862981.0
irl,Ireland,2002,3928443.0
irl,Ireland,2003,3992935.0
irl,Ireland,2004,4066064.0
irl,Ireland,2005,4155284.0
irl,Ireland,2006,4268778.0
irl,Ireland,2007,4393513.0
irl,Ireland,2008,4485999.0
irl,Ireland,2009,4533752.0
irl,Ireland,2010,4559080.0
irl,Ireland,2011,4579602.0
irl,Ireland,2012,4600132.0
irl,Ireland,2013,4624686.0
irl,Ireland,2014,4658239.0
irl,Ireland,2015,4702487.0
irl,Ireland,2016,4753503.0
irl,Ireland,2017,4810261.0
irl,Ireland,2018,4872556.0
irl,Ireland,2019,4933491.0
irl,Ireland,2020,4982606.0
irl,Ireland,2021,5028426.0
irl,Ireland,2022,5110016.0
irl,Ireland,2023,5196630.0
irl,Ireland,2024,5255017.0
irl,Ireland,2025,5308039.0
irn,Iran,1900,9977121.0
irn,Iran,1901,10075971.0
irn,Iran,1902,10173666.0
irn,Iran,1903,10270174.0
irn,Iran,1904,10367597.0
irn,Iran,1905,10465944.0
irn,Iran,1906,10565224.0
irn,Iran,1907,10665447.0
irn,Iran,1908,10766619.0
irn,Iran,1909,10804383.0
irn,Iran,1910,10779417.0
irn,Iran,1911,10692379.0
irn,Iran,1912,10543911.0
irn,Iran,1913,10334635.0
irn,Iran,1914,10129513.0
irn,Iran,1915,9928462.0
irn,Iran,1916,9731401.0
irn,Iran,1917,9538252.0
irn,Iran,1918,9349265.0
irn,Iran,1919,9260907.0
irn,Iran,1920,9274490.0
irn,Iran,1921,9391416.0
irn,Iran,1922,9613174.0
irn,Iran,1923,9941344.0
irn,Iran,1924,10280718.0
irn,Iran,1925,10631677.0
irn,Iran,1926,10994616.0
irn,Iran,1927,11369946.0
irn,Iran,1928,11758089.0
irn,Iran,1929,12118111.0
irn,Iran,1930,12448322.0
irn,Iran,1931,12746961.0
irn,Iran,1932,13012192.0
irn,Iran,1933,13242104.0
irn,Iran,1934,13476079.0
irn,Iran,1935,13714188.0
irn,Iran,1936,13956505.0
irn,Iran,1937,14203102.0
irn,Iran,1938,14454057.0
irn,Iran,1939,14682597.0
irn,Iran,1940,14888092.0
irn,Iran,1941,15069899.0
irn,Iran,1942,15227363.0
irn,Iran,1943,15359814.0
irn,Iran,1944,15493416.0
irn,Iran,1945,15628181.0
irn,Iran,1946,15764118.0
irn,Iran,1947,15901237.0
irn,Iran,1948,16039549.0
irn,Iran,1949,16241883.0
irn,Iran,1950,16510553.0
irn,Iran,1951,16921274.0
irn,Iran,1952,17344433.0
irn,Iran,1953,17778114.0
irn,Iran,1954,18226199.0
irn,Iran,1955,18700802.0
irn,Iran,1956,19204386.0
irn,Iran,1957,19726842.0
irn,Iran,1958,20266511.0
irn,Iran,1959,20846775.0
irn,Iran,1960,21470434.0
irn,Iran,1961,22125726.0
irn,Iran,1962,22807907.0
irn,Iran,1963,23519005.0
irn,Iran,1964,24262859.0
irn,Iran,1965,25036978.0
irn,Iran,1966,25829270.0
irn,Iran,1967,26628432.0
irn,Iran,1968,27437391.0
irn,Iran,1969,28273482.0
irn,Iran,1970,29145100.0
irn,Iran,1971,30029071.0
irn,Iran,1972,30921179.0
irn,Iran,1973,31839838.0
irn,Iran,1974,32796463.0
irn,Iran,1975,33802973.0
irn,Iran,1976,34837271.0
irn,Iran,1977,35933181.0
irn,Iran,1978,37126535.0
irn,Iran,1979,38424952.0
irn,Iran,1980,39842324.0
irn,Iran,1981,41989312.0
irn,Iran,1982,44272141.0
irn,Iran,1983,46029535.0
irn,Iran,1984,47793998.0
irn,Iran,1985,49582289.0
irn,Iran,1986,51446045.0
irn,Iran,1987,53323493.0
irn,Iran,1988,55072694.0
irn,Iran,1989,56704914.0
irn,Iran,1990,58380092.0
irn,Iran,1991,59986931.0
irn,Iran,1992,61184983.0
irn,Iran,1993,61403543.0
irn,Iran,1994,61520598.0
irn,Iran,1995,62205567.0
irn,Iran,1996,62881300.0
irn,Iran,1997,63639638.0
irn,Iran,1998,64519859.0
irn,Iran,1999,65445391.0
irn,Iran,2000,66418659.0
irn,Iran,2001,67452005.0
irn,Iran,2002,68011317.0
irn,Iran,2003,68769340.0
irn,Iran,2004,70256316.0
irn,Iran,2005,71828455.0
irn,Iran,2006,73392747.0
irn,Iran,2007,74602648.0
irn,Iran,2008,75514204.0
irn,Iran,2009,76457825.0
irn,Iran,2010,77420842.0
irn,Iran,2011,78383598.0
irn,Iran,2012,79370580.0
irn,Iran,2013,80414686.0
irn,Iran,2014,81502045.0
irn,Iran,2015,82619362.0
irn,Iran,2016,83812228.0
irn,Iran,2017,85026754.0
irn,Iran,2018,86117998.0
irn,Iran,2019,87051648.0
irn,Iran,2020,87723443.0
irn,Iran,2021,88455488.0
irn,Iran,2022,89524246.0
irn,Iran,2023,90608707.0
irn,Iran,2024,91567738.0
irn,Iran,2025,92417681.0
irq,Iraq,1900,2398006.0
irq,Iraq,1901,2448404.0
irq,Iraq,1902,2494226.0
irq,Iraq,1903,2535236.0
irq,Iraq,1904,2576916.0
irq,Iraq,1905,2619275.0
irq,Iraq,1906,2662327.0
irq,Iraq,1907,2706081.0
irq,Iraq,1908,2750549.0
irq,Iraq,1909,2798099.0
irq,Iraq,1910,2848833.0
irq,Iraq,1911,2902856.0
irq,Iraq,1912,2960275.0
irq,Iraq,1913,3021201.0
irq,Iraq,1914,3083375.0
irq,Iraq,1915,3146823.0
irq,Iraq,1916,3211572.0
irq,Iraq,1917,3277646.0
irq,Iraq,1918,3340647.0
irq,Iraq,1919,3400702.0
irq,Iraq,1920,3457699.0
irq,Iraq,1921,3511525.0
irq,Iraq,1922,3562061.0
irq,Iraq,1923,3609188.0
irq,Iraq,1924,3656937.0
irq,Iraq,1925,3705319.0
irq,Iraq,1926,3754341.0
irq,Iraq,1927,3804011.0
irq,Iraq,1928,3854338.0
irq,Iraq,1929,3896924.0
irq,Iraq,1930,3931643.0
irq,Iraq,1931,3958371.0
irq,Iraq,1932,3976978.0
irq,Iraq,1933,3987336.0
irq,Iraq,1934,3997721.0
irq,Iraq,1935,4008133.0
irq,Iraq,1936,4018572.0
irq,Iraq,1937,4029039.0
irq,Iraq,1938,4039532.0
irq,Iraq,1939,4075459.0
irq,Iraq,1940,4137748.0
irq,Iraq,1941,4227355.0
irq,Iraq,1942,4345275.0
irq,Iraq,1943,4492530.0
irq,Iraq,1944,4644776.0
irq,Iraq,1945,4802181.0
irq,Iraq,1946,4964920.0
irq,Iraq,1947,5133175.0
irq,Iraq,1948,5307131.0
irq,Iraq,1949,5480589.0
irq,Iraq,1950,5653350.0
irq,Iraq,1951,5774129.0
irq,Iraq,1952,5913007.0
irq,Iraq,1953,6064248.0
irq,Iraq,1954,6219466.0
irq,Iraq,1955,6366279.0
irq,Iraq,1956,6507500.0
irq,Iraq,1957,6633376.0
irq,Iraq,1958,6741677.0
irq,Iraq,1959,6870380.0
irq,Iraq,1960,7022052.0
irq,Iraq,1961,7194553.0
irq,Iraq,1962,7413875.0
irq,Iraq,1963,7667928.0
irq,Iraq,1964,7929566.0
irq,Iraq,1965,8202140.0
irq,Iraq,1966,8485104.0
irq,Iraq,1967,8778869.0
irq,Iraq,1968,9085016.0
irq,Iraq,1969,9403356.0
irq,Iraq,1970,9735611.0
irq,Iraq,1971,10077809.0
irq,Iraq,1972,10430164.0
irq,Iraq,1973,10795869.0
irq,Iraq,1974,11167761.0
irq,Iraq,1975,11543639.0
irq,Iraq,1976,11927651.0
irq,Iraq,1977,12331046.0
irq,Iraq,1978,12753355.0
irq,Iraq,1979,13170365.0
irq,Iraq,1980,13591992.0
irq,Iraq,1981,14006381.0
irq,Iraq,1982,14406083.0
irq,Iraq,1983,14840555.0
irq,Iraq,1984,15310733.0
irq,Iraq,1985,15683430.0
irq,Iraq,1986,16074145.0
irq,Iraq,1987,16521049.0
irq,Iraq,1988,16908819.0
irq,Iraq,1989,17364542.0
irq,Iraq,1990,17581206.0
irq,Iraq,1991,17767253.0
irq,Iraq,1992,18300845.0
irq,Iraq,1993,19201195.0
irq,Iraq,1994,20139807.0
irq,Iraq,1995,20825860.0
irq,Iraq,1996,21501321.0
irq,Iraq,1997,22176593.0
irq,Iraq,1998,22884399.0
irq,Iraq,1999,23636527.0
irq,Iraq,2000,24424056.0
irq,Iraq,2001,25197840.0
irq,Iraq,2002,26006559.0
irq,Iraq,2003,26802659.0
irq,Iraq,2004,27577878.0
irq,Iraq,2005,28407448.0
irq,Iraq,2006,28616515.0
irq,Iraq,2007,28391607.0
irq,Iraq,2008,28971036.0
irq,Iraq,2009,30058206.0
irq,Iraq,2010,31045366.0
irq,Iraq,2011,32161424.0
irq,Iraq,2012,33654842.0
irq,Iraq,2013,35281989.0
irq,Iraq,2014,36550059.0
irq,Iraq,2015,37560535.0
irq,Iraq,2016,38469627.0
irq,Iraq,2017,39337353.0
irq,Iraq,2018,40265624.0
irq,Iraq,2019,41192171.0
irq,Iraq,2020,42116605.0
irq,Iraq,2021,43071211.0
irq,Iraq,2022,44070551.0
irq,Iraq,2023,45074049.0
irq,Iraq,2024,46042015.0
irq,Iraq,2025,47020774.0
isl,Iceland,1900,77861.0
isl,Iceland,1901,78718.0
isl,Iceland,1902,79626.0
isl,Iceland,1903,80587.0
isl,Iceland,1904,81559.0
isl,Iceland,1905,82543.0
isl,Iceland,1906,83539.0
isl,Iceland,1907,84547.0
isl,Iceland,1908,85567.0
isl,Iceland,1909,86576.0
isl,Iceland,1910,87575.0
isl,Iceland,1911,88561.0
isl,Iceland,1912,89536.0
isl,Iceland,1913,90499.0
isl,Iceland,1914,91471.0
isl,Iceland,1915,92455.0
isl,Iceland,1916,93449.0
isl,Iceland,1917,94453.0
isl,Iceland,1918,95475.0
isl,Iceland,1919,96506.0
isl,Iceland,1920,97545.0
isl,Iceland,1921,98594.0
isl,Iceland,1922,99650.0
isl,Iceland,1923,100716.0
isl,Iceland,1924,101793.0
isl,Iceland,1925,102882.0
isl,Iceland,1926,103982.0
isl,Iceland,1927,105094.0
isl,Iceland,1928,106218.0
isl,Iceland,1929,107350.0
isl,Iceland,1930,108490.0
isl,Iceland,1931,109637.0
isl,Iceland,1932,110792.0
isl,Iceland,1933,111956.0
isl,Iceland,1934,113131.0
isl,Iceland,1935,114319.0
isl,Iceland,1936,115519.0
isl,Iceland,1937,116732.0
isl,Iceland,1938,117957.0
isl,Iceland,1939,119348.0
isl,Iceland,1940,120907.0
isl,Iceland,1941,122639.0
isl,Iceland,1942,124550.0
isl,Iceland,1943,126642.0
isl,Iceland,1944,128770.0
isl,Iceland,1945,130934.0
isl,Iceland,1946,133133.0
isl,Iceland,1947,135370.0
isl,Iceland,1948,137645.0
isl,Iceland,1949,140075.0
isl,Iceland,1950,142667.0
isl,Iceland,1951,145420.0
isl,Iceland,1952,147762.0
isl,Iceland,1953,150742.0
isl,Iceland,1954,154263.0
isl,Iceland,1955,157746.0
isl,Iceland,1956,161079.0
isl,Iceland,1957,164755.0
isl,Iceland,1958,168478.0
isl,Iceland,1959,171994.0
isl,Iceland,1960,175560.0
isl,Iceland,1961,178998.0
isl,Iceland,1962,182341.0
isl,Iceland,1963,185643.0
isl,Iceland,1964,189026.0
isl,Iceland,1965,192333.0
isl,Iceland,1966,195596.0
isl,Iceland,1967,198783.0
isl,Iceland,1968,201504.0
isl,Iceland,1969,203377.0
isl,Iceland,1970,204478.0
isl,Iceland,1971,206161.0
isl,Iceland,1972,209203.0
isl,Iceland,1973,212381.0
isl,Iceland,1974,215266.0
isl,Iceland,1975,218028.0
isl,Iceland,1976,220190.0
isl,Iceland,1977,221834.0
isl,Iceland,1978,223572.0
isl,Iceland,1979,225756.0
isl,Iceland,1980,228144.0
isl,Iceland,1981,230746.0
isl,Iceland,1982,233845.0
isl,Iceland,1983,236964.0
isl,Iceland,1984,239501.0
isl,Iceland,1985,241402.0
isl,Iceland,1986,243184.0
isl,Iceland,1987,245855.0
isl,Iceland,1988,249726.0
isl,Iceland,1989,252851.0
isl,Iceland,1990,254833.0
isl,Iceland,1991,257812.0
isl,Iceland,1992,261085.0
isl,Iceland,1993,263754.0
isl,Iceland,1994,266053.0
isl,Iceland,1995,267510.0
isl,Iceland,1996,268960.0
isl,Iceland,1997,271185.0
isl,Iceland,1998,274111.0
isl,Iceland,1999,277448.0
isl,Iceland,2000,281280.0
isl,Iceland,2001,285053.0
isl,Iceland,2002,287607.0
isl,Iceland,2003,289605.0
isl,Iceland,2004,292168.0
isl,Iceland,2005,296834.0
isl,Iceland,2006,303874.0
isl,Iceland,2007,311651.0
isl,Iceland,2008,317514.0
isl,Iceland,2009,318612.0
isl,Iceland,2010,318158.0
isl,Iceland,2011,319137.0
isl,Iceland,2012,320841.0
isl,Iceland,2013,323885.0
isl,Iceland,2014,327512.0
isl,Iceland,2015,330952.0
isl,Iceland,2016,335574.0
isl,Iceland,2017,343531.0
isl,Iceland,2018,352854.0
isl,Iceland,2019,360700.0
isl,Iceland,2020,366614.0
isl,Iceland,2021,372644.0
isl,Iceland,2022,380356.0
isl,Iceland,2023,387558.0
isl,Iceland,2024,393396.0
isl,Iceland,2025,398266.0
isr,Israel,1900,360335.0
isr,Israel,1901,365150.0
isr,Israel,1902,370102.0
isr,Israel,1903,375193.0
isr,Israel,1904,380354.0
isr,Israel,1905,385586.0
isr,Israel,1906,390890.0
isr,Israel,1907,396267.0
isr,Israel,1908,401718.0
isr,Israel,1909,406861.0
isr,Israel,1910,411690.0
isr,Israel,1911,416196.0
isr,Israel,1912,420372.0
isr,Israel,1913,424209.0
isr,Israel,1914,428081.0
isr,Israel,1915,431988.0
isr,Israel,1916,435931.0
isr,Israel,1917,439909.0
isr,Israel,1918,443978.0
isr,Israel,1919,449592.0
isr,Israel,1920,456806.0
isr,Israel,1921,465674.0
isr,Israel,1922,476253.0
isr,Israel,1923,488601.0
isr,Israel,1924,501269.0
isr,Israel,1925,514265.0
isr,Israel,1926,527598.0
isr,Israel,1927,541277.0
isr,Israel,1928,555310.0
isr,Israel,1929,571604.0
isr,Israel,1930,590297.0
isr,Israel,1931,611535.0
isr,Israel,1932,635470.0
isr,Israel,1933,662262.0
isr,Israel,1934,690185.0
isr,Israel,1935,719285.0
isr,Israel,1936,749611.0
isr,Israel,1937,781216.0
isr,Israel,1938,814154.0
isr,Israel,1939,847661.0
isr,Israel,1940,881730.0
isr,Israel,1941,916353.0
isr,Israel,1942,951520.0
isr,Israel,1943,987220.0
isr,Israel,1944,1024260.0
isr,Israel,1945,1062689.0
isr,Israel,1946,1102560.0
isr,Israel,1947,1143927.0
isr,Israel,1948,1186846.0
isr,Israel,1949,1235149.0
isr,Israel,1950,1289236.0
isr,Israel,1951,1351803.0
isr,Israel,1952,1414216.0
isr,Israel,1953,1476325.0
isr,Israel,1954,1538035.0
isr,Israel,1955,1599497.0
isr,Israel,1956,1660632.0
isr,Israel,1957,1720531.0
isr,Israel,1958,1779006.0
isr,Israel,1959,1836340.0
isr,Israel,1960,1891935.0
isr,Israel,1961,1956884.0
isr,Israel,1962,2040961.0
isr,Israel,1963,2135041.0
isr,Israel,1964,2231855.0
isr,Israel,1965,2331451.0
isr,Israel,1966,2433835.0
isr,Israel,1967,2538657.0
isr,Israel,1968,2645470.0
isr,Israel,1969,2754157.0
isr,Israel,1970,2864778.0
isr,Israel,1971,2977300.0
isr,Israel,1972,3079401.0
isr,Israel,1973,3163044.0
isr,Israel,1974,3239981.0
isr,Israel,1975,3318089.0
isr,Israel,1976,3398267.0
isr,Israel,1977,3479618.0
isr,Israel,1978,3560396.0
isr,Israel,1979,3640874.0
isr,Israel,1980,3721665.0
isr,Israel,1981,3802238.0
isr,Israel,1982,3883632.0
isr,Israel,1983,3959630.0
isr,Israel,1984,4033735.0
isr,Israel,1985,4105359.0
isr,Israel,1986,4168971.0
isr,Israel,1987,4236869.0
isr,Israel,1988,4307320.0
isr,Israel,1989,4381510.0
isr,Israel,1990,4544999.0
isr,Israel,1991,4779890.0
isr,Israel,1992,4957238.0
isr,Israel,1993,5086045.0
isr,Israel,1994,5216699.0
isr,Israel,1995,5354739.0
isr,Israel,1996,5499551.0
isr,Israel,1997,5646473.0
isr,Israel,1998,5790140.0
isr,Israel,1999,5946081.0
isr,Israel,2000,6111190.0
isr,Israel,2001,6259982.0
isr,Israel,2002,6387720.0
isr,Israel,2003,6502820.0
isr,Israel,2004,6615087.0
isr,Israel,2005,6728206.0
isr,Israel,2006,6844032.0
isr,Israel,2007,6962455.0
isr,Israel,2008,7082620.0
isr,Israel,2009,7206096.0
isr,Israel,2010,7336735.0
isr,Israel,2011,7471023.0
isr,Israel,2012,7607780.0
isr,Israel,2013,7749379.0
isr,Israel,2014,7897179.0
isr,Israel,2015,8052908.0
isr,Israel,2016,8210005.0
isr,Israel,2017,8361797.0
isr,Israel,2018,8510067.0
isr,Israel,2019,8657474.0
isr,Israel,2020,8800376.0
isr,Israel,2021,8942924.0
isr,Israel,2022,9103151.0
isr,Israel,2023,9256314.0
isr,Israel,2024,9387021.0
isr,Israel,2025,9517181.0
ita,Italy,1900,33332230.0
ita,Italy,1901,33571285.0
ita,Italy,1902,33827057.0
ita,Italy,1903,34099765.0
ita,Italy,1904,34374669.0
ita,Italy,1905,34651788.0
ita,Italy,1906,34931139.0
ita,Italy,1907,35212740.0
ita,Italy,1908,35496609.0
ita,Italy,1909,35739040.0
ita,Italy,1910,35939621.0
ita,Italy,1911,36097937.0
ita,Italy,1912,36213569.0
ita,Italy,1913,36286096.0
ita,Italy,1914,36358767.0
ita,Italy,1915,36431581.0
ita,Italy,1916,36504539.0
ita,Italy,1917,36577641.0
ita,Italy,1918,36659426.0
ita,Italy,1919,36789163.0
ita,Italy,1920,36967377.0
ita,Italy,1921,37194596.0
ita,Italy,1922,37471353.0
ita,Italy,1923,37798187.0
ita,Italy,1924,38127872.0
ita,Italy,1925,38460433.0
ita,Italy,1926,38795894.0
ita,Italy,1927,39134281.0
ita,Italy,1928,39475620.0
ita,Italy,1929,39817185.0
ita,Italy,1930,40158954.0
ita,Italy,1931,40500907.0
ita,Italy,1932,40843022.0
ita,Italy,1933,41185276.0
ita,Italy,1934,41530398.0
ita,Italy,1935,41878412.0
ita,Italy,1936,42229343.0
ita,Italy,1937,42583214.0
ita,Italy,1938,42940050.0
ita,Italy,1939,43279667.0
ita,Italy,1940,43601797.0
ita,Italy,1941,43906170.0
ita,Italy,1942,44192515.0
ita,Italy,1943,44460554.0
ita,Italy,1944,44730219.0
ita,Italy,1945,45001519.0
ita,Italy,1946,45274465.0
ita,Italy,1947,45549066.0
ita,Italy,1948,45825333.0
ita,Italy,1949,46106187.0
ita,Italy,1950,46391673.0
ita,Italy,1951,46751899.0
ita,Italy,1952,47018179.0
ita,Italy,1953,47410885.0
ita,Italy,1954,47832235.0
ita,Italy,1955,48130818.0
ita,Italy,1956,48401952.0
ita,Italy,1957,48657034.0
ita,Italy,1958,48927099.0
ita,Italy,1959,49219446.0
ita,Italy,1960,49514555.0
ita,Italy,1961,49815249.0
ita,Italy,1962,50170590.0
ita,Italy,1963,50570976.0
ita,Italy,1964,51019579.0
ita,Italy,1965,51480728.0
ita,Italy,1966,51919067.0
ita,Italy,1967,52338334.0
ita,Italy,1968,52712156.0
ita,Italy,1969,53060137.0
ita,Italy,1970,53390236.0
ita,Italy,1971,53707795.0
ita,Italy,1972,54067563.0
ita,Italy,1973,54450567.0
ita,Italy,1974,54821113.0
ita,Italy,1975,55166045.0
ita,Italy,1976,55459416.0
ita,Italy,1977,55714555.0
ita,Italy,1978,55938965.0
ita,Italy,1979,56132380.0
ita,Italy,1980,56412084.0
ita,Italy,1981,56646750.0
ita,Italy,1982,56719175.0
ita,Italy,1983,56766111.0
ita,Italy,1984,56810353.0
ita,Italy,1985,56855501.0
ita,Italy,1986,56875988.0
ita,Italy,1987,56891926.0
ita,Italy,1988,56928751.0
ita,Italy,1989,56976755.0
ita,Italy,1990,57031454.0
ita,Italy,1991,57075393.0
ita,Italy,1992,57124990.0
ita,Italy,1993,57170764.0
ita,Italy,1994,57420138.0
ita,Italy,1995,57403344.0
ita,Italy,1996,57162092.0
ita,Italy,1997,57189274.0
ita,Italy,1998,57215194.0
ita,Italy,1999,57240798.0
ita,Italy,2000,57272196.0
ita,Italy,2001,57305760.0
ita,Italy,2002,57420628.0
ita,Italy,2003,57739699.0
ita,Italy,2004,58176738.0
ita,Italy,2005,58519693.0
ita,Italy,2006,58754433.0
ita,Italy,2007,59108720.0
ita,Italy,2008,59561684.0
ita,Italy,2009,59904010.0
ita,Italy,2010,60164213.0
ita,Italy,2011,60367880.0
ita,Italy,2012,60531515.0
ita,Italy,2013,60653868.0
ita,Italy,2014,60664171.0
ita,Italy,2015,60575316.0
ita,Italy,2016,60478107.0
ita,Italy,2017,60390318.0
ita,Italy,2018,60277499.0
ita,Italy,2019,60130136.0
ita,Italy,2020,59912769.0
ita,Italy,2021,59729350.0
ita,Italy,2022,59619115.0
ita,Italy,2023,59499453.0
ita,Italy,2024,59342867.0
ita,Italy,2025,59146260.0
jam,Jamaica,1900,727574.0
jam,Jamaica,1901,736284.0
jam,Jamaica,1902,745038.0
jam,Jamaica,1903,753838.0
jam,Jamaica,1904,762741.0
jam,Jamaica,1905,771749.0
jam,Jamaica,1906,780864.0
jam,Jamaica,1907,790086.0
jam,Jamaica,1908,799417.0
jam,Jamaica,1909,807888.0
jam,Jamaica,1910,815484.0
jam,Jamaica,1911,822187.0
jam,Jamaica,1912,827982.0
jam,Jamaica,1913,832851.0
jam,Jamaica,1914,837749.0
jam,Jamaica,1915,842675.0
jam,Jamaica,1916,847631.0
jam,Jamaica,1917,852616.0
jam,Jamaica,1918,857450.0
jam,Jamaica,1919,864225.0
jam,Jamaica,1920,872982.0
jam,Jamaica,1921,883767.0
jam,Jamaica,1922,896623.0
jam,Jamaica,1923,911596.0
jam,Jamaica,1924,926819.0
jam,Jamaica,1925,942296.0
jam,Jamaica,1926,958032.0
jam,Jamaica,1927,974030.0
jam,Jamaica,1928,990296.0
jam,Jamaica,1929,1007202.0
jam,Jamaica,1930,1024765.0
jam,Jamaica,1931,1043005.0
jam,Jamaica,1932,1061938.0
jam,Jamaica,1933,1081584.0
jam,Jamaica,1934,1101594.0
jam,Jamaica,1935,1121973.0
jam,Jamaica,1936,1142730.0
jam,Jamaica,1937,1163871.0
jam,Jamaica,1938,1185403.0
jam,Jamaica,1939,1206079.0
jam,Jamaica,1940,1225867.0
jam,Jamaica,1941,1244733.0
jam,Jamaica,1942,1262643.0
jam,Jamaica,1943,1279561.0
jam,Jamaica,1944,1296707.0
jam,Jamaica,1945,1314082.0
jam,Jamaica,1946,1331689.0
jam,Jamaica,1947,1349533.0
jam,Jamaica,1948,1367616.0
jam,Jamaica,1949,1386830.0
jam,Jamaica,1950,1407206.0
jam,Jamaica,1951,1447469.0
jam,Jamaica,1952,1481343.0
jam,Jamaica,1953,1509736.0
jam,Jamaica,1954,1533447.0
jam,Jamaica,1955,1553711.0
jam,Jamaica,1956,1571973.0
jam,Jamaica,1957,1589677.0
jam,Jamaica,1958,1608264.0
jam,Jamaica,1959,1628235.0
jam,Jamaica,1960,1650005.0
jam,Jamaica,1961,1673261.0
jam,Jamaica,1962,1696932.0
jam,Jamaica,1963,1721099.0
jam,Jamaica,1964,1745568.0
jam,Jamaica,1965,1769192.0
jam,Jamaica,1966,1791475.0
jam,Jamaica,1967,1812865.0
jam,Jamaica,1968,1833765.0
jam,Jamaica,1969,1855127.0
jam,Jamaica,1970,1878196.0
jam,Jamaica,1971,1903728.0
jam,Jamaica,1972,1931542.0
jam,Jamaica,1973,1961219.0
jam,Jamaica,1974,1990906.0
jam,Jamaica,1975,2018981.0
jam,Jamaica,1976,2045578.0
jam,Jamaica,1977,2070657.0
jam,Jamaica,1978,2094836.0
jam,Jamaica,1979,2119486.0
jam,Jamaica,1980,2145658.0
jam,Jamaica,1981,2173818.0
jam,Jamaica,1982,2203889.0
jam,Jamaica,1983,2234832.0
jam,Jamaica,1984,2264562.0
jam,Jamaica,1985,2290656.0
jam,Jamaica,1986,2312125.0
jam,Jamaica,1987,2329813.0
jam,Jamaica,1988,2345777.0
jam,Jamaica,1989,2361916.0
jam,Jamaica,1990,2379877.0
jam,Jamaica,1991,2400869.0
jam,Jamaica,1992,2424701.0
jam,Jamaica,1993,2449916.0
jam,Jamaica,1994,2475220.0
jam,Jamaica,1995,2500151.0
jam,Jamaica,1996,2524463.0
jam,Jamaica,1997,2547848.0
jam,Jamaica,1998,2569736.0
jam,Jamaica,1999,2589795.0
jam,Jamaica,2000,2607826.0
jam,Jamaica,2001,2624403.0
jam,Jamaica,2002,2640572.0
jam,Jamaica,2003,2656623.0
jam,Jamaica,2004,2672225.0
jam,Jamaica,2005,2687066.0
jam,Jamaica,2006,2700968.0
jam,Jamaica,2007,2713800.0
jam,Jamaica,2008,2725635.0
jam,Jamaica,2009,2736995.0
jam,Jamaica,2010,2748568.0
jam,Jamaica,2011,2760494.0
jam,Jamaica,2012,2772430.0
jam,Jamaica,2013,2783687.0
jam,Jamaica,2014,2793749.0
jam,Jamaica,2015,2802534.0
jam,Jamaica,2016,2809915.0
jam,Jamaica,2017,2815764.0
jam,Jamaica,2018,2820097.0
jam,Jamaica,2019,2823271.0
jam,Jamaica,2020,2830739.0
jam,Jamaica,2021,2837682.0
jam,Jamaica,2022,2839144.0
jam,Jamaica,2023,2839786.0
jam,Jamaica,2024,2839175.0
jam,Jamaica,2025,2837077.0
jor,Jordan,1900,254600.0
jor,Jordan,1901,256350.0
jor,Jordan,1902,258664.0
jor,Jordan,1903,261547.0
jor,Jordan,1904,264458.0
jor,Jordan,1905,267399.0
jor,Jordan,1906,270368.0
jor,Jordan,1907,273365.0
jor,Jordan,1908,276393.0
jor,Jordan,1909,276533.0
jor,Jordan,1910,273882.0
jor,Jordan,1911,268533.0
jor,Jordan,1912,260574.0
jor,Jordan,1913,250092.0
jor,Jordan,1914,240027.0
jor,Jordan,1915,230364.0
jor,Jordan,1916,221087.0
jor,Jordan,1917,212179.0
jor,Jordan,1918,204440.0
jor,Jordan,1919,199221.0
jor,Jordan,1920,196481.0
jor,Jordan,1921,196182.0
jor,Jordan,1922,198286.0
jor,Jordan,1923,202760.0
jor,Jordan,1924,207335.0
jor,Jordan,1925,212014.0
jor,Jordan,1926,216798.0
jor,Jordan,1927,221690.0
jor,Jordan,1928,226693.0
jor,Jordan,1929,230739.0
jor,Jordan,1930,233807.0
jor,Jordan,1931,235875.0
jor,Jordan,1932,236921.0
jor,Jordan,1933,236921.0
jor,Jordan,1934,236921.0
jor,Jordan,1935,236921.0
jor,Jordan,1936,236921.0
jor,Jordan,1937,236921.0
jor,Jordan,1938,236921.0
jor,Jordan,1939,239984.0
jor,Jordan,1940,246308.0
jor,Jordan,1941,256104.0
jor,Jordan,1942,269596.0
jor,Jordan,1943,287023.0
jor,Jordan,1944,305577.0
jor,Jordan,1945,325331.0
jor,Jordan,1946,346361.0
jor,Jordan,1947,368751.0
jor,Jordan,1948,392588.0
jor,Jordan,1949,415976.0
jor,Jordan,1950,438802.0
jor,Jordan,1951,471151.0
jor,Jordan,1952,506445.0
jor,Jordan,1953,544098.0
jor,Jordan,1954,583846.0
jor,Jordan,1955,625567.0
jor,Jordan,1956,669101.0
jor,Jordan,1957,714355.0
jor,Jordan,1958,760822.0
jor,Jordan,1959,807609.0
jor,Jordan,1960,853471.0
jor,Jordan,1961,897591.0
jor,Jordan,1962,940554.0
jor,Jordan,1963,984714.0
jor,Jordan,1964,1035640.0
jor,Jordan,1965,1099440.0
jor,Jordan,1966,1178360.0
jor,Jordan,1967,1271183.0
jor,Jordan,1968,1372460.0
jor,Jordan,1969,1473100.0
jor,Jordan,1970,1565163.0
jor,Jordan,1971,1645145.0
jor,Jordan,1972,1714555.0
jor,Jordan,1973,1778094.0
jor,Jordan,1974,1839182.0
jor,Jordan,1975,1899055.0
jor,Jordan,1976,1958177.0
jor,Jordan,1977,2019002.0
jor,Jordan,1978,2083595.0
jor,Jordan,1979,2153882.0
jor,Jordan,1980,2234186.0
jor,Jordan,1981,2325517.0
jor,Jordan,1982,2426927.0
jor,Jordan,1983,2537307.0
jor,Jordan,1984,2654688.0
jor,Jordan,1985,2778810.0
jor,Jordan,1986,2909887.0
jor,Jordan,1987,3047634.0
jor,Jordan,1988,3193039.0
jor,Jordan,1989,3349627.0
jor,Jordan,1990,3621908.0
jor,Jordan,1991,3915149.0
jor,Jordan,1992,4127693.0
jor,Jordan,1993,4348020.0
jor,Jordan,1994,4561406.0
jor,Jordan,1995,4752096.0
jor,Jordan,1996,4912516.0
jor,Jordan,1997,5046285.0
jor,Jordan,1998,5164284.0
jor,Jordan,1999,5276444.0
jor,Jordan,2000,5386945.0
jor,Jordan,2001,5498894.0
jor,Jordan,2002,5616066.0
jor,Jordan,2003,5741828.0
jor,Jordan,2004,5882061.0
jor,Jordan,2005,6029587.0
jor,Jordan,2006,6427371.0
jor,Jordan,2007,6827227.0
jor,Jordan,2008,6989866.0
jor,Jordan,2009,7141753.0
jor,Jordan,2010,7297043.0
jor,Jordan,2011,7480424.0
jor,Jordan,2012,7587127.0
jor,Jordan,2013,7991809.0
jor,Jordan,2014,8791710.0
jor,Jordan,2015,9544729.0
jor,Jordan,2016,10006367.0
jor,Jordan,2017,10234226.0
jor,Jordan,2018,10462306.0
jor,Jordan,2019,10671891.0
jor,Jordan,2020,10865228.0
jor,Jordan,2021,11066356.0
jor,Jordan,2022,11256263.0
jor,Jordan,2023,11439213.0
jor,Jordan,2024,11552876.0
jor,Jordan,2025,11520684.0
jpn,Japan,1900,45239465.0
jpn,Japan,1901,45752064.0
jpn,Japan,1902,46288864.0
jpn,Japan,1903,46850347.0
jpn,Japan,1904,47418629.0
jpn,Japan,1905,47993795.0
jpn,Japan,1906,48575925.0
jpn,Japan,1907,49165106.0
jpn,Japan,1908,49761421.0
jpn,Japan,1909,50369032.0
jpn,Japan,1910,50988127.0
jpn,Japan,1911,51618901.0
jpn,Japan,1912,52261548.0
jpn,Japan,1913,52916267.0
jpn,Japan,1914,53579176.0
jpn,Japan,1915,54250377.0
jpn,Japan,1916,54929975.0
jpn,Japan,1917,55618073.0
jpn,Japan,1918,56288161.0
jpn,Japan,1919,56989906.0
jpn,Japan,1920,57724024.0
jpn,Japan,1921,58491241.0
jpn,Japan,1922,59292297.0
jpn,Japan,1923,60127948.0
jpn,Japan,1924,60975376.0
jpn,Japan,1925,61834747.0
jpn,Japan,1926,62706231.0
jpn,Japan,1927,63589997.0
jpn,Japan,1928,64486218.0
jpn,Japan,1929,65378948.0
jpn,Japan,1930,66267930.0
jpn,Japan,1931,67152901.0
jpn,Japan,1932,68033591.0
jpn,Japan,1933,68909724.0
jpn,Japan,1934,69797140.0
jpn,Japan,1935,70695984.0
jpn,Japan,1936,71606404.0
jpn,Japan,1937,72528547.0
jpn,Japan,1938,73462566.0
jpn,Japan,1939,74424693.0
jpn,Japan,1940,75415514.0
jpn,Japan,1941,76435625.0
jpn,Japan,1942,77485635.0
jpn,Japan,1943,78566163.0
jpn,Japan,1944,79661758.0
jpn,Japan,1945,80772631.0
jpn,Japan,1946,81898995.0
jpn,Japan,1947,83041067.0
jpn,Japan,1948,84199064.0
jpn,Japan,1949,85333398.0
jpn,Japan,1950,86443277.0
jpn,Japan,1951,87849926.0
jpn,Japan,1952,89135132.0
jpn,Japan,1953,90324184.0
jpn,Japan,1954,91407673.0
jpn,Japan,1955,92425478.0
jpn,Japan,1956,93342008.0
jpn,Japan,1957,94108977.0
jpn,Japan,1958,94846957.0
jpn,Japan,1959,95622978.0
jpn,Japan,1960,96399754.0
jpn,Japan,1961,97217594.0
jpn,Japan,1962,98076405.0
jpn,Japan,1963,98958231.0
jpn,Japan,1964,99890178.0
jpn,Japan,1965,100916019.0
jpn,Japan,1966,101887835.0
jpn,Japan,1967,102965527.0
jpn,Japan,1968,104237471.0
jpn,Japan,1969,105475170.0
jpn,Japan,1970,106712368.0
jpn,Japan,1971,107952030.0
jpn,Japan,1972,109238955.0
jpn,Japan,1973,110614736.0
jpn,Japan,1974,112009694.0
jpn,Japan,1975,113321196.0
jpn,Japan,1976,114502795.0
jpn,Japan,1977,115574277.0
jpn,Japan,1978,116576944.0
jpn,Japan,1979,117521556.0
jpn,Japan,1980,118358756.0
jpn,Japan,1981,118994053.0
jpn,Japan,1982,119485775.0
jpn,Japan,1983,119948947.0
jpn,Japan,1984,120384394.0
jpn,Japan,1985,120832163.0
jpn,Japan,1986,121366735.0
jpn,Japan,1987,121943587.0
jpn,Japan,1988,122476952.0
jpn,Japan,1989,122947413.0
jpn,Japan,1990,123399765.0
jpn,Japan,1991,123889871.0
jpn,Japan,1992,124383708.0
jpn,Japan,1993,124839958.0
jpn,Japan,1994,125286860.0
jpn,Japan,1995,125672665.0
jpn,Japan,1996,125975302.0
jpn,Japan,1997,126265929.0
jpn,Japan,1998,126549181.0
jpn,Japan,1999,126801564.0
jpn,Japan,2000,127027789.0
jpn,Japan,2001,127260148.0
jpn,Japan,2002,127484598.0
jpn,Japan,2003,127671251.0
jpn,Japan,2004,127815774.0
jpn,Japan,2005,127913330.0
jpn,Japan,2006,127997247.0
jpn,Japan,2007,128087682.0
jpn,Japan,2008,128155990.0
jpn,Japan,2009,128192470.0
jpn,Japan,2010,128185275.0
jpn,Japan,2011,128096432.0
jpn,Japan,2012,127928285.0
jpn,Japan,2013,127723645.0
jpn,Japan,2014,127486605.0
jpn,Japan,2015,127275872.0
jpn,Japan,2016,127159951.0
jpn,Japan,2017,127064690.0
jpn,Japan,2018,126913432.0
jpn,Japan,2019,126699424.0
jpn,Japan,2020,126304543.0
jpn,Japan,2021,125679338.0
jpn,Japan,2022,124997578.0
jpn,Japan,2023,124370947.0
jpn,Japan,2024,123753041.0
jpn,Japan,2025,123103479.0
kaz,Kazakhstan,1900,4222949.0
kaz,Kazakhstan,1901,4261367.0
kaz,Kazakhstan,1902,4300136.0
kaz,Kazakhstan,1903,4339256.0
kaz,Kazakhstan,1904,4378733.0
kaz,Kazakhstan,1905,4418569.0
kaz,Kazakhstan,1906,4458767.0
kaz,Kazakhstan,1907,4499330.0
kaz,Kazakhstan,1908,4540263.0
kaz,Kazakhstan,1909,4581568.0
kaz,Kazakhstan,1910,4623249.0
kaz,Kazakhstan,1911,4665309.0
kaz,Kazakhstan,1912,4707752.0
kaz,Kazakhstan,1913,4750581.0
kaz,Kazakhstan,1914,4793799.0
kaz,Kazakhstan,1915,4837410.0
kaz,Kazakhstan,1916,4881419.0
kaz,Kazakhstan,1917,4925827.0
kaz,Kazakhstan,1918,4971030.0
kaz,Kazakhstan,1919,5016647.0
kaz,Kazakhstan,1920,5062683.0
kaz,Kazakhstan,1921,5109141.0
kaz,Kazakhstan,1922,5156025.0
kaz,Kazakhstan,1923,5203340.0
kaz,Kazakhstan,1924,5251089.0
kaz,Kazakhstan,1925,5299276.0
kaz,Kazakhstan,1926,5347906.0
kaz,Kazakhstan,1927,5396981.0
kaz,Kazakhstan,1928,5446507.0
kaz,Kazakhstan,1929,5496488.0
kaz,Kazakhstan,1930,5546927.0
kaz,Kazakhstan,1931,5597829.0
kaz,Kazakhstan,1932,5649198.0
kaz,Kazakhstan,1933,5701038.0
kaz,Kazakhstan,1934,5753355.0
kaz,Kazakhstan,1935,5806151.0
kaz,Kazakhstan,1936,5859432.0
kaz,Kazakhstan,1937,5913201.0
kaz,Kazakhstan,1938,5967464.0
kaz,Kazakhstan,1939,6022226.0
kaz,Kazakhstan,1940,6077489.0
kaz,Kazakhstan,1941,6133260.0
kaz,Kazakhstan,1942,6189542.0
kaz,Kazakhstan,1943,6246341.0
kaz,Kazakhstan,1944,6303662.0
kaz,Kazakhstan,1945,6361508.0
kaz,Kazakhstan,1946,6419885.0
kaz,Kazakhstan,1947,6478798.0
kaz,Kazakhstan,1948,6538251.0
kaz,Kazakhstan,1949,6640332.0
kaz,Kazakhstan,1950,6787149.0
kaz,Kazakhstan,1951,7020908.0
kaz,Kazakhstan,1952,7258809.0
kaz,Kazakhstan,1953,7498490.0
kaz,Kazakhstan,1954,7742030.0
kaz,Kazakhstan,1955,7993631.0
kaz,Kazakhstan,1956,8256701.0
kaz,Kazakhstan,1957,8533900.0
kaz,Kazakhstan,1958,8822641.0
kaz,Kazakhstan,1959,9122175.0
kaz,Kazakhstan,1960,9429981.0
kaz,Kazakhstan,1961,9742085.0
kaz,Kazakhstan,1962,10058928.0
kaz,Kazakhstan,1963,10377466.0
kaz,Kazakhstan,1964,10690309.0
kaz,Kazakhstan,1965,10993183.0
kaz,Kazakhstan,1966,11288989.0
kaz,Kazakhstan,1967,11584428.0
kaz,Kazakhstan,1968,11879182.0
kaz,Kazakhstan,1969,12156212.0
kaz,Kazakhstan,1970,12419057.0
kaz,Kazakhstan,1971,12684813.0
kaz,Kazakhstan,1972,12951798.0
kaz,Kazakhstan,1973,13208121.0
kaz,Kazakhstan,1974,13454570.0
kaz,Kazakhstan,1975,13700843.0
kaz,Kazakhstan,1976,13998738.0
kaz,Kazakhstan,1977,14353265.0
kaz,Kazakhstan,1978,14711497.0
kaz,Kazakhstan,1979,14978696.0
kaz,Kazakhstan,1980,15152949.0
kaz,Kazakhstan,1981,15323082.0
kaz,Kazakhstan,1982,15492595.0
kaz,Kazakhstan,1983,15665551.0
kaz,Kazakhstan,1984,15844621.0
kaz,Kazakhstan,1985,16031090.0
kaz,Kazakhstan,1986,16262702.0
kaz,Kazakhstan,1987,16527715.0
kaz,Kazakhstan,1988,16781168.0
kaz,Kazakhstan,1989,16997013.0
kaz,Kazakhstan,1990,17154054.0
kaz,Kazakhstan,1991,17278600.0
kaz,Kazakhstan,1992,17332625.0
kaz,Kazakhstan,1993,17274487.0
kaz,Kazakhstan,1994,17043771.0
kaz,Kazakhstan,1995,16730536.0
kaz,Kazakhstan,1996,16416027.0
kaz,Kazakhstan,1997,16043251.0
kaz,Kazakhstan,1998,15647785.0
kaz,Kazakhstan,1999,15455874.0
kaz,Kazakhstan,2000,15501103.0
kaz,Kazakhstan,2001,15575550.0
kaz,Kazakhstan,2002,15656677.0
kaz,Kazakhstan,2003,15747380.0
kaz,Kazakhstan,2004,15850159.0
kaz,Kazakhstan,2005,15968117.0
kaz,Kazakhstan,2006,16103716.0
kaz,Kazakhstan,2007,16257214.0
kaz,Kazakhstan,2008,16426525.0
kaz,Kazakhstan,2009,16619846.0
kaz,Kazakhstan,2010,16836810.0
kaz,Kazakhstan,2011,17066002.0
kaz,Kazakhstan,2012,17306106.0
kaz,Kazakhstan,2013,17556502.0
kaz,Kazakhstan,2014,17816285.0
kaz,Kazakhstan,2015,18084169.0
kaz,Kazakhstan,2016,18363600.0
kaz,Kazakhstan,2017,18651931.0
kaz,Kazakhstan,2018,18932727.0
kaz,Kazakhstan,2019,19209555.0
kaz,Kazakhstan,2020,19482117.0
kaz,Kazakhstan,2021,19743603.0
kaz,Kazakhstan,2022,20034609.0
kaz,Kazakhstan,2023,20330104.0
kaz,Kazakhstan,2024,20592571.0
kaz,Kazakhstan,2025,20843754.0
ken,Kenya,1900,3948167.0
ken,Kenya,1901,3917849.0
ken,Kenya,1902,3885401.0
ken,Kenya,1903,3850858.0
ken,Kenya,1904,3816618.0
ken,Kenya,1905,3782680.0
ken,Kenya,1906,3749041.0
ken,Kenya,1907,3715697.0
ken,Kenya,1908,3682648.0
ken,Kenya,1909,3654233.0
ken,Kenya,1910,3630397.0
ken,Kenya,1911,3611081.0
ken,Kenya,1912,3596230.0
ken,Kenya,1913,3585786.0
ken,Kenya,1914,3575369.0
ken,Kenya,1915,3564980.0
ken,Kenya,1916,3554619.0
ken,Kenya,1917,3544284.0
ken,Kenya,1918,3537195.0
ken,Kenya,1919,3543509.0
ken,Kenya,1920,3563424.0
ken,Kenya,1921,3597147.0
ken,Kenya,1922,3644884.0
ken,Kenya,1923,3706847.0
ken,Kenya,1924,3769863.0
ken,Kenya,1925,3833951.0
ken,Kenya,1926,3899128.0
ken,Kenya,1927,3965414.0
ken,Kenya,1928,4032826.0
ken,Kenya,1929,4098882.0
ken,Kenya,1930,4163524.0
ken,Kenya,1931,4226692.0
ken,Kenya,1932,4288326.0
ken,Kenya,1933,4348363.0
ken,Kenya,1934,4409240.0
ken,Kenya,1935,4470969.0
ken,Kenya,1936,4533563.0
ken,Kenya,1937,4597032.0
ken,Kenya,1938,4661391.0
ken,Kenya,1939,4730484.0
ken,Kenya,1940,4804447.0
ken,Kenya,1941,4883418.0
ken,Kenya,1942,4967539.0
ken,Kenya,1943,5056954.0
ken,Kenya,1944,5147980.0
ken,Kenya,1945,5240643.0
ken,Kenya,1946,5334975.0
ken,Kenya,1947,5431004.0
ken,Kenya,1948,5528763.0
ken,Kenya,1949,5641274.0
ken,Kenya,1950,5769185.0
ken,Kenya,1951,5893575.0
ken,Kenya,1952,6033294.0
ken,Kenya,1953,6183891.0
ken,Kenya,1954,6348141.0
ken,Kenya,1955,6529297.0
ken,Kenya,1956,6727690.0
ken,Kenya,1957,6944868.0
ken,Kenya,1958,7174789.0
ken,Kenya,1959,7422745.0
ken,Kenya,1960,7695307.0
ken,Kenya,1961,7987770.0
ken,Kenya,1962,8299308.0
ken,Kenya,1963,8627971.0
ken,Kenya,1964,8973535.0
ken,Kenya,1965,9338078.0
ken,Kenya,1966,9717816.0
ken,Kenya,1967,10111057.0
ken,Kenya,1968,10518823.0
ken,Kenya,1969,10939695.0
ken,Kenya,1970,11368791.0
ken,Kenya,1971,11788904.0
ken,Kenya,1972,12206060.0
ken,Kenya,1973,12634835.0
ken,Kenya,1974,13070078.0
ken,Kenya,1975,13511671.0
ken,Kenya,1976,13957623.0
ken,Kenya,1977,14428819.0
ken,Kenya,1978,14934126.0
ken,Kenya,1979,15460666.0
ken,Kenya,1980,16018459.0
ken,Kenya,1981,16601507.0
ken,Kenya,1982,17206175.0
ken,Kenya,1983,17846374.0
ken,Kenya,1984,18514906.0
ken,Kenya,1985,19201768.0
ken,Kenya,1986,19901646.0
ken,Kenya,1987,20616096.0
ken,Kenya,1988,21356219.0
ken,Kenya,1989,22118434.0
ken,Kenya,1990,22892651.0
ken,Kenya,1991,23646514.0
ken,Kenya,1992,24382460.0
ken,Kenya,1993,25117188.0
ken,Kenya,1994,25857130.0
ken,Kenya,1995,26601751.0
ken,Kenya,1996,27344211.0
ken,Kenya,1997,28101768.0
ken,Kenya,1998,28888057.0
ken,Kenya,1999,29733408.0
ken,Kenya,2000,30642890.0
ken,Kenya,2001,31619170.0
ken,Kenya,2002,32629808.0
ken,Kenya,2003,33652223.0
ken,Kenya,2004,34713455.0
ken,Kenya,2005,35796484.0
ken,Kenya,2006,36904008.0
ken,Kenya,2007,38036349.0
ken,Kenya,2008,39206351.0
ken,Kenya,2009,40408891.0
ken,Kenya,2010,41598567.0
ken,Kenya,2011,42758461.0
ken,Kenya,2012,43888303.0
ken,Kenya,2013,44986791.0
ken,Kenya,2014,46051440.0
ken,Kenya,2015,47088526.0
ken,Kenya,2016,48139687.0
ken,Kenya,2017,49197766.0
ken,Kenya,2018,50207107.0
ken,Kenya,2019,51202827.0
ken,Kenya,2020,52217334.0
ken,Kenya,2021,53219166.0
ken,Kenya,2022,54252461.0
ken,Kenya,2023,55339003.0
ken,Kenya,2024,56432944.0
ken,Kenya,2025,57532493.0
kgz,Kyrgyz Republic,1900,1100535.0
kgz,Kyrgyz Republic,1901,1110616.0
kgz,Kyrgyz Republic,1902,1120789.0
kgz,Kyrgyz Republic,1903,1131055.0
kgz,Kyrgyz Republic,1904,1141415.0
kgz,Kyrgyz Republic,1905,1151870.0
kgz,Kyrgyz Republic,1906,1162421.0
kgz,Kyrgyz Republic,1907,1173069.0
kgz,Kyrgyz Republic,1908,1183814.0
kgz,Kyrgyz Republic,1909,1194657.0
kgz,Kyrgyz Republic,1910,1205600.0
kgz,Kyrgyz Republic,1911,1216643.0
kgz,Kyrgyz Republic,1912,1227787.0
kgz,Kyrgyz Republic,1913,1239033.0
kgz,Kyrgyz Republic,1914,1250382.0
kgz,Kyrgyz Republic,1915,1261835.0
kgz,Kyrgyz Republic,1916,1273393.0
kgz,Kyrgyz Republic,1917,1285057.0
kgz,Kyrgyz Republic,1918,1296850.0
kgz,Kyrgyz Republic,1919,1308750.0
kgz,Kyrgyz Republic,1920,1320760.0
kgz,Kyrgyz Republic,1921,1332880.0
kgz,Kyrgyz Republic,1922,1345112.0
kgz,Kyrgyz Republic,1923,1357455.0
kgz,Kyrgyz Republic,1924,1369912.0
kgz,Kyrgyz Republic,1925,1382483.0
kgz,Kyrgyz Republic,1926,1395170.0
kgz,Kyrgyz Republic,1927,1407973.0
kgz,Kyrgyz Republic,1928,1420893.0
kgz,Kyrgyz Republic,1929,1433932.0
kgz,Kyrgyz Republic,1930,1447091.0
kgz,Kyrgyz Republic,1931,1460370.0
kgz,Kyrgyz Republic,1932,1473771.0
kgz,Kyrgyz Republic,1933,1487296.0
kgz,Kyrgyz Republic,1934,1500944.0
kgz,Kyrgyz Republic,1935,1514718.0
kgz,Kyrgyz Republic,1936,1528618.0
kgz,Kyrgyz Republic,1937,1542645.0
kgz,Kyrgyz Republic,1938,1556801.0
kgz,Kyrgyz Republic,1939,1571087.0
kgz,Kyrgyz Republic,1940,1585505.0
kgz,Kyrgyz Republic,1941,1600054.0
kgz,Kyrgyz Republic,1942,1614737.0
kgz,Kyrgyz Republic,1943,1629555.0
kgz,Kyrgyz Republic,1944,1644509.0
kgz,Kyrgyz Republic,1945,1659600.0
kgz,Kyrgyz Republic,1946,1674830.0
kgz,Kyrgyz Republic,1947,1690199.0
kgz,Kyrgyz Republic,1948,1705709.0
kgz,Kyrgyz Republic,1949,1725973.0
kgz,Kyrgyz Republic,1950,1751139.0
kgz,Kyrgyz Republic,1951,1787522.0
kgz,Kyrgyz Republic,1952,1824591.0
kgz,Kyrgyz Republic,1953,1862532.0
kgz,Kyrgyz Republic,1954,1902145.0
kgz,Kyrgyz Republic,1955,1944403.0
kgz,Kyrgyz Republic,1956,1989620.0
kgz,Kyrgyz Republic,1957,2038327.0
kgz,Kyrgyz Republic,1958,2090854.0
kgz,Kyrgyz Republic,1959,2149295.0
kgz,Kyrgyz Republic,1960,2215508.0
kgz,Kyrgyz Republic,1961,2288666.0
kgz,Kyrgyz Republic,1962,2367294.0
kgz,Kyrgyz Republic,1963,2449242.0
kgz,Kyrgyz Republic,1964,2532151.0
kgz,Kyrgyz Republic,1965,2615057.0
kgz,Kyrgyz Republic,1966,2697633.0
kgz,Kyrgyz Republic,1967,2780169.0
kgz,Kyrgyz Republic,1968,2862894.0
kgz,Kyrgyz Republic,1969,2944840.0
kgz,Kyrgyz Republic,1970,3025142.0
kgz,Kyrgyz Republic,1971,3101442.0
kgz,Kyrgyz Republic,1972,3173944.0
kgz,Kyrgyz Republic,1973,3244870.0
kgz,Kyrgyz Republic,1974,3314021.0
kgz,Kyrgyz Republic,1975,3381363.0
kgz,Kyrgyz Republic,1976,3447005.0
kgz,Kyrgyz Republic,1977,3514121.0
kgz,Kyrgyz Republic,1978,3584523.0
kgz,Kyrgyz Republic,1979,3656189.0
kgz,Kyrgyz Republic,1980,3729374.0
kgz,Kyrgyz Republic,1981,3804456.0
kgz,Kyrgyz Republic,1982,3882811.0
kgz,Kyrgyz Republic,1983,3965758.0
kgz,Kyrgyz Republic,1984,4039347.0
kgz,Kyrgyz Republic,1985,4102391.0
kgz,Kyrgyz Republic,1986,4168593.0
kgz,Kyrgyz Republic,1987,4238467.0
kgz,Kyrgyz Republic,1988,4308017.0
kgz,Kyrgyz Republic,1989,4382001.0
kgz,Kyrgyz Republic,1990,4459543.0
kgz,Kyrgyz Republic,1991,4532116.0
kgz,Kyrgyz Republic,1992,4600310.0
kgz,Kyrgyz Republic,1993,4626803.0
kgz,Kyrgyz Republic,1994,4649185.0
kgz,Kyrgyz Republic,1995,4713635.0
kgz,Kyrgyz Republic,1996,4782882.0
kgz,Kyrgyz Republic,1997,4847993.0
kgz,Kyrgyz Republic,1998,4907791.0
kgz,Kyrgyz Republic,1999,4968587.0
kgz,Kyrgyz Republic,2000,5025145.0
kgz,Kyrgyz Republic,2001,5071956.0
kgz,Kyrgyz Republic,2002,5116254.0
kgz,Kyrgyz Republic,2003,5159422.0
kgz,Kyrgyz Republic,2004,5203041.0
kgz,Kyrgyz Republic,2005,5246332.0
kgz,Kyrgyz Republic,2006,5282453.0
kgz,Kyrgyz Republic,2007,5313368.0
kgz,Kyrgyz Republic,2008,5342520.0
kgz,Kyrgyz Republic,2009,5398007.0
kgz,Kyrgyz Republic,2010,5491761.0
kgz,Kyrgyz Republic,2011,5594535.0
kgz,Kyrgyz Republic,2012,5696519.0
kgz,Kyrgyz Republic,2013,5797289.0
kgz,Kyrgyz Republic,2014,5898319.0
kgz,Kyrgyz Republic,2015,6001882.0
kgz,Kyrgyz Republic,2016,6108462.0
kgz,Kyrgyz Republic,2017,6220150.0
kgz,Kyrgyz Republic,2018,6341732.0
kgz,Kyrgyz Republic,2019,6494035.0
kgz,Kyrgyz Republic,2020,6664140.0
kgz,Kyrgyz Republic,2021,6820479.0
kgz,Kyrgyz Republic,2022,6955788.0
kgz,Kyrgyz Republic,2023,7073516.0
kgz,Kyrgyz Republic,2024,7186009.0
kgz,Kyrgyz Republic,2025,7295034.0
khm,Cambodia,1900,2837014.0
khm,Cambodia,1901,2855700.0
khm,Cambodia,1902,2874510.0
khm,Cambodia,1903,2893443.0
khm,Cambodia,1904,2912501.0
khm,Cambodia,1905,2931684.0
khm,Cambodia,1906,2950994.0
khm,Cambodia,1907,2970430.0
khm,Cambodia,1908,2989994.0
khm,Cambodia,1909,3002841.0
khm,Cambodia,1910,3008960.0
khm,Cambodia,1911,3008341.0
khm,Cambodia,1912,3000971.0
khm,Cambodia,1913,2986842.0
khm,Cambodia,1914,2972778.0
khm,Cambodia,1915,2958781.0
khm,Cambodia,1916,2944849.0
khm,Cambodia,1917,2930983.0
khm,Cambodia,1918,2917835.0
khm,Cambodia,1919,2904747.0
khm,Cambodia,1920,2891716.0
khm,Cambodia,1921,2878745.0
khm,Cambodia,1922,2865831.0
khm,Cambodia,1923,2852976.0
khm,Cambodia,1924,2840178.0
khm,Cambodia,1925,2827438.0
khm,Cambodia,1926,2814754.0
khm,Cambodia,1927,2802128.0
khm,Cambodia,1928,2789558.0
khm,Cambodia,1929,2784081.0
khm,Cambodia,1930,2785724.0
khm,Cambodia,1931,2794512.0
khm,Cambodia,1932,2810472.0
khm,Cambodia,1933,2833632.0
khm,Cambodia,1934,2856983.0
khm,Cambodia,1935,2880527.0
khm,Cambodia,1936,2904264.0
khm,Cambodia,1937,2928198.0
khm,Cambodia,1938,2952328.0
khm,Cambodia,1939,2995196.0
khm,Cambodia,1940,3057681.0
khm,Cambodia,1941,3140699.0
khm,Cambodia,1942,3245201.0
khm,Cambodia,1943,3372180.0
khm,Cambodia,1944,3504128.0
khm,Cambodia,1945,3641238.0
khm,Cambodia,1946,3783713.0
khm,Cambodia,1947,3931763.0
khm,Cambodia,1948,4085605.0
khm,Cambodia,1949,4233614.0
khm,Cambodia,1950,4375257.0
khm,Cambodia,1951,4475692.0
khm,Cambodia,1952,4577961.0
khm,Cambodia,1953,4680450.0
khm,Cambodia,1954,4783833.0
khm,Cambodia,1955,4890372.0
khm,Cambodia,1956,4999484.0
khm,Cambodia,1957,5110434.0
khm,Cambodia,1958,5220834.0
khm,Cambodia,1959,5332930.0
khm,Cambodia,1960,5449966.0
khm,Cambodia,1961,5571168.0
khm,Cambodia,1962,5697558.0
khm,Cambodia,1963,5823010.0
khm,Cambodia,1964,5946178.0
khm,Cambodia,1965,6072289.0
khm,Cambodia,1966,6201232.0
khm,Cambodia,1967,6332944.0
khm,Cambodia,1968,6467324.0
khm,Cambodia,1969,6604725.0
khm,Cambodia,1970,6639182.0
khm,Cambodia,1971,6620880.0
khm,Cambodia,1972,6673886.0
khm,Cambodia,1973,6739726.0
khm,Cambodia,1974,6783240.0
khm,Cambodia,1975,6581371.0
khm,Cambodia,1976,6134991.0
khm,Cambodia,1977,5668551.0
khm,Cambodia,1978,5211653.0
khm,Cambodia,1979,5088808.0
khm,Cambodia,1980,5199872.0
khm,Cambodia,1981,5284495.0
khm,Cambodia,1982,5436432.0
khm,Cambodia,1983,5636203.0
khm,Cambodia,1984,5845117.0
khm,Cambodia,1985,6043783.0
khm,Cambodia,1986,6285693.0
khm,Cambodia,1987,6557970.0
khm,Cambodia,1988,6812014.0
khm,Cambodia,1989,7073473.0
khm,Cambodia,1990,7374752.0
khm,Cambodia,1991,7686850.0
khm,Cambodia,1992,8113083.0
khm,Cambodia,1993,8616381.0
khm,Cambodia,1994,9239162.0
khm,Cambodia,1995,10018497.0
khm,Cambodia,1996,10801270.0
khm,Cambodia,1997,11570982.0
khm,Cambodia,1998,12058173.0
khm,Cambodia,1999,12265731.0
khm,Cambodia,2000,12462336.0
khm,Cambodia,2001,12658484.0
khm,Cambodia,2002,12855241.0
khm,Cambodia,2003,13050968.0
khm,Cambodia,2004,13244731.0
khm,Cambodia,2005,13439202.0
khm,Cambodia,2006,13639028.0
khm,Cambodia,2007,13841770.0
khm,Cambodia,2008,14053479.0
khm,Cambodia,2009,14276810.0
khm,Cambodia,2010,14500726.0
khm,Cambodia,2011,14722584.0
khm,Cambodia,2012,14945085.0
khm,Cambodia,2013,15170208.0
khm,Cambodia,2014,15396772.0
khm,Cambodia,2015,15623251.0
khm,Cambodia,2016,15852803.0
khm,Cambodia,2017,16073372.0
khm,Cambodia,2018,16274522.0
khm,Cambodia,2019,16481304.0
khm,Cambodia,2020,16725474.0
khm,Cambodia,2021,16974305.0
khm,Cambodia,2022,17201724.0
khm,Cambodia,2023,17423880.0
khm,Cambodia,2024,17638801.0
khm,Cambodia,2025,17847982.0
kir,Kiribati,1900,28664.0
kir,Kiribati,1901,28851.0
kir,Kiribati,1902,29038.0
kir,Kiribati,1903,29227.0
kir,Kiribati,1904,29416.0
kir,Kiribati,1905,29607.0
kir,Kiribati,1906,29799.0
kir,Kiribati,1907,29992.0
kir,Kiribati,1908,30187.0
kir,Kiribati,1909,30382.0
kir,Kiribati,1910,30579.0
kir,Kiribati,1911,30777.0
kir,Kiribati,1912,30976.0
kir,Kiribati,1913,31176.0
kir,Kiribati,1914,31378.0
kir,Kiribati,1915,31580.0
kir,Kiribati,1916,31784.0
kir,Kiribati,1917,31990.0
kir,Kiribati,1918,32144.0
kir,Kiribati,1919,32299.0
kir,Kiribati,1920,32455.0
kir,Kiribati,1921,32612.0
kir,Kiribati,1922,32770.0
kir,Kiribati,1923,32928.0
kir,Kiribati,1924,33087.0
kir,Kiribati,1925,33247.0
kir,Kiribati,1926,33408.0
kir,Kiribati,1927,33569.0
kir,Kiribati,1928,33731.0
kir,Kiribati,1929,33894.0
kir,Kiribati,1930,34058.0
kir,Kiribati,1931,34222.0
kir,Kiribati,1932,34388.0
kir,Kiribati,1933,34554.0
kir,Kiribati,1934,34721.0
kir,Kiribati,1935,34889.0
kir,Kiribati,1936,35057.0
kir,Kiribati,1937,35227.0
kir,Kiribati,1938,35397.0
kir,Kiribati,1939,35568.0
kir,Kiribati,1940,35740.0
kir,Kiribati,1941,35912.0
kir,Kiribati,1942,36086.0
kir,Kiribati,1943,36260.0
kir,Kiribati,1944,36435.0
kir,Kiribati,1945,36611.0
kir,Kiribati,1946,36788.0
kir,Kiribati,1947,36966.0
kir,Kiribati,1948,37144.0
kir,Kiribati,1949,37437.0
kir,Kiribati,1950,37846.0
kir,Kiribati,1951,38622.0
kir,Kiribati,1952,39426.0
kir,Kiribati,1953,40264.0
kir,Kiribati,1954,41132.0
kir,Kiribati,1955,42041.0
kir,Kiribati,1956,42991.0
kir,Kiribati,1957,43974.0
kir,Kiribati,1958,44986.0
kir,Kiribati,1959,46044.0
kir,Kiribati,1960,47157.0
kir,Kiribati,1961,48323.0
kir,Kiribati,1962,49538.0
kir,Kiribati,1963,50791.0
kir,Kiribati,1964,52088.0
kir,Kiribati,1965,53439.0
kir,Kiribati,1966,54425.0
kir,Kiribati,1967,54996.0
kir,Kiribati,1968,55529.0
kir,Kiribati,1969,56360.0
kir,Kiribati,1970,57510.0
kir,Kiribati,1971,58652.0
kir,Kiribati,1972,59778.0
kir,Kiribati,1973,60824.0
kir,Kiribati,1974,61219.0
kir,Kiribati,1975,60987.0
kir,Kiribati,1976,60661.0
kir,Kiribati,1977,60267.0
kir,Kiribati,1978,59864.0
kir,Kiribati,1979,60172.0
kir,Kiribati,1980,61148.0
kir,Kiribati,1981,62121.0
kir,Kiribati,1982,63134.0
kir,Kiribati,1983,64169.0
kir,Kiribati,1984,65228.0
kir,Kiribati,1985,66496.0
kir,Kiribati,1986,68059.0
kir,Kiribati,1987,69733.0
kir,Kiribati,1988,71427.0
kir,Kiribati,1989,73147.0
kir,Kiribati,1990,74855.0
kir,Kiribati,1991,76367.0
kir,Kiribati,1992,77641.0
kir,Kiribati,1993,78841.0
kir,Kiribati,1994,80021.0
kir,Kiribati,1995,81234.0
kir,Kiribati,1996,82623.0
kir,Kiribati,1997,84147.0
kir,Kiribati,1998,85657.0
kir,Kiribati,1999,87126.0
kir,Kiribati,2000,88613.0
kir,Kiribati,2001,90335.0
kir,Kiribati,2002,92264.0
kir,Kiribati,2003,94175.0
kir,Kiribati,2004,96085.0
kir,Kiribati,2005,98035.0
kir,Kiribati,2006,100017.0
kir,Kiribati,2007,102068.0
kir,Kiribati,2008,104222.0
kir,Kiribati,2009,106467.0
kir,Kiribati,2010,108704.0
kir,Kiribati,2011,110647.0
kir,Kiribati,2012,112284.0
kir,Kiribati,2013,113838.0
kir,Kiribati,2014,115326.0
kir,Kiribati,2015,116815.0
kir,Kiribati,2016,118478.0
kir,Kiribati,2017,120275.0
kir,Kiribati,2018,122084.0
kir,Kiribati,2019,123921.0
kir,Kiribati,2020,126099.0
kir,Kiribati,2021,128377.0
kir,Kiribati,2022,130469.0
kir,Kiribati,2023,132530.0
kir,Kiribati,2024,134518.0
kir,Kiribati,2025,136488.0
kna,St. Kitts and Nevis,1900,48186.0
kna,St. Kitts and Nevis,1901,47955.0
kna,St. Kitts and Nevis,1902,47702.0
kna,St. Kitts and Nevis,1903,47425.0
kna,St. Kitts and Nevis,1904,47150.0
kna,St. Kitts and Nevis,1905,46877.0
kna,St. Kitts and Nevis,1906,46605.0
kna,St. Kitts and Nevis,1907,46335.0
kna,St. Kitts and Nevis,1908,46067.0
kna,St. Kitts and Nevis,1909,45725.0
kna,St. Kitts and Nevis,1910,45312.0
kna,St. Kitts and Nevis,1911,44828.0
kna,St. Kitts and Nevis,1912,44275.0
kna,St. Kitts and Nevis,1913,43655.0
kna,St. Kitts and Nevis,1914,43044.0
kna,St. Kitts and Nevis,1915,42441.0
kna,St. Kitts and Nevis,1916,41847.0
kna,St. Kitts and Nevis,1917,41260.0
kna,St. Kitts and Nevis,1918,40645.0
kna,St. Kitts and Nevis,1919,40135.0
kna,St. Kitts and Nevis,1920,39728.0
kna,St. Kitts and Nevis,1921,39423.0
kna,St. Kitts and Nevis,1922,39217.0
kna,St. Kitts and Nevis,1923,39110.0
kna,St. Kitts and Nevis,1924,39003.0
kna,St. Kitts and Nevis,1925,38896.0
kna,St. Kitts and Nevis,1926,38790.0
kna,St. Kitts and Nevis,1927,38684.0
kna,St. Kitts and Nevis,1928,38578.0
kna,St. Kitts and Nevis,1929,38535.0
kna,St. Kitts and Nevis,1930,38555.0
kna,St. Kitts and Nevis,1931,38638.0
kna,St. Kitts and Nevis,1932,38785.0
kna,St. Kitts and Nevis,1933,38995.0
kna,St. Kitts and Nevis,1934,39207.0
kna,St. Kitts and Nevis,1935,39419.0
kna,St. Kitts and Nevis,1936,39633.0
kna,St. Kitts and Nevis,1937,39848.0
kna,St. Kitts and Nevis,1938,40064.0
kna,St. Kitts and Nevis,1939,40363.0
kna,St. Kitts and Nevis,1940,40747.0
kna,St. Kitts and Nevis,1941,41218.0
kna,St. Kitts and Nevis,1942,41778.0
kna,St. Kitts and Nevis,1943,42427.0
kna,St. Kitts and Nevis,1944,43087.0
kna,St. Kitts and Nevis,1945,43757.0
kna,St. Kitts and Nevis,1946,44438.0
kna,St. Kitts and Nevis,1947,45129.0
kna,St. Kitts and Nevis,1948,45831.0
kna,St. Kitts and Nevis,1949,46532.0
kna,St. Kitts and Nevis,1950,47232.0
kna,St. Kitts and Nevis,1951,48309.0
kna,St. Kitts and Nevis,1952,49389.0
kna,St. Kitts and Nevis,1953,50443.0
kna,St. Kitts and Nevis,1954,51343.0
kna,St. Kitts and Nevis,1955,52134.0
kna,St. Kitts and Nevis,1956,52974.0
kna,St. Kitts and Nevis,1957,53821.0
kna,St. Kitts and Nevis,1958,54644.0
kna,St. Kitts and Nevis,1959,55469.0
kna,St. Kitts and Nevis,1960,55810.0
kna,St. Kitts and Nevis,1961,55334.0
kna,St. Kitts and Nevis,1962,54461.0
kna,St. Kitts and Nevis,1963,53441.0
kna,St. Kitts and Nevis,1964,52326.0
kna,St. Kitts and Nevis,1965,51139.0
kna,St. Kitts and Nevis,1966,49898.0
kna,St. Kitts and Nevis,1967,48605.0
kna,St. Kitts and Nevis,1968,47245.0
kna,St. Kitts and Nevis,1969,45731.0
kna,St. Kitts and Nevis,1970,44606.0
kna,St. Kitts and Nevis,1971,44206.0
kna,St. Kitts and Nevis,1972,44033.0
kna,St. Kitts and Nevis,1973,43880.0
kna,St. Kitts and Nevis,1974,43738.0
kna,St. Kitts and Nevis,1975,43606.0
kna,St. Kitts and Nevis,1976,43482.0
kna,St. Kitts and Nevis,1977,43358.0
kna,St. Kitts and Nevis,1978,43217.0
kna,St. Kitts and Nevis,1979,43033.0
kna,St. Kitts and Nevis,1980,42850.0
kna,St. Kitts and Nevis,1981,42698.0
kna,St. Kitts and Nevis,1982,42532.0
kna,St. Kitts and Nevis,1983,42334.0
kna,St. Kitts and Nevis,1984,42113.0
kna,St. Kitts and Nevis,1985,41874.0
kna,St. Kitts and Nevis,1986,41618.0
kna,St. Kitts and Nevis,1987,41348.0
kna,St. Kitts and Nevis,1988,41062.0
kna,St. Kitts and Nevis,1989,40758.0
kna,St. Kitts and Nevis,1990,40432.0
kna,St. Kitts and Nevis,1991,40358.0
kna,St. Kitts and Nevis,1992,40715.0
kna,St. Kitts and Nevis,1993,41242.0
kna,St. Kitts and Nevis,1994,41776.0
kna,St. Kitts and Nevis,1995,42326.0
kna,St. Kitts and Nevis,1996,42877.0
kna,St. Kitts and Nevis,1997,43428.0
kna,St. Kitts and Nevis,1998,43998.0
kna,St. Kitts and Nevis,1999,44601.0
kna,St. Kitts and Nevis,2000,45248.0
kna,St. Kitts and Nevis,2001,45761.0
kna,St. Kitts and Nevis,2002,46020.0
kna,St. Kitts and Nevis,2003,46176.0
kna,St. Kitts and Nevis,2004,46315.0
kna,St. Kitts and Nevis,2005,46437.0
kna,St. Kitts and Nevis,2006,46569.0
kna,St. Kitts and Nevis,2007,46706.0
kna,St. Kitts and Nevis,2008,46835.0
kna,St. Kitts and Nevis,2009,46916.0
kna,St. Kitts and Nevis,2010,46846.0
kna,St. Kitts and Nevis,2011,46886.0
kna,St. Kitts and Nevis,2012,47033.0
kna,St. Kitts and Nevis,2013,47069.0
kna,St. Kitts and Nevis,2014,47089.0
kna,St. Kitts and Nevis,2015,47087.0
kna,St. Kitts and Nevis,2016,47075.0
kna,St. Kitts and Nevis,2017,47050.0
kna,St. Kitts and Nevis,2018,47008.0
kna,St. Kitts and Nevis,2019,46952.0
kna,St. Kitts and Nevis,2020,46870.0
kna,St. Kitts and Nevis,2021,46763.0
kna,St. Kitts and Nevis,2022,46709.0
kna,St. Kitts and Nevis,2023,46758.0
kna,St. Kitts and Nevis,2024,46843.0
kna,St. Kitts and Nevis,2025,46922.0
kor,South Korea,1900,9563803.0
kor,South Korea,1901,9570332.0
kor,South Korea,1902,9579760.0
kor,South Korea,1903,9592088.0
kor,South Korea,1904,9604427.0
kor,South Korea,1905,9616777.0
kor,South Korea,1906,9629137.0
kor,South Korea,1907,9641509.0
kor,South Korea,1908,9653892.0
kor,South Korea,1909,9692920.0
kor,South Korea,1910,9759010.0
kor,South Korea,1911,9852583.0
kor,South Korea,1912,9974065.0
kor,South Korea,1913,10123892.0
kor,South Korea,1914,10275964.0
kor,South Korea,1915,10430316.0
kor,South Korea,1916,10586980.0
kor,South Korea,1917,10745991.0
kor,South Korea,1918,10915270.0
kor,South Korea,1919,11088851.0
kor,South Korea,1920,11266830.0
kor,South Korea,1921,11449303.0
kor,South Korea,1922,11636369.0
kor,South Korea,1923,11828129.0
kor,South Korea,1924,12023049.0
kor,South Korea,1925,12221181.0
kor,South Korea,1926,12422578.0
kor,South Korea,1927,12627294.0
kor,South Korea,1928,12835383.0
kor,South Korea,1929,13034441.0
kor,South Korea,1930,13224171.0
kor,South Korea,1931,13404271.0
kor,South Korea,1932,13574432.0
kor,South Korea,1933,13734339.0
kor,South Korea,1934,13896129.0
kor,South Korea,1935,14059825.0
kor,South Korea,1936,14225449.0
kor,South Korea,1937,14393025.0
kor,South Korea,1938,14562574.0
kor,South Korea,1939,14786155.0
kor,South Korea,1940,15065923.0
kor,South Korea,1941,15404108.0
kor,South Korea,1942,15803008.0
kor,South Korea,1943,16264997.0
kor,South Korea,1944,16740492.0
kor,South Korea,1945,17229888.0
kor,South Korea,1946,17733591.0
kor,South Korea,1947,18252020.0
kor,South Korea,1948,18785604.0
kor,South Korea,1949,19287948.0
kor,South Korea,1950,19757321.0
kor,South Korea,1951,19868990.0
kor,South Korea,1952,20229879.0
kor,South Korea,1953,20775325.0
kor,South Korea,1954,21415573.0
kor,South Korea,1955,22125103.0
kor,South Korea,1956,22874434.0
kor,South Korea,1957,23660791.0
kor,South Korea,1958,24473927.0
kor,South Korea,1959,25298233.0
kor,South Korea,1960,26115379.0
kor,South Korea,1961,26852951.0
kor,South Korea,1962,27509237.0
kor,South Korea,1963,28145540.0
kor,South Korea,1964,28744977.0
kor,South Korea,1965,29284338.0
kor,South Korea,1966,29845941.0
kor,South Korea,1967,30495728.0
kor,South Korea,1968,31175290.0
kor,South Korea,1969,31852761.0
kor,South Korea,1970,32542197.0
kor,South Korea,1971,33239853.0
kor,South Korea,1972,33936465.0
kor,South Korea,1973,34625849.0
kor,South Korea,1974,35287837.0
kor,South Korea,1975,35875743.0
kor,South Korea,1976,36379925.0
kor,South Korea,1977,36843637.0
kor,South Korea,1978,37281935.0
kor,South Korea,1979,37710899.0
kor,South Korea,1980,38141107.0
kor,South Korea,1981,38689189.0
kor,South Korea,1982,39356154.0
kor,South Korea,1983,40000941.0
kor,South Korea,1984,40598300.0
kor,South Korea,1985,41148963.0
kor,South Korea,1986,41718505.0
kor,South Korea,1987,42322092.0
kor,South Korea,1988,42922977.0
kor,South Korea,1989,43524767.0
kor,South Korea,1990,44081427.0
kor,South Korea,1991,44439150.0
kor,South Korea,1992,44653695.0
kor,South Korea,1993,44887724.0
kor,South Korea,1994,45130840.0
kor,South Korea,1995,45368425.0
kor,South Korea,1996,45638700.0
kor,South Korea,1997,45941537.0
kor,South Korea,1998,46230878.0
kor,South Korea,1999,46500383.0
kor,South Korea,2000,46766661.0
kor,South Korea,2001,47043468.0
kor,South Korea,2002,47299120.0
kor,South Korea,2003,47514160.0
kor,South Korea,2004,47697075.0
kor,South Korea,2005,47851644.0
kor,South Korea,2006,48006518.0
kor,South Korea,2007,48178118.0
kor,South Korea,2008,48356493.0
kor,South Korea,2009,48546687.0
kor,South Korea,2010,48769332.0
kor,South Korea,2011,49127643.0
kor,South Korea,2012,49599579.0
kor,South Korea,2013,50071164.0
kor,South Korea,2014,50539056.0
kor,South Korea,2015,50983912.0
kor,South Korea,2016,51297839.0
kor,South Korea,2017,51486270.0
kor,South Korea,2018,51640894.0
kor,South Korea,2019,51767846.0
kor,South Korea,2020,51858482.0
kor,South Korea,2021,51848397.0
kor,South Korea,2022,51782512.0
kor,South Korea,2023,51748739.0
kor,South Korea,2024,51717590.0
kor,South Korea,2025,51667029.0
kwt,Kuwait,1900,98900.0
kwt,Kuwait,1901,99526.0
kwt,Kuwait,1902,100156.0
kwt,Kuwait,1903,100790.0
kwt,Kuwait,1904,101429.0
kwt,Kuwait,1905,102071.0
kwt,Kuwait,1906,102717.0
kwt,Kuwait,1907,103367.0
kwt,Kuwait,1908,104021.0
kwt,Kuwait,1909,104732.0
kwt,Kuwait,1910,105501.0
kwt,Kuwait,1911,106328.0
kwt,Kuwait,1912,107214.0
kwt,Kuwait,1913,108161.0
kwt,Kuwait,1914,109116.0
kwt,Kuwait,1915,110079.0
kwt,Kuwait,1916,111051.0
kwt,Kuwait,1917,112032.0
kwt,Kuwait,1918,112983.0
kwt,Kuwait,1919,113943.0
kwt,Kuwait,1920,114910.0
kwt,Kuwait,1921,115886.0
kwt,Kuwait,1922,116870.0
kwt,Kuwait,1923,117863.0
kwt,Kuwait,1924,118864.0
kwt,Kuwait,1925,119873.0
kwt,Kuwait,1926,120891.0
kwt,Kuwait,1927,121918.0
kwt,Kuwait,1928,122953.0
kwt,Kuwait,1929,123997.0
kwt,Kuwait,1930,125050.0
kwt,Kuwait,1931,126112.0
kwt,Kuwait,1932,127183.0
kwt,Kuwait,1933,128263.0
kwt,Kuwait,1934,129352.0
kwt,Kuwait,1935,130451.0
kwt,Kuwait,1936,131559.0
kwt,Kuwait,1937,132676.0
kwt,Kuwait,1938,133802.0
kwt,Kuwait,1939,134939.0
kwt,Kuwait,1940,136085.0
kwt,Kuwait,1941,137240.0
kwt,Kuwait,1942,138406.0
kwt,Kuwait,1943,139581.0
kwt,Kuwait,1944,140767.0
kwt,Kuwait,1945,141962.0
kwt,Kuwait,1946,143168.0
kwt,Kuwait,1947,144383.0
kwt,Kuwait,1948,145609.0
kwt,Kuwait,1949,148749.0
kwt,Kuwait,1950,153958.0
kwt,Kuwait,1951,158450.0
kwt,Kuwait,1952,163157.0
kwt,Kuwait,1953,168089.0
kwt,Kuwait,1954,173244.0
kwt,Kuwait,1955,186114.0
kwt,Kuwait,1956,207215.0
kwt,Kuwait,1957,227042.0
kwt,Kuwait,1958,250203.0
kwt,Kuwait,1959,279525.0
kwt,Kuwait,1960,311060.0
kwt,Kuwait,1961,345945.0
kwt,Kuwait,1962,384995.0
kwt,Kuwait,1963,427694.0
kwt,Kuwait,1964,473115.0
kwt,Kuwait,1965,521174.0
kwt,Kuwait,1966,572590.0
kwt,Kuwait,1967,628089.0
kwt,Kuwait,1968,687716.0
kwt,Kuwait,1969,749452.0
kwt,Kuwait,1970,809114.0
kwt,Kuwait,1971,865076.0
kwt,Kuwait,1972,920352.0
kwt,Kuwait,1973,977654.0
kwt,Kuwait,1974,1038346.0
kwt,Kuwait,1975,1104863.0
kwt,Kuwait,1976,1178711.0
kwt,Kuwait,1977,1258023.0
kwt,Kuwait,1978,1340319.0
kwt,Kuwait,1979,1423514.0
kwt,Kuwait,1980,1504782.0
kwt,Kuwait,1981,1583426.0
kwt,Kuwait,1982,1662480.0
kwt,Kuwait,1983,1744295.0
kwt,Kuwait,1984,1820688.0
kwt,Kuwait,1985,1894242.0
kwt,Kuwait,1986,1972520.0
kwt,Kuwait,1987,2052994.0
kwt,Kuwait,1988,2134707.0
kwt,Kuwait,1989,2217468.0
kwt,Kuwait,1990,1684819.0
kwt,Kuwait,1991,1351399.0
kwt,Kuwait,1992,1634961.0
kwt,Kuwait,1993,1672151.0
kwt,Kuwait,1994,1664361.0
kwt,Kuwait,1995,1681513.0
kwt,Kuwait,1996,1730246.0
kwt,Kuwait,1997,1787683.0
kwt,Kuwait,1998,1844302.0
kwt,Kuwait,1999,1900030.0
kwt,Kuwait,2000,1954709.0
kwt,Kuwait,2001,2008121.0
kwt,Kuwait,2002,2059974.0
kwt,Kuwait,2003,2109881.0
kwt,Kuwait,2004,2157320.0
kwt,Kuwait,2005,2236788.0
kwt,Kuwait,2006,2364733.0
kwt,Kuwait,2007,2507887.0
kwt,Kuwait,2008,2651421.0
kwt,Kuwait,2009,2795484.0
kwt,Kuwait,2010,2943372.0
kwt,Kuwait,2011,3132814.0
kwt,Kuwait,2012,3337025.0
kwt,Kuwait,2013,3507746.0
kwt,Kuwait,2014,3665766.0
kwt,Kuwait,2015,3834454.0
kwt,Kuwait,2016,4003971.0
kwt,Kuwait,2017,4154685.0
kwt,Kuwait,2018,4323387.0
kwt,Kuwait,2019,4442194.0
kwt,Kuwait,2020,4400144.0
kwt,Kuwait,2021,4360742.0
kwt,Kuwait,2022,4589511.0
kwt,Kuwait,2023,4838782.0
kwt,Kuwait,2024,4934507.0
kwt,Kuwait,2025,5026078.0
lao,Lao,1900,1378639.0
lao,Lao,1901,1382789.0
lao,Lao,1902,1378595.0
lao,Lao,1903,1365967.0
lao,Lao,1904,1353451.0
lao,Lao,1905,1341048.0
lao,Lao,1906,1328756.0
lao,Lao,1907,1316574.0
lao,Lao,1908,1304501.0
lao,Lao,1909,1289650.0
lao,Lao,1910,1272110.0
lao,Lao,1911,1251967.0
lao,Lao,1912,1229304.0
lao,Lao,1913,1204206.0
lao,Lao,1914,1179618.0
lao,Lao,1915,1155529.0
lao,Lao,1916,1131930.0
lao,Lao,1917,1108811.0
lao,Lao,1918,1087683.0
lao,Lao,1919,1066957.0
lao,Lao,1920,1046627.0
lao,Lao,1921,1026684.0
lao,Lao,1922,1007120.0
lao,Lao,1923,987930.0
lao,Lao,1924,969105.0
lao,Lao,1925,950639.0
lao,Lao,1926,932525.0
lao,Lao,1927,914756.0
lao,Lao,1928,897326.0
lao,Lao,1929,884722.0
lao,Lao,1930,876883.0
lao,Lao,1931,873752.0
lao,Lao,1932,875269.0
lao,Lao,1933,881378.0
lao,Lao,1934,887531.0
lao,Lao,1935,893725.0
lao,Lao,1936,899964.0
lao,Lao,1937,906245.0
lao,Lao,1938,912571.0
lao,Lao,1939,929536.0
lao,Lao,1940,957894.0
lao,Lao,1941,998450.0
lao,Lao,1942,1052060.0
lao,Lao,1943,1119634.0
lao,Lao,1944,1191549.0
lao,Lao,1945,1268083.0
lao,Lao,1946,1349533.0
lao,Lao,1947,1436214.0
lao,Lao,1948,1528463.0
lao,Lao,1949,1611541.0
lao,Lao,1950,1684550.0
lao,Lao,1951,1725243.0
lao,Lao,1952,1766179.0
lao,Lao,1953,1807812.0
lao,Lao,1954,1850128.0
lao,Lao,1955,1893213.0
lao,Lao,1956,1937229.0
lao,Lao,1957,1982134.0
lao,Lao,1958,2028026.0
lao,Lao,1959,2074485.0
lao,Lao,1960,2121514.0
lao,Lao,1961,2169796.0
lao,Lao,1962,2219910.0
lao,Lao,1963,2271061.0
lao,Lao,1964,2322826.0
lao,Lao,1965,2376200.0
lao,Lao,1966,2431084.0
lao,Lao,1967,2487715.0
lao,Lao,1968,2546377.0
lao,Lao,1969,2606959.0
lao,Lao,1970,2669702.0
lao,Lao,1971,2734628.0
lao,Lao,1972,2801660.0
lao,Lao,1973,2870573.0
lao,Lao,1974,2939761.0
lao,Lao,1975,3005521.0
lao,Lao,1976,3064876.0
lao,Lao,1977,3118923.0
lao,Lao,1978,3171740.0
lao,Lao,1979,3228202.0
lao,Lao,1980,3292573.0
lao,Lao,1981,3366631.0
lao,Lao,1982,3450026.0
lao,Lao,1983,3541001.0
lao,Lao,1984,3637843.0
lao,Lao,1985,3739985.0
lao,Lao,1986,3846715.0
lao,Lao,1987,3957612.0
lao,Lao,1988,4072601.0
lao,Lao,1989,4190974.0
lao,Lao,1990,4311955.0
lao,Lao,1991,4435118.0
lao,Lao,1992,4559646.0
lao,Lao,1993,4685060.0
lao,Lao,1994,4809220.0
lao,Lao,1995,4929409.0
lao,Lao,1996,5045678.0
lao,Lao,1997,5152011.0
lao,Lao,1998,5248266.0
lao,Lao,1999,5340784.0
lao,Lao,2000,5431212.0
lao,Lao,2001,5521482.0
lao,Lao,2002,5610889.0
lao,Lao,2003,5697945.0
lao,Lao,2004,5781626.0
lao,Lao,2005,5869523.0
lao,Lao,2006,5963200.0
lao,Lao,2007,6056236.0
lao,Lao,2008,6148969.0
lao,Lao,2009,6241642.0
lao,Lao,2010,6334194.0
lao,Lao,2011,6426590.0
lao,Lao,2012,6518978.0
lao,Lao,2013,6611385.0
lao,Lao,2014,6703172.0
lao,Lao,2015,6801645.0
lao,Lao,2016,6908802.0
lao,Lao,2017,7018147.0
lao,Lao,2018,7128045.0
lao,Lao,2019,7237636.0
lao,Lao,2020,7346533.0
lao,Lao,2021,7453194.0
lao,Lao,2022,7559007.0
lao,Lao,2023,7664993.0
lao,Lao,2024,7769819.0
lao,Lao,2025,7873046.0
lbn,Lebanon,1900,501352.0
lbn,Lebanon,1901,509590.0
lbn,Lebanon,1902,520485.0
lbn,Lebanon,1903,534108.0
lbn,Lebanon,1904,548087.0
lbn,Lebanon,1905,562433.0
lbn,Lebanon,1906,577153.0
lbn,Lebanon,1907,592259.0
lbn,Lebanon,1908,607760.0
lbn,Lebanon,1909,622684.0
lbn,Lebanon,1910,636998.0
lbn,Lebanon,1911,650667.0
lbn,Lebanon,1912,663656.0
lbn,Lebanon,1913,675928.0
lbn,Lebanon,1914,688427.0
lbn,Lebanon,1915,701158.0
lbn,Lebanon,1916,714123.0
lbn,Lebanon,1917,727328.0
lbn,Lebanon,1918,740960.0
lbn,Lebanon,1919,754848.0
lbn,Lebanon,1920,768996.0
lbn,Lebanon,1921,783409.0
lbn,Lebanon,1922,798092.0
lbn,Lebanon,1923,813050.0
lbn,Lebanon,1924,828289.0
lbn,Lebanon,1925,843813.0
lbn,Lebanon,1926,859629.0
lbn,Lebanon,1927,875740.0
lbn,Lebanon,1928,892154.0
lbn,Lebanon,1929,908875.0
lbn,Lebanon,1930,925910.0
lbn,Lebanon,1931,943264.0
lbn,Lebanon,1932,960943.0
lbn,Lebanon,1933,978954.0
lbn,Lebanon,1934,997302.0
lbn,Lebanon,1935,1015994.0
lbn,Lebanon,1936,1035036.0
lbn,Lebanon,1937,1054436.0
lbn,Lebanon,1938,1074199.0
lbn,Lebanon,1939,1094332.0
lbn,Lebanon,1940,1114843.0
lbn,Lebanon,1941,1135738.0
lbn,Lebanon,1942,1157024.0
lbn,Lebanon,1943,1178710.0
lbn,Lebanon,1944,1200802.0
lbn,Lebanon,1945,1223308.0
lbn,Lebanon,1946,1246236.0
lbn,Lebanon,1947,1269594.0
lbn,Lebanon,1948,1293390.0
lbn,Lebanon,1949,1319937.0
lbn,Lebanon,1950,1349350.0
lbn,Lebanon,1951,1387572.0
lbn,Lebanon,1952,1427085.0
lbn,Lebanon,1953,1468014.0
lbn,Lebanon,1954,1510416.0
lbn,Lebanon,1955,1554068.0
lbn,Lebanon,1956,1599148.0
lbn,Lebanon,1957,1645925.0
lbn,Lebanon,1958,1693553.0
lbn,Lebanon,1959,1742770.0
lbn,Lebanon,1960,1794406.0
lbn,Lebanon,1961,1850084.0
lbn,Lebanon,1962,1909578.0
lbn,Lebanon,1963,1970316.0
lbn,Lebanon,1964,2030543.0
lbn,Lebanon,1965,2088831.0
lbn,Lebanon,1966,2148260.0
lbn,Lebanon,1967,2206731.0
lbn,Lebanon,1968,2266368.0
lbn,Lebanon,1969,2328159.0
lbn,Lebanon,1970,2386114.0
lbn,Lebanon,1971,2446314.0
lbn,Lebanon,1972,2509729.0
lbn,Lebanon,1973,2572935.0
lbn,Lebanon,1974,2635185.0
lbn,Lebanon,1975,2693191.0
lbn,Lebanon,1976,2726469.0
lbn,Lebanon,1977,2762155.0
lbn,Lebanon,1978,2822682.0
lbn,Lebanon,1979,2882635.0
lbn,Lebanon,1980,2944763.0
lbn,Lebanon,1981,3008981.0
lbn,Lebanon,1982,3054931.0
lbn,Lebanon,1983,3094996.0
lbn,Lebanon,1984,3152744.0
lbn,Lebanon,1985,3217376.0
lbn,Lebanon,1986,3300365.0
lbn,Lebanon,1987,3385555.0
lbn,Lebanon,1988,3454649.0
lbn,Lebanon,1989,3525285.0
lbn,Lebanon,1990,3595175.0
lbn,Lebanon,1991,3668912.0
lbn,Lebanon,1992,3747371.0
lbn,Lebanon,1993,3820647.0
lbn,Lebanon,1994,3889799.0
lbn,Lebanon,1995,3960735.0
lbn,Lebanon,1996,4034781.0
lbn,Lebanon,1997,4108405.0
lbn,Lebanon,1998,4181281.0
lbn,Lebanon,1999,4255277.0
lbn,Lebanon,2000,4329340.0
lbn,Lebanon,2001,4401918.0
lbn,Lebanon,2002,4463504.0
lbn,Lebanon,2003,4525508.0
lbn,Lebanon,2004,4599279.0
lbn,Lebanon,2005,4671102.0
lbn,Lebanon,2006,4751136.0
lbn,Lebanon,2007,4844118.0
lbn,Lebanon,2008,4925354.0
lbn,Lebanon,2009,4992287.0
lbn,Lebanon,2010,5041288.0
lbn,Lebanon,2011,5096020.0
lbn,Lebanon,2012,5235742.0
lbn,Lebanon,2013,5743436.0
lbn,Lebanon,2014,6346990.0
lbn,Lebanon,2015,6472469.0
lbn,Lebanon,2016,6323060.0
lbn,Lebanon,2017,6160128.0
lbn,Lebanon,2018,5984119.0
lbn,Lebanon,2019,5794594.0
lbn,Lebanon,2020,5702398.0
lbn,Lebanon,2021,5718122.0
lbn,Lebanon,2022,5744489.0
lbn,Lebanon,2023,5773493.0
lbn,Lebanon,2024,5805962.0
lbn,Lebanon,2025,5849421.0
lbr,Liberia,1900,491474.0
lbr,Liberia,1901,495667.0
lbr,Liberia,1902,499895.0
lbr,Liberia,1903,504157.0
lbr,Liberia,1904,508455.0
lbr,Liberia,1905,512788.0
lbr,Liberia,1906,517157.0
lbr,Liberia,1907,521562.0
lbr,Liberia,1908,526003.0
lbr,Liberia,1909,530374.0
lbr,Liberia,1910,534673.0
lbr,Liberia,1911,538899.0
lbr,Liberia,1912,543050.0
lbr,Liberia,1913,547124.0
lbr,Liberia,1914,551228.0
lbr,Liberia,1915,555361.0
lbr,Liberia,1916,559524.0
lbr,Liberia,1917,563717.0
lbr,Liberia,1918,567099.0
lbr,Liberia,1919,571534.0
lbr,Liberia,1920,577045.0
lbr,Liberia,1921,583653.0
lbr,Liberia,1922,591381.0
lbr,Liberia,1923,600252.0
lbr,Liberia,1924,609256.0
lbr,Liberia,1925,618395.0
lbr,Liberia,1926,627670.0
lbr,Liberia,1927,637085.0
lbr,Liberia,1928,646642.0
lbr,Liberia,1929,656208.0
lbr,Liberia,1930,665783.0
lbr,Liberia,1931,675365.0
lbr,Liberia,1932,684951.0
lbr,Liberia,1933,694540.0
lbr,Liberia,1934,704264.0
lbr,Liberia,1935,714123.0
lbr,Liberia,1936,724121.0
lbr,Liberia,1937,734259.0
lbr,Liberia,1938,744538.0
lbr,Liberia,1939,755574.0
lbr,Liberia,1940,767388.0
lbr,Liberia,1941,780002.0
lbr,Liberia,1942,793438.0
lbr,Liberia,1943,807720.0
lbr,Liberia,1944,822259.0
lbr,Liberia,1945,837059.0
lbr,Liberia,1946,852126.0
lbr,Liberia,1947,867465.0
lbr,Liberia,1948,883079.0
lbr,Liberia,1949,900206.0
lbr,Liberia,1950,918902.0
lbr,Liberia,1951,936408.0
lbr,Liberia,1952,954976.0
lbr,Liberia,1953,974376.0
lbr,Liberia,1954,994769.0
lbr,Liberia,1955,1016390.0
lbr,Liberia,1956,1039149.0
lbr,Liberia,1957,1062948.0
lbr,Liberia,1958,1087245.0
lbr,Liberia,1959,1112563.0
lbr,Liberia,1960,1139522.0
lbr,Liberia,1961,1167717.0
lbr,Liberia,1962,1197039.0
lbr,Liberia,1963,1227414.0
lbr,Liberia,1964,1258745.0
lbr,Liberia,1965,1291156.0
lbr,Liberia,1966,1324383.0
lbr,Liberia,1967,1358435.0
lbr,Liberia,1968,1393530.0
lbr,Liberia,1969,1429605.0
lbr,Liberia,1970,1466676.0
lbr,Liberia,1971,1504077.0
lbr,Liberia,1972,1542670.0
lbr,Liberia,1973,1583588.0
lbr,Liberia,1974,1626362.0
lbr,Liberia,1975,1670913.0
lbr,Liberia,1976,1717060.0
lbr,Liberia,1977,1766019.0
lbr,Liberia,1978,1818247.0
lbr,Liberia,1979,1872713.0
lbr,Liberia,1980,1929253.0
lbr,Liberia,1981,1986867.0
lbr,Liberia,1982,2045073.0
lbr,Liberia,1983,2107113.0
lbr,Liberia,1984,2173312.0
lbr,Liberia,1985,2240539.0
lbr,Liberia,1986,2308511.0
lbr,Liberia,1987,2377229.0
lbr,Liberia,1988,2446941.0
lbr,Liberia,1989,2517858.0
lbr,Liberia,1990,2223667.0
lbr,Liberia,1991,1956518.0
lbr,Liberia,1992,2072461.0
lbr,Liberia,1993,2155126.0
lbr,Liberia,1994,2149928.0
lbr,Liberia,1995,2169162.0
lbr,Liberia,1996,2232289.0
lbr,Liberia,1997,2412989.0
lbr,Liberia,1998,2670124.0
lbr,Liberia,1999,2821684.0
lbr,Liberia,2000,2928117.0
lbr,Liberia,2001,3015338.0
lbr,Liberia,2002,3094782.0
lbr,Liberia,2003,3119532.0
lbr,Liberia,2004,3156892.0
lbr,Liberia,2005,3301015.0
lbr,Liberia,2006,3490787.0
lbr,Liberia,2007,3669050.0
lbr,Liberia,2008,3821003.0
lbr,Liberia,2009,3943028.0
lbr,Liberia,2010,4058890.0
lbr,Liberia,2011,4221178.0
lbr,Liberia,2012,4373043.0
lbr,Liberia,2013,4470239.0
lbr,Liberia,2014,4564293.0
lbr,Liberia,2015,4659431.0
lbr,Liberia,2016,4755608.0
lbr,Liberia,2017,4848925.0
lbr,Liberia,2018,4944726.0
lbr,Liberia,2019,5043721.0
lbr,Liberia,2020,5149463.0
lbr,Liberia,2021,5259323.0
lbr,Liberia,2022,5373294.0
lbr,Liberia,2023,5493031.0
lbr,Liberia,2024,5612817.0
lbr,Liberia,2025,5731206.0
lby,Libya,1900,514648.0
lby,Libya,1901,522708.0
lby,Libya,1902,530830.0
lby,Libya,1903,539014.0
lby,Libya,1904,547324.0
lby,Libya,1905,555761.0
lby,Libya,1906,564327.0
lby,Libya,1907,573023.0
lby,Libya,1908,581853.0
lby,Libya,1909,590535.0
lby,Libya,1910,599065.0
lby,Libya,1911,607434.0
lby,Libya,1912,615637.0
lby,Libya,1913,623666.0
lby,Libya,1914,631799.0
lby,Libya,1915,640037.0
lby,Libya,1916,648382.0
lby,Libya,1917,656833.0
lby,Libya,1918,664508.0
lby,Libya,1919,672198.0
lby,Libya,1920,679905.0
lby,Libya,1921,687628.0
lby,Libya,1922,695365.0
lby,Libya,1923,703117.0
lby,Libya,1924,710954.0
lby,Libya,1925,718880.0
lby,Libya,1926,726893.0
lby,Libya,1927,734996.0
lby,Libya,1928,743189.0
lby,Libya,1929,751855.0
lby,Libya,1930,761003.0
lby,Libya,1931,770645.0
lby,Libya,1932,780792.0
lby,Libya,1933,791453.0
lby,Libya,1934,802261.0
lby,Libya,1935,813216.0
lby,Libya,1936,824321.0
lby,Libya,1937,835577.0
lby,Libya,1938,846987.0
lby,Libya,1939,860784.0
lby,Libya,1940,877062.0
lby,Libya,1941,895913.0
lby,Libya,1942,917436.0
lby,Libya,1943,941730.0
lby,Libya,1944,966668.0
lby,Libya,1945,992267.0
lby,Libya,1946,1018543.0
lby,Libya,1947,1045515.0
lby,Libya,1948,1073201.0
lby,Libya,1949,1101839.0
lby,Libya,1950,1131460.0
lby,Libya,1951,1145387.0
lby,Libya,1952,1162479.0
lby,Libya,1953,1183292.0
lby,Libya,1954,1208177.0
lby,Libya,1955,1241377.0
lby,Libya,1956,1282958.0
lby,Libya,1957,1328854.0
lby,Libya,1958,1379207.0
lby,Libya,1959,1433966.0
lby,Libya,1960,1492890.0
lby,Libya,1961,1555699.0
lby,Libya,1962,1621960.0
lby,Libya,1963,1690457.0
lby,Libya,1964,1753691.0
lby,Libya,1965,1804015.0
lby,Libya,1966,1849063.0
lby,Libya,1967,1898199.0
lby,Libya,1968,1952781.0
lby,Libya,1969,2014293.0
lby,Libya,1970,2082589.0
lby,Libya,1971,2153534.0
lby,Libya,1972,2226091.0
lby,Libya,1973,2314193.0
lby,Libya,1974,2432211.0
lby,Libya,1975,2571556.0
lby,Libya,1976,2721237.0
lby,Libya,1977,2881533.0
lby,Libya,1978,3052526.0
lby,Libya,1979,3233846.0
lby,Libya,1980,3424378.0
lby,Libya,1981,3621486.0
lby,Libya,1982,3724765.0
lby,Libya,1983,3718961.0
lby,Libya,1984,3773633.0
lby,Libya,1985,3898745.0
lby,Libya,1986,4017403.0
lby,Libya,1987,4129739.0
lby,Libya,1988,4237755.0
lby,Libya,1989,4342920.0
lby,Libya,1990,4445239.0
lby,Libya,1991,4544400.0
lby,Libya,1992,4640352.0
lby,Libya,1993,4733045.0
lby,Libya,1994,4822037.0
lby,Libya,1995,4906843.0
lby,Libya,1996,4987393.0
lby,Libya,1997,5064639.0
lby,Libya,1998,5140704.0
lby,Libya,1999,5218038.0
lby,Libya,2000,5305021.0
lby,Libya,2001,5403639.0
lby,Libya,2002,5508410.0
lby,Libya,2003,5619398.0
lby,Libya,2004,5736693.0
lby,Libya,2005,5858798.0
lby,Libya,2006,5980211.0
lby,Libya,2007,6104380.0
lby,Libya,2008,6235430.0
lby,Libya,2009,6366686.0
lby,Libya,2010,6497839.0
lby,Libya,2011,6343203.0
lby,Libya,2012,6179328.0
lby,Libya,2013,6304628.0
lby,Libya,2014,6427252.0
lby,Libya,2015,6531819.0
lby,Libya,2016,6632126.0
lby,Libya,2017,6738770.0
lby,Libya,2018,6849055.0
lby,Libya,2019,6951033.0
lby,Libya,2020,7045399.0
lby,Libya,2021,7135175.0
lby,Libya,2022,7223805.0
lby,Libya,2023,7305659.0
lby,Libya,2024,7381023.0
lby,Libya,2025,7458555.0
lca,St. Lucia,1900,55970.0
lca,St. Lucia,1901,56421.0
lca,St. Lucia,1902,56658.0
lca,St. Lucia,1903,56675.0
lca,St. Lucia,1904,56692.0
lca,St. Lucia,1905,56709.0
lca,St. Lucia,1906,56725.0
lca,St. Lucia,1907,56741.0
lca,St. Lucia,1908,56757.0
lca,St. Lucia,1909,56863.0
lca,St. Lucia,1910,57060.0
lca,St. Lucia,1911,57349.0
lca,St. Lucia,1912,57731.0
lca,St. Lucia,1913,58207.0
lca,St. Lucia,1914,58687.0
lca,St. Lucia,1915,59171.0
lca,St. Lucia,1916,59658.0
lca,St. Lucia,1917,60149.0
lca,St. Lucia,1918,60507.0
lca,St. Lucia,1919,60971.0
lca,St. Lucia,1920,61543.0
lca,St. Lucia,1921,62225.0
lca,St. Lucia,1922,63019.0
lca,St. Lucia,1923,63927.0
lca,St. Lucia,1924,64849.0
lca,St. Lucia,1925,65783.0
lca,St. Lucia,1926,66732.0
lca,St. Lucia,1927,67693.0
lca,St. Lucia,1928,68669.0
lca,St. Lucia,1929,69675.0
lca,St. Lucia,1930,70711.0
lca,St. Lucia,1931,71778.0
lca,St. Lucia,1932,72878.0
lca,St. Lucia,1933,74010.0
lca,St. Lucia,1934,75159.0
lca,St. Lucia,1935,76327.0
lca,St. Lucia,1936,77513.0
lca,St. Lucia,1937,78717.0
lca,St. Lucia,1938,79940.0
lca,St. Lucia,1939,81127.0
lca,St. Lucia,1940,82278.0
lca,St. Lucia,1941,83391.0
lca,St. Lucia,1942,84464.0
lca,St. Lucia,1943,85498.0
lca,St. Lucia,1944,86543.0
lca,St. Lucia,1945,87602.0
lca,St. Lucia,1946,88674.0
lca,St. Lucia,1947,89758.0
lca,St. Lucia,1948,90856.0
lca,St. Lucia,1949,91934.0
lca,St. Lucia,1950,92991.0
lca,St. Lucia,1951,93968.0
lca,St. Lucia,1952,94415.0
lca,St. Lucia,1953,94326.0
lca,St. Lucia,1954,94106.0
lca,St. Lucia,1955,93803.0
lca,St. Lucia,1956,93451.0
lca,St. Lucia,1957,93083.0
lca,St. Lucia,1958,92715.0
lca,St. Lucia,1959,92352.0
lca,St. Lucia,1960,92585.0
lca,St. Lucia,1961,93490.0
lca,St. Lucia,1962,94505.0
lca,St. Lucia,1963,95519.0
lca,St. Lucia,1964,96505.0
lca,St. Lucia,1965,97493.0
lca,St. Lucia,1966,98463.0
lca,St. Lucia,1967,99504.0
lca,St. Lucia,1968,100675.0
lca,St. Lucia,1969,101879.0
lca,St. Lucia,1970,103165.0
lca,St. Lucia,1971,104564.0
lca,St. Lucia,1972,106002.0
lca,St. Lucia,1973,107498.0
lca,St. Lucia,1974,109076.0
lca,St. Lucia,1975,110725.0
lca,St. Lucia,1976,112425.0
lca,St. Lucia,1977,114135.0
lca,St. Lucia,1978,115834.0
lca,St. Lucia,1979,117528.0
lca,St. Lucia,1980,119290.0
lca,St. Lucia,1981,121166.0
lca,St. Lucia,1982,123087.0
lca,St. Lucia,1983,125044.0
lca,St. Lucia,1984,127067.0
lca,St. Lucia,1985,129159.0
lca,St. Lucia,1986,131239.0
lca,St. Lucia,1987,133227.0
lca,St. Lucia,1988,135000.0
lca,St. Lucia,1989,136512.0
lca,St. Lucia,1990,137857.0
lca,St. Lucia,1991,139520.0
lca,St. Lucia,1992,141617.0
lca,St. Lucia,1993,143726.0
lca,St. Lucia,1994,145890.0
lca,St. Lucia,1995,148208.0
lca,St. Lucia,1996,150436.0
lca,St. Lucia,1997,152569.0
lca,St. Lucia,1998,154677.0
lca,St. Lucia,1999,156702.0
lca,St. Lucia,2000,158616.0
lca,St. Lucia,2001,160237.0
lca,St. Lucia,2002,161641.0
lca,St. Lucia,2003,162976.0
lca,St. Lucia,2004,164239.0
lca,St. Lucia,2005,165450.0
lca,St. Lucia,2006,166639.0
lca,St. Lucia,2007,167758.0
lca,St. Lucia,2008,168808.0
lca,St. Lucia,2009,169869.0
lca,St. Lucia,2010,170906.0
lca,St. Lucia,2011,171801.0
lca,St. Lucia,2012,172587.0
lca,St. Lucia,2013,173369.0
lca,St. Lucia,2014,174138.0
lca,St. Lucia,2015,174905.0
lca,St. Lucia,2016,175646.0
lca,St. Lucia,2017,176342.0
lca,St. Lucia,2018,177017.0
lca,St. Lucia,2019,177661.0
lca,St. Lucia,2020,178250.0
lca,St. Lucia,2021,178522.0
lca,St. Lucia,2022,178781.0
lca,St. Lucia,2023,179285.0
lca,St. Lucia,2024,179744.0
lca,St. Lucia,2025,180149.0
lie,Liechtenstein,1900,10330.0
lie,Liechtenstein,1901,10405.0
lie,Liechtenstein,1902,10481.0
lie,Liechtenstein,1903,10558.0
lie,Liechtenstein,1904,10635.0
lie,Liechtenstein,1905,10712.0
lie,Liechtenstein,1906,10791.0
lie,Liechtenstein,1907,10869.0
lie,Liechtenstein,1908,10949.0
lie,Liechtenstein,1909,11032.0
lie,Liechtenstein,1910,11120.0
lie,Liechtenstein,1911,11212.0
lie,Liechtenstein,1912,11308.0
lie,Liechtenstein,1913,11409.0
lie,Liechtenstein,1914,11510.0
lie,Liechtenstein,1915,11613.0
lie,Liechtenstein,1916,11716.0
lie,Liechtenstein,1917,11820.0
lie,Liechtenstein,1918,11924.0
lie,Liechtenstein,1919,12007.0
lie,Liechtenstein,1920,12069.0
lie,Liechtenstein,1921,12111.0
lie,Liechtenstein,1922,12132.0
lie,Liechtenstein,1923,12132.0
lie,Liechtenstein,1924,12132.0
lie,Liechtenstein,1925,12132.0
lie,Liechtenstein,1926,12132.0
lie,Liechtenstein,1927,12132.0
lie,Liechtenstein,1928,12132.0
lie,Liechtenstein,1929,12146.0
lie,Liechtenstein,1930,12175.0
lie,Liechtenstein,1931,12218.0
lie,Liechtenstein,1932,12276.0
lie,Liechtenstein,1933,12349.0
lie,Liechtenstein,1934,12422.0
lie,Liechtenstein,1935,12495.0
lie,Liechtenstein,1936,12569.0
lie,Liechtenstein,1937,12643.0
lie,Liechtenstein,1938,12718.0
lie,Liechtenstein,1939,12793.0
lie,Liechtenstein,1940,12869.0
lie,Liechtenstein,1941,12945.0
lie,Liechtenstein,1942,13021.0
lie,Liechtenstein,1943,13098.0
lie,Liechtenstein,1944,13175.0
lie,Liechtenstein,1945,13253.0
lie,Liechtenstein,1946,13331.0
lie,Liechtenstein,1947,13410.0
lie,Liechtenstein,1948,13489.0
lie,Liechtenstein,1949,13607.0
lie,Liechtenstein,1950,13764.0
lie,Liechtenstein,1951,13999.0
lie,Liechtenstein,1952,14227.0
lie,Liechtenstein,1953,14466.0
lie,Liechtenstein,1954,14713.0
lie,Liechtenstein,1955,14969.0
lie,Liechtenstein,1956,15242.0
lie,Liechtenstein,1957,15539.0
lie,Liechtenstein,1958,15855.0
lie,Liechtenstein,1959,16170.0
lie,Liechtenstein,1960,16491.0
lie,Liechtenstein,1961,16860.0
lie,Liechtenstein,1962,17273.0
lie,Liechtenstein,1963,17700.0
lie,Liechtenstein,1964,18145.0
lie,Liechtenstein,1965,18602.0
lie,Liechtenstein,1966,19066.0
lie,Liechtenstein,1967,19554.0
lie,Liechtenstein,1968,20081.0
lie,Liechtenstein,1969,20622.0
lie,Liechtenstein,1970,21143.0
lie,Liechtenstein,1971,21594.0
lie,Liechtenstein,1972,21992.0
lie,Liechtenstein,1973,22397.0
lie,Liechtenstein,1974,22802.0
lie,Liechtenstein,1975,23198.0
lie,Liechtenstein,1976,23587.0
lie,Liechtenstein,1977,23971.0
lie,Liechtenstein,1978,24348.0
lie,Liechtenstein,1979,24721.0
lie,Liechtenstein,1980,25090.0
lie,Liechtenstein,1981,25462.0
lie,Liechtenstein,1982,25847.0
lie,Liechtenstein,1983,26238.0
lie,Liechtenstein,1984,26627.0
lie,Liechtenstein,1985,27009.0
lie,Liechtenstein,1986,27384.0
lie,Liechtenstein,1987,27759.0
lie,Liechtenstein,1988,28148.0
lie,Liechtenstein,1989,28532.0
lie,Liechtenstein,1990,28887.0
lie,Liechtenstein,1991,29279.0
lie,Liechtenstein,1992,29724.0
lie,Liechtenstein,1993,30170.0
lie,Liechtenstein,1994,30601.0
lie,Liechtenstein,1995,31033.0
lie,Liechtenstein,1996,31472.0
lie,Liechtenstein,1997,31899.0
lie,Liechtenstein,1998,32316.0
lie,Liechtenstein,1999,32727.0
lie,Liechtenstein,2000,33113.0
lie,Liechtenstein,2001,33444.0
lie,Liechtenstein,2002,33742.0
lie,Liechtenstein,2003,34060.0
lie,Liechtenstein,2004,34389.0
lie,Liechtenstein,2005,34691.0
lie,Liechtenstein,2006,34975.0
lie,Liechtenstein,2007,35226.0
lie,Liechtenstein,2008,35444.0
lie,Liechtenstein,2009,35717.0
lie,Liechtenstein,2010,35999.0
lie,Liechtenstein,2011,36270.0
lie,Liechtenstein,2012,36596.0
lie,Liechtenstein,2013,36910.0
lie,Liechtenstein,2014,37163.0
lie,Liechtenstein,2015,37400.0
lie,Liechtenstein,2016,37615.0
lie,Liechtenstein,2017,37850.0
lie,Liechtenstein,2018,38129.0
lie,Liechtenstein,2019,38440.0
lie,Liechtenstein,2020,38767.0
lie,Liechtenstein,2021,39044.0
lie,Liechtenstein,2022,39317.0
lie,Liechtenstein,2023,39598.0
lie,Liechtenstein,2024,39870.0
lie,Liechtenstein,2025,40128.0
lka,Sri Lanka,1900,4011256.0
lka,Sri Lanka,1901,4081558.0
lka,Sri Lanka,1902,4154685.0
lka,Sri Lanka,1903,4230714.0
lka,Sri Lanka,1904,4308134.0
lka,Sri Lanka,1905,4386969.0
lka,Sri Lanka,1906,4467247.0
lka,Sri Lanka,1907,4548992.0
lka,Sri Lanka,1908,4632232.0
lka,Sri Lanka,1909,4711229.0
lka,Sri Lanka,1910,4785831.0
lka,Sri Lanka,1911,4855884.0
lka,Sri Lanka,1912,4921229.0
lka,Sri Lanka,1913,4981704.0
lka,Sri Lanka,1914,5042920.0
lka,Sri Lanka,1915,5104888.0
lka,Sri Lanka,1916,5167617.0
lka,Sri Lanka,1917,5231114.0
lka,Sri Lanka,1918,5292941.0
lka,Sri Lanka,1919,5351774.0
lka,Sri Lanka,1920,5407545.0
lka,Sri Lanka,1921,5460188.0
lka,Sri Lanka,1922,5509634.0
lka,Sri Lanka,1923,5555813.0
lka,Sri Lanka,1924,5602379.0
lka,Sri Lanka,1925,5649335.0
lka,Sri Lanka,1926,5696685.0
lka,Sri Lanka,1927,5744431.0
lka,Sri Lanka,1928,5792578.0
lka,Sri Lanka,1929,5839786.0
lka,Sri Lanka,1930,5886036.0
lka,Sri Lanka,1931,5931312.0
lka,Sri Lanka,1932,5975595.0
lka,Sri Lanka,1933,6018867.0
lka,Sri Lanka,1934,6062452.0
lka,Sri Lanka,1935,6106353.0
lka,Sri Lanka,1936,6150572.0
lka,Sri Lanka,1937,6195111.0
lka,Sri Lanka,1938,6239973.0
lka,Sri Lanka,1939,6302273.0
lka,Sri Lanka,1940,6382492.0
lka,Sri Lanka,1941,6481124.0
lka,Sri Lanka,1942,6598672.0
lka,Sri Lanka,1943,6735650.0
lka,Sri Lanka,1944,6875472.0
lka,Sri Lanka,1945,7018196.0
lka,Sri Lanka,1946,7163882.0
lka,Sri Lanka,1947,7312594.0
lka,Sri Lanka,1948,7464392.0
lka,Sri Lanka,1949,7630343.0
lka,Sri Lanka,1950,7811047.0
lka,Sri Lanka,1951,7956334.0
lka,Sri Lanka,1952,8111560.0
lka,Sri Lanka,1953,8275144.0
lka,Sri Lanka,1954,8445935.0
lka,Sri Lanka,1955,8623331.0
lka,Sri Lanka,1956,8807219.0
lka,Sri Lanka,1957,9000996.0
lka,Sri Lanka,1958,9208817.0
lka,Sri Lanka,1959,9430152.0
lka,Sri Lanka,1960,9661389.0
lka,Sri Lanka,1961,9899372.0
lka,Sri Lanka,1962,10143754.0
lka,Sri Lanka,1963,10395040.0
lka,Sri Lanka,1964,10653397.0
lka,Sri Lanka,1965,10916965.0
lka,Sri Lanka,1966,11183928.0
lka,Sri Lanka,1967,11457328.0
lka,Sri Lanka,1968,11736088.0
lka,Sri Lanka,1969,12013858.0
lka,Sri Lanka,1970,12287110.0
lka,Sri Lanka,1971,12551910.0
lka,Sri Lanka,1972,12809205.0
lka,Sri Lanka,1973,13060916.0
lka,Sri Lanka,1974,13305693.0
lka,Sri Lanka,1975,13548984.0
lka,Sri Lanka,1976,13796770.0
lka,Sri Lanka,1977,14049371.0
lka,Sri Lanka,1978,14310128.0
lka,Sri Lanka,1979,14579614.0
lka,Sri Lanka,1980,14847974.0
lka,Sri Lanka,1981,15099414.0
lka,Sri Lanka,1982,15286567.0
lka,Sri Lanka,1983,15388794.0
lka,Sri Lanka,1984,15441860.0
lka,Sri Lanka,1985,15544154.0
lka,Sri Lanka,1986,15731256.0
lka,Sri Lanka,1987,15916576.0
lka,Sri Lanka,1988,16078621.0
lka,Sri Lanka,1989,16248557.0
lka,Sri Lanka,1990,16352458.0
lka,Sri Lanka,1991,16475354.0
lka,Sri Lanka,1992,16739284.0
lka,Sri Lanka,1993,17025918.0
lka,Sri Lanka,1994,17275773.0
lka,Sri Lanka,1995,17564068.0
lka,Sri Lanka,1996,17905018.0
lka,Sri Lanka,1997,18248200.0
lka,Sri Lanka,1998,18596003.0
lka,Sri Lanka,1999,18944731.0
lka,Sri Lanka,2000,19293054.0
lka,Sri Lanka,2001,19600362.0
lka,Sri Lanka,2002,19805752.0
lka,Sri Lanka,2003,19951521.0
lka,Sri Lanka,2004,20087605.0
lka,Sri Lanka,2005,20216524.0
lka,Sri Lanka,2006,20352411.0
lka,Sri Lanka,2007,20492545.0
lka,Sri Lanka,2008,20629378.0
lka,Sri Lanka,2009,20756435.0
lka,Sri Lanka,2010,20879089.0
lka,Sri Lanka,2011,21009048.0
lka,Sri Lanka,2012,21169458.0
lka,Sri Lanka,2013,21358827.0
lka,Sri Lanka,2014,21547456.0
lka,Sri Lanka,2015,21729971.0
lka,Sri Lanka,2016,21910772.0
lka,Sri Lanka,2017,22087522.0
lka,Sri Lanka,2018,22253118.0
lka,Sri Lanka,2019,22410552.0
lka,Sri Lanka,2020,22561807.0
lka,Sri Lanka,2021,22700372.0
lka,Sri Lanka,2022,22834965.0
lka,Sri Lanka,2023,22971617.0
lka,Sri Lanka,2024,23103565.0
lka,Sri Lanka,2025,23229470.0
lso,Lesotho,1900,249237.0
lso,Lesotho,1901,251784.0
lso,Lesotho,1902,254668.0
lso,Lesotho,1903,257895.0
lso,Lesotho,1904,261160.0
lso,Lesotho,1905,264462.0
lso,Lesotho,1906,267802.0
lso,Lesotho,1907,271180.0
lso,Lesotho,1908,274597.0
lso,Lesotho,1909,277999.0
lso,Lesotho,1910,281387.0
lso,Lesotho,1911,284759.0
lso,Lesotho,1912,288115.0
lso,Lesotho,1913,291453.0
lso,Lesotho,1914,294826.0
lso,Lesotho,1915,298233.0
lso,Lesotho,1916,301675.0
lso,Lesotho,1917,305152.0
lso,Lesotho,1918,309883.0
lso,Lesotho,1919,315040.0
lso,Lesotho,1920,320636.0
lso,Lesotho,1921,326686.0
lso,Lesotho,1922,333205.0
lso,Lesotho,1923,340208.0
lso,Lesotho,1924,347358.0
lso,Lesotho,1925,354658.0
lso,Lesotho,1926,362112.0
lso,Lesotho,1927,369722.0
lso,Lesotho,1928,377493.0
lso,Lesotho,1929,385361.0
lso,Lesotho,1930,393328.0
lso,Lesotho,1931,401394.0
lso,Lesotho,1932,409560.0
lso,Lesotho,1933,417827.0
lso,Lesotho,1934,426260.0
lso,Lesotho,1935,434864.0
lso,Lesotho,1936,443642.0
lso,Lesotho,1937,452596.0
lso,Lesotho,1938,461732.0
lso,Lesotho,1939,470956.0
lso,Lesotho,1940,480269.0
lso,Lesotho,1941,489671.0
lso,Lesotho,1942,499162.0
lso,Lesotho,1943,508741.0
lso,Lesotho,1944,518504.0
lso,Lesotho,1945,528454.0
lso,Lesotho,1946,538596.0
lso,Lesotho,1947,548931.0
lso,Lesotho,1948,559466.0
lso,Lesotho,1949,569677.0
lso,Lesotho,1950,579551.0
lso,Lesotho,1951,590269.0
lso,Lesotho,1952,601947.0
lso,Lesotho,1953,614474.0
lso,Lesotho,1954,627894.0
lso,Lesotho,1955,642188.0
lso,Lesotho,1956,657311.0
lso,Lesotho,1957,674669.0
lso,Lesotho,1958,694315.0
lso,Lesotho,1959,714947.0
lso,Lesotho,1960,736500.0
lso,Lesotho,1961,758824.0
lso,Lesotho,1962,781814.0
lso,Lesotho,1963,805373.0
lso,Lesotho,1964,829437.0
lso,Lesotho,1965,854090.0
lso,Lesotho,1966,881870.0
lso,Lesotho,1967,913982.0
lso,Lesotho,1968,948105.0
lso,Lesotho,1969,983202.0
lso,Lesotho,1970,1019273.0
lso,Lesotho,1971,1056246.0
lso,Lesotho,1972,1094063.0
lso,Lesotho,1973,1132697.0
lso,Lesotho,1974,1172420.0
lso,Lesotho,1975,1213643.0
lso,Lesotho,1976,1253214.0
lso,Lesotho,1977,1289967.0
lso,Lesotho,1978,1327240.0
lso,Lesotho,1979,1366169.0
lso,Lesotho,1980,1406521.0
lso,Lesotho,1981,1448069.0
lso,Lesotho,1982,1490732.0
lso,Lesotho,1983,1534413.0
lso,Lesotho,1984,1578986.0
lso,Lesotho,1985,1624379.0
lso,Lesotho,1986,1666138.0
lso,Lesotho,1987,1703390.0
lso,Lesotho,1988,1739841.0
lso,Lesotho,1989,1775436.0
lso,Lesotho,1990,1809696.0
lso,Lesotho,1991,1842379.0
lso,Lesotho,1992,1873274.0
lso,Lesotho,1993,1901793.0
lso,Lesotho,1994,1927707.0
lso,Lesotho,1995,1951437.0
lso,Lesotho,1996,1972418.0
lso,Lesotho,1997,1988130.0
lso,Lesotho,1998,1998049.0
lso,Lesotho,1999,2003234.0
lso,Lesotho,2000,2003913.0
lso,Lesotho,2001,2000853.0
lso,Lesotho,2002,1994679.0
lso,Lesotho,2003,1985059.0
lso,Lesotho,2004,1971129.0
lso,Lesotho,2005,1953076.0
lso,Lesotho,2006,1945063.0
lso,Lesotho,2007,1953268.0
lso,Lesotho,2008,1966541.0
lso,Lesotho,2009,1980883.0
lso,Lesotho,2010,1996251.0
lso,Lesotho,2011,2014009.0
lso,Lesotho,2012,2034354.0
lso,Lesotho,2013,2056504.0
lso,Lesotho,2014,2080089.0
lso,Lesotho,2015,2104611.0
lso,Lesotho,2016,2130422.0
lso,Lesotho,2017,2157110.0
lso,Lesotho,2018,2183603.0
lso,Lesotho,2019,2209405.0
lso,Lesotho,2020,2235727.0
lso,Lesotho,2021,2261542.0
lso,Lesotho,2022,2286110.0
lso,Lesotho,2023,2311472.0
lso,Lesotho,2024,2337423.0
lso,Lesotho,2025,2363325.0
ltu,Lithuania,1900,2426329.0
ltu,Lithuania,1901,2460315.0
ltu,Lithuania,1902,2494776.0
ltu,Lithuania,1903,2529717.0
ltu,Lithuania,1904,2565147.0
ltu,Lithuania,1905,2601071.0
ltu,Lithuania,1906,2637497.0
ltu,Lithuania,1907,2674432.0
ltu,Lithuania,1908,2711882.0
ltu,Lithuania,1909,2726841.0
ltu,Lithuania,1910,2719640.0
ltu,Lithuania,1911,2690592.0
ltu,Lithuania,1912,2640003.0
ltu,Lithuania,1913,2568163.0
ltu,Lithuania,1914,2498276.0
ltu,Lithuania,1915,2430289.0
ltu,Lithuania,1916,2364152.0
ltu,Lithuania,1917,2299812.0
ltu,Lithuania,1918,2238949.0
ltu,Lithuania,1919,2194437.0
ltu,Lithuania,1920,2165965.0
ltu,Lithuania,1921,2153234.0
ltu,Lithuania,1922,2155950.0
ltu,Lithuania,1923,2173830.0
ltu,Lithuania,1924,2191859.0
ltu,Lithuania,1925,2210037.0
ltu,Lithuania,1926,2228366.0
ltu,Lithuania,1927,2246846.0
ltu,Lithuania,1928,2265480.0
ltu,Lithuania,1929,2280828.0
ltu,Lithuania,1930,2292859.0
ltu,Lithuania,1931,2301543.0
ltu,Lithuania,1932,2306849.0
ltu,Lithuania,1933,2308747.0
ltu,Lithuania,1934,2310646.0
ltu,Lithuania,1935,2312547.0
ltu,Lithuania,1936,2314450.0
ltu,Lithuania,1937,2316354.0
ltu,Lithuania,1938,2318259.0
ltu,Lithuania,1939,2321857.0
ltu,Lithuania,1940,2327154.0
ltu,Lithuania,1941,2334161.0
ltu,Lithuania,1942,2342886.0
ltu,Lithuania,1943,2353338.0
ltu,Lithuania,1944,2363837.0
ltu,Lithuania,1945,2374383.0
ltu,Lithuania,1946,2384976.0
ltu,Lithuania,1947,2395616.0
ltu,Lithuania,1948,2406304.0
ltu,Lithuania,1949,2418756.0
ltu,Lithuania,1950,2432995.0
ltu,Lithuania,1951,2458819.0
ltu,Lithuania,1952,2486410.0
ltu,Lithuania,1953,2515124.0
ltu,Lithuania,1954,2544703.0
ltu,Lithuania,1955,2575311.0
ltu,Lithuania,1956,2607334.0
ltu,Lithuania,1957,2641761.0
ltu,Lithuania,1958,2678936.0
ltu,Lithuania,1959,2722674.0
ltu,Lithuania,1960,2769095.0
ltu,Lithuania,1961,2812599.0
ltu,Lithuania,1962,2853287.0
ltu,Lithuania,1963,2891072.0
ltu,Lithuania,1964,2928854.0
ltu,Lithuania,1965,2965262.0
ltu,Lithuania,1966,3000357.0
ltu,Lithuania,1967,3035378.0
ltu,Lithuania,1968,3070265.0
ltu,Lithuania,1969,3103419.0
ltu,Lithuania,1970,3135872.0
ltu,Lithuania,1971,3170709.0
ltu,Lithuania,1972,3204905.0
ltu,Lithuania,1973,3236222.0
ltu,Lithuania,1974,3266362.0
ltu,Lithuania,1975,3295733.0
ltu,Lithuania,1976,3324568.0
ltu,Lithuania,1977,3353247.0
ltu,Lithuania,1978,3380074.0
ltu,Lithuania,1979,3404736.0
ltu,Lithuania,1980,3428419.0
ltu,Lithuania,1981,3452309.0
ltu,Lithuania,1982,3477584.0
ltu,Lithuania,1983,3505432.0
ltu,Lithuania,1984,3534124.0
ltu,Lithuania,1985,3562389.0
ltu,Lithuania,1986,3593780.0
ltu,Lithuania,1987,3627367.0
ltu,Lithuania,1988,3672646.0
ltu,Lithuania,1989,3696105.0
ltu,Lithuania,1990,3695012.0
ltu,Lithuania,1991,3701407.0
ltu,Lithuania,1992,3697544.0
ltu,Lithuania,1993,3680197.0
ltu,Lithuania,1994,3654891.0
ltu,Lithuania,1995,3627038.0
ltu,Lithuania,1996,3599711.0
ltu,Lithuania,1997,3573409.0
ltu,Lithuania,1998,3547771.0
ltu,Lithuania,1999,3522901.0
ltu,Lithuania,2000,3500402.0
ltu,Lithuania,2001,3473004.0
ltu,Lithuania,2002,3444050.0
ltu,Lithuania,2003,3415278.0
ltu,Lithuania,2004,3376699.0
ltu,Lithuania,2005,3322263.0
ltu,Lithuania,2006,3269808.0
ltu,Lithuania,2007,3231374.0
ltu,Lithuania,2008,3198481.0
ltu,Lithuania,2009,3163254.0
ltu,Lithuania,2010,3097720.0
ltu,Lithuania,2011,3028642.0
ltu,Lithuania,2012,2988329.0
ltu,Lithuania,2013,2958360.0
ltu,Lithuania,2014,2933168.0
ltu,Lithuania,2015,2905764.0
ltu,Lithuania,2016,2869110.0
ltu,Lithuania,2017,2829313.0
ltu,Lithuania,2018,2802478.0
ltu,Lithuania,2019,2795058.0
ltu,Lithuania,2020,2795765.0
ltu,Lithuania,2021,2794488.0
ltu,Lithuania,2022,2816919.0
ltu,Lithuania,2023,2854099.0
ltu,Lithuania,2024,2859110.0
ltu,Lithuania,2025,2830144.0
lux,Luxembourg,1900,235566.0
lux,Luxembourg,1901,237995.0
lux,Luxembourg,1902,240378.0
lux,Luxembourg,1903,242712.0
lux,Luxembourg,1904,245069.0
lux,Luxembourg,1905,247449.0
lux,Luxembourg,1906,249852.0
lux,Luxembourg,1907,252278.0
lux,Luxembourg,1908,254728.0
lux,Luxembourg,1909,256873.0
lux,Luxembourg,1910,258710.0
lux,Luxembourg,1911,260233.0
lux,Luxembourg,1912,261440.0
lux,Luxembourg,1913,262326.0
lux,Luxembourg,1914,263215.0
lux,Luxembourg,1915,264107.0
lux,Luxembourg,1916,265001.0
lux,Luxembourg,1917,265899.0
lux,Luxembourg,1918,266805.0
lux,Luxembourg,1919,268121.0
lux,Luxembourg,1920,269851.0
lux,Luxembourg,1921,272003.0
lux,Luxembourg,1922,274581.0
lux,Luxembourg,1923,277593.0
lux,Luxembourg,1924,280637.0
lux,Luxembourg,1925,283715.0
lux,Luxembourg,1926,286826.0
lux,Luxembourg,1927,289972.0
lux,Luxembourg,1928,293152.0
lux,Luxembourg,1929,295729.0
lux,Luxembourg,1930,297698.0
lux,Luxembourg,1931,299051.0
lux,Luxembourg,1932,299781.0
lux,Luxembourg,1933,299880.0
lux,Luxembourg,1934,299980.0
lux,Luxembourg,1935,300080.0
lux,Luxembourg,1936,300180.0
lux,Luxembourg,1937,300280.0
lux,Luxembourg,1938,300380.0
lux,Luxembourg,1939,300351.0
lux,Luxembourg,1940,300193.0
lux,Luxembourg,1941,299907.0
lux,Luxembourg,1942,299492.0
lux,Luxembourg,1943,298949.0
lux,Luxembourg,1944,298407.0
lux,Luxembourg,1945,297866.0
lux,Luxembourg,1946,297326.0
lux,Luxembourg,1947,296787.0
lux,Luxembourg,1948,296248.0
lux,Luxembourg,1949,296176.0
lux,Luxembourg,1950,296570.0
lux,Luxembourg,1951,298160.0
lux,Luxembourg,1952,299901.0
lux,Luxembourg,1953,301683.0
lux,Luxembourg,1954,303481.0
lux,Luxembourg,1955,305312.0
lux,Luxembourg,1956,306958.0
lux,Luxembourg,1957,308440.0
lux,Luxembourg,1958,310038.0
lux,Luxembourg,1959,312034.0
lux,Luxembourg,1960,313877.0
lux,Luxembourg,1961,316342.0
lux,Luxembourg,1962,319651.0
lux,Luxembourg,1963,322848.0
lux,Luxembourg,1964,326233.0
lux,Luxembourg,1965,329702.0
lux,Luxembourg,1966,333077.0
lux,Luxembourg,1967,335517.0
lux,Luxembourg,1968,337007.0
lux,Luxembourg,1969,338263.0
lux,Luxembourg,1970,339332.0
lux,Luxembourg,1971,341956.0
lux,Luxembourg,1972,346072.0
lux,Luxembourg,1973,349201.0
lux,Luxembourg,1974,351425.0
lux,Luxembourg,1975,353680.0
lux,Luxembourg,1976,355872.0
lux,Luxembourg,1977,358245.0
lux,Luxembourg,1978,361046.0
lux,Luxembourg,1979,362894.0
lux,Luxembourg,1980,363705.0
lux,Luxembourg,1981,364485.0
lux,Luxembourg,1982,365056.0
lux,Luxembourg,1983,365490.0
lux,Luxembourg,1984,365897.0
lux,Luxembourg,1985,366661.0
lux,Luxembourg,1986,368406.0
lux,Luxembourg,1987,370790.0
lux,Luxembourg,1988,373783.0
lux,Luxembourg,1989,377377.0
lux,Luxembourg,1990,381700.0
lux,Luxembourg,1991,386817.0
lux,Luxembourg,1992,391964.0
lux,Luxembourg,1993,397200.0
lux,Luxembourg,1994,402590.0
lux,Luxembourg,1995,408227.0
lux,Luxembourg,1996,413776.0
lux,Luxembourg,1997,418969.0
lux,Luxembourg,1998,424154.0
lux,Luxembourg,1999,429897.0
lux,Luxembourg,2000,436132.0
lux,Luxembourg,2001,441752.0
lux,Luxembourg,2002,446389.0
lux,Luxembourg,2003,451838.0
lux,Luxembourg,2004,458296.0
lux,Luxembourg,2005,465363.0
lux,Luxembourg,2006,472866.0
lux,Luxembourg,2007,480270.0
lux,Luxembourg,2008,488990.0
lux,Luxembourg,2009,498187.0
lux,Luxembourg,2010,507410.0
lux,Luxembourg,2011,518584.0
lux,Luxembourg,2012,530947.0
lux,Luxembourg,2013,543354.0
lux,Luxembourg,2014,556279.0
lux,Luxembourg,2015,569536.0
lux,Luxembourg,2016,583506.0
lux,Luxembourg,2017,596495.0
lux,Luxembourg,2018,608101.0
lux,Luxembourg,2019,620163.0
lux,Luxembourg,2020,630597.0
lux,Luxembourg,2021,640274.0
lux,Luxembourg,2022,653313.0
lux,Luxembourg,2023,665098.0
lux,Luxembourg,2024,673036.0
lux,Luxembourg,2025,680453.0
lva,Latvia,1900,2145483.0
lva,Latvia,1901,2180167.0
lva,Latvia,1902,2215411.0
lva,Latvia,1903,2251225.0
lva,Latvia,1904,2287618.0
lva,Latvia,1905,2324599.0
lva,Latvia,1906,2362178.0
lva,Latvia,1907,2400364.0
lva,Latvia,1908,2439168.0
lva,Latvia,1909,2454262.0
lva,Latvia,1910,2446052.0
lva,Latvia,1911,2414922.0
lva,Latvia,1912,2361241.0
lva,Latvia,1913,2285357.0
lva,Latvia,1914,2211912.0
lva,Latvia,1915,2140827.0
lva,Latvia,1916,2072026.0
lva,Latvia,1917,2005437.0
lva,Latvia,1918,1941425.0
lva,Latvia,1919,1892128.0
lva,Latvia,1920,1857115.0
lva,Latvia,1921,1835966.0
lva,Latvia,1922,1828277.0
lva,Latvia,1923,1833655.0
lva,Latvia,1924,1839049.0
lva,Latvia,1925,1844459.0
lva,Latvia,1926,1849885.0
lva,Latvia,1927,1855327.0
lva,Latvia,1928,1860785.0
lva,Latvia,1929,1866151.0
lva,Latvia,1930,1871424.0
lva,Latvia,1931,1876603.0
lva,Latvia,1932,1881689.0
lva,Latvia,1933,1886680.0
lva,Latvia,1934,1891684.0
lva,Latvia,1935,1896701.0
lva,Latvia,1936,1901732.0
lva,Latvia,1937,1906776.0
lva,Latvia,1938,1911833.0
lva,Latvia,1939,1915598.0
lva,Latvia,1940,1918067.0
lva,Latvia,1941,1919239.0
lva,Latvia,1942,1919110.0
lva,Latvia,1943,1917679.0
lva,Latvia,1944,1916248.0
lva,Latvia,1945,1914819.0
lva,Latvia,1946,1913391.0
lva,Latvia,1947,1911964.0
lva,Latvia,1948,1910538.0
lva,Latvia,1949,1912780.0
lva,Latvia,1950,1918720.0
lva,Latvia,1951,1933915.0
lva,Latvia,1952,1949535.0
lva,Latvia,1953,1965198.0
lva,Latvia,1954,1982034.0
lva,Latvia,1955,2000462.0
lva,Latvia,1956,2019505.0
lva,Latvia,1957,2040115.0
lva,Latvia,1958,2063292.0
lva,Latvia,1959,2096981.0
lva,Latvia,1960,2131171.0
lva,Latvia,1961,2157169.0
lva,Latvia,1962,2182285.0
lva,Latvia,1963,2205801.0
lva,Latvia,1964,2229758.0
lva,Latvia,1965,2252762.0
lva,Latvia,1966,2274349.0
lva,Latvia,1967,2296079.0
lva,Latvia,1968,2317284.0
lva,Latvia,1969,2337666.0
lva,Latvia,1970,2357559.0
lva,Latvia,1971,2377073.0
lva,Latvia,1972,2395874.0
lva,Latvia,1973,2415783.0
lva,Latvia,1974,2436995.0
lva,Latvia,1975,2455771.0
lva,Latvia,1976,2470537.0
lva,Latvia,1977,2484608.0
lva,Latvia,1978,2497362.0
lva,Latvia,1979,2505526.0
lva,Latvia,1980,2511759.0
lva,Latvia,1981,2519970.0
lva,Latvia,1982,2532015.0
lva,Latvia,1983,2546971.0
lva,Latvia,1984,2562773.0
lva,Latvia,1985,2579231.0
lva,Latvia,1986,2599778.0
lva,Latvia,1987,2625963.0
lva,Latvia,1988,2652247.0
lva,Latvia,1989,2664836.0
lva,Latvia,1990,2660131.0
lva,Latvia,1991,2648940.0
lva,Latvia,1992,2614827.0
lva,Latvia,1993,2563820.0
lva,Latvia,1994,2521233.0
lva,Latvia,1995,2485949.0
lva,Latvia,1996,2457905.0
lva,Latvia,1997,2433231.0
lva,Latvia,1998,2410209.0
lva,Latvia,1999,2390822.0
lva,Latvia,2000,2368313.0
lva,Latvia,2001,2338301.0
lva,Latvia,2002,2311351.0
lva,Latvia,2003,2288984.0
lva,Latvia,2004,2264174.0
lva,Latvia,2005,2239784.0
lva,Latvia,2006,2219032.0
lva,Latvia,2007,2200776.0
lva,Latvia,2008,2177711.0
lva,Latvia,2009,2142043.0
lva,Latvia,2010,2097831.0
lva,Latvia,2011,2059941.0
lva,Latvia,2012,2034633.0
lva,Latvia,2013,2013010.0
lva,Latvia,2014,1994149.0
lva,Latvia,2015,1977867.0
lva,Latvia,2016,1959863.0
lva,Latvia,2017,1942594.0
lva,Latvia,2018,1927588.0
lva,Latvia,2019,1914263.0
lva,Latvia,2020,1901123.0
lva,Latvia,2021,1885587.0
lva,Latvia,2022,1881063.0
lva,Latvia,2023,1882396.0
lva,Latvia,2024,1871871.0
lva,Latvia,2025,1853559.0
mar,Morocco,1900,4676838.0
mar,Morocco,1901,4740362.0
mar,Morocco,1902,4810887.0
mar,Morocco,1903,4888582.0
mar,Morocco,1904,4967532.0
mar,Morocco,1905,5047756.0
mar,Morocco,1906,5129276.0
mar,Morocco,1907,5212113.0
mar,Morocco,1908,5296287.0
mar,Morocco,1909,5369537.0
mar,Morocco,1910,5431628.0
mar,Morocco,1911,5482320.0
mar,Morocco,1912,5521370.0
mar,Morocco,1913,5548530.0
mar,Morocco,1914,5575824.0
mar,Morocco,1915,5603252.0
mar,Morocco,1916,5630815.0
mar,Morocco,1917,5658513.0
mar,Morocco,1918,5687125.0
mar,Morocco,1919,5722800.0
mar,Morocco,1920,5765651.0
mar,Morocco,1921,5815791.0
mar,Morocco,1922,5873335.0
mar,Morocco,1923,5938401.0
mar,Morocco,1924,6004187.0
mar,Morocco,1925,6070702.0
mar,Morocco,1926,6137954.0
mar,Morocco,1927,6205951.0
mar,Morocco,1928,6274701.0
mar,Morocco,1929,6352689.0
mar,Morocco,1930,6440169.0
mar,Morocco,1931,6537396.0
mar,Morocco,1932,6644635.0
mar,Morocco,1933,6762155.0
mar,Morocco,1934,6881753.0
mar,Morocco,1935,7003467.0
mar,Morocco,1936,7127333.0
mar,Morocco,1937,7253390.0
mar,Morocco,1938,7381676.0
mar,Morocco,1939,7508160.0
mar,Morocco,1940,7632748.0
mar,Morocco,1941,7755344.0
mar,Morocco,1942,7875851.0
mar,Morocco,1943,7994167.0
mar,Morocco,1944,8114261.0
mar,Morocco,1945,8236159.0
mar,Morocco,1946,8359888.0
mar,Morocco,1947,8485476.0
mar,Morocco,1948,8612951.0
mar,Morocco,1949,8762652.0
mar,Morocco,1950,8935450.0
mar,Morocco,1951,9159290.0
mar,Morocco,1952,9394879.0
mar,Morocco,1953,9639567.0
mar,Morocco,1954,9893315.0
mar,Morocco,1955,10158129.0
mar,Morocco,1956,10434024.0
mar,Morocco,1957,10720548.0
mar,Morocco,1958,11013743.0
mar,Morocco,1959,11317007.0
mar,Morocco,1960,11624933.0
mar,Morocco,1961,11931085.0
mar,Morocco,1962,12253092.0
mar,Morocco,1963,12577502.0
mar,Morocco,1964,12898886.0
mar,Morocco,1965,13239171.0
mar,Morocco,1966,13597065.0
mar,Morocco,1967,13968175.0
mar,Morocco,1968,14347899.0
mar,Morocco,1969,14734255.0
mar,Morocco,1970,15129449.0
mar,Morocco,1971,15527225.0
mar,Morocco,1972,15924692.0
mar,Morocco,1973,16326269.0
mar,Morocco,1974,16733842.0
mar,Morocco,1975,17150786.0
mar,Morocco,1976,17574182.0
mar,Morocco,1977,18014756.0
mar,Morocco,1978,18477385.0
mar,Morocco,1979,18955589.0
mar,Morocco,1980,19459943.0
mar,Morocco,1981,19985401.0
mar,Morocco,1982,20520318.0
mar,Morocco,1983,21060696.0
mar,Morocco,1984,21593778.0
mar,Morocco,1985,22113953.0
mar,Morocco,1986,22600803.0
mar,Morocco,1987,23054392.0
mar,Morocco,1988,23500524.0
mar,Morocco,1989,23939414.0
mar,Morocco,1990,24375551.0
mar,Morocco,1991,24799014.0
mar,Morocco,1992,25212468.0
mar,Morocco,1993,25614586.0
mar,Morocco,1994,26000822.0
mar,Morocco,1995,26399429.0
mar,Morocco,1996,26808107.0
mar,Morocco,1997,27213337.0
mar,Morocco,1998,27621648.0
mar,Morocco,1999,28027179.0
mar,Morocco,2000,28423435.0
mar,Morocco,2001,28814643.0
mar,Morocco,2002,29198142.0
mar,Morocco,2003,29571415.0
mar,Morocco,2004,29953018.0
mar,Morocco,2005,30358144.0
mar,Morocco,2006,30771178.0
mar,Morocco,2007,31186468.0
mar,Morocco,2008,31606767.0
mar,Morocco,2009,32030778.0
mar,Morocco,2010,32467016.0
mar,Morocco,2011,32912588.0
mar,Morocco,2012,33355241.0
mar,Morocco,2013,33787571.0
mar,Morocco,2014,34204780.0
mar,Morocco,2015,34607588.0
mar,Morocco,2016,35023457.0
mar,Morocco,2017,35446392.0
mar,Morocco,2018,35839760.0
mar,Morocco,2019,36210898.0
mar,Morocco,2020,36584208.0
mar,Morocco,2021,36954442.0
mar,Morocco,2022,37329064.0
mar,Morocco,2023,37712505.0
mar,Morocco,2024,38081173.0
mar,Morocco,2025,38430770.0
mco,Monaco,1900,21280.0
mco,Monaco,1901,21555.0
mco,Monaco,1902,21834.0
mco,Monaco,1903,22117.0
mco,Monaco,1904,22403.0
mco,Monaco,1905,22693.0
mco,Monaco,1906,22987.0
mco,Monaco,1907,23284.0
mco,Monaco,1908,23585.0
mco,Monaco,1909,23810.0
mco,Monaco,1910,23959.0
mco,Monaco,1911,24030.0
mco,Monaco,1912,24022.0
mco,Monaco,1913,23935.0
mco,Monaco,1914,23848.0
mco,Monaco,1915,23762.0
mco,Monaco,1916,23676.0
mco,Monaco,1917,23590.0
mco,Monaco,1918,23486.0
mco,Monaco,1919,23462.0
mco,Monaco,1920,23520.0
mco,Monaco,1921,23661.0
mco,Monaco,1922,23884.0
mco,Monaco,1923,24191.0
mco,Monaco,1924,24503.0
mco,Monaco,1925,24818.0
mco,Monaco,1926,25137.0
mco,Monaco,1927,25461.0
mco,Monaco,1928,25788.0
mco,Monaco,1929,26030.0
mco,Monaco,1930,26186.0
mco,Monaco,1931,26256.0
mco,Monaco,1932,26237.0
mco,Monaco,1933,26130.0
mco,Monaco,1934,26024.0
mco,Monaco,1935,25918.0
mco,Monaco,1936,25812.0
mco,Monaco,1937,25707.0
mco,Monaco,1938,25602.0
mco,Monaco,1939,25378.0
mco,Monaco,1940,25038.0
mco,Monaco,1941,24586.0
mco,Monaco,1942,24026.0
mco,Monaco,1943,23361.0
mco,Monaco,1944,22714.0
mco,Monaco,1945,22085.0
mco,Monaco,1946,21474.0
mco,Monaco,1947,20879.0
mco,Monaco,1948,20301.0
mco,Monaco,1949,19898.0
mco,Monaco,1950,19666.0
mco,Monaco,1951,20348.0
mco,Monaco,1952,20558.0
mco,Monaco,1953,20662.0
mco,Monaco,1954,20663.0
mco,Monaco,1955,20575.0
mco,Monaco,1956,20720.0
mco,Monaco,1957,21093.0
mco,Monaco,1958,21404.0
mco,Monaco,1959,21646.0
mco,Monaco,1960,21808.0
mco,Monaco,1961,21901.0
mco,Monaco,1962,22078.0
mco,Monaco,1963,22385.0
mco,Monaco,1964,22686.0
mco,Monaco,1965,22941.0
mco,Monaco,1966,23131.0
mco,Monaco,1967,23230.0
mco,Monaco,1968,23437.0
mco,Monaco,1969,23831.0
mco,Monaco,1970,24229.0
mco,Monaco,1971,24576.0
mco,Monaco,1972,24862.0
mco,Monaco,1973,25072.0
mco,Monaco,1974,25235.0
mco,Monaco,1975,25500.0
mco,Monaco,1976,25895.0
mco,Monaco,1977,26273.0
mco,Monaco,1978,26605.0
mco,Monaco,1979,26892.0
mco,Monaco,1980,27122.0
mco,Monaco,1981,27293.0
mco,Monaco,1982,27561.0
mco,Monaco,1983,27960.0
mco,Monaco,1984,28356.0
mco,Monaco,1985,28731.0
mco,Monaco,1986,29093.0
mco,Monaco,1987,29446.0
mco,Monaco,1988,29781.0
mco,Monaco,1989,30084.0
mco,Monaco,1990,30358.0
mco,Monaco,1991,30625.0
mco,Monaco,1992,30887.0
mco,Monaco,1993,31136.0
mco,Monaco,1994,31375.0
mco,Monaco,1995,31609.0
mco,Monaco,1996,31837.0
mco,Monaco,1997,32063.0
mco,Monaco,1998,32267.0
mco,Monaco,1999,32410.0
mco,Monaco,2000,32455.0
mco,Monaco,2001,32447.0
mco,Monaco,2002,32422.0
mco,Monaco,2003,32374.0
mco,Monaco,2004,32307.0
mco,Monaco,2005,32210.0
mco,Monaco,2006,32057.0
mco,Monaco,2007,31837.0
mco,Monaco,2008,31836.0
mco,Monaco,2009,32364.0
mco,Monaco,2010,33163.0
mco,Monaco,2011,33946.0
mco,Monaco,2012,34711.0
mco,Monaco,2013,35447.0
mco,Monaco,2014,36128.0
mco,Monaco,2015,36757.0
mco,Monaco,2016,37276.0
mco,Monaco,2017,37678.0
mco,Monaco,2018,38154.0
mco,Monaco,2019,38109.0
mco,Monaco,2020,38050.0
mco,Monaco,2021,38527.0
mco,Monaco,2022,38931.0
mco,Monaco,2023,38956.0
mco,Monaco,2024,38631.0
mco,Monaco,2025,38341.0
mda,Moldova,1900,1558952.0
mda,Moldova,1901,1574853.0
mda,Moldova,1902,1590915.0
mda,Moldova,1903,1607140.0
mda,Moldova,1904,1623528.0
mda,Moldova,1905,1640081.0
mda,Moldova,1906,1656802.0
mda,Moldova,1907,1673691.0
mda,Moldova,1908,1690751.0
mda,Moldova,1909,1707983.0
mda,Moldova,1910,1725389.0
mda,Moldova,1911,1742970.0
mda,Moldova,1912,1760729.0
mda,Moldova,1913,1778667.0
mda,Moldova,1914,1796786.0
mda,Moldova,1915,1815088.0
mda,Moldova,1916,1833574.0
mda,Moldova,1917,1852247.0
mda,Moldova,1918,1869245.0
mda,Moldova,1919,1886398.0
mda,Moldova,1920,1903709.0
mda,Moldova,1921,1921178.0
mda,Moldova,1922,1938808.0
mda,Moldova,1923,1956600.0
mda,Moldova,1924,1974555.0
mda,Moldova,1925,1992674.0
mda,Moldova,1926,2010960.0
mda,Moldova,1927,2029414.0
mda,Moldova,1928,2048037.0
mda,Moldova,1929,2066831.0
mda,Moldova,1930,2085798.0
mda,Moldova,1931,2104939.0
mda,Moldova,1932,2124255.0
mda,Moldova,1933,2143748.0
mda,Moldova,1934,2163421.0
mda,Moldova,1935,2183273.0
mda,Moldova,1936,2203308.0
mda,Moldova,1937,2223527.0
mda,Moldova,1938,2243932.0
mda,Moldova,1939,2264523.0
mda,Moldova,1940,2285304.0
mda,Moldova,1941,2306275.0
mda,Moldova,1942,2327439.0
mda,Moldova,1943,2348797.0
mda,Moldova,1944,2370351.0
mda,Moldova,1945,2392103.0
mda,Moldova,1946,2414054.0
mda,Moldova,1947,2436207.0
mda,Moldova,1948,2458563.0
mda,Moldova,1949,2489188.0
mda,Moldova,1950,2528360.0
mda,Moldova,1951,2572745.0
mda,Moldova,1952,2619778.0
mda,Moldova,1953,2669505.0
mda,Moldova,1954,2721546.0
mda,Moldova,1955,2775557.0
mda,Moldova,1956,2831238.0
mda,Moldova,1957,2887995.0
mda,Moldova,1958,2944561.0
mda,Moldova,1959,3007367.0
mda,Moldova,1960,3076166.0
mda,Moldova,1961,3143887.0
mda,Moldova,1962,3209505.0
mda,Moldova,1963,3271788.0
mda,Moldova,1964,3330238.0
mda,Moldova,1965,3385972.0
mda,Moldova,1966,3440655.0
mda,Moldova,1967,3494202.0
mda,Moldova,1968,3547082.0
mda,Moldova,1969,3599990.0
mda,Moldova,1970,3643517.0
mda,Moldova,1971,3677927.0
mda,Moldova,1972,3713997.0
mda,Moldova,1973,3752623.0
mda,Moldova,1974,3793847.0
mda,Moldova,1975,3836946.0
mda,Moldova,1976,3881030.0
mda,Moldova,1977,3925583.0
mda,Moldova,1978,3970294.0
mda,Moldova,1979,4010389.0
mda,Moldova,1980,4048713.0
mda,Moldova,1981,4089538.0
mda,Moldova,1982,4130065.0
mda,Moldova,1983,4172076.0
mda,Moldova,1984,4215888.0
mda,Moldova,1985,4261131.0
mda,Moldova,1986,4309366.0
mda,Moldova,1987,4359064.0
mda,Moldova,1988,4407769.0
mda,Moldova,1989,4439380.0
mda,Moldova,1990,4451148.0
mda,Moldova,1991,4456609.0
mda,Moldova,1992,4455711.0
mda,Moldova,1993,4448239.0
mda,Moldova,1994,4434456.0
mda,Moldova,1995,4414211.0
mda,Moldova,1996,4387655.0
mda,Moldova,1997,4355538.0
mda,Moldova,1998,4318715.0
mda,Moldova,1999,4278216.0
mda,Moldova,2000,4234967.0
mda,Moldova,2001,4189770.0
mda,Moldova,2002,4142930.0
mda,Moldova,2003,4095419.0
mda,Moldova,2004,4046669.0
mda,Moldova,2005,3988669.0
mda,Moldova,2006,3921316.0
mda,Moldova,2007,3851396.0
mda,Moldova,2008,3779504.0
mda,Moldova,2009,3706210.0
mda,Moldova,2010,3631992.0
mda,Moldova,2011,3557266.0
mda,Moldova,2012,3482626.0
mda,Moldova,2013,3408738.0
mda,Moldova,2014,3342709.0
mda,Moldova,2015,3287164.0
mda,Moldova,2016,3237794.0
mda,Moldova,2017,3193497.0
mda,Moldova,2018,3153773.0
mda,Moldova,2019,3112562.0
mda,Moldova,2020,3069131.0
mda,Moldova,2021,3023778.0
mda,Moldova,2022,3039985.0
mda,Moldova,2023,3067070.0
mda,Moldova,2024,3034961.0
mda,Moldova,2025,2996106.0
mdg,Madagascar,1900,2679453.0
mdg,Madagascar,1901,2662581.0
mdg,Madagascar,1902,2647419.0
mdg,Madagascar,1903,2633944.0
mdg,Madagascar,1904,2620534.0
mdg,Madagascar,1905,2607189.0
mdg,Madagascar,1906,2593909.0
mdg,Madagascar,1907,2580693.0
mdg,Madagascar,1908,2567542.0
mdg,Madagascar,1909,2555473.0
mdg,Madagascar,1910,2544475.0
mdg,Madagascar,1911,2534539.0
mdg,Madagascar,1912,2525656.0
mdg,Madagascar,1913,2517816.0
mdg,Madagascar,1914,2509997.0
mdg,Madagascar,1915,2502199.0
mdg,Madagascar,1916,2494422.0
mdg,Madagascar,1917,2486667.0
mdg,Madagascar,1918,2481693.0
mdg,Madagascar,1919,2485134.0
mdg,Madagascar,1920,2497098.0
mdg,Madagascar,1921,2517696.0
mdg,Madagascar,1922,2547040.0
mdg,Madagascar,1923,2585246.0
mdg,Madagascar,1924,2624024.0
mdg,Madagascar,1925,2663385.0
mdg,Madagascar,1926,2703336.0
mdg,Madagascar,1927,2743886.0
mdg,Madagascar,1928,2785044.0
mdg,Madagascar,1929,2826246.0
mdg,Madagascar,1930,2867484.0
mdg,Madagascar,1931,2908751.0
mdg,Madagascar,1932,2950039.0
mdg,Madagascar,1933,2991339.0
mdg,Madagascar,1934,3033218.0
mdg,Madagascar,1935,3075683.0
mdg,Madagascar,1936,3118742.0
mdg,Madagascar,1937,3162405.0
mdg,Madagascar,1938,3206679.0
mdg,Madagascar,1939,3254209.0
mdg,Madagascar,1940,3305090.0
mdg,Madagascar,1941,3359416.0
mdg,Madagascar,1942,3417285.0
mdg,Madagascar,1943,3478796.0
mdg,Madagascar,1944,3541414.0
mdg,Madagascar,1945,3605160.0
mdg,Madagascar,1946,3670053.0
mdg,Madagascar,1947,3736113.0
mdg,Madagascar,1948,3803363.0
mdg,Madagascar,1949,3876609.0
mdg,Madagascar,1950,3956073.0
mdg,Madagascar,1951,4057200.0
mdg,Madagascar,1952,4160835.0
mdg,Madagascar,1953,4267535.0
mdg,Madagascar,1954,4377319.0
mdg,Madagascar,1955,4490113.0
mdg,Madagascar,1956,4606422.0
mdg,Madagascar,1957,4726636.0
mdg,Madagascar,1958,4850846.0
mdg,Madagascar,1959,4979094.0
mdg,Madagascar,1960,5111029.0
mdg,Madagascar,1961,5246158.0
mdg,Madagascar,1962,5384150.0
mdg,Madagascar,1963,5525185.0
mdg,Madagascar,1964,5669863.0
mdg,Madagascar,1965,5819116.0
mdg,Madagascar,1966,5974279.0
mdg,Madagascar,1967,6136486.0
mdg,Madagascar,1968,6306493.0
mdg,Madagascar,1969,6484716.0
mdg,Madagascar,1970,6672003.0
mdg,Madagascar,1971,6868868.0
mdg,Madagascar,1972,7074398.0
mdg,Madagascar,1973,7288048.0
mdg,Madagascar,1974,7509726.0
mdg,Madagascar,1975,7739336.0
mdg,Madagascar,1976,7976831.0
mdg,Madagascar,1977,8222240.0
mdg,Madagascar,1978,8475864.0
mdg,Madagascar,1979,8737581.0
mdg,Madagascar,1980,9006032.0
mdg,Madagascar,1981,9279011.0
mdg,Madagascar,1982,9557671.0
mdg,Madagascar,1983,9843044.0
mdg,Madagascar,1984,10134550.0
mdg,Madagascar,1985,10433142.0
mdg,Madagascar,1986,10736857.0
mdg,Madagascar,1987,11047291.0
mdg,Madagascar,1988,11369462.0
mdg,Madagascar,1989,11704998.0
mdg,Madagascar,1990,12055639.0
mdg,Madagascar,1991,12421412.0
mdg,Madagascar,1992,12800870.0
mdg,Madagascar,1993,13197345.0
mdg,Madagascar,1994,13613850.0
mdg,Madagascar,1995,14051275.0
mdg,Madagascar,1996,14510711.0
mdg,Madagascar,1997,14990814.0
mdg,Madagascar,1998,15489364.0
mdg,Madagascar,1999,16000506.0
mdg,Madagascar,2000,16516338.0
mdg,Madagascar,2001,17032939.0
mdg,Madagascar,2002,17549913.0
mdg,Madagascar,2003,18071854.0
mdg,Madagascar,2004,18606608.0
mdg,Madagascar,2005,19159707.0
mdg,Madagascar,2006,19730909.0
mdg,Madagascar,2007,20318583.0
mdg,Madagascar,2008,20923840.0
mdg,Madagascar,2009,21547280.0
mdg,Madagascar,2010,22183340.0
mdg,Madagascar,2011,22822300.0
mdg,Madagascar,2012,23462438.0
mdg,Madagascar,2013,24109290.0
mdg,Madagascar,2014,24764348.0
mdg,Madagascar,2015,25426702.0
mdg,Madagascar,2016,26099952.0
mdg,Madagascar,2017,26788375.0
mdg,Madagascar,2018,27494926.0
mdg,Madagascar,2019,28219554.0
mdg,Madagascar,2020,28953556.0
mdg,Madagascar,2021,29691083.0
mdg,Madagascar,2022,30437261.0
mdg,Madagascar,2023,31195932.0
mdg,Madagascar,2024,31964956.0
mdg,Madagascar,2025,32740678.0
mdv,Maldives,1900,64128.0
mdv,Maldives,1901,64431.0
mdv,Maldives,1902,64735.0
mdv,Maldives,1903,65041.0
mdv,Maldives,1904,65349.0
mdv,Maldives,1905,65657.0
mdv,Maldives,1906,65967.0
mdv,Maldives,1907,66279.0
mdv,Maldives,1908,66591.0
mdv,Maldives,1909,66788.0
mdv,Maldives,1910,66869.0
mdv,Maldives,1911,66834.0
mdv,Maldives,1912,66683.0
mdv,Maldives,1913,66416.0
mdv,Maldives,1914,66151.0
mdv,Maldives,1915,65886.0
mdv,Maldives,1916,65622.0
mdv,Maldives,1917,65360.0
mdv,Maldives,1918,65176.0
mdv,Maldives,1919,65187.0
mdv,Maldives,1920,65394.0
mdv,Maldives,1921,65800.0
mdv,Maldives,1922,66406.0
mdv,Maldives,1923,67214.0
mdv,Maldives,1924,68032.0
mdv,Maldives,1925,68859.0
mdv,Maldives,1926,69697.0
mdv,Maldives,1927,70546.0
mdv,Maldives,1928,71404.0
mdv,Maldives,1929,72220.0
mdv,Maldives,1930,72991.0
mdv,Maldives,1931,73718.0
mdv,Maldives,1932,74400.0
mdv,Maldives,1933,75034.0
mdv,Maldives,1934,75674.0
mdv,Maldives,1935,76319.0
mdv,Maldives,1936,76970.0
mdv,Maldives,1937,77626.0
mdv,Maldives,1938,78288.0
mdv,Maldives,1939,78691.0
mdv,Maldives,1940,78834.0
mdv,Maldives,1941,78719.0
mdv,Maldives,1942,78345.0
mdv,Maldives,1943,77712.0
mdv,Maldives,1944,77083.0
mdv,Maldives,1945,76460.0
mdv,Maldives,1946,75841.0
mdv,Maldives,1947,75228.0
mdv,Maldives,1948,74620.0
mdv,Maldives,1949,74359.0
mdv,Maldives,1950,74448.0
mdv,Maldives,1951,75713.0
mdv,Maldives,1952,77063.0
mdv,Maldives,1953,78491.0
mdv,Maldives,1954,79999.0
mdv,Maldives,1955,81602.0
mdv,Maldives,1956,83308.0
mdv,Maldives,1957,85121.0
mdv,Maldives,1958,87043.0
mdv,Maldives,1959,89057.0
mdv,Maldives,1960,91189.0
mdv,Maldives,1961,93450.0
mdv,Maldives,1962,95802.0
mdv,Maldives,1963,98222.0
mdv,Maldives,1964,100662.0
mdv,Maldives,1965,104102.0
mdv,Maldives,1966,108507.0
mdv,Maldives,1967,112528.0
mdv,Maldives,1968,116075.0
mdv,Maldives,1969,119564.0
mdv,Maldives,1970,123219.0
mdv,Maldives,1971,127035.0
mdv,Maldives,1972,130968.0
mdv,Maldives,1973,134952.0
mdv,Maldives,1974,138978.0
mdv,Maldives,1975,143158.0
mdv,Maldives,1976,147525.0
mdv,Maldives,1977,151930.0
mdv,Maldives,1978,156159.0
mdv,Maldives,1979,160360.0
mdv,Maldives,1980,164835.0
mdv,Maldives,1981,169532.0
mdv,Maldives,1982,174333.0
mdv,Maldives,1983,179128.0
mdv,Maldives,1984,184198.0
mdv,Maldives,1985,190169.0
mdv,Maldives,1986,196935.0
mdv,Maldives,1987,203944.0
mdv,Maldives,1988,210885.0
mdv,Maldives,1989,217738.0
mdv,Maldives,1990,224762.0
mdv,Maldives,1991,231802.0
mdv,Maldives,1992,238543.0
mdv,Maldives,1993,244884.0
mdv,Maldives,1994,250822.0
mdv,Maldives,1995,256649.0
mdv,Maldives,1996,262347.0
mdv,Maldives,1997,267707.0
mdv,Maldives,1998,272723.0
mdv,Maldives,1999,277412.0
mdv,Maldives,2000,282019.0
mdv,Maldives,2001,286767.0
mdv,Maldives,2002,291616.0
mdv,Maldives,2003,296491.0
mdv,Maldives,2004,301413.0
mdv,Maldives,2005,306429.0
mdv,Maldives,2006,313851.0
mdv,Maldives,2007,324479.0
mdv,Maldives,2008,336170.0
mdv,Maldives,2009,348275.0
mdv,Maldives,2010,360792.0
mdv,Maldives,2011,373674.0
mdv,Maldives,2012,386818.0
mdv,Maldives,2013,400070.0
mdv,Maldives,2014,413617.0
mdv,Maldives,2015,428154.0
mdv,Maldives,2016,443308.0
mdv,Maldives,2017,458287.0
mdv,Maldives,2018,473099.0
mdv,Maldives,2019,487731.0
mdv,Maldives,2020,502118.0
mdv,Maldives,2021,516154.0
mdv,Maldives,2022,524106.0
mdv,Maldives,2023,525994.0
mdv,Maldives,2024,527799.0
mdv,Maldives,2025,529676.0
mex,Mexico,1900,13256749.0
mex,Mexico,1901,13407183.0
mex,Mexico,1902,13545676.0
mex,Mexico,1903,13671927.0
mex,Mexico,1904,13799353.0
mex,Mexico,1905,13927963.0
mex,Mexico,1906,14057768.0
mex,Mexico,1907,14188781.0
mex,Mexico,1908,14321011.0
mex,Mexico,1909,14423929.0
mex,Mexico,1910,14497312.0
mex,Mexico,1911,14540934.0
mex,Mexico,1912,14554565.0
mex,Mexico,1913,14537976.0
mex,Mexico,1914,14521403.0
mex,Mexico,1915,14504846.0
mex,Mexico,1916,14488304.0
mex,Mexico,1917,14471778.0
mex,Mexico,1918,14462101.0
mex,Mexico,1919,14495700.0
mex,Mexico,1920,14573164.0
mex,Mexico,1921,14695093.0
mex,Mexico,1922,14862093.0
mex,Mexico,1923,15074781.0
mex,Mexico,1924,15290514.0
mex,Mexico,1925,15509333.0
mex,Mexico,1926,15731284.0
mex,Mexico,1927,15956411.0
mex,Mexico,1928,16184760.0
mex,Mexico,1929,16426403.0
mex,Mexico,1930,16681704.0
mex,Mexico,1931,16951034.0
mex,Mexico,1932,17234776.0
mex,Mexico,1933,17533316.0
mex,Mexico,1934,17837029.0
mex,Mexico,1935,18146002.0
mex,Mexico,1936,18460327.0
mex,Mexico,1937,18780096.0
mex,Mexico,1938,19105405.0
mex,Mexico,1939,19502221.0
mex,Mexico,1940,19974021.0
mex,Mexico,1941,20524418.0
mex,Mexico,1942,21157168.0
mex,Mexico,1943,21876172.0
mex,Mexico,1944,22619610.0
mex,Mexico,1945,23388313.0
mex,Mexico,1946,24183140.0
mex,Mexico,1947,25004977.0
mex,Mexico,1948,25854745.0
mex,Mexico,1949,26715785.0
mex,Mexico,1950,27587939.0
mex,Mexico,1951,28320482.0
mex,Mexico,1952,29090173.0
mex,Mexico,1953,29899233.0
mex,Mexico,1954,30753005.0
mex,Mexico,1955,31650600.0
mex,Mexico,1956,32587934.0
mex,Mexico,1957,33562724.0
mex,Mexico,1958,34575068.0
mex,Mexico,1959,35627266.0
mex,Mexico,1960,36724615.0
mex,Mexico,1961,37890118.0
mex,Mexico,1962,39129200.0
mex,Mexico,1963,40424065.0
mex,Mexico,1964,41772049.0
mex,Mexico,1965,43174477.0
mex,Mexico,1966,44629106.0
mex,Mexico,1967,46129608.0
mex,Mexico,1968,47668303.0
mex,Mexico,1969,49233194.0
mex,Mexico,1970,50814953.0
mex,Mexico,1971,52412558.0
mex,Mexico,1972,54030168.0
mex,Mexico,1973,55667284.0
mex,Mexico,1974,57320149.0
mex,Mexico,1975,58982400.0
mex,Mexico,1976,60645512.0
mex,Mexico,1977,62308493.0
mex,Mexico,1978,63979046.0
mex,Mexico,1979,65648865.0
mex,Mexico,1980,67300334.0
mex,Mexico,1981,68892108.0
mex,Mexico,1982,70433260.0
mex,Mexico,1983,71971240.0
mex,Mexico,1984,73506846.0
mex,Mexico,1985,75043414.0
mex,Mexico,1986,76585637.0
mex,Mexico,1987,78136651.0
mex,Mexico,1988,79695531.0
mex,Mexico,1989,81247182.0
mex,Mexico,1990,82820170.0
mex,Mexico,1991,84430572.0
mex,Mexico,1992,86044809.0
mex,Mexico,1993,87653807.0
mex,Mexico,1994,89259205.0
mex,Mexico,1995,90862455.0
mex,Mexico,1996,92452702.0
mex,Mexico,1997,94021207.0
mex,Mexico,1998,95575245.0
mex,Mexico,1999,97115707.0
mex,Mexico,2000,98625552.0
mex,Mexico,2001,100099099.0
mex,Mexico,2002,101548624.0
mex,Mexico,2003,102978515.0
mex,Mexico,2004,104394131.0
mex,Mexico,2005,105811504.0
mex,Mexico,2006,107253666.0
mex,Mexico,2007,108774360.0
mex,Mexico,2008,110374288.0
mex,Mexico,2009,111999721.0
mex,Mexico,2010,113623895.0
mex,Mexico,2011,115243504.0
mex,Mexico,2012,116818208.0
mex,Mexico,2013,118343573.0
mex,Mexico,2014,119784261.0
mex,Mexico,2015,121072306.0
mex,Mexico,2016,122251351.0
mex,Mexico,2017,123400057.0
mex,Mexico,2018,124573711.0
mex,Mexico,2019,125762982.0
mex,Mexico,2020,126799054.0
mex,Mexico,2021,127648148.0
mex,Mexico,2022,128613117.0
mex,Mexico,2023,129739759.0
mex,Mexico,2024,130861007.0
mex,Mexico,2025,131946900.0
mhl,Marshall Islands,1900,39434.0
mhl,Marshall Islands,1901,40408.0
mhl,Marshall Islands,1902,41405.0
mhl,Marshall Islands,1903,42427.0
mhl,Marshall Islands,1904,43475.0
mhl,Marshall Islands,1905,44547.0
mhl,Marshall Islands,1906,45647.0
mhl,Marshall Islands,1907,46773.0
mhl,Marshall Islands,1908,47927.0
mhl,Marshall Islands,1909,49110.0
mhl,Marshall Islands,1910,50321.0
mhl,Marshall Islands,1911,51562.0
mhl,Marshall Islands,1912,52834.0
mhl,Marshall Islands,1913,54137.0
mhl,Marshall Islands,1914,55472.0
mhl,Marshall Islands,1915,56840.0
mhl,Marshall Islands,1916,58242.0
mhl,Marshall Islands,1917,59678.0
mhl,Marshall Islands,1918,61065.0
mhl,Marshall Islands,1919,62485.0
mhl,Marshall Islands,1920,63937.0
mhl,Marshall Islands,1921,65424.0
mhl,Marshall Islands,1922,66944.0
mhl,Marshall Islands,1923,68501.0
mhl,Marshall Islands,1924,70093.0
mhl,Marshall Islands,1925,71722.0
mhl,Marshall Islands,1926,73390.0
mhl,Marshall Islands,1927,75096.0
mhl,Marshall Islands,1928,76841.0
mhl,Marshall Islands,1929,76795.0
mhl,Marshall Islands,1930,75082.0
mhl,Marshall Islands,1931,71814.0
mhl,Marshall Islands,1932,67092.0
mhl,Marshall Islands,1933,61007.0
mhl,Marshall Islands,1934,55475.0
mhl,Marshall Islands,1935,50444.0
mhl,Marshall Islands,1936,45869.0
mhl,Marshall Islands,1937,41709.0
mhl,Marshall Islands,1938,37927.0
mhl,Marshall Islands,1939,34487.0
mhl,Marshall Islands,1940,31360.0
mhl,Marshall Islands,1941,28516.0
mhl,Marshall Islands,1942,25930.0
mhl,Marshall Islands,1943,23578.0
mhl,Marshall Islands,1944,21440.0
mhl,Marshall Islands,1945,19496.0
mhl,Marshall Islands,1946,17728.0
mhl,Marshall Islands,1947,16120.0
mhl,Marshall Islands,1948,14658.0
mhl,Marshall Islands,1949,13627.0
mhl,Marshall Islands,1950,12996.0
mhl,Marshall Islands,1951,13111.0
mhl,Marshall Islands,1952,13215.0
mhl,Marshall Islands,1953,13309.0
mhl,Marshall Islands,1954,13392.0
mhl,Marshall Islands,1955,13482.0
mhl,Marshall Islands,1956,13570.0
mhl,Marshall Islands,1957,13638.0
mhl,Marshall Islands,1958,13805.0
mhl,Marshall Islands,1959,14197.0
mhl,Marshall Islands,1960,14703.0
mhl,Marshall Islands,1961,15219.0
mhl,Marshall Islands,1962,15755.0
mhl,Marshall Islands,1963,16302.0
mhl,Marshall Islands,1964,16852.0
mhl,Marshall Islands,1965,17402.0
mhl,Marshall Islands,1966,17927.0
mhl,Marshall Islands,1967,18655.0
mhl,Marshall Islands,1968,19862.0
mhl,Marshall Islands,1969,21305.0
mhl,Marshall Islands,1970,22530.0
mhl,Marshall Islands,1971,23366.0
mhl,Marshall Islands,1972,23992.0
mhl,Marshall Islands,1973,24581.0
mhl,Marshall Islands,1974,25296.0
mhl,Marshall Islands,1975,26154.0
mhl,Marshall Islands,1976,27021.0
mhl,Marshall Islands,1977,27906.0
mhl,Marshall Islands,1978,28809.0
mhl,Marshall Islands,1979,29738.0
mhl,Marshall Islands,1980,30774.0
mhl,Marshall Islands,1981,32017.0
mhl,Marshall Islands,1982,33397.0
mhl,Marshall Islands,1983,34811.0
mhl,Marshall Islands,1984,36264.0
mhl,Marshall Islands,1985,37761.0
mhl,Marshall Islands,1986,39286.0
mhl,Marshall Islands,1987,40828.0
mhl,Marshall Islands,1988,42321.0
mhl,Marshall Islands,1989,43586.0
mhl,Marshall Islands,1990,44629.0
mhl,Marshall Islands,1991,45568.0
mhl,Marshall Islands,1992,46388.0
mhl,Marshall Islands,1993,47093.0
mhl,Marshall Islands,1994,47712.0
mhl,Marshall Islands,1995,48266.0
mhl,Marshall Islands,1996,48775.0
mhl,Marshall Islands,1997,49259.0
mhl,Marshall Islands,1998,49717.0
mhl,Marshall Islands,1999,50202.0
mhl,Marshall Islands,2000,50706.0
mhl,Marshall Islands,2001,51123.0
mhl,Marshall Islands,2002,51425.0
mhl,Marshall Islands,2003,51639.0
mhl,Marshall Islands,2004,51791.0
mhl,Marshall Islands,2005,51906.0
mhl,Marshall Islands,2006,51992.0
mhl,Marshall Islands,2007,52035.0
mhl,Marshall Islands,2008,52030.0
mhl,Marshall Islands,2009,52019.0
mhl,Marshall Islands,2010,52044.0
mhl,Marshall Islands,2011,51907.0
mhl,Marshall Islands,2012,51419.0
mhl,Marshall Islands,2013,50681.0
mhl,Marshall Islands,2014,49796.0
mhl,Marshall Islands,2015,48800.0
mhl,Marshall Islands,2016,47709.0
mhl,Marshall Islands,2017,46529.0
mhl,Marshall Islands,2018,45285.0
mhl,Marshall Islands,2019,44007.0
mhl,Marshall Islands,2020,42706.0
mhl,Marshall Islands,2021,41367.0
mhl,Marshall Islands,2022,40077.0
mhl,Marshall Islands,2023,38827.0
mhl,Marshall Islands,2024,37548.0
mhl,Marshall Islands,2025,36282.0
mkd,North Macedonia,1900,800880.0
mkd,North Macedonia,1901,808147.0
mkd,North Macedonia,1902,815480.0
mkd,North Macedonia,1903,822880.0
mkd,North Macedonia,1904,830347.0
mkd,North Macedonia,1905,837882.0
mkd,North Macedonia,1906,845485.0
mkd,North Macedonia,1907,853156.0
mkd,North Macedonia,1908,860898.0
mkd,North Macedonia,1909,868709.0
mkd,North Macedonia,1910,876592.0
mkd,North Macedonia,1911,884545.0
mkd,North Macedonia,1912,892571.0
mkd,North Macedonia,1913,900670.0
mkd,North Macedonia,1914,908842.0
mkd,North Macedonia,1915,917088.0
mkd,North Macedonia,1916,925409.0
mkd,North Macedonia,1917,933806.0
mkd,North Macedonia,1918,942027.0
mkd,North Macedonia,1919,950320.0
mkd,North Macedonia,1920,958686.0
mkd,North Macedonia,1921,967126.0
mkd,North Macedonia,1922,975641.0
mkd,North Macedonia,1923,984230.0
mkd,North Macedonia,1924,992895.0
mkd,North Macedonia,1925,1001636.0
mkd,North Macedonia,1926,1010454.0
mkd,North Macedonia,1927,1019350.0
mkd,North Macedonia,1928,1028324.0
mkd,North Macedonia,1929,1037377.0
mkd,North Macedonia,1930,1046510.0
mkd,North Macedonia,1931,1055723.0
mkd,North Macedonia,1932,1065017.0
mkd,North Macedonia,1933,1074393.0
mkd,North Macedonia,1934,1083852.0
mkd,North Macedonia,1935,1093394.0
mkd,North Macedonia,1936,1103020.0
mkd,North Macedonia,1937,1112730.0
mkd,North Macedonia,1938,1122526.0
mkd,North Macedonia,1939,1132409.0
mkd,North Macedonia,1940,1142378.0
mkd,North Macedonia,1941,1152435.0
mkd,North Macedonia,1942,1162581.0
mkd,North Macedonia,1943,1172816.0
mkd,North Macedonia,1944,1183141.0
mkd,North Macedonia,1945,1193557.0
mkd,North Macedonia,1946,1204065.0
mkd,North Macedonia,1947,1214665.0
mkd,North Macedonia,1948,1225359.0
mkd,North Macedonia,1949,1236694.0
mkd,North Macedonia,1950,1248683.0
mkd,North Macedonia,1951,1271035.0
mkd,North Macedonia,1952,1294530.0
mkd,North Macedonia,1953,1319471.0
mkd,North Macedonia,1954,1340006.0
mkd,North Macedonia,1955,1355676.0
mkd,North Macedonia,1956,1370918.0
mkd,North Macedonia,1957,1385255.0
mkd,North Macedonia,1958,1400116.0
mkd,North Macedonia,1959,1417075.0
mkd,North Macedonia,1960,1435059.0
mkd,North Macedonia,1961,1455171.0
mkd,North Macedonia,1962,1471745.0
mkd,North Macedonia,1963,1488737.0
mkd,North Macedonia,1964,1510900.0
mkd,North Macedonia,1965,1533466.0
mkd,North Macedonia,1966,1557349.0
mkd,North Macedonia,1967,1582492.0
mkd,North Macedonia,1968,1608930.0
mkd,North Macedonia,1969,1636345.0
mkd,North Macedonia,1970,1664208.0
mkd,North Macedonia,1971,1691216.0
mkd,North Macedonia,1972,1717395.0
mkd,North Macedonia,1973,1743816.0
mkd,North Macedonia,1974,1770545.0
mkd,North Macedonia,1975,1797972.0
mkd,North Macedonia,1976,1825830.0
mkd,North Macedonia,1977,1853138.0
mkd,North Macedonia,1978,1879847.0
mkd,North Macedonia,1979,1906523.0
mkd,North Macedonia,1980,1933038.0
mkd,North Macedonia,1981,1959065.0
mkd,North Macedonia,1982,1978956.0
mkd,North Macedonia,1983,1991901.0
mkd,North Macedonia,1984,2003399.0
mkd,North Macedonia,1985,2014331.0
mkd,North Macedonia,1986,2024732.0
mkd,North Macedonia,1987,2035157.0
mkd,North Macedonia,1988,2045737.0
mkd,North Macedonia,1989,2055649.0
mkd,North Macedonia,1990,2063689.0
mkd,North Macedonia,1991,2055994.0
mkd,North Macedonia,1992,2032523.0
mkd,North Macedonia,1993,2006854.0
mkd,North Macedonia,1994,1992666.0
mkd,North Macedonia,1995,1998534.0
mkd,North Macedonia,1996,2012553.0
mkd,North Macedonia,1997,2025755.0
mkd,North Macedonia,1998,2037568.0
mkd,North Macedonia,1999,2048087.0
mkd,North Macedonia,2000,2057253.0
mkd,North Macedonia,2001,2066301.0
mkd,North Macedonia,2002,2074484.0
mkd,North Macedonia,2003,2081411.0
mkd,North Macedonia,2004,2086581.0
mkd,North Macedonia,2005,2089807.0
mkd,North Macedonia,2006,2089233.0
mkd,North Macedonia,2007,2081972.0
mkd,North Macedonia,2008,2070834.0
mkd,North Macedonia,2009,2060599.0
mkd,North Macedonia,2010,2051505.0
mkd,North Macedonia,2011,2040446.0
mkd,North Macedonia,2012,2027289.0
mkd,North Macedonia,2013,2013280.0
mkd,North Macedonia,2014,1997833.0
mkd,North Macedonia,2015,1980366.0
mkd,North Macedonia,2016,1961259.0
mkd,North Macedonia,2017,1940879.0
mkd,North Macedonia,2018,1919728.0
mkd,North Macedonia,2019,1897641.0
mkd,North Macedonia,2020,1872015.0
mkd,North Macedonia,2021,1851108.0
mkd,North Macedonia,2022,1840233.0
mkd,North Macedonia,2023,1831802.0
mkd,North Macedonia,2024,1823009.0
mkd,North Macedonia,2025,1813791.0
mli,Mali,1900,2332094.0
mli,Mali,1901,2363210.0
mli,Mali,1902,2397525.0
mli,Mali,1903,2435126.0
mli,Mali,1904,2473265.0
mli,Mali,1905,2511948.0
mli,Mali,1906,2551182.0
mli,Mali,1907,2590976.0
mli,Mali,1908,2631337.0
mli,Mali,1909,2670651.0
mli,Mali,1910,2708874.0
mli,Mali,1911,2745960.0
mli,Mali,1912,2781862.0
mli,Mali,1913,2816532.0
mli,Mali,1914,2851578.0
mli,Mali,1915,2887005.0
mli,Mali,1916,2922817.0
mli,Mali,1917,2959016.0
mli,Mali,1918,2982688.0
mli,Mali,1919,3010186.0
mli,Mali,1920,3041592.0
mli,Mali,1921,3076987.0
mli,Mali,1922,3116458.0
mli,Mali,1923,3160088.0
mli,Mali,1924,3204329.0
mli,Mali,1925,3249190.0
mli,Mali,1926,3294678.0
mli,Mali,1927,3340804.0
mli,Mali,1928,3387575.0
mli,Mali,1929,3434305.0
mli,Mali,1930,3480983.0
mli,Mali,1931,3527600.0
mli,Mali,1932,3574146.0
mli,Mali,1933,3620609.0
mli,Mali,1934,3667677.0
mli,Mali,1935,3715357.0
mli,Mali,1936,3763657.0
mli,Mali,1937,3812584.0
mli,Mali,1938,3862148.0
mli,Mali,1939,3915526.0
mli,Mali,1940,3972822.0
mli,Mali,1941,4034141.0
mli,Mali,1942,4099592.0
mli,Mali,1943,4169285.0
mli,Mali,1944,4240163.0
mli,Mali,1945,4312246.0
mli,Mali,1946,4385554.0
mli,Mali,1947,4460108.0
mli,Mali,1948,4535930.0
mli,Mali,1949,4614836.0
mli,Mali,1950,4696911.0
mli,Mali,1951,4766701.0
mli,Mali,1952,4836363.0
mli,Mali,1953,4904800.0
mli,Mali,1954,4972910.0
mli,Mali,1955,5041934.0
mli,Mali,1956,5111976.0
mli,Mali,1957,5183130.0
mli,Mali,1958,5253468.0
mli,Mali,1959,5325639.0
mli,Mali,1960,5402550.0
mli,Mali,1961,5482283.0
mli,Mali,1962,5563917.0
mli,Mali,1963,5646605.0
mli,Mali,1964,5730125.0
mli,Mali,1965,5815487.0
mli,Mali,1966,5902204.0
mli,Mali,1967,5990906.0
mli,Mali,1968,6082979.0
mli,Mali,1969,6177704.0
mli,Mali,1970,6276472.0
mli,Mali,1971,6377944.0
mli,Mali,1972,6483726.0
mli,Mali,1973,6597106.0
mli,Mali,1974,6715436.0
mli,Mali,1975,6837261.0
mli,Mali,1976,6960979.0
mli,Mali,1977,7090979.0
mli,Mali,1978,7229651.0
mli,Mali,1979,7375266.0
mli,Mali,1980,7530515.0
mli,Mali,1981,7692766.0
mli,Mali,1982,7860194.0
mli,Mali,1983,8034400.0
mli,Mali,1984,8208599.0
mli,Mali,1985,8374663.0
mli,Mali,1986,8531277.0
mli,Mali,1987,8681164.0
mli,Mali,1988,8833996.0
mli,Mali,1989,8999938.0
mli,Mali,1990,9178830.0
mli,Mali,1991,9362888.0
mli,Mali,1992,9553540.0
mli,Mali,1993,9754786.0
mli,Mali,1994,9967031.0
mli,Mali,1995,10185365.0
mli,Mali,1996,10407278.0
mli,Mali,1997,10646495.0
mli,Mali,1998,10919573.0
mli,Mali,1999,11227415.0
mli,Mali,2000,11559290.0
mli,Mali,2001,11912158.0
mli,Mali,2002,12288050.0
mli,Mali,2003,12684955.0
mli,Mali,2004,13102409.0
mli,Mali,2005,13538647.0
mli,Mali,2006,13990139.0
mli,Mali,2007,14457775.0
mli,Mali,2008,14940782.0
mli,Mali,2009,15435539.0
mli,Mali,2010,15945198.0
mli,Mali,2011,16469049.0
mli,Mali,2012,16957033.0
mli,Mali,2013,17459615.0
mli,Mali,2014,18020267.0
mli,Mali,2015,18593022.0
mli,Mali,2016,19191289.0
mli,Mali,2017,19813011.0
mli,Mali,2018,20442030.0
mli,Mali,2019,21068405.0
mli,Mali,2020,21713836.0
mli,Mali,2021,22388630.0
mli,Mali,2022,23072640.0
mli,Mali,2023,23769127.0
mli,Mali,2024,24478595.0
mli,Mali,2025,25198821.0
mlt,Malta,1900,207691.0
mlt,Malta,1901,208767.0
mlt,Malta,1902,209849.0
mlt,Malta,1903,210936.0
mlt,Malta,1904,212029.0
mlt,Malta,1905,213127.0
mlt,Malta,1906,214231.0
mlt,Malta,1907,215340.0
mlt,Malta,1908,216455.0
mlt,Malta,1909,217238.0
mlt,Malta,1910,217687.0
mlt,Malta,1911,217802.0
mlt,Malta,1912,217583.0
mlt,Malta,1913,217030.0
mlt,Malta,1914,216477.0
mlt,Malta,1915,215925.0
mlt,Malta,1916,215375.0
mlt,Malta,1917,214827.0
mlt,Malta,1918,214448.0
mlt,Malta,1919,214441.0
mlt,Malta,1920,214805.0
mlt,Malta,1921,215544.0
mlt,Malta,1922,216660.0
mlt,Malta,1923,218153.0
mlt,Malta,1924,219657.0
mlt,Malta,1925,221171.0
mlt,Malta,1926,222696.0
mlt,Malta,1927,224231.0
mlt,Malta,1928,225777.0
mlt,Malta,1929,227540.0
mlt,Malta,1930,229526.0
mlt,Malta,1931,231738.0
mlt,Malta,1932,234180.0
mlt,Malta,1933,236856.0
mlt,Malta,1934,239563.0
mlt,Malta,1935,242301.0
mlt,Malta,1936,245069.0
mlt,Malta,1937,247870.0
mlt,Malta,1938,250702.0
mlt,Malta,1939,253728.0
mlt,Malta,1940,256950.0
mlt,Malta,1941,260375.0
mlt,Malta,1942,264006.0
mlt,Malta,1943,267848.0
mlt,Malta,1944,271746.0
mlt,Malta,1945,275702.0
mlt,Malta,1946,279714.0
mlt,Malta,1947,283785.0
mlt,Malta,1948,287916.0
mlt,Malta,1949,291551.0
mlt,Malta,1950,294680.0
mlt,Malta,1951,300455.0
mlt,Malta,1952,304908.0
mlt,Malta,1953,309344.0
mlt,Malta,1954,313745.0
mlt,Malta,1955,318139.0
mlt,Malta,1956,322456.0
mlt,Malta,1957,326694.0
mlt,Malta,1958,329408.0
mlt,Malta,1959,330353.0
mlt,Malta,1960,330820.0
mlt,Malta,1961,330849.0
mlt,Malta,1962,330488.0
mlt,Malta,1963,329805.0
mlt,Malta,1964,328788.0
mlt,Malta,1965,327398.0
mlt,Malta,1966,325675.0
mlt,Malta,1967,323813.0
mlt,Malta,1968,323512.0
mlt,Malta,1969,324753.0
mlt,Malta,1970,326011.0
mlt,Malta,1971,327293.0
mlt,Malta,1972,328609.0
mlt,Malta,1973,330053.0
mlt,Malta,1974,331679.0
mlt,Malta,1975,333450.0
mlt,Malta,1976,335286.0
mlt,Malta,1977,337161.0
mlt,Malta,1978,339061.0
mlt,Malta,1979,340971.0
mlt,Malta,1980,342877.0
mlt,Malta,1981,344752.0
mlt,Malta,1982,346644.0
mlt,Malta,1983,348591.0
mlt,Malta,1984,350551.0
mlt,Malta,1985,352566.0
mlt,Malta,1986,355077.0
mlt,Malta,1987,358080.0
mlt,Malta,1988,361224.0
mlt,Malta,1989,364522.0
mlt,Malta,1990,367908.0
mlt,Malta,1991,371332.0
mlt,Malta,1992,374795.0
mlt,Malta,1993,378217.0
mlt,Malta,1994,381454.0
mlt,Malta,1995,384550.0
mlt,Malta,1996,387624.0
mlt,Malta,1997,390679.0
mlt,Malta,1998,393774.0
mlt,Malta,1999,396889.0
mlt,Malta,2000,399895.0
mlt,Malta,2001,402784.0
mlt,Malta,2002,405565.0
mlt,Malta,2003,408226.0
mlt,Malta,2004,410798.0
mlt,Malta,2005,413320.0
mlt,Malta,2006,415454.0
mlt,Malta,2007,417197.0
mlt,Malta,2008,418969.0
mlt,Malta,2009,420795.0
mlt,Malta,2010,422651.0
mlt,Malta,2011,424628.0
mlt,Malta,2012,426611.0
mlt,Malta,2013,428452.0
mlt,Malta,2014,434485.0
mlt,Malta,2015,444981.0
mlt,Malta,2016,455269.0
mlt,Malta,2017,467902.0
mlt,Malta,2018,484558.0
mlt,Malta,2019,504015.0
mlt,Malta,2020,518207.0
mlt,Malta,2021,524376.0
mlt,Malta,2022,528192.0
mlt,Malta,2023,532956.0
mlt,Malta,2024,539607.0
mlt,Malta,2025,545405.0
mmr,Myanmar,1900,9413427.0
mmr,Myanmar,1901,9605885.0
mmr,Myanmar,1902,9774435.0
mmr,Myanmar,1903,9917973.0
mmr,Myanmar,1904,10063598.0
mmr,Myanmar,1905,10211340.0
mmr,Myanmar,1906,10361230.0
mmr,Myanmar,1907,10513297.0
mmr,Myanmar,1908,10667574.0
mmr,Myanmar,1909,10808951.0
mmr,Myanmar,1910,10937142.0
mmr,Myanmar,1911,11051858.0
mmr,Myanmar,1912,11152802.0
mmr,Myanmar,1913,11239674.0
mmr,Myanmar,1914,11327198.0
mmr,Myanmar,1915,11415379.0
mmr,Myanmar,1916,11504221.0
mmr,Myanmar,1917,11593730.0
mmr,Myanmar,1918,11701171.0
mmr,Myanmar,1919,11812167.0
mmr,Myanmar,1920,11926777.0
mmr,Myanmar,1921,12045061.0
mmr,Myanmar,1922,12167079.0
mmr,Myanmar,1923,12292895.0
mmr,Myanmar,1924,12420012.0
mmr,Myanmar,1925,12548443.0
mmr,Myanmar,1926,12678203.0
mmr,Myanmar,1927,12809304.0
mmr,Myanmar,1928,12941761.0
mmr,Myanmar,1929,13083870.0
mmr,Myanmar,1930,13235843.0
mmr,Myanmar,1931,13397895.0
mmr,Myanmar,1932,13570245.0
mmr,Myanmar,1933,13753116.0
mmr,Myanmar,1934,13938451.0
mmr,Myanmar,1935,14126283.0
mmr,Myanmar,1936,14316647.0
mmr,Myanmar,1937,14509576.0
mmr,Myanmar,1938,14705105.0
mmr,Myanmar,1939,14911508.0
mmr,Myanmar,1940,15129066.0
mmr,Myanmar,1941,15358064.0
mmr,Myanmar,1942,15598795.0
mmr,Myanmar,1943,15851556.0
mmr,Myanmar,1944,16108414.0
mmr,Myanmar,1945,16369433.0
mmr,Myanmar,1946,16634682.0
mmr,Myanmar,1947,16904229.0
mmr,Myanmar,1948,17178143.0
mmr,Myanmar,1949,17455757.0
mmr,Myanmar,1950,17737117.0
mmr,Myanmar,1951,18070418.0
mmr,Myanmar,1952,18418009.0
mmr,Myanmar,1953,18779900.0
mmr,Myanmar,1954,19156655.0
mmr,Myanmar,1955,19550482.0
mmr,Myanmar,1956,19959221.0
mmr,Myanmar,1957,20382704.0
mmr,Myanmar,1958,20816418.0
mmr,Myanmar,1959,21264010.0
mmr,Myanmar,1960,21730250.0
mmr,Myanmar,1961,22210581.0
mmr,Myanmar,1962,22704719.0
mmr,Myanmar,1963,23213408.0
mmr,Myanmar,1964,23737315.0
mmr,Myanmar,1965,24279431.0
mmr,Myanmar,1966,24836496.0
mmr,Myanmar,1967,25406429.0
mmr,Myanmar,1968,25989662.0
mmr,Myanmar,1969,26585112.0
mmr,Myanmar,1970,27193016.0
mmr,Myanmar,1971,27807219.0
mmr,Myanmar,1972,28428324.0
mmr,Myanmar,1973,29026388.0
mmr,Myanmar,1974,29598167.0
mmr,Myanmar,1975,30176565.0
mmr,Myanmar,1976,30758811.0
mmr,Myanmar,1977,31355966.0
mmr,Myanmar,1978,31972976.0
mmr,Myanmar,1979,32596550.0
mmr,Myanmar,1980,33227204.0
mmr,Myanmar,1981,33858783.0
mmr,Myanmar,1982,34482965.0
mmr,Myanmar,1983,35162715.0
mmr,Myanmar,1984,35899313.0
mmr,Myanmar,1985,36622827.0
mmr,Myanmar,1986,37314878.0
mmr,Myanmar,1987,37971594.0
mmr,Myanmar,1988,38600927.0
mmr,Myanmar,1989,39214618.0
mmr,Myanmar,1990,39817251.0
mmr,Myanmar,1991,40394154.0
mmr,Myanmar,1992,40950342.0
mmr,Myanmar,1993,41502429.0
mmr,Myanmar,1994,42055143.0
mmr,Myanmar,1995,42605338.0
mmr,Myanmar,1996,43154860.0
mmr,Myanmar,1997,43708798.0
mmr,Myanmar,1998,44257793.0
mmr,Myanmar,1999,44787724.0
mmr,Myanmar,2000,45290841.0
mmr,Myanmar,2001,45771139.0
mmr,Myanmar,2002,46232653.0
mmr,Myanmar,2003,46667192.0
mmr,Myanmar,2004,47068772.0
mmr,Myanmar,2005,47438365.0
mmr,Myanmar,2006,47785135.0
mmr,Myanmar,2007,48125043.0
mmr,Myanmar,2008,48390793.0
mmr,Myanmar,2009,48660459.0
mmr,Myanmar,2010,49024382.0
mmr,Myanmar,2011,49419820.0
mmr,Myanmar,2012,49837446.0
mmr,Myanmar,2013,50262658.0
mmr,Myanmar,2014,50681634.0
mmr,Myanmar,2015,51089056.0
mmr,Myanmar,2016,51495696.0
mmr,Myanmar,2017,51894938.0
mmr,Myanmar,2018,52272247.0
mmr,Myanmar,2019,52640713.0
mmr,Myanmar,2020,53016522.0
mmr,Myanmar,2021,53387102.0
mmr,Myanmar,2022,53756787.0
mmr,Myanmar,2023,54133798.0
mmr,Myanmar,2024,54500091.0
mmr,Myanmar,2025,54850648.0
mne,Montenegro,1900,442860.0
mne,Montenegro,1901,449856.0
mne,Montenegro,1902,456963.0
mne,Montenegro,1903,464182.0
mne,Montenegro,1904,471515.0
mne,Montenegro,1905,478964.0
mne,Montenegro,1906,486530.0
mne,Montenegro,1907,494216.0
mne,Montenegro,1908,502024.0
mne,Montenegro,1909,507639.0
mne,Montenegro,1910,511042.0
mne,Montenegro,1911,512214.0
mne,Montenegro,1912,511133.0
mne,Montenegro,1913,507780.0
mne,Montenegro,1914,504448.0
mne,Montenegro,1915,501138.0
mne,Montenegro,1916,497850.0
mne,Montenegro,1917,494584.0
mne,Montenegro,1918,491309.0
mne,Montenegro,1919,488056.0
mne,Montenegro,1920,484824.0
mne,Montenegro,1921,481614.0
mne,Montenegro,1922,478425.0
mne,Montenegro,1923,475257.0
mne,Montenegro,1924,472111.0
mne,Montenegro,1925,468984.0
mne,Montenegro,1926,465879.0
mne,Montenegro,1927,462794.0
mne,Montenegro,1928,459730.0
mne,Montenegro,1929,456686.0
mne,Montenegro,1930,453662.0
mne,Montenegro,1931,450658.0
mne,Montenegro,1932,447674.0
mne,Montenegro,1933,444710.0
mne,Montenegro,1934,441765.0
mne,Montenegro,1935,438840.0
mne,Montenegro,1936,435935.0
mne,Montenegro,1937,433048.0
mne,Montenegro,1938,430181.0
mne,Montenegro,1939,427332.0
mne,Montenegro,1940,424503.0
mne,Montenegro,1941,421692.0
mne,Montenegro,1942,418900.0
mne,Montenegro,1943,416126.0
mne,Montenegro,1944,413371.0
mne,Montenegro,1945,410634.0
mne,Montenegro,1946,407915.0
mne,Montenegro,1947,405214.0
mne,Montenegro,1948,402531.0
mne,Montenegro,1949,401625.0
mne,Montenegro,1950,402512.0
mne,Montenegro,1951,410073.0
mne,Montenegro,1952,418900.0
mne,Montenegro,1953,427479.0
mne,Montenegro,1954,434371.0
mne,Montenegro,1955,440584.0
mne,Montenegro,1956,446690.0
mne,Montenegro,1957,452741.0
mne,Montenegro,1958,458805.0
mne,Montenegro,1959,464899.0
mne,Montenegro,1960,471197.0
mne,Montenegro,1961,477827.0
mne,Montenegro,1962,484442.0
mne,Montenegro,1963,490788.0
mne,Montenegro,1964,496930.0
mne,Montenegro,1965,502892.0
mne,Montenegro,1966,508634.0
mne,Montenegro,1967,514096.0
mne,Montenegro,1968,519308.0
mne,Montenegro,1969,524446.0
mne,Montenegro,1970,529671.0
mne,Montenegro,1971,535109.0
mne,Montenegro,1972,540698.0
mne,Montenegro,1973,546262.0
mne,Montenegro,1974,551732.0
mne,Montenegro,1975,557151.0
mne,Montenegro,1976,562630.0
mne,Montenegro,1977,568093.0
mne,Montenegro,1978,573516.0
mne,Montenegro,1979,579011.0
mne,Montenegro,1980,584820.0
mne,Montenegro,1981,589909.0
mne,Montenegro,1982,593629.0
mne,Montenegro,1983,596956.0
mne,Montenegro,1984,600247.0
mne,Montenegro,1985,603500.0
mne,Montenegro,1986,606795.0
mne,Montenegro,1987,610170.0
mne,Montenegro,1988,613585.0
mne,Montenegro,1989,617042.0
mne,Montenegro,1990,620497.0
mne,Montenegro,1991,623559.0
mne,Montenegro,1992,626019.0
mne,Montenegro,1993,628099.0
mne,Montenegro,1994,629878.0
mne,Montenegro,1995,631381.0
mne,Montenegro,1996,632620.0
mne,Montenegro,1997,633533.0
mne,Montenegro,1998,634091.0
mne,Montenegro,1999,634283.0
mne,Montenegro,2000,634193.0
mne,Montenegro,2001,633991.0
mne,Montenegro,2002,633766.0
mne,Montenegro,2003,633559.0
mne,Montenegro,2004,633754.0
mne,Montenegro,2005,634050.0
mne,Montenegro,2006,633871.0
mne,Montenegro,2007,633379.0
mne,Montenegro,2008,632845.0
mne,Montenegro,2009,632438.0
mne,Montenegro,2010,632088.0
mne,Montenegro,2011,632688.0
mne,Montenegro,2012,633540.0
mne,Montenegro,2013,633202.0
mne,Montenegro,2014,631375.0
mne,Montenegro,2015,628145.0
mne,Montenegro,2016,624249.0
mne,Montenegro,2017,620114.0
mne,Montenegro,2018,615795.0
mne,Montenegro,2019,611667.0
mne,Montenegro,2020,607935.0
mne,Montenegro,2021,603851.0
mne,Montenegro,2022,614648.0
mne,Montenegro,2023,633552.0
mne,Montenegro,2024,638479.0
mne,Montenegro,2025,632729.0
mng,Mongolia,1900,697021.0
mng,Mongolia,1901,698852.0
mng,Mongolia,1902,700961.0
mng,Mongolia,1903,703348.0
mng,Mongolia,1904,705744.0
mng,Mongolia,1905,708147.0
mng,Mongolia,1906,710559.0
mng,Mongolia,1907,712979.0
mng,Mongolia,1908,715407.0
mng,Mongolia,1909,717594.0
mng,Mongolia,1910,719539.0
mng,Mongolia,1911,721239.0
mng,Mongolia,1912,722695.0
mng,Mongolia,1913,723905.0
mng,Mongolia,1914,725117.0
mng,Mongolia,1915,726330.0
mng,Mongolia,1916,727546.0
mng,Mongolia,1917,728764.0
mng,Mongolia,1918,730063.0
mng,Mongolia,1919,731365.0
mng,Mongolia,1920,732669.0
mng,Mongolia,1921,733976.0
mng,Mongolia,1922,735285.0
mng,Mongolia,1923,736596.0
mng,Mongolia,1924,737910.0
mng,Mongolia,1925,739226.0
mng,Mongolia,1926,740544.0
mng,Mongolia,1927,741864.0
mng,Mongolia,1928,743187.0
mng,Mongolia,1929,744513.0
mng,Mongolia,1930,745840.0
mng,Mongolia,1931,747170.0
mng,Mongolia,1932,748503.0
mng,Mongolia,1933,749838.0
mng,Mongolia,1934,751175.0
mng,Mongolia,1935,752514.0
mng,Mongolia,1936,753856.0
mng,Mongolia,1937,755201.0
mng,Mongolia,1938,756547.0
mng,Mongolia,1939,757897.0
mng,Mongolia,1940,759248.0
mng,Mongolia,1941,760602.0
mng,Mongolia,1942,761958.0
mng,Mongolia,1943,763317.0
mng,Mongolia,1944,764678.0
mng,Mongolia,1945,766042.0
mng,Mongolia,1946,767408.0
mng,Mongolia,1947,768777.0
mng,Mongolia,1948,770148.0
mng,Mongolia,1949,774430.0
mng,Mongolia,1950,781688.0
mng,Mongolia,1951,794323.0
mng,Mongolia,1952,807086.0
mng,Mongolia,1953,820273.0
mng,Mongolia,1954,834018.0
mng,Mongolia,1955,848684.0
mng,Mongolia,1956,868482.0
mng,Mongolia,1957,893234.0
mng,Mongolia,1958,919290.0
mng,Mongolia,1959,947411.0
mng,Mongolia,1960,977595.0
mng,Mongolia,1961,1009284.0
mng,Mongolia,1962,1041444.0
mng,Mongolia,1963,1071362.0
mng,Mongolia,1964,1100234.0
mng,Mongolia,1965,1131177.0
mng,Mongolia,1966,1163754.0
mng,Mongolia,1967,1196996.0
mng,Mongolia,1968,1229930.0
mng,Mongolia,1969,1262284.0
mng,Mongolia,1970,1295272.0
mng,Mongolia,1971,1330071.0
mng,Mongolia,1972,1366821.0
mng,Mongolia,1973,1405502.0
mng,Mongolia,1974,1446050.0
mng,Mongolia,1975,1488296.0
mng,Mongolia,1976,1531945.0
mng,Mongolia,1977,1576245.0
mng,Mongolia,1978,1619468.0
mng,Mongolia,1979,1660659.0
mng,Mongolia,1980,1701335.0
mng,Mongolia,1981,1742857.0
mng,Mongolia,1982,1785364.0
mng,Mongolia,1983,1829092.0
mng,Mongolia,1984,1874349.0
mng,Mongolia,1985,1921514.0
mng,Mongolia,1986,1970965.0
mng,Mongolia,1987,2022800.0
mng,Mongolia,1988,2076322.0
mng,Mongolia,1989,2124185.0
mng,Mongolia,1990,2164573.0
mng,Mongolia,1991,2202768.0
mng,Mongolia,1992,2239123.0
mng,Mongolia,1993,2273512.0
mng,Mongolia,1994,2305744.0
mng,Mongolia,1995,2335715.0
mng,Mongolia,1996,2363465.0
mng,Mongolia,1997,2389128.0
mng,Mongolia,1998,2412784.0
mng,Mongolia,1999,2434040.0
mng,Mongolia,2000,2455182.0
mng,Mongolia,2001,2477700.0
mng,Mongolia,2002,2500075.0
mng,Mongolia,2003,2521805.0
mng,Mongolia,2004,2542793.0
mng,Mongolia,2005,2563461.0
mng,Mongolia,2006,2584756.0
mng,Mongolia,2007,2607965.0
mng,Mongolia,2008,2634424.0
mng,Mongolia,2009,2665326.0
mng,Mongolia,2010,2701732.0
mng,Mongolia,2011,2745180.0
mng,Mongolia,2012,2795459.0
mng,Mongolia,2013,2851881.0
mng,Mongolia,2014,2913039.0
mng,Mongolia,2015,2976526.0
mng,Mongolia,2016,3040812.0
mng,Mongolia,2017,3104364.0
mng,Mongolia,2018,3167706.0
mng,Mongolia,2019,3232113.0
mng,Mongolia,2020,3290785.0
mng,Mongolia,2021,3339674.0
mng,Mongolia,2022,3386015.0
mng,Mongolia,2023,3431932.0
mng,Mongolia,2024,3475540.0
mng,Mongolia,2025,3517100.0
moz,Mozambique,1900,4246017.0
moz,Mozambique,1901,4214558.0
moz,Mozambique,1902,4179946.0
moz,Mozambique,1903,4142230.0
moz,Mozambique,1904,4104851.0
moz,Mozambique,1905,4067804.0
moz,Mozambique,1906,4031087.0
moz,Mozambique,1907,3994698.0
moz,Mozambique,1908,3958632.0
moz,Mozambique,1909,3926001.0
moz,Mozambique,1910,3896755.0
moz,Mozambique,1911,3870844.0
moz,Mozambique,1912,3848219.0
moz,Mozambique,1913,3828833.0
moz,Mozambique,1914,3809540.0
moz,Mozambique,1915,3790340.0
moz,Mozambique,1916,3771233.0
moz,Mozambique,1917,3752217.0
moz,Mozambique,1918,3737209.0
moz,Mozambique,1919,3736348.0
moz,Mozambique,1920,3749789.0
moz,Mozambique,1921,3777690.0
moz,Mozambique,1922,3820211.0
moz,Mozambique,1923,3877515.0
moz,Mozambique,1924,3935677.0
moz,Mozambique,1925,3994712.0
moz,Mozambique,1926,4054633.0
moz,Mozambique,1927,4115453.0
moz,Mozambique,1928,4177185.0
moz,Mozambique,1929,4238982.0
moz,Mozambique,1930,4300833.0
moz,Mozambique,1931,4362728.0
moz,Mozambique,1932,4424654.0
moz,Mozambique,1933,4486599.0
moz,Mozambique,1934,4549412.0
moz,Mozambique,1935,4613103.0
moz,Mozambique,1936,4677687.0
moz,Mozambique,1937,4743174.0
moz,Mozambique,1938,4809579.0
moz,Mozambique,1939,4880868.0
moz,Mozambique,1940,4957182.0
moz,Mozambique,1941,5038664.0
moz,Mozambique,1942,5125459.0
moz,Mozambique,1943,5217717.0
moz,Mozambique,1944,5311636.0
moz,Mozambique,1945,5407246.0
moz,Mozambique,1946,5504576.0
moz,Mozambique,1947,5603659.0
moz,Mozambique,1948,5704524.0
moz,Mozambique,1949,5806708.0
moz,Mozambique,1950,5910225.0
moz,Mozambique,1951,5978155.0
moz,Mozambique,1952,6050759.0
moz,Mozambique,1953,6123118.0
moz,Mozambique,1954,6196977.0
moz,Mozambique,1955,6274471.0
moz,Mozambique,1956,6355035.0
moz,Mozambique,1957,6438178.0
moz,Mozambique,1958,6521555.0
moz,Mozambique,1959,6610402.0
moz,Mozambique,1960,6713695.0
moz,Mozambique,1961,6834936.0
moz,Mozambique,1962,6969364.0
moz,Mozambique,1963,7109828.0
moz,Mozambique,1964,7255061.0
moz,Mozambique,1965,7406421.0
moz,Mozambique,1966,7562990.0
moz,Mozambique,1967,7724550.0
moz,Mozambique,1968,7892613.0
moz,Mozambique,1969,8066951.0
moz,Mozambique,1970,8250506.0
moz,Mozambique,1971,8456317.0
moz,Mozambique,1972,8692935.0
moz,Mozambique,1973,8954242.0
moz,Mozambique,1974,9236093.0
moz,Mozambique,1975,9540817.0
moz,Mozambique,1976,9867209.0
moz,Mozambique,1977,10224975.0
moz,Mozambique,1978,10618250.0
moz,Mozambique,1979,11028809.0
moz,Mozambique,1980,11336221.0
moz,Mozambique,1981,11568127.0
moz,Mozambique,1982,11824370.0
moz,Mozambique,1983,12073822.0
moz,Mozambique,1984,12315954.0
moz,Mozambique,1985,12548949.0
moz,Mozambique,1986,12770578.0
moz,Mozambique,1987,12822574.0
moz,Mozambique,1988,12800558.0
moz,Mozambique,1989,12906842.0
moz,Mozambique,1990,13094537.0
moz,Mozambique,1991,13352090.0
moz,Mozambique,1992,13613316.0
moz,Mozambique,1993,14051192.0
moz,Mozambique,1994,15033853.0
moz,Mozambique,1995,15960530.0
moz,Mozambique,1996,16492480.0
moz,Mozambique,1997,16949982.0
moz,Mozambique,1998,17340464.0
moz,Mozambique,1999,17734506.0
moz,Mozambique,2000,18129653.0
moz,Mozambique,2001,18537729.0
moz,Mozambique,2002,18958338.0
moz,Mozambique,2003,19392475.0
moz,Mozambique,2004,19840313.0
moz,Mozambique,2005,20304569.0
moz,Mozambique,2006,20787087.0
moz,Mozambique,2007,21287635.0
moz,Mozambique,2008,21819036.0
moz,Mozambique,2009,22391745.0
moz,Mozambique,2010,22999235.0
moz,Mozambique,2011,23649039.0
moz,Mozambique,2012,24337846.0
moz,Mozambique,2013,25051611.0
moz,Mozambique,2014,25788475.0
moz,Mozambique,2015,26547572.0
moz,Mozambique,2016,27337105.0
moz,Mozambique,2017,28166393.0
moz,Mozambique,2018,29018644.0
moz,Mozambique,2019,29884380.0
moz,Mozambique,2020,30783688.0
moz,Mozambique,2021,31707800.0
moz,Mozambique,2022,32656246.0
moz,Mozambique,2023,33635160.0
moz,Mozambique,2024,34631766.0
moz,Mozambique,2025,35631653.0
mrt,Mauritania,1900,359154.0
mrt,Mauritania,1901,361797.0
mrt,Mauritania,1902,364602.0
mrt,Mauritania,1903,367573.0
mrt,Mauritania,1904,370567.0
mrt,Mauritania,1905,373585.0
mrt,Mauritania,1906,376628.0
mrt,Mauritania,1907,379695.0
mrt,Mauritania,1908,382787.0
mrt,Mauritania,1909,385670.0
mrt,Mauritania,1910,388341.0
mrt,Mauritania,1911,390799.0
mrt,Mauritania,1912,393040.0
mrt,Mauritania,1913,395060.0
mrt,Mauritania,1914,397091.0
mrt,Mauritania,1915,399133.0
mrt,Mauritania,1916,401184.0
mrt,Mauritania,1917,403246.0
mrt,Mauritania,1918,405665.0
mrt,Mauritania,1919,408838.0
mrt,Mauritania,1920,412780.0
mrt,Mauritania,1921,417507.0
mrt,Mauritania,1922,423035.0
mrt,Mauritania,1923,429381.0
mrt,Mauritania,1924,435821.0
mrt,Mauritania,1925,442359.0
mrt,Mauritania,1926,448994.0
mrt,Mauritania,1927,455729.0
mrt,Mauritania,1928,462565.0
mrt,Mauritania,1929,469408.0
mrt,Mauritania,1930,476257.0
mrt,Mauritania,1931,483111.0
mrt,Mauritania,1932,489969.0
mrt,Mauritania,1933,496828.0
mrt,Mauritania,1934,503784.0
mrt,Mauritania,1935,510837.0
mrt,Mauritania,1936,517989.0
mrt,Mauritania,1937,525240.0
mrt,Mauritania,1938,532594.0
mrt,Mauritania,1939,540488.0
mrt,Mauritania,1940,548939.0
mrt,Mauritania,1941,557962.0
mrt,Mauritania,1942,567573.0
mrt,Mauritania,1943,577789.0
mrt,Mauritania,1944,588190.0
mrt,Mauritania,1945,598777.0
mrt,Mauritania,1946,609555.0
mrt,Mauritania,1947,620527.0
mrt,Mauritania,1948,631697.0
mrt,Mauritania,1949,644077.0
mrt,Mauritania,1950,657715.0
mrt,Mauritania,1951,670884.0
mrt,Mauritania,1952,684804.0
mrt,Mauritania,1953,699390.0
mrt,Mauritania,1954,714673.0
mrt,Mauritania,1955,730724.0
mrt,Mauritania,1956,747606.0
mrt,Mauritania,1957,765346.0
mrt,Mauritania,1958,783996.0
mrt,Mauritania,1959,803606.0
mrt,Mauritania,1960,824298.0
mrt,Mauritania,1961,846167.0
mrt,Mauritania,1962,869184.0
mrt,Mauritania,1963,893423.0
mrt,Mauritania,1964,918955.0
mrt,Mauritania,1965,945838.0
mrt,Mauritania,1966,974157.0
mrt,Mauritania,1967,1003843.0
mrt,Mauritania,1968,1034739.0
mrt,Mauritania,1969,1066754.0
mrt,Mauritania,1970,1099806.0
mrt,Mauritania,1971,1133702.0
mrt,Mauritania,1972,1168355.0
mrt,Mauritania,1973,1203838.0
mrt,Mauritania,1974,1240188.0
mrt,Mauritania,1975,1277330.0
mrt,Mauritania,1976,1315336.0
mrt,Mauritania,1977,1353768.0
mrt,Mauritania,1978,1392713.0
mrt,Mauritania,1979,1432758.0
mrt,Mauritania,1980,1474043.0
mrt,Mauritania,1981,1516877.0
mrt,Mauritania,1982,1561176.0
mrt,Mauritania,1983,1606746.0
mrt,Mauritania,1984,1653693.0
mrt,Mauritania,1985,1702107.0
mrt,Mauritania,1986,1751835.0
mrt,Mauritania,1987,1803014.0
mrt,Mauritania,1988,1855859.0
mrt,Mauritania,1989,1903048.0
mrt,Mauritania,1990,1951878.0
mrt,Mauritania,1991,2009738.0
mrt,Mauritania,1992,2088135.0
mrt,Mauritania,1993,2174328.0
mrt,Mauritania,1994,2249454.0
mrt,Mauritania,1995,2312017.0
mrt,Mauritania,1996,2358188.0
mrt,Mauritania,1997,2411306.0
mrt,Mauritania,1998,2474651.0
mrt,Mauritania,1999,2541698.0
mrt,Mauritania,2000,2613441.0
mrt,Mauritania,2001,2678760.0
mrt,Mauritania,2002,2738655.0
mrt,Mauritania,2003,2802046.0
mrt,Mauritania,2004,2868664.0
mrt,Mauritania,2005,2939059.0
mrt,Mauritania,2006,3013660.0
mrt,Mauritania,2007,3093059.0
mrt,Mauritania,2008,3183269.0
mrt,Mauritania,2009,3284448.0
mrt,Mauritania,2010,3390965.0
mrt,Mauritania,2011,3502811.0
mrt,Mauritania,2012,3619034.0
mrt,Mauritania,2013,3734318.0
mrt,Mauritania,2014,3848514.0
mrt,Mauritania,2015,3965959.0
mrt,Mauritania,2016,4086657.0
mrt,Mauritania,2017,4210600.0
mrt,Mauritania,2018,4337685.0
mrt,Mauritania,2019,4467708.0
mrt,Mauritania,2020,4600131.0
mrt,Mauritania,2021,4734874.0
mrt,Mauritania,2022,4875637.0
mrt,Mauritania,2023,5022441.0
mrt,Mauritania,2024,5169395.0
mrt,Mauritania,2025,5315065.0
mus,Mauritius,1900,392899.0
mus,Mauritius,1901,393212.0
mus,Mauritius,1902,393482.0
mus,Mauritius,1903,393709.0
mus,Mauritius,1904,393936.0
mus,Mauritius,1905,394163.0
mus,Mauritius,1906,394389.0
mus,Mauritius,1907,394614.0
mus,Mauritius,1908,394840.0
mus,Mauritius,1909,395256.0
mus,Mauritius,1910,395864.0
mus,Mauritius,1911,396665.0
mus,Mauritius,1912,397659.0
mus,Mauritius,1913,398848.0
mus,Mauritius,1914,400039.0
mus,Mauritius,1915,401234.0
mus,Mauritius,1916,402432.0
mus,Mauritius,1917,403633.0
mus,Mauritius,1918,404392.0
mus,Mauritius,1919,405360.0
mus,Mauritius,1920,406537.0
mus,Mauritius,1921,407926.0
mus,Mauritius,1922,409527.0
mus,Mauritius,1923,411342.0
mus,Mauritius,1924,413165.0
mus,Mauritius,1925,414996.0
mus,Mauritius,1926,416836.0
mus,Mauritius,1927,418683.0
mus,Mauritius,1928,420538.0
mus,Mauritius,1929,422571.0
mus,Mauritius,1930,424784.0
mus,Mauritius,1931,427177.0
mus,Mauritius,1932,429754.0
mus,Mauritius,1933,432516.0
mus,Mauritius,1934,435296.0
mus,Mauritius,1935,438093.0
mus,Mauritius,1936,440909.0
mus,Mauritius,1937,443742.0
mus,Mauritius,1938,446594.0
mus,Mauritius,1939,450145.0
mus,Mauritius,1940,454409.0
mus,Mauritius,1941,459401.0
mus,Mauritius,1942,465134.0
mus,Mauritius,1943,471623.0
mus,Mauritius,1944,478204.0
mus,Mauritius,1945,484876.0
mus,Mauritius,1946,491641.0
mus,Mauritius,1947,498500.0
mus,Mauritius,1948,505455.0
mus,Mauritius,1949,514444.0
mus,Mauritius,1950,525558.0
mus,Mauritius,1951,541169.0
mus,Mauritius,1952,557176.0
mus,Mauritius,1953,571920.0
mus,Mauritius,1954,585479.0
mus,Mauritius,1955,599588.0
mus,Mauritius,1956,614557.0
mus,Mauritius,1957,630404.0
mus,Mauritius,1958,647154.0
mus,Mauritius,1959,664835.0
mus,Mauritius,1960,680331.0
mus,Mauritius,1961,692529.0
mus,Mauritius,1962,705274.0
mus,Mauritius,1963,720351.0
mus,Mauritius,1964,736537.0
mus,Mauritius,1965,752660.0
mus,Mauritius,1966,768650.0
mus,Mauritius,1967,784257.0
mus,Mauritius,1968,799280.0
mus,Mauritius,1969,813741.0
mus,Mauritius,1970,827696.0
mus,Mauritius,1971,841106.0
mus,Mauritius,1972,853604.0
mus,Mauritius,1973,865144.0
mus,Mauritius,1974,876463.0
mus,Mauritius,1975,888023.0
mus,Mauritius,1976,899852.0
mus,Mauritius,1977,912147.0
mus,Mauritius,1978,925277.0
mus,Mauritius,1979,939387.0
mus,Mauritius,1980,954216.0
mus,Mauritius,1981,969218.0
mus,Mauritius,1982,983610.0
mus,Mauritius,1983,997366.0
mus,Mauritius,1984,1011238.0
mus,Mauritius,1985,1025063.0
mus,Mauritius,1986,1038344.0
mus,Mauritius,1987,1051111.0
mus,Mauritius,1988,1063593.0
mus,Mauritius,1989,1075982.0
mus,Mauritius,1990,1089024.0
mus,Mauritius,1991,1103041.0
mus,Mauritius,1992,1117670.0
mus,Mauritius,1993,1132393.0
mus,Mauritius,1994,1146548.0
mus,Mauritius,1995,1159821.0
mus,Mauritius,1996,1172383.0
mus,Mauritius,1997,1184299.0
mus,Mauritius,1998,1195105.0
mus,Mauritius,1999,1205891.0
mus,Mauritius,2000,1216629.0
mus,Mauritius,2001,1225801.0
mus,Mauritius,2002,1234085.0
mus,Mauritius,2003,1242099.0
mus,Mauritius,2004,1249800.0
mus,Mauritius,2005,1257215.0
mus,Mauritius,2006,1263781.0
mus,Mauritius,2007,1269518.0
mus,Mauritius,2008,1274635.0
mus,Mauritius,2009,1278972.0
mus,Mauritius,2010,1282709.0
mus,Mauritius,2011,1286267.0
mus,Mauritius,2012,1289170.0
mus,Mauritius,2013,1290984.0
mus,Mauritius,2014,1292005.0
mus,Mauritius,2015,1292275.0
mus,Mauritius,2016,1291803.0
mus,Mauritius,2017,1290655.0
mus,Mauritius,2018,1288833.0
mus,Mauritius,2019,1286270.0
mus,Mauritius,2020,1283223.0
mus,Mauritius,2021,1279623.0
mus,Mauritius,2022,1276130.0
mus,Mauritius,2023,1273588.0
mus,Mauritius,2024,1271169.0
mus,Mauritius,2025,1268280.0
mwi,Malawi,1900,2067342.0
mwi,Malawi,1901,2054808.0
mwi,Malawi,1902,2040699.0
mwi,Malawi,1903,2025032.0
mwi,Malawi,1904,2009485.0
mwi,Malawi,1905,1994058.0
mwi,Malawi,1906,1978749.0
mwi,Malawi,1907,1963557.0
mwi,Malawi,1908,1948481.0
mwi,Malawi,1909,1935055.0
mwi,Malawi,1910,1923262.0
mwi,Malawi,1911,1913082.0
mwi,Malawi,1912,1904500.0
mwi,Malawi,1913,1897497.0
mwi,Malawi,1914,1890520.0
mwi,Malawi,1915,1883568.0
mwi,Malawi,1916,1876642.0
mwi,Malawi,1917,1869741.0
mwi,Malawi,1918,1862262.0
mwi,Malawi,1919,1861833.0
mwi,Malawi,1920,1868531.0
mwi,Malawi,1921,1882434.0
mwi,Malawi,1922,1903622.0
mwi,Malawi,1923,1932177.0
mwi,Malawi,1924,1961159.0
mwi,Malawi,1925,1990577.0
mwi,Malawi,1926,2020436.0
mwi,Malawi,1927,2050742.0
mwi,Malawi,1928,2081503.0
mwi,Malawi,1929,2112297.0
mwi,Malawi,1930,2143118.0
mwi,Malawi,1931,2173961.0
mwi,Malawi,1932,2204818.0
mwi,Malawi,1933,2235686.0
mwi,Malawi,1934,2266985.0
mwi,Malawi,1935,2298723.0
mwi,Malawi,1936,2330905.0
mwi,Malawi,1937,2363538.0
mwi,Malawi,1938,2396627.0
mwi,Malawi,1939,2432151.0
mwi,Malawi,1940,2470179.0
mwi,Malawi,1941,2510781.0
mwi,Malawi,1942,2554031.0
mwi,Malawi,1943,2600004.0
mwi,Malawi,1944,2646804.0
mwi,Malawi,1945,2694446.0
mwi,Malawi,1946,2742946.0
mwi,Malawi,1947,2792319.0
mwi,Malawi,1948,2842581.0
mwi,Malawi,1949,2895217.0
mwi,Malawi,1950,2950300.0
mwi,Malawi,1951,3002885.0
mwi,Malawi,1952,3059378.0
mwi,Malawi,1953,3119235.0
mwi,Malawi,1954,3181529.0
mwi,Malawi,1955,3246543.0
mwi,Malawi,1956,3315298.0
mwi,Malawi,1957,3387738.0
mwi,Malawi,1958,3463947.0
mwi,Malawi,1959,3544159.0
mwi,Malawi,1960,3628134.0
mwi,Malawi,1961,3715534.0
mwi,Malawi,1962,3806307.0
mwi,Malawi,1963,3900506.0
mwi,Malawi,1964,3997305.0
mwi,Malawi,1965,4096157.0
mwi,Malawi,1966,4197926.0
mwi,Malawi,1967,4303012.0
mwi,Malawi,1968,4411054.0
mwi,Malawi,1969,4521184.0
mwi,Malawi,1970,4633944.0
mwi,Malawi,1971,4751434.0
mwi,Malawi,1972,4874475.0
mwi,Malawi,1973,5003938.0
mwi,Malawi,1974,5141337.0
mwi,Malawi,1975,5287367.0
mwi,Malawi,1976,5443384.0
mwi,Malawi,1977,5614983.0
mwi,Malawi,1978,5810132.0
mwi,Malawi,1979,6028749.0
mwi,Malawi,1980,6265529.0
mwi,Malawi,1981,6516454.0
mwi,Malawi,1982,6778879.0
mwi,Malawi,1983,7051709.0
mwi,Malawi,1984,7332810.0
mwi,Malawi,1985,7620508.0
mwi,Malawi,1986,7906480.0
mwi,Malawi,1987,8293174.0
mwi,Malawi,1988,8753262.0
mwi,Malawi,1989,9176220.0
mwi,Malawi,1990,9545852.0
mwi,Malawi,1991,9844227.0
mwi,Malawi,1992,10135079.0
mwi,Malawi,1993,10284024.0
mwi,Malawi,1994,10164894.0
mwi,Malawi,1995,10150117.0
mwi,Malawi,1996,10352228.0
mwi,Malawi,1997,10562035.0
mwi,Malawi,1998,10792876.0
mwi,Malawi,1999,11047804.0
mwi,Malawi,2000,11315942.0
mwi,Malawi,2001,11593058.0
mwi,Malawi,2002,11880440.0
mwi,Malawi,2003,12181574.0
mwi,Malawi,2004,12500737.0
mwi,Malawi,2005,12840031.0
mwi,Malawi,2006,13198701.0
mwi,Malawi,2007,13576343.0
mwi,Malawi,2008,13976417.0
mwi,Malawi,2009,14395788.0
mwi,Malawi,2010,14826463.0
mwi,Malawi,2011,15265022.0
mwi,Malawi,2012,15709577.0
mwi,Malawi,2013,16161816.0
mwi,Malawi,2014,16621538.0
mwi,Malawi,2015,17085587.0
mwi,Malawi,2016,17557739.0
mwi,Malawi,2017,18039715.0
mwi,Malawi,2018,18528081.0
mwi,Malawi,2019,19025752.0
mwi,Malawi,2020,19533888.0
mwi,Malawi,2021,20047258.0
mwi,Malawi,2022,20568728.0
mwi,Malawi,2023,21104482.0
mwi,Malawi,2024,21655286.0
mwi,Malawi,2025,22216120.0
mys,Malaysia,1900,2126148.0
mys,Malaysia,1901,2186961.0
mys,Malaysia,1902,2245905.0
mys,Malaysia,1903,2302823.0
mys,Malaysia,1904,2361181.0
mys,Malaysia,1905,2421016.0
mys,Malaysia,1906,2482365.0
mys,Malaysia,1907,2545267.0
mys,Malaysia,1908,2609760.0
mys,Malaysia,1909,2672732.0
mys,Malaysia,1910,2734083.0
mys,Malaysia,1911,2793713.0
mys,Malaysia,1912,2851517.0
mys,Malaysia,1913,2907387.0
mys,Malaysia,1914,2964349.0
mys,Malaysia,1915,3022424.0
mys,Malaysia,1916,3081634.0
mys,Malaysia,1917,3142001.0
mys,Malaysia,1918,3206514.0
mys,Malaysia,1919,3273427.0
mys,Malaysia,1920,3342813.0
mys,Malaysia,1921,3414747.0
mys,Malaysia,1922,3489307.0
mys,Malaysia,1923,3566572.0
mys,Malaysia,1924,3645547.0
mys,Malaysia,1925,3726271.0
mys,Malaysia,1926,3808783.0
mys,Malaysia,1927,3893122.0
mys,Malaysia,1928,3979328.0
mys,Malaysia,1929,4066519.0
mys,Malaysia,1930,4154695.0
mys,Malaysia,1931,4243859.0
mys,Malaysia,1932,4334014.0
mys,Malaysia,1933,4425159.0
mys,Malaysia,1934,4518220.0
mys,Malaysia,1935,4613239.0
mys,Malaysia,1936,4710256.0
mys,Malaysia,1937,4809314.0
mys,Malaysia,1938,4910454.0
mys,Malaysia,1939,5009631.0
mys,Malaysia,1940,5106732.0
mys,Malaysia,1941,5201643.0
mys,Malaysia,1942,5294247.0
mys,Malaysia,1943,5384420.0
mys,Malaysia,1944,5476130.0
mys,Malaysia,1945,5569402.0
mys,Malaysia,1946,5664262.0
mys,Malaysia,1947,5760738.0
mys,Malaysia,1948,5858857.0
mys,Malaysia,1949,5971177.0
mys,Malaysia,1950,6098283.0
mys,Malaysia,1951,6257417.0
mys,Malaysia,1952,6422846.0
mys,Malaysia,1953,6593943.0
mys,Malaysia,1954,6772378.0
mys,Malaysia,1955,6959963.0
mys,Malaysia,1956,7156626.0
mys,Malaysia,1957,7362822.0
mys,Malaysia,1958,7562878.0
mys,Malaysia,1959,7755786.0
mys,Malaysia,1960,7956197.0
mys,Malaysia,1961,8164443.0
mys,Malaysia,1962,8380172.0
mys,Malaysia,1963,8602160.0
mys,Malaysia,1964,8828406.0
mys,Malaysia,1965,9056408.0
mys,Malaysia,1966,9284688.0
mys,Malaysia,1967,9507099.0
mys,Malaysia,1968,9725281.0
mys,Malaysia,1969,9947597.0
mys,Malaysia,1970,10178802.0
mys,Malaysia,1971,10423453.0
mys,Malaysia,1972,10676835.0
mys,Malaysia,1973,10935621.0
mys,Malaysia,1974,11200906.0
mys,Malaysia,1975,11471914.0
mys,Malaysia,1976,11750097.0
mys,Malaysia,1977,12035713.0
mys,Malaysia,1978,12328157.0
mys,Malaysia,1979,12627862.0
mys,Malaysia,1980,12983363.0
mys,Malaysia,1981,13399203.0
mys,Malaysia,1982,13832798.0
mys,Malaysia,1983,14285907.0
mys,Malaysia,1984,14759009.0
mys,Malaysia,1985,15252258.0
mys,Malaysia,1986,15760419.0
mys,Malaysia,1987,16276737.0
mys,Malaysia,1988,16796605.0
mys,Malaysia,1989,17314997.0
mys,Malaysia,1990,17833171.0
mys,Malaysia,1991,18342464.0
mys,Malaysia,1992,18834572.0
mys,Malaysia,1993,19322664.0
mys,Malaysia,1994,19820446.0
mys,Malaysia,1995,20330599.0
mys,Malaysia,1996,20850087.0
mys,Malaysia,1997,21375218.0
mys,Malaysia,1998,21906713.0
mys,Malaysia,1999,22435531.0
mys,Malaysia,2000,22967816.0
mys,Malaysia,2001,23526538.0
mys,Malaysia,2002,24102477.0
mys,Malaysia,2003,24679602.0
mys,Malaysia,2004,25256772.0
mys,Malaysia,2005,25836071.0
mys,Malaysia,2006,26417909.0
mys,Malaysia,2007,26998389.0
mys,Malaysia,2008,27570059.0
mys,Malaysia,2009,28124778.0
mys,Malaysia,2010,28655776.0
mys,Malaysia,2011,29162039.0
mys,Malaysia,2012,29662831.0
mys,Malaysia,2013,30174265.0
mys,Malaysia,2014,30696137.0
mys,Malaysia,2015,31232798.0
mys,Malaysia,2016,31789685.0
mys,Malaysia,2017,32355644.0
mys,Malaysia,2018,32910967.0
mys,Malaysia,2019,33440596.0
mys,Malaysia,2020,33889558.0
mys,Malaysia,2021,34282399.0
mys,Malaysia,2022,34695493.0
mys,Malaysia,2023,35126298.0
mys,Malaysia,2024,35557673.0
mys,Malaysia,2025,35977838.0
nam,Namibia,1900,203663.0
nam,Namibia,1901,206680.0
nam,Namibia,1902,210002.0
nam,Namibia,1903,213636.0
nam,Namibia,1904,217333.0
nam,Namibia,1905,221094.0
nam,Namibia,1906,224919.0
nam,Namibia,1907,228811.0
nam,Namibia,1908,232770.0
nam,Namibia,1909,236752.0
nam,Namibia,1910,240756.0
nam,Namibia,1911,244783.0
nam,Namibia,1912,248831.0
nam,Namibia,1913,252901.0
nam,Namibia,1914,257037.0
nam,Namibia,1915,261240.0
nam,Namibia,1916,265512.0
nam,Namibia,1917,269854.0
nam,Namibia,1918,274038.0
nam,Namibia,1919,278598.0
nam,Namibia,1920,283547.0
nam,Namibia,1921,288897.0
nam,Namibia,1922,294662.0
nam,Namibia,1923,300855.0
nam,Namibia,1924,307178.0
nam,Namibia,1925,313633.0
nam,Namibia,1926,320225.0
nam,Namibia,1927,326955.0
nam,Namibia,1928,333827.0
nam,Namibia,1929,340785.0
nam,Namibia,1930,347830.0
nam,Namibia,1931,354963.0
nam,Namibia,1932,362184.0
nam,Namibia,1933,369495.0
nam,Namibia,1934,376953.0
nam,Namibia,1935,384562.0
nam,Namibia,1936,392324.0
nam,Namibia,1937,400243.0
nam,Namibia,1938,408321.0
nam,Namibia,1939,416479.0
nam,Namibia,1940,424715.0
nam,Namibia,1941,433029.0
nam,Namibia,1942,441422.0
nam,Namibia,1943,449893.0
nam,Namibia,1944,458526.0
nam,Namibia,1945,467326.0
nam,Namibia,1946,476294.0
nam,Namibia,1947,485434.0
nam,Namibia,1948,494750.0
nam,Namibia,1949,504465.0
nam,Namibia,1950,514591.0
nam,Namibia,1951,520391.0
nam,Namibia,1952,526634.0
nam,Namibia,1953,533230.0
nam,Namibia,1954,540015.0
nam,Namibia,1955,547082.0
nam,Namibia,1956,554558.0
nam,Namibia,1957,562591.0
nam,Namibia,1958,571335.0
nam,Namibia,1959,580919.0
nam,Namibia,1960,591465.0
nam,Namibia,1961,603067.0
nam,Namibia,1962,615759.0
nam,Namibia,1963,629589.0
nam,Namibia,1964,644530.0
nam,Namibia,1965,660558.0
nam,Namibia,1966,677655.0
nam,Namibia,1967,696045.0
nam,Namibia,1968,715542.0
nam,Namibia,1969,736120.0
nam,Namibia,1970,757868.0
nam,Namibia,1971,780584.0
nam,Namibia,1972,804399.0
nam,Namibia,1973,828928.0
nam,Namibia,1974,854320.0
nam,Namibia,1975,881032.0
nam,Namibia,1976,906566.0
nam,Namibia,1977,931104.0
nam,Namibia,1978,947269.0
nam,Namibia,1979,962825.0
nam,Namibia,1980,981434.0
nam,Namibia,1981,992500.0
nam,Namibia,1982,1010308.0
nam,Namibia,1983,1037511.0
nam,Namibia,1984,1065989.0
nam,Namibia,1985,1096890.0
nam,Namibia,1986,1131081.0
nam,Namibia,1987,1167889.0
nam,Namibia,1988,1209696.0
nam,Namibia,1989,1288947.0
nam,Namibia,1990,1369303.0
nam,Namibia,1991,1415684.0
nam,Namibia,1992,1461322.0
nam,Namibia,1993,1508697.0
nam,Namibia,1994,1556304.0
nam,Namibia,1995,1602170.0
nam,Namibia,1996,1646103.0
nam,Namibia,1997,1689264.0
nam,Namibia,1998,1732745.0
nam,Namibia,1999,1776368.0
nam,Namibia,2000,1818647.0
nam,Namibia,2001,1857048.0
nam,Namibia,2002,1889970.0
nam,Namibia,2003,1917464.0
nam,Namibia,2004,1942082.0
nam,Namibia,2005,1966582.0
nam,Namibia,2006,1991888.0
nam,Namibia,2007,2018600.0
nam,Namibia,2008,2047056.0
nam,Namibia,2009,2077394.0
nam,Namibia,2010,2109811.0
nam,Namibia,2011,2146325.0
nam,Namibia,2012,2194654.0
nam,Namibia,2013,2252508.0
nam,Namibia,2014,2312139.0
nam,Namibia,2015,2374300.0
nam,Namibia,2016,2439213.0
nam,Namibia,2017,2506853.0
nam,Namibia,2018,2577327.0
nam,Namibia,2019,2650494.0
nam,Namibia,2020,2728762.0
nam,Namibia,2021,2810548.0
nam,Namibia,2022,2889662.0
nam,Namibia,2023,2963095.0
nam,Namibia,2024,3030131.0
nam,Namibia,2025,3092816.0
ner,Niger,1900,1331788.0
ner,Niger,1901,1345689.0
ner,Niger,1902,1361609.0
ner,Niger,1903,1379590.0
ner,Niger,1904,1397802.0
ner,Niger,1905,1416248.0
ner,Niger,1906,1434930.0
ner,Niger,1907,1453852.0
ner,Niger,1908,1473017.0
ner,Niger,1909,1491522.0
ner,Niger,1910,1509348.0
ner,Niger,1911,1526474.0
ner,Niger,1912,1542879.0
ner,Niger,1913,1558543.0
ner,Niger,1914,1574359.0
ner,Niger,1915,1590328.0
ner,Niger,1916,1606452.0
ner,Niger,1917,1622732.0
ner,Niger,1918,1635714.0
ner,Niger,1919,1650794.0
ner,Niger,1920,1668017.0
ner,Niger,1921,1687428.0
ner,Niger,1922,1709073.0
ner,Niger,1923,1733000.0
ner,Niger,1924,1757262.0
ner,Niger,1925,1781864.0
ner,Niger,1926,1806810.0
ner,Niger,1927,1832105.0
ner,Niger,1928,1857754.0
ner,Niger,1929,1883381.0
ner,Niger,1930,1908979.0
ner,Niger,1931,1934544.0
ner,Niger,1932,1960070.0
ner,Niger,1933,1985551.0
ner,Niger,1934,2011363.0
ner,Niger,1935,2037511.0
ner,Niger,1936,2063998.0
ner,Niger,1937,2090830.0
ner,Niger,1938,2118011.0
ner,Niger,1939,2147284.0
ner,Niger,1940,2178705.0
ner,Niger,1941,2212333.0
ner,Niger,1942,2248226.0
ner,Niger,1943,2286446.0
ner,Niger,1944,2325316.0
ner,Niger,1945,2364846.0
ner,Niger,1946,2405049.0
ner,Niger,1947,2445934.0
ner,Niger,1948,2487515.0
ner,Niger,1949,2538000.0
ner,Niger,1950,2597810.0
ner,Niger,1951,2684754.0
ner,Niger,1952,2771888.0
ner,Niger,1953,2859191.0
ner,Niger,1954,2946885.0
ner,Niger,1955,3035289.0
ner,Niger,1956,3124749.0
ner,Niger,1957,3215840.0
ner,Niger,1958,3309226.0
ner,Niger,1959,3405456.0
ner,Niger,1960,3505050.0
ner,Niger,1961,3608162.0
ner,Niger,1962,3714520.0
ner,Niger,1963,3823873.0
ner,Niger,1964,3935814.0
ner,Niger,1965,4049695.0
ner,Niger,1966,4165544.0
ner,Niger,1967,4283590.0
ner,Niger,1968,4403637.0
ner,Niger,1969,4525725.0
ner,Niger,1970,4650275.0
ner,Niger,1971,4776225.0
ner,Niger,1972,4904845.0
ner,Niger,1973,5037865.0
ner,Niger,1974,5174953.0
ner,Niger,1975,5317019.0
ner,Niger,1976,5464962.0
ner,Niger,1977,5619716.0
ner,Niger,1978,5782932.0
ner,Niger,1979,5955556.0
ner,Niger,1980,6135971.0
ner,Niger,1981,6322006.0
ner,Niger,1982,6512732.0
ner,Niger,1983,6708644.0
ner,Niger,1984,6909971.0
ner,Niger,1985,7118457.0
ner,Niger,1986,7335811.0
ner,Niger,1987,7561150.0
ner,Niger,1988,7793748.0
ner,Niger,1989,8034780.0
ner,Niger,1990,8286059.0
ner,Niger,1991,8546900.0
ner,Niger,1992,8817633.0
ner,Niger,1993,9100789.0
ner,Niger,1994,9398258.0
ner,Niger,1995,9714529.0
ner,Niger,1996,10044852.0
ner,Niger,1997,10383969.0
ner,Niger,1998,10741413.0
ner,Niger,1999,11117411.0
ner,Niger,2000,11509630.0
ner,Niger,2001,11920647.0
ner,Niger,2002,12349144.0
ner,Niger,2003,12796984.0
ner,Niger,2004,13265836.0
ner,Niger,2005,13756192.0
ner,Niger,2006,14268581.0
ner,Niger,2007,14803610.0
ner,Niger,2008,15361915.0
ner,Niger,2009,15943675.0
ner,Niger,2010,16548835.0
ner,Niger,2011,17176283.0
ner,Niger,2012,17836769.0
ner,Niger,2013,18519898.0
ner,Niger,2014,19215909.0
ner,Niger,2015,19939498.0
ner,Niger,2016,20685753.0
ner,Niger,2017,21435446.0
ner,Niger,2018,22188069.0
ner,Niger,2019,22947757.0
ner,Niger,2020,23717613.0
ner,Niger,2021,24502140.0
ner,Niger,2022,25311973.0
ner,Niger,2023,26159867.0
ner,Niger,2024,27032412.0
ner,Niger,2025,27917831.0
nga,Nigeria,1900,18700007.0
nga,Nigeria,1901,18869114.0
nga,Nigeria,1902,19052954.0
nga,Nigeria,1903,19251787.0
nga,Nigeria,1904,19452662.0
nga,Nigeria,1905,19655599.0
nga,Nigeria,1906,19860618.0
nga,Nigeria,1907,20067742.0
nga,Nigeria,1908,20276991.0
nga,Nigeria,1909,20488725.0
nga,Nigeria,1910,20702971.0
nga,Nigeria,1911,20919760.0
nga,Nigeria,1912,21139123.0
nga,Nigeria,1913,21361088.0
nga,Nigeria,1914,21585347.0
nga,Nigeria,1915,21811925.0
nga,Nigeria,1916,22040843.0
nga,Nigeria,1917,22272128.0
nga,Nigeria,1918,22476804.0
nga,Nigeria,1919,22714267.0
nga,Nigeria,1920,22985311.0
nga,Nigeria,1921,23290744.0
nga,Nigeria,1922,23631391.0
nga,Nigeria,1923,24008093.0
nga,Nigeria,1924,24390800.0
nga,Nigeria,1925,24779607.0
nga,Nigeria,1926,25174613.0
nga,Nigeria,1927,25575914.0
nga,Nigeria,1928,25983613.0
nga,Nigeria,1929,26392470.0
nga,Nigeria,1930,26802422.0
nga,Nigeria,1931,27213407.0
nga,Nigeria,1932,27625359.0
nga,Nigeria,1933,28038209.0
nga,Nigeria,1934,28457229.0
nga,Nigeria,1935,28882512.0
nga,Nigeria,1936,29314150.0
nga,Nigeria,1937,29752238.0
nga,Nigeria,1938,30196874.0
nga,Nigeria,1939,30667159.0
nga,Nigeria,1940,31163818.0
nga,Nigeria,1941,31687594.0
nga,Nigeria,1942,32239246.0
nga,Nigeria,1943,32819553.0
nga,Nigeria,1944,33410305.0
nga,Nigeria,1945,34011691.0
nga,Nigeria,1946,34623901.0
nga,Nigeria,1947,35247132.0
nga,Nigeria,1948,35881580.0
nga,Nigeria,1949,36559704.0
nga,Nigeria,1950,37283010.0
nga,Nigeria,1951,37994077.0
nga,Nigeria,1952,38716202.0
nga,Nigeria,1953,39439820.0
nga,Nigeria,1954,40176323.0
nga,Nigeria,1955,40935635.0
nga,Nigeria,1956,41716055.0
nga,Nigeria,1957,42517476.0
nga,Nigeria,1958,43324645.0
nga,Nigeria,1959,44161681.0
nga,Nigeria,1960,45053782.0
nga,Nigeria,1961,45989310.0
nga,Nigeria,1962,46965292.0
nga,Nigeria,1963,47973575.0
nga,Nigeria,1964,49012016.0
nga,Nigeria,1965,50086764.0
nga,Nigeria,1966,51188234.0
nga,Nigeria,1967,52293065.0
nga,Nigeria,1968,53432783.0
nga,Nigeria,1969,54631914.0
nga,Nigeria,1970,55893838.0
nga,Nigeria,1971,57214684.0
nga,Nigeria,1972,58601748.0
nga,Nigeria,1973,60082139.0
nga,Nigeria,1974,61679144.0
nga,Nigeria,1975,63410815.0
nga,Nigeria,1976,65258009.0
nga,Nigeria,1977,67234590.0
nga,Nigeria,1978,69326532.0
nga,Nigeria,1979,71498242.0
nga,Nigeria,1980,73764641.0
nga,Nigeria,1981,76068103.0
nga,Nigeria,1982,78378701.0
nga,Nigeria,1983,80438260.0
nga,Nigeria,1984,82526443.0
nga,Nigeria,1985,84897973.0
nga,Nigeria,1986,87235953.0
nga,Nigeria,1987,89591716.0
nga,Nigeria,1988,92020090.0
nga,Nigeria,1989,94531014.0
nga,Nigeria,1990,97120925.0
nga,Nigeria,1991,99720162.0
nga,Nigeria,1992,102372770.0
nga,Nigeria,1993,105122069.0
nga,Nigeria,1994,107935714.0
nga,Nigeria,1995,110819428.0
nga,Nigeria,1996,113754779.0
nga,Nigeria,1997,116754792.0
nga,Nigeria,1998,119846254.0
nga,Nigeria,1999,123047320.0
nga,Nigeria,2000,126382494.0
nga,Nigeria,2001,129862595.0
nga,Nigeria,2002,133471989.0
nga,Nigeria,2003,137202644.0
nga,Nigeria,2004,141057045.0
nga,Nigeria,2005,145017253.0
nga,Nigeria,2006,149077334.0
nga,Nigeria,2007,153267261.0
nga,Nigeria,2008,157595014.0
nga,Nigeria,2009,162049464.0
nga,Nigeria,2010,166642886.0
nga,Nigeria,2011,171379598.0
nga,Nigeria,2012,176200625.0
nga,Nigeria,2013,181049443.0
nga,Nigeria,2014,185896915.0
nga,Nigeria,2015,190671878.0
nga,Nigeria,2016,195443700.0
nga,Nigeria,2017,200254579.0
nga,Nigeria,2018,204938755.0
nga,Nigeria,2019,209485641.0
nga,Nigeria,2020,213996181.0
nga,Nigeria,2021,218529286.0
nga,Nigeria,2022,223150896.0
nga,Nigeria,2023,227882945.0
nga,Nigeria,2024,232679478.0
nga,Nigeria,2025,237527782.0
nic,Nicaragua,1900,553855.0
nic,Nicaragua,1901,562862.0
nic,Nicaragua,1902,572341.0
nic,Nicaragua,1903,582307.0
nic,Nicaragua,1904,592442.0
nic,Nicaragua,1905,602749.0
nic,Nicaragua,1906,613231.0
nic,Nicaragua,1907,623891.0
nic,Nicaragua,1908,634732.0
nic,Nicaragua,1909,645761.0
nic,Nicaragua,1910,656982.0
nic,Nicaragua,1911,668399.0
nic,Nicaragua,1912,680014.0
nic,Nicaragua,1913,691831.0
nic,Nicaragua,1914,703849.0
nic,Nicaragua,1915,716070.0
nic,Nicaragua,1916,728499.0
nic,Nicaragua,1917,741138.0
nic,Nicaragua,1918,752047.0
nic,Nicaragua,1919,761778.0
nic,Nicaragua,1920,770307.0
nic,Nicaragua,1921,777608.0
nic,Nicaragua,1922,783655.0
nic,Nicaragua,1923,788420.0
nic,Nicaragua,1924,793214.0
nic,Nicaragua,1925,798038.0
nic,Nicaragua,1926,802890.0
nic,Nicaragua,1927,807773.0
nic,Nicaragua,1928,812685.0
nic,Nicaragua,1929,819938.0
nic,Nicaragua,1930,829594.0
nic,Nicaragua,1931,841715.0
nic,Nicaragua,1932,856364.0
nic,Nicaragua,1933,873605.0
nic,Nicaragua,1934,891194.0
nic,Nicaragua,1935,909136.0
nic,Nicaragua,1936,927440.0
nic,Nicaragua,1937,946113.0
nic,Nicaragua,1938,965161.0
nic,Nicaragua,1939,986247.0
nic,Nicaragua,1940,1009458.0
nic,Nicaragua,1941,1034885.0
nic,Nicaragua,1942,1062623.0
nic,Nicaragua,1943,1092769.0
nic,Nicaragua,1944,1123770.0
nic,Nicaragua,1945,1155650.0
nic,Nicaragua,1946,1188435.0
nic,Nicaragua,1947,1222150.0
nic,Nicaragua,1948,1256822.0
nic,Nicaragua,1949,1293227.0
nic,Nicaragua,1950,1331439.0
nic,Nicaragua,1951,1369650.0
nic,Nicaragua,1952,1409021.0
nic,Nicaragua,1953,1449900.0
nic,Nicaragua,1954,1492256.0
nic,Nicaragua,1955,1536246.0
nic,Nicaragua,1956,1581973.0
nic,Nicaragua,1957,1629465.0
nic,Nicaragua,1958,1678739.0
nic,Nicaragua,1959,1729787.0
nic,Nicaragua,1960,1782370.0
nic,Nicaragua,1961,1836451.0
nic,Nicaragua,1962,1892320.0
nic,Nicaragua,1963,1950159.0
nic,Nicaragua,1964,2010176.0
nic,Nicaragua,1965,2072681.0
nic,Nicaragua,1966,2137820.0
nic,Nicaragua,1967,2205567.0
nic,Nicaragua,1968,2275836.0
nic,Nicaragua,1969,2348398.0
nic,Nicaragua,1970,2423065.0
nic,Nicaragua,1971,2499825.0
nic,Nicaragua,1972,2573578.0
nic,Nicaragua,1973,2649278.0
nic,Nicaragua,1974,2732075.0
nic,Nicaragua,1975,2816943.0
nic,Nicaragua,1976,2903851.0
nic,Nicaragua,1977,2992534.0
nic,Nicaragua,1978,3080314.0
nic,Nicaragua,1979,3164525.0
nic,Nicaragua,1980,3252403.0
nic,Nicaragua,1981,3345674.0
nic,Nicaragua,1982,3438745.0
nic,Nicaragua,1983,3530282.0
nic,Nicaragua,1984,3619104.0
nic,Nicaragua,1985,3706479.0
nic,Nicaragua,1986,3794157.0
nic,Nicaragua,1987,3882164.0
nic,Nicaragua,1988,3972320.0
nic,Nicaragua,1989,4066476.0
nic,Nicaragua,1990,4162559.0
nic,Nicaragua,1991,4259637.0
nic,Nicaragua,1992,4357026.0
nic,Nicaragua,1993,4453732.0
nic,Nicaragua,1994,4549316.0
nic,Nicaragua,1995,4642931.0
nic,Nicaragua,1996,4729974.0
nic,Nicaragua,1997,4809573.0
nic,Nicaragua,1998,4883655.0
nic,Nicaragua,1999,4954018.0
nic,Nicaragua,2000,5022633.0
nic,Nicaragua,2001,5087825.0
nic,Nicaragua,2002,5149909.0
nic,Nicaragua,2003,5210963.0
nic,Nicaragua,2004,5272912.0
nic,Nicaragua,2005,5342105.0
nic,Nicaragua,2006,5418855.0
nic,Nicaragua,2007,5497243.0
nic,Nicaragua,2008,5576593.0
nic,Nicaragua,2009,5656601.0
nic,Nicaragua,2010,5737450.0
nic,Nicaragua,2011,5819051.0
nic,Nicaragua,2012,5901287.0
nic,Nicaragua,2013,5983845.0
nic,Nicaragua,2014,6066492.0
nic,Nicaragua,2015,6149417.0
nic,Nicaragua,2016,6232666.0
nic,Nicaragua,2017,6316231.0
nic,Nicaragua,2018,6400080.0
nic,Nicaragua,2019,6483657.0
nic,Nicaragua,2020,6565267.0
nic,Nicaragua,2021,6644741.0
nic,Nicaragua,2022,6730654.0
nic,Nicaragua,2023,6823613.0
nic,Nicaragua,2024,6916140.0
nic,Nicaragua,2025,7007502.0
nld,Netherlands,1900,5147863.0
nld,Netherlands,1901,5217891.0
nld,Netherlands,1902,5290503.0
nld,Netherlands,1903,5365754.0
nld,Netherlands,1904,5442076.0
nld,Netherlands,1905,5519484.0
nld,Netherlands,1906,5597993.0
nld,Netherlands,1907,5677618.0
nld,Netherlands,1908,5758376.0
nld,Netherlands,1909,5840769.0
nld,Netherlands,1910,5924828.0
nld,Netherlands,1911,6010584.0
nld,Netherlands,1912,6098068.0
nld,Netherlands,1913,6187312.0
nld,Netherlands,1914,6277861.0
nld,Netherlands,1915,6369737.0
nld,Netherlands,1916,6462956.0
nld,Netherlands,1917,6557540.0
nld,Netherlands,1918,6653505.0
nld,Netherlands,1919,6750263.0
nld,Netherlands,1920,6847816.0
nld,Netherlands,1921,6946167.0
nld,Netherlands,1922,7045319.0
nld,Netherlands,1923,7145275.0
nld,Netherlands,1924,7246649.0
nld,Netherlands,1925,7349462.0
nld,Netherlands,1926,7453733.0
nld,Netherlands,1927,7559483.0
nld,Netherlands,1928,7666734.0
nld,Netherlands,1929,7771988.0
nld,Netherlands,1930,7875175.0
nld,Netherlands,1931,7976222.0
nld,Netherlands,1932,8075057.0
nld,Netherlands,1933,8171605.0
nld,Netherlands,1934,8269307.0
nld,Netherlands,1935,8368177.0
nld,Netherlands,1936,8468229.0
nld,Netherlands,1937,8569477.0
nld,Netherlands,1938,8671936.0
nld,Netherlands,1939,8777658.0
nld,Netherlands,1940,8886708.0
nld,Netherlands,1941,8999152.0
nld,Netherlands,1942,9115061.0
nld,Netherlands,1943,9234501.0
nld,Netherlands,1944,9355506.0
nld,Netherlands,1945,9478097.0
nld,Netherlands,1946,9602295.0
nld,Netherlands,1947,9728120.0
nld,Netherlands,1948,9855594.0
nld,Netherlands,1949,9984137.0
nld,Netherlands,1950,10113757.0
nld,Netherlands,1951,10264537.0
nld,Netherlands,1952,10382295.0
nld,Netherlands,1953,10493531.0
nld,Netherlands,1954,10615735.0
nld,Netherlands,1955,10751230.0
nld,Netherlands,1956,10889769.0
nld,Netherlands,1957,11026878.0
nld,Netherlands,1958,11187358.0
nld,Netherlands,1959,11348103.0
nld,Netherlands,1960,11486911.0
nld,Netherlands,1961,11639365.0
nld,Netherlands,1962,11807551.0
nld,Netherlands,1963,11969156.0
nld,Netherlands,1964,12131885.0
nld,Netherlands,1965,12301125.0
nld,Netherlands,1966,12464289.0
nld,Netherlands,1967,12607834.0
nld,Netherlands,1968,12740845.0
nld,Netherlands,1969,12890636.0
nld,Netherlands,1970,13052078.0
nld,Netherlands,1971,13208354.0
nld,Netherlands,1972,13342772.0
nld,Netherlands,1973,13453744.0
nld,Netherlands,1974,13559669.0
nld,Netherlands,1975,13680035.0
nld,Netherlands,1976,13786637.0
nld,Netherlands,1977,13868604.0
nld,Netherlands,1978,13953921.0
nld,Netherlands,1979,14050169.0
nld,Netherlands,1980,14162686.0
nld,Netherlands,1981,14262689.0
nld,Netherlands,1982,14333900.0
nld,Netherlands,1983,14396901.0
nld,Netherlands,1984,14462807.0
nld,Netherlands,1985,14538959.0
nld,Netherlands,1986,14626494.0
nld,Netherlands,1987,14724947.0
nld,Netherlands,1988,14825923.0
nld,Netherlands,1989,14921111.0
nld,Netherlands,1990,15030878.0
nld,Netherlands,1991,15155090.0
nld,Netherlands,1992,15276785.0
nld,Netherlands,1993,15389720.0
nld,Netherlands,1994,15485449.0
nld,Netherlands,1995,15565032.0
nld,Netherlands,1996,15640027.0
nld,Netherlands,1997,15723622.0
nld,Netherlands,1998,15827107.0
nld,Netherlands,1999,15940184.0
nld,Netherlands,2000,16058760.0
nld,Netherlands,2001,16182705.0
nld,Netherlands,2002,16288051.0
nld,Netherlands,2003,16366912.0
nld,Netherlands,2004,16425566.0
nld,Netherlands,2005,16465710.0
nld,Netherlands,2006,16493852.0
nld,Netherlands,2007,16531357.0
nld,Netherlands,2008,16597258.0
nld,Netherlands,2009,16684150.0
nld,Netherlands,2010,16771235.0
nld,Netherlands,2011,16851057.0
nld,Netherlands,2012,16915194.0
nld,Netherlands,2013,16967063.0
nld,Netherlands,2014,17030089.0
nld,Netherlands,2015,17107433.0
nld,Netherlands,2016,17204693.0
nld,Netherlands,2017,17315370.0
nld,Netherlands,2018,17421280.0
nld,Netherlands,2019,17537507.0
nld,Netherlands,2020,17636731.0
nld,Netherlands,2021,17730564.0
nld,Netherlands,2022,17904421.0
nld,Netherlands,2023,18092524.0
nld,Netherlands,2024,18228742.0
nld,Netherlands,2025,18346819.0
nor,Norway,1900,2224375.0
nor,Norway,1901,2243136.0
nor,Norway,1902,2260105.0
nor,Norway,1903,2275249.0
nor,Norway,1904,2290494.0
nor,Norway,1905,2305841.0
nor,Norway,1906,2321291.0
nor,Norway,1907,2336844.0
nor,Norway,1908,2352502.0
nor,Norway,1909,2369867.0
nor,Norway,1910,2388966.0
nor,Norway,1911,2409828.0
nor,Norway,1912,2432482.0
nor,Norway,1913,2456954.0
nor,Norway,1914,2481673.0
nor,Norway,1915,2506641.0
nor,Norway,1916,2531860.0
nor,Norway,1917,2557332.0
nor,Norway,1918,2583061.0
nor,Norway,1919,2607089.0
nor,Norway,1920,2629387.0
nor,Norway,1921,2649926.0
nor,Norway,1922,2668675.0
nor,Norway,1923,2685603.0
nor,Norway,1924,2702639.0
nor,Norway,1925,2719783.0
nor,Norway,1926,2737035.0
nor,Norway,1927,2754397.0
nor,Norway,1928,2771869.0
nor,Norway,1929,2789126.0
nor,Norway,1930,2806164.0
nor,Norway,1931,2822980.0
nor,Norway,1932,2839570.0
nor,Norway,1933,2855932.0
nor,Norway,1934,2872388.0
nor,Norway,1935,2888939.0
nor,Norway,1936,2905585.0
nor,Norway,1937,2922327.0
nor,Norway,1938,2939166.0
nor,Norway,1939,2958274.0
nor,Norway,1940,2979687.0
nor,Norway,1941,3003437.0
nor,Norway,1942,3029559.0
nor,Norway,1943,3058087.0
nor,Norway,1944,3086885.0
nor,Norway,1945,3115953.0
nor,Norway,1946,3145295.0
nor,Norway,1947,3174914.0
nor,Norway,1948,3204811.0
nor,Norway,1949,3234903.0
nor,Norway,1950,3265191.0
nor,Norway,1951,3295961.0
nor,Norway,1952,3327838.0
nor,Norway,1953,3361028.0
nor,Norway,1954,3394390.0
nor,Norway,1955,3428526.0
nor,Norway,1956,3461066.0
nor,Norway,1957,3491980.0
nor,Norway,1958,3523003.0
nor,Norway,1959,3552817.0
nor,Norway,1960,3581121.0
nor,Norway,1961,3609657.0
nor,Norway,1962,3638841.0
nor,Norway,1963,3666498.0
nor,Norway,1964,3694320.0
nor,Norway,1965,3723172.0
nor,Norway,1966,3752789.0
nor,Norway,1967,3784110.0
nor,Norway,1968,3816088.0
nor,Norway,1969,3847304.0
nor,Norway,1970,3875345.0
nor,Norway,1971,3902751.0
nor,Norway,1972,3932909.0
nor,Norway,1973,3960593.0
nor,Norway,1974,3985280.0
nor,Norway,1975,4007365.0
nor,Norway,1976,4026220.0
nor,Norway,1977,4043262.0
nor,Norway,1978,4058673.0
nor,Norway,1979,4072500.0
nor,Norway,1980,4085604.0
nor,Norway,1981,4099672.0
nor,Norway,1982,4114736.0
nor,Norway,1983,4128336.0
nor,Norway,1984,4139972.0
nor,Norway,1985,4152400.0
nor,Norway,1986,4167252.0
nor,Norway,1987,4186824.0
nor,Norway,1988,4209470.0
nor,Norway,1989,4226913.0
nor,Norway,1990,4241440.0
nor,Norway,1991,4261623.0
nor,Norway,1992,4286261.0
nor,Norway,1993,4311862.0
nor,Norway,1994,4336467.0
nor,Norway,1995,4358993.0
nor,Norway,1996,4381135.0
nor,Norway,1997,4404986.0
nor,Norway,1998,4431313.0
nor,Norway,1999,4461787.0
nor,Norway,2000,4490867.0
nor,Norway,2001,4513657.0
nor,Norway,2002,4538014.0
nor,Norway,2003,4564669.0
nor,Norway,2004,4591743.0
nor,Norway,2005,4623124.0
nor,Norway,2006,4660494.0
nor,Norway,2007,4709010.0
nor,Norway,2008,4768101.0
nor,Norway,2009,4828623.0
nor,Norway,2010,4889162.0
nor,Norway,2011,4952968.0
nor,Norway,2012,5018458.0
nor,Norway,2013,5080124.0
nor,Norway,2014,5137395.0
nor,Norway,2015,5189771.0
nor,Norway,2016,5235983.0
nor,Norway,2017,5276802.0
nor,Norway,2018,5311752.0
nor,Norway,2019,5347730.0
nor,Norway,2020,5379274.0
nor,Norway,2021,5408091.0
nor,Norway,2022,5456801.0
nor,Norway,2023,5519167.0
nor,Norway,2024,5576660.0
nor,Norway,2025,5623071.0
npl,Nepal,1900,5115215.0
npl,Nepal,1901,5135229.0
npl,Nepal,1902,5160240.0
npl,Nepal,1903,5190278.0
npl,Nepal,1904,5220488.0
npl,Nepal,1905,5250871.0
npl,Nepal,1906,5281429.0
npl,Nepal,1907,5312162.0
npl,Nepal,1908,5343070.0
npl,Nepal,1909,5366703.0
npl,Nepal,1910,5383030.0
npl,Nepal,1911,5392023.0
npl,Nepal,1912,5393652.0
npl,Nepal,1913,5387888.0
npl,Nepal,1914,5382128.0
npl,Nepal,1915,5376370.0
npl,Nepal,1916,5370616.0
npl,Nepal,1917,5364865.0
npl,Nepal,1918,5363004.0
npl,Nepal,1919,5361143.0
npl,Nepal,1920,5359283.0
npl,Nepal,1921,5357424.0
npl,Nepal,1922,5355565.0
npl,Nepal,1923,5353707.0
npl,Nepal,1924,5351850.0
npl,Nepal,1925,5349993.0
npl,Nepal,1926,5348137.0
npl,Nepal,1927,5346281.0
npl,Nepal,1928,5344426.0
npl,Nepal,1929,5342943.0
npl,Nepal,1930,5341830.0
npl,Nepal,1931,5341089.0
npl,Nepal,1932,5340718.0
npl,Nepal,1933,5340718.0
npl,Nepal,1934,5340718.0
npl,Nepal,1935,5340718.0
npl,Nepal,1936,5340718.0
npl,Nepal,1937,5340718.0
npl,Nepal,1938,5340718.0
npl,Nepal,1939,5392493.0
npl,Nepal,1940,5498552.0
npl,Nepal,1941,5661527.0
npl,Nepal,1942,5884177.0
npl,Nepal,1943,6169393.0
npl,Nepal,1944,6468435.0
npl,Nepal,1945,6781972.0
npl,Nepal,1946,7110706.0
npl,Nepal,1947,7455375.0
npl,Nepal,1948,7816750.0
npl,Nepal,1949,8131483.0
npl,Nepal,1950,8396603.0
npl,Nepal,1951,8572664.0
npl,Nepal,1952,8747294.0
npl,Nepal,1953,8918222.0
npl,Nepal,1954,9087775.0
npl,Nepal,1955,9257977.0
npl,Nepal,1956,9427891.0
npl,Nepal,1957,9598035.0
npl,Nepal,1958,9766240.0
npl,Nepal,1959,9938912.0
npl,Nepal,1960,10123658.0
npl,Nepal,1961,10318396.0
npl,Nepal,1962,10521116.0
npl,Nepal,1963,10729818.0
npl,Nepal,1964,10946392.0
npl,Nepal,1965,11173411.0
npl,Nepal,1966,11408710.0
npl,Nepal,1967,11652716.0
npl,Nepal,1968,11906266.0
npl,Nepal,1969,12167036.0
npl,Nepal,1970,12436190.0
npl,Nepal,1971,12710061.0
npl,Nepal,1972,12989099.0
npl,Nepal,1973,13275239.0
npl,Nepal,1974,13568435.0
npl,Nepal,1975,13870695.0
npl,Nepal,1976,14177649.0
npl,Nepal,1977,14499175.0
npl,Nepal,1978,14839695.0
npl,Nepal,1979,15190590.0
npl,Nepal,1980,15553105.0
npl,Nepal,1981,15922423.0
npl,Nepal,1982,16297987.0
npl,Nepal,1983,16689119.0
npl,Nepal,1984,17085242.0
npl,Nepal,1985,17477692.0
npl,Nepal,1986,17868124.0
npl,Nepal,1987,18250505.0
npl,Nepal,1988,18638661.0
npl,Nepal,1989,19057807.0
npl,Nepal,1990,19524573.0
npl,Nepal,1991,20036500.0
npl,Nepal,1992,20609707.0
npl,Nepal,1993,21180159.0
npl,Nepal,1994,21717479.0
npl,Nepal,1995,22245439.0
npl,Nepal,1996,22741862.0
npl,Nepal,1997,23219463.0
npl,Nepal,1998,23680357.0
npl,Nepal,1999,24125199.0
npl,Nepal,2000,24546509.0
npl,Nepal,2001,24946748.0
npl,Nepal,2002,25328981.0
npl,Nepal,2003,25688758.0
npl,Nepal,2004,26016656.0
npl,Nepal,2005,26309458.0
npl,Nepal,2006,26565425.0
npl,Nepal,2007,26788492.0
npl,Nepal,2008,26990037.0
npl,Nepal,2009,27173035.0
npl,Nepal,2010,27341952.0
npl,Nepal,2011,27464494.0
npl,Nepal,2012,27534915.0
npl,Nepal,2013,27589996.0
npl,Nepal,2014,27672370.0
npl,Nepal,2015,27823629.0
npl,Nepal,2016,27955462.0
npl,Nepal,2017,28011258.0
npl,Nepal,2018,28079689.0
npl,Nepal,2019,28414064.0
npl,Nepal,2020,28966574.0
npl,Nepal,2021,29475010.0
npl,Nepal,2022,29715436.0
npl,Nepal,2023,29694614.0
npl,Nepal,2024,29651054.0
npl,Nepal,2025,29618118.0
nru,Nauru,1900,1943.0
nru,Nauru,1901,1944.0
nru,Nauru,1902,1945.0
nru,Nauru,1903,1947.0
nru,Nauru,1904,1948.0
nru,Nauru,1905,1949.0
nru,Nauru,1906,1950.0
nru,Nauru,1907,1952.0
nru,Nauru,1908,1953.0
nru,Nauru,1909,1954.0
nru,Nauru,1910,1955.0
nru,Nauru,1911,1957.0
nru,Nauru,1912,1958.0
nru,Nauru,1913,1959.0
nru,Nauru,1914,1960.0
nru,Nauru,1915,1962.0
nru,Nauru,1916,1963.0
nru,Nauru,1917,1964.0
nru,Nauru,1918,1966.0
nru,Nauru,1919,1983.0
nru,Nauru,1920,2018.0
nru,Nauru,1921,2069.0
nru,Nauru,1922,2139.0
nru,Nauru,1923,2227.0
nru,Nauru,1924,2320.0
nru,Nauru,1925,2416.0
nru,Nauru,1926,2516.0
nru,Nauru,1927,2620.0
nru,Nauru,1928,2728.0
nru,Nauru,1929,2816.0
nru,Nauru,1930,2884.0
nru,Nauru,1931,2930.0
nru,Nauru,1932,2954.0
nru,Nauru,1933,2954.0
nru,Nauru,1934,2954.0
nru,Nauru,1935,2954.0
nru,Nauru,1936,2954.0
nru,Nauru,1937,2954.0
nru,Nauru,1938,2954.0
nru,Nauru,1939,2962.0
nru,Nauru,1940,2978.0
nru,Nauru,1941,3002.0
nru,Nauru,1942,3035.0
nru,Nauru,1943,3076.0
nru,Nauru,1944,3117.0
nru,Nauru,1945,3160.0
nru,Nauru,1946,3203.0
nru,Nauru,1947,3246.0
nru,Nauru,1948,3290.0
nru,Nauru,1949,3343.0
nru,Nauru,1950,3407.0
nru,Nauru,1951,3510.0
nru,Nauru,1952,3607.0
nru,Nauru,1953,3695.0
nru,Nauru,1954,3780.0
nru,Nauru,1955,3885.0
nru,Nauru,1956,4021.0
nru,Nauru,1957,4158.0
nru,Nauru,1958,4297.0
nru,Nauru,1959,4454.0
nru,Nauru,1960,4607.0
nru,Nauru,1961,4774.0
nru,Nauru,1962,4979.0
nru,Nauru,1963,5226.0
nru,Nauru,1964,5515.0
nru,Nauru,1965,5832.0
nru,Nauru,1966,6043.0
nru,Nauru,1967,6135.0
nru,Nauru,1968,6328.0
nru,Nauru,1969,6581.0
nru,Nauru,1970,6710.0
nru,Nauru,1971,6762.0
nru,Nauru,1972,6812.0
nru,Nauru,1973,6866.0
nru,Nauru,1974,6923.0
nru,Nauru,1975,6987.0
nru,Nauru,1976,7064.0
nru,Nauru,1977,7163.0
nru,Nauru,1978,7298.0
nru,Nauru,1979,7468.0
nru,Nauru,1980,7649.0
nru,Nauru,1981,7839.0
nru,Nauru,1982,8040.0
nru,Nauru,1983,8216.0
nru,Nauru,1984,8377.0
nru,Nauru,1985,8551.0
nru,Nauru,1986,8742.0
nru,Nauru,1987,8946.0
nru,Nauru,1988,9165.0
nru,Nauru,1989,9390.0
nru,Nauru,1990,9622.0
nru,Nauru,1991,9850.0
nru,Nauru,1992,10021.0
nru,Nauru,1993,10102.0
nru,Nauru,1994,10137.0
nru,Nauru,1995,10165.0
nru,Nauru,1996,10183.0
nru,Nauru,1997,10197.0
nru,Nauru,1998,10198.0
nru,Nauru,1999,10187.0
nru,Nauru,2000,10168.0
nru,Nauru,2001,10130.0
nru,Nauru,2002,10082.0
nru,Nauru,2003,10059.0
nru,Nauru,2004,10060.0
nru,Nauru,2005,10049.0
nru,Nauru,2006,10034.0
nru,Nauru,2007,10020.0
nru,Nauru,2008,10009.0
nru,Nauru,2009,10016.0
nru,Nauru,2010,10043.0
nru,Nauru,2011,10098.0
nru,Nauru,2012,10267.0
nru,Nauru,2013,10517.0
nru,Nauru,2014,10742.0
nru,Nauru,2015,10954.0
nru,Nauru,2016,11150.0
nru,Nauru,2017,11324.0
nru,Nauru,2018,11477.0
nru,Nauru,2019,11587.0
nru,Nauru,2020,11643.0
nru,Nauru,2021,11709.0
nru,Nauru,2022,11801.0
nru,Nauru,2023,11875.0
nru,Nauru,2024,11947.0
nru,Nauru,2025,12025.0
nzl,New Zealand,1900,808990.0
nzl,New Zealand,1901,828061.0
nzl,New Zealand,1902,848659.0
nzl,New Zealand,1903,870844.0
nzl,New Zealand,1904,893610.0
nzl,New Zealand,1905,916970.0
nzl,New Zealand,1906,940941.0
nzl,New Zealand,1907,965539.0
nzl,New Zealand,1908,990780.0
nzl,New Zealand,1909,1014837.0
nzl,New Zealand,1910,1037647.0
nzl,New Zealand,1911,1059145.0
nzl,New Zealand,1912,1079263.0
nzl,New Zealand,1913,1097934.0
nzl,New Zealand,1914,1116927.0
nzl,New Zealand,1915,1136248.0
nzl,New Zealand,1916,1155904.0
nzl,New Zealand,1917,1175900.0
nzl,New Zealand,1918,1196289.0
nzl,New Zealand,1919,1217358.0
nzl,New Zealand,1920,1239125.0
nzl,New Zealand,1921,1261609.0
nzl,New Zealand,1922,1284828.0
nzl,New Zealand,1923,1308801.0
nzl,New Zealand,1924,1333222.0
nzl,New Zealand,1925,1358099.0
nzl,New Zealand,1926,1383439.0
nzl,New Zealand,1927,1409253.0
nzl,New Zealand,1928,1435548.0
nzl,New Zealand,1929,1459513.0
nzl,New Zealand,1930,1481079.0
nzl,New Zealand,1931,1500175.0
nzl,New Zealand,1932,1516729.0
nzl,New Zealand,1933,1530665.0
nzl,New Zealand,1934,1544730.0
nzl,New Zealand,1935,1558924.0
nzl,New Zealand,1936,1573248.0
nzl,New Zealand,1937,1587704.0
nzl,New Zealand,1938,1602293.0
nzl,New Zealand,1939,1619081.0
nzl,New Zealand,1940,1638120.0
nzl,New Zealand,1941,1659463.0
nzl,New Zealand,1942,1683164.0
nzl,New Zealand,1943,1709279.0
nzl,New Zealand,1944,1735800.0
nzl,New Zealand,1945,1762731.0
nzl,New Zealand,1946,1790081.0
nzl,New Zealand,1947,1817855.0
nzl,New Zealand,1948,1846060.0
nzl,New Zealand,1949,1877163.0
nzl,New Zealand,1950,1911263.0
nzl,New Zealand,1951,1951206.0
nzl,New Zealand,1952,1997747.0
nzl,New Zealand,1953,2047751.0
nzl,New Zealand,1954,2095141.0
nzl,New Zealand,1955,2139672.0
nzl,New Zealand,1956,2184843.0
nzl,New Zealand,1957,2233688.0
nzl,New Zealand,1958,2284994.0
nzl,New Zealand,1959,2333483.0
nzl,New Zealand,1960,2379481.0
nzl,New Zealand,1961,2429747.0
nzl,New Zealand,1962,2484405.0
nzl,New Zealand,1963,2538115.0
nzl,New Zealand,1964,2588769.0
nzl,New Zealand,1965,2636494.0
nzl,New Zealand,1966,2682582.0
nzl,New Zealand,1967,2723419.0
nzl,New Zealand,1968,2754526.0
nzl,New Zealand,1969,2784399.0
nzl,New Zealand,1970,2822177.0
nzl,New Zealand,1971,2867165.0
nzl,New Zealand,1972,2919258.0
nzl,New Zealand,1973,2978988.0
nzl,New Zealand,1974,3041231.0
nzl,New Zealand,1975,3094032.0
nzl,New Zealand,1976,3126633.0
nzl,New Zealand,1977,3140133.0
nzl,New Zealand,1978,3142244.0
nzl,New Zealand,1979,3141601.0
nzl,New Zealand,1980,3146327.0
nzl,New Zealand,1981,3159840.0
nzl,New Zealand,1982,3185123.0
nzl,New Zealand,1983,3219278.0
nzl,New Zealand,1984,3249828.0
nzl,New Zealand,1985,3268028.0
nzl,New Zealand,1986,3281508.0
nzl,New Zealand,1987,3299443.0
nzl,New Zealand,1988,3316026.0
nzl,New Zealand,1989,3333826.0
nzl,New Zealand,1990,3396979.0
nzl,New Zealand,1991,3480925.0
nzl,New Zealand,1992,3532244.0
nzl,New Zealand,1993,3573610.0
nzl,New Zealand,1994,3621030.0
nzl,New Zealand,1995,3674428.0
nzl,New Zealand,1996,3729378.0
nzl,New Zealand,1997,3776950.0
nzl,New Zealand,1998,3811371.0
nzl,New Zealand,1999,3835555.0
nzl,New Zealand,2000,3857574.0
nzl,New Zealand,2001,3891762.0
nzl,New Zealand,2002,3951119.0
nzl,New Zealand,2003,4022586.0
nzl,New Zealand,2004,4083910.0
nzl,New Zealand,2005,4135007.0
nzl,New Zealand,2006,4181940.0
nzl,New Zealand,2007,4223266.0
nzl,New Zealand,2008,4261824.0
nzl,New Zealand,2009,4304304.0
nzl,New Zealand,2010,4347770.0
nzl,New Zealand,2011,4382700.0
nzl,New Zealand,2012,4411676.0
nzl,New Zealand,2013,4453851.0
nzl,New Zealand,2014,4522983.0
nzl,New Zealand,2015,4614029.0
nzl,New Zealand,2016,4714770.0
nzl,New Zealand,2017,4812752.0
nzl,New Zealand,2018,4900847.0
nzl,New Zealand,2019,4989403.0
nzl,New Zealand,2020,5069895.0
nzl,New Zealand,2021,5107697.0
nzl,New Zealand,2022,5131734.0
nzl,New Zealand,2023,5172836.0
nzl,New Zealand,2024,5213944.0
nzl,New Zealand,2025,5251899.0
omn,Oman,1900,379384.0
omn,Oman,1901,381766.0
omn,Oman,1902,384741.0
omn,Oman,1903,388316.0
omn,Oman,1904,391923.0
omn,Oman,1905,395564.0
omn,Oman,1906,399238.0
omn,Oman,1907,402945.0
omn,Oman,1908,406686.0
omn,Oman,1909,409790.0
omn,Oman,1910,412250.0
omn,Oman,1911,414062.0
omn,Oman,1912,415218.0
omn,Oman,1913,415712.0
omn,Oman,1914,416207.0
omn,Oman,1915,416702.0
omn,Oman,1916,417197.0
omn,Oman,1917,417691.0
omn,Oman,1918,418692.0
omn,Oman,1919,419695.0
omn,Oman,1920,420700.0
omn,Oman,1921,421708.0
omn,Oman,1922,422718.0
omn,Oman,1923,423730.0
omn,Oman,1924,424745.0
omn,Oman,1925,425762.0
omn,Oman,1926,426782.0
omn,Oman,1927,427804.0
omn,Oman,1928,428829.0
omn,Oman,1929,429856.0
omn,Oman,1930,430886.0
omn,Oman,1931,431918.0
omn,Oman,1932,432953.0
omn,Oman,1933,433990.0
omn,Oman,1934,435029.0
omn,Oman,1935,436071.0
omn,Oman,1936,437116.0
omn,Oman,1937,438163.0
omn,Oman,1938,439212.0
omn,Oman,1939,440264.0
omn,Oman,1940,441319.0
omn,Oman,1941,442376.0
omn,Oman,1942,443435.0
omn,Oman,1943,444497.0
omn,Oman,1944,445562.0
omn,Oman,1945,446629.0
omn,Oman,1946,447699.0
omn,Oman,1947,448771.0
omn,Oman,1948,449846.0
omn,Oman,1949,452573.0
omn,Oman,1950,456988.0
omn,Oman,1951,462757.0
omn,Oman,1952,468820.0
omn,Oman,1953,475164.0
omn,Oman,1954,481817.0
omn,Oman,1955,488801.0
omn,Oman,1956,496169.0
omn,Oman,1957,503978.0
omn,Oman,1958,512333.0
omn,Oman,1959,521317.0
omn,Oman,1960,530485.0
omn,Oman,1961,539854.0
omn,Oman,1962,549941.0
omn,Oman,1963,560827.0
omn,Oman,1964,572577.0
omn,Oman,1965,585236.0
omn,Oman,1966,598804.0
omn,Oman,1967,613318.0
omn,Oman,1968,628798.0
omn,Oman,1969,645255.0
omn,Oman,1970,662680.0
omn,Oman,1971,681119.0
omn,Oman,1972,700593.0
omn,Oman,1973,721179.0
omn,Oman,1974,746988.0
omn,Oman,1975,778864.0
omn,Oman,1976,814701.0
omn,Oman,1977,855314.0
omn,Oman,1978,900304.0
omn,Oman,1979,949116.0
omn,Oman,1980,1001248.0
omn,Oman,1981,1057320.0
omn,Oman,1982,1117678.0
omn,Oman,1983,1181459.0
omn,Oman,1984,1247716.0
omn,Oman,1985,1325480.0
omn,Oman,1986,1413419.0
omn,Oman,1987,1500996.0
omn,Oman,1988,1588568.0
omn,Oman,1989,1676228.0
omn,Oman,1990,1763954.0
omn,Oman,1991,1851473.0
omn,Oman,1992,1938238.0
omn,Oman,1993,2021675.0
omn,Oman,1994,2081834.0
omn,Oman,1995,2120528.0
omn,Oman,1996,2156926.0
omn,Oman,1997,2190720.0
omn,Oman,1998,2222489.0
omn,Oman,1999,2252909.0
omn,Oman,2000,2282131.0
omn,Oman,2001,2310217.0
omn,Oman,2002,2337140.0
omn,Oman,2003,2363796.0
omn,Oman,2004,2404821.0
omn,Oman,2005,2459802.0
omn,Oman,2006,2514795.0
omn,Oman,2007,2570174.0
omn,Oman,2008,2626529.0
omn,Oman,2009,2684659.0
omn,Oman,2010,2757446.0
omn,Oman,2011,3076763.0
omn,Oman,2012,3547106.0
omn,Oman,2013,3833913.0
omn,Oman,2014,4002439.0
omn,Oman,2015,4184895.0
omn,Oman,2016,4390877.0
omn,Oman,2017,4537396.0
omn,Oman,2018,4597877.0
omn,Oman,2019,4591241.0
omn,Oman,2020,4522497.0
omn,Oman,2021,4500424.0
omn,Oman,2022,4730226.0
omn,Oman,2023,5049269.0
omn,Oman,2024,5281538.0
omn,Oman,2025,5494691.0
pak,Pakistan,1900,17603853.0
pak,Pakistan,1901,17673004.0
pak,Pakistan,1902,17742386.0
pak,Pakistan,1903,17811999.0
pak,Pakistan,1904,17881842.0
pak,Pakistan,1905,17951917.0
pak,Pakistan,1906,18022224.0
pak,Pakistan,1907,18092763.0
pak,Pakistan,1908,18163536.0
pak,Pakistan,1909,18262916.0
pak,Pakistan,1910,18391303.0
pak,Pakistan,1911,18549098.0
pak,Pakistan,1912,18736708.0
pak,Pakistan,1913,18954544.0
pak,Pakistan,1914,19174865.0
pak,Pakistan,1915,19397701.0
pak,Pakistan,1916,19623078.0
pak,Pakistan,1917,19851025.0
pak,Pakistan,1918,20113095.0
pak,Pakistan,1919,20400188.0
pak,Pakistan,1920,20713031.0
pak,Pakistan,1921,21052370.0
pak,Pakistan,1922,21418966.0
pak,Pakistan,1923,21813598.0
pak,Pakistan,1924,22215501.0
pak,Pakistan,1925,22624808.0
pak,Pakistan,1926,23041657.0
pak,Pakistan,1927,23466187.0
pak,Pakistan,1928,23898538.0
pak,Pakistan,1929,24338854.0
pak,Pakistan,1930,24787284.0
pak,Pakistan,1931,25243975.0
pak,Pakistan,1932,25709081.0
pak,Pakistan,1933,26182756.0
pak,Pakistan,1934,26665158.0
pak,Pakistan,1935,27156448.0
pak,Pakistan,1936,27656790.0
pak,Pakistan,1937,28166350.0
pak,Pakistan,1938,28685299.0
pak,Pakistan,1939,29213809.0
pak,Pakistan,1940,29752056.0
pak,Pakistan,1941,30300221.0
pak,Pakistan,1942,30858485.0
pak,Pakistan,1943,31427035.0
pak,Pakistan,1944,32006060.0
pak,Pakistan,1945,32595753.0
pak,Pakistan,1946,33196311.0
pak,Pakistan,1947,33807934.0
pak,Pakistan,1948,34430825.0
pak,Pakistan,1949,35110544.0
pak,Pakistan,1950,35849260.0
pak,Pakistan,1951,36581898.0
pak,Pakistan,1952,37376999.0
pak,Pakistan,1953,38229654.0
pak,Pakistan,1954,39137060.0
pak,Pakistan,1955,40098069.0
pak,Pakistan,1956,41113929.0
pak,Pakistan,1957,42185137.0
pak,Pakistan,1958,43312056.0
pak,Pakistan,1959,44495162.0
pak,Pakistan,1960,45709310.0
pak,Pakistan,1961,46921277.0
pak,Pakistan,1962,48156128.0
pak,Pakistan,1963,49447776.0
pak,Pakistan,1964,50799999.0
pak,Pakistan,1965,52209010.0
pak,Pakistan,1966,53678667.0
pak,Pakistan,1967,55214768.0
pak,Pakistan,1968,56810507.0
pak,Pakistan,1969,58460939.0
pak,Pakistan,1970,60166719.0
pak,Pakistan,1971,61847899.0
pak,Pakistan,1972,63583194.0
pak,Pakistan,1973,65461912.0
pak,Pakistan,1974,67415487.0
pak,Pakistan,1975,69461175.0
pak,Pakistan,1976,71620254.0
pak,Pakistan,1977,73901827.0
pak,Pakistan,1978,76307379.0
pak,Pakistan,1979,78997039.0
pak,Pakistan,1980,82291010.0
pak,Pakistan,1981,85802049.0
pak,Pakistan,1982,89089246.0
pak,Pakistan,1983,92227711.0
pak,Pakistan,1984,95164936.0
pak,Pakistan,1985,98229285.0
pak,Pakistan,1986,101606764.0
pak,Pakistan,1987,105130717.0
pak,Pakistan,1988,108724739.0
pak,Pakistan,1989,112336629.0
pak,Pakistan,1990,116155576.0
pak,Pakistan,1991,120060406.0
pak,Pakistan,1992,123546848.0
pak,Pakistan,1993,127020117.0
pak,Pakistan,1994,130748083.0
pak,Pakistan,1995,134582253.0
pak,Pakistan,1996,138557092.0
pak,Pakistan,1997,142531804.0
pak,Pakistan,1998,146522356.0
pak,Pakistan,1999,150565377.0
pak,Pakistan,2000,154879127.0
pak,Pakistan,2001,159270907.0
pak,Pakistan,2002,163222549.0
pak,Pakistan,2003,167110248.0
pak,Pakistan,2004,171286000.0
pak,Pakistan,2005,175453212.0
pak,Pakistan,2006,179682690.0
pak,Pakistan,2007,184493231.0
pak,Pakistan,2008,189499113.0
pak,Pakistan,2009,194376534.0
pak,Pakistan,2010,199239047.0
pak,Pakistan,2011,203746065.0
pak,Pakistan,2012,207667125.0
pak,Pakistan,2013,211073978.0
pak,Pakistan,2014,214264647.0
pak,Pakistan,2015,217290883.0
pak,Pakistan,2016,220138869.0
pak,Pakistan,2017,223273967.0
pak,Pakistan,2018,226928892.0
pak,Pakistan,2019,230800899.0
pak,Pakistan,2020,235001746.0
pak,Pakistan,2021,239477801.0
pak,Pakistan,2022,243700667.0
pak,Pakistan,2023,247504495.0
pak,Pakistan,2024,251269164.0
pak,Pakistan,2025,255219554.0
pan,Panama,1900,257198.0
pan,Panama,1901,261810.0
pan,Panama,1902,266929.0
pan,Panama,1903,272571.0
pan,Panama,1904,278332.0
pan,Panama,1905,284215.0
pan,Panama,1906,290222.0
pan,Panama,1907,296356.0
pan,Panama,1908,302620.0
pan,Panama,1909,310230.0
pan,Panama,1910,319265.0
pan,Panama,1911,329804.0
pan,Panama,1912,341931.0
pan,Panama,1913,355734.0
pan,Panama,1914,370095.0
pan,Panama,1915,385035.0
pan,Panama,1916,400579.0
pan,Panama,1917,416749.0
pan,Panama,1918,433816.0
pan,Panama,1919,448265.0
pan,Panama,1920,459968.0
pan,Panama,1921,468796.0
pan,Panama,1922,474611.0
pan,Panama,1923,477272.0
pan,Panama,1924,479947.0
pan,Panama,1925,482638.0
pan,Panama,1926,485344.0
pan,Panama,1927,488064.0
pan,Panama,1928,490800.0
pan,Panama,1929,496045.0
pan,Panama,1930,503889.0
pan,Panama,1931,514426.0
pan,Panama,1932,527752.0
pan,Panama,1933,543967.0
pan,Panama,1934,560680.0
pan,Panama,1935,577906.0
pan,Panama,1936,595662.0
pan,Panama,1937,613963.0
pan,Panama,1938,632827.0
pan,Panama,1939,651506.0
pan,Panama,1940,669974.0
pan,Panama,1941,688207.0
pan,Panama,1942,706177.0
pan,Panama,1943,723854.0
pan,Panama,1944,741974.0
pan,Panama,1945,760547.0
pan,Panama,1946,779586.0
pan,Panama,1947,799101.0
pan,Panama,1948,819104.0
pan,Panama,1949,839682.0
pan,Panama,1950,860850.0
pan,Panama,1951,882000.0
pan,Panama,1952,904450.0
pan,Panama,1953,928196.0
pan,Panama,1954,953086.0
pan,Panama,1955,978962.0
pan,Panama,1956,1005871.0
pan,Panama,1957,1033909.0
pan,Panama,1958,1063162.0
pan,Panama,1959,1093801.0
pan,Panama,1960,1126005.0
pan,Panama,1961,1159870.0
pan,Panama,1962,1195301.0
pan,Panama,1963,1232124.0
pan,Panama,1964,1270065.0
pan,Panama,1965,1308835.0
pan,Panama,1966,1348388.0
pan,Panama,1967,1388628.0
pan,Panama,1968,1429447.0
pan,Panama,1969,1470886.0
pan,Panama,1970,1513070.0
pan,Panama,1971,1556081.0
pan,Panama,1972,1599723.0
pan,Panama,1973,1643690.0
pan,Panama,1974,1687926.0
pan,Panama,1975,1732389.0
pan,Panama,1976,1776935.0
pan,Panama,1977,1821543.0
pan,Panama,1978,1866311.0
pan,Panama,1979,1911552.0
pan,Panama,1980,1957534.0
pan,Panama,1981,2004418.0
pan,Panama,1982,2052271.0
pan,Panama,1983,2101106.0
pan,Panama,1984,2150782.0
pan,Panama,1985,2200915.0
pan,Panama,1986,2251325.0
pan,Panama,1987,2301970.0
pan,Panama,1988,2352848.0
pan,Panama,1989,2403820.0
pan,Panama,1990,2455583.0
pan,Panama,1991,2508265.0
pan,Panama,1992,2561336.0
pan,Panama,1993,2615099.0
pan,Panama,1994,2669546.0
pan,Panama,1995,2724557.0
pan,Panama,1996,2780227.0
pan,Panama,1997,2836695.0
pan,Panama,1998,2893914.0
pan,Panama,1999,2951822.0
pan,Panama,2000,3010369.0
pan,Panama,2001,3069537.0
pan,Panama,2002,3129344.0
pan,Panama,2003,3189807.0
pan,Panama,2004,3251155.0
pan,Panama,2005,3313026.0
pan,Panama,2006,3375024.0
pan,Panama,2007,3437490.0
pan,Panama,2008,3500648.0
pan,Panama,2009,3564381.0
pan,Panama,2010,3628535.0
pan,Panama,2011,3693505.0
pan,Panama,2012,3759256.0
pan,Panama,2013,3825329.0
pan,Panama,2014,3892101.0
pan,Panama,2015,3960035.0
pan,Panama,2016,4029086.0
pan,Panama,2017,4098707.0
pan,Panama,2018,4167860.0
pan,Panama,2019,4234700.0
pan,Panama,2020,4293261.0
pan,Panama,2021,4345405.0
pan,Panama,2022,4400773.0
pan,Panama,2023,4458759.0
pan,Panama,2024,4515577.0
pan,Panama,2025,4571189.0
per,Peru,1900,3656471.0
per,Peru,1901,3697013.0
per,Peru,1902,3740922.0
per,Peru,1903,3788266.0
per,Peru,1904,3836208.0
per,Peru,1905,3884757.0
per,Peru,1906,3933920.0
per,Peru,1907,3983706.0
per,Peru,1908,4034121.0
per,Peru,1909,4085147.0
per,Peru,1910,4136791.0
per,Peru,1911,4189060.0
per,Peru,1912,4241961.0
per,Peru,1913,4295504.0
per,Peru,1914,4349721.0
per,Peru,1915,4404624.0
per,Peru,1916,4460219.0
per,Peru,1917,4516516.0
per,Peru,1918,4573538.0
per,Peru,1919,4634153.0
per,Peru,1920,4698452.0
per,Peru,1921,4766527.0
per,Peru,1922,4838471.0
per,Peru,1923,4914382.0
per,Peru,1924,4991484.0
per,Peru,1925,5069796.0
per,Peru,1926,5149336.0
per,Peru,1927,5230125.0
per,Peru,1928,5312180.0
per,Peru,1929,5396164.0
per,Peru,1930,5482115.0
per,Peru,1931,5570077.0
per,Peru,1932,5660090.0
per,Peru,1933,5752198.0
per,Peru,1934,5845806.0
per,Peru,1935,5940937.0
per,Peru,1936,6037615.0
per,Peru,1937,6135868.0
per,Peru,1938,6235719.0
per,Peru,1939,6338303.0
per,Peru,1940,6443683.0
per,Peru,1941,6551925.0
per,Peru,1942,6663094.0
per,Peru,1943,6777258.0
per,Peru,1944,6893379.0
per,Peru,1945,7011488.0
per,Peru,1946,7131622.0
per,Peru,1947,7253814.0
per,Peru,1948,7378099.0
per,Peru,1949,7519075.0
per,Peru,1950,7677414.0
per,Peru,1951,7893620.0
per,Peru,1952,8116663.0
per,Peru,1953,8344899.0
per,Peru,1954,8579310.0
per,Peru,1955,8822013.0
per,Peru,1956,9073474.0
per,Peru,1957,9333871.0
per,Peru,1958,9603646.0
per,Peru,1959,9883654.0
per,Peru,1960,10174127.0
per,Peru,1961,10475123.0
per,Peru,1962,10784612.0
per,Peru,1963,11102099.0
per,Peru,1964,11427978.0
per,Peru,1965,11761085.0
per,Peru,1966,12101297.0
per,Peru,1967,12448814.0
per,Peru,1968,12803993.0
per,Peru,1969,13166767.0
per,Peru,1970,13501237.0
per,Peru,1971,13838067.0
per,Peru,1972,14210147.0
per,Peru,1973,14582867.0
per,Peru,1974,14956552.0
per,Peru,1975,15333957.0
per,Peru,1976,15716809.0
per,Peru,1977,16109806.0
per,Peru,1978,16516059.0
per,Peru,1979,16933139.0
per,Peru,1980,17360949.0
per,Peru,1981,17798805.0
per,Peru,1982,18246503.0
per,Peru,1983,18705957.0
per,Peru,1984,19174716.0
per,Peru,1985,19648204.0
per,Peru,1986,20117122.0
per,Peru,1987,20582320.0
per,Peru,1988,21054702.0
per,Peru,1989,21532589.0
per,Peru,1990,22014771.0
per,Peru,1991,22483775.0
per,Peru,1992,22946340.0
per,Peru,1993,23413783.0
per,Peru,1994,23881493.0
per,Peru,1995,24348919.0
per,Peru,1996,24811171.0
per,Peru,1997,25274147.0
per,Peru,1998,25738095.0
per,Peru,1999,26186504.0
per,Peru,2000,26598331.0
per,Peru,2001,26964601.0
per,Peru,2002,27288217.0
per,Peru,2003,27580490.0
per,Peru,2004,27852190.0
per,Peru,2005,28101180.0
per,Peru,2006,28324491.0
per,Peru,2007,28530699.0
per,Peru,2008,28719041.0
per,Peru,2009,28896811.0
per,Peru,2010,29086019.0
per,Peru,2011,29304086.0
per,Peru,2012,29550366.0
per,Peru,2013,29817919.0
per,Peru,2014,30115826.0
per,Peru,2015,30457600.0
per,Peru,2016,30866494.0
per,Peru,2017,31324637.0
per,Peru,2018,31897584.0
per,Peru,2019,32449303.0
per,Peru,2020,32838579.0
per,Peru,2021,33155882.0
per,Peru,2022,33475438.0
per,Peru,2023,33845617.0
per,Peru,2024,34217848.0
per,Peru,2025,34576665.0
phl,Philippines,1900,6742227.0
phl,Philippines,1901,6841368.0
phl,Philippines,1902,6951185.0
phl,Philippines,1903,7071940.0
phl,Philippines,1904,7194768.0
phl,Philippines,1905,7319706.0
phl,Philippines,1906,7446787.0
phl,Philippines,1907,7576050.0
phl,Philippines,1908,7707530.0
phl,Philippines,1909,7841333.0
phl,Philippines,1910,7977498.0
phl,Philippines,1911,8116068.0
phl,Philippines,1912,8257083.0
phl,Philippines,1913,8400587.0
phl,Philippines,1914,8546555.0
phl,Philippines,1915,8695028.0
phl,Philippines,1916,8846051.0
phl,Philippines,1917,8999664.0
phl,Philippines,1918,9173135.0
phl,Philippines,1919,9353110.0
phl,Philippines,1920,9539783.0
phl,Philippines,1921,9733349.0
phl,Philippines,1922,9934011.0
phl,Philippines,1923,10141976.0
phl,Philippines,1924,10354294.0
phl,Philippines,1925,10571057.0
phl,Philippines,1926,10792357.0
phl,Philippines,1927,11018291.0
phl,Philippines,1928,11248954.0
phl,Philippines,1929,11489609.0
phl,Philippines,1930,11740585.0
phl,Philippines,1931,12002219.0
phl,Philippines,1932,12274861.0
phl,Philippines,1933,12558867.0
phl,Philippines,1934,12849445.0
phl,Philippines,1935,13146746.0
phl,Philippines,1936,13450926.0
phl,Philippines,1937,13762143.0
phl,Philippines,1938,14080562.0
phl,Philippines,1939,14410425.0
phl,Philippines,1940,14752099.0
phl,Philippines,1941,15105958.0
phl,Philippines,1942,15472390.0
phl,Philippines,1943,15851793.0
phl,Philippines,1944,16240500.0
phl,Philippines,1945,16638738.0
phl,Philippines,1946,17046741.0
phl,Philippines,1947,17464749.0
phl,Philippines,1948,17893008.0
phl,Philippines,1949,18354105.0
phl,Philippines,1950,18849528.0
phl,Philippines,1951,19568081.0
phl,Philippines,1952,20328752.0
phl,Philippines,1953,21132500.0
phl,Philippines,1954,21982503.0
phl,Philippines,1955,22880573.0
phl,Philippines,1956,23825810.0
phl,Philippines,1957,24815855.0
phl,Philippines,1958,25842524.0
phl,Philippines,1959,26907607.0
phl,Philippines,1960,27891897.0
phl,Philippines,1961,28792621.0
phl,Philippines,1962,29723536.0
phl,Philippines,1963,30674731.0
phl,Philippines,1964,31643032.0
phl,Philippines,1965,32625316.0
phl,Philippines,1966,33617170.0
phl,Philippines,1967,34621320.0
phl,Philippines,1968,35638342.0
phl,Philippines,1969,36660799.0
phl,Philippines,1970,37622204.0
phl,Philippines,1971,38518659.0
phl,Philippines,1972,39408560.0
phl,Philippines,1973,40294130.0
phl,Philippines,1974,41174341.0
phl,Philippines,1975,42120826.0
phl,Philippines,1976,43201488.0
phl,Philippines,1977,44367962.0
phl,Philippines,1978,45575281.0
phl,Philippines,1979,46807103.0
phl,Philippines,1980,48043740.0
phl,Philippines,1981,49311727.0
phl,Philippines,1982,50695707.0
phl,Philippines,1983,52194620.0
phl,Philippines,1984,53726181.0
phl,Philippines,1985,55213006.0
phl,Philippines,1986,56645077.0
phl,Philippines,1987,58157496.0
phl,Philippines,1988,59739052.0
phl,Philippines,1989,61265260.0
phl,Philippines,1990,62854666.0
phl,Philippines,1991,64382249.0
phl,Philippines,1992,65926125.0
phl,Philippines,1993,67530621.0
phl,Philippines,1994,69019291.0
phl,Philippines,1995,70546246.0
phl,Philippines,1996,72190242.0
phl,Philippines,1997,73908810.0
phl,Philippines,1998,75791024.0
phl,Philippines,1999,77753257.0
phl,Philippines,2000,79625397.0
phl,Philippines,2001,81401488.0
phl,Philippines,2002,83068889.0
phl,Philippines,2003,84731835.0
phl,Philippines,2004,86394504.0
phl,Philippines,2005,88015962.0
phl,Philippines,2006,89508986.0
phl,Philippines,2007,91075184.0
phl,Philippines,2008,92699095.0
phl,Philippines,2009,94384250.0
phl,Philippines,2010,96337125.0
phl,Philippines,2011,98248614.0
phl,Philippines,2012,100175512.0
phl,Philippines,2013,102076336.0
phl,Philippines,2014,103767130.0
phl,Philippines,2015,105312992.0
phl,Philippines,2016,106735719.0
phl,Philippines,2017,108119693.0
phl,Philippines,2018,109465287.0
phl,Philippines,2019,110804683.0
phl,Philippines,2020,112081264.0
phl,Philippines,2021,113100950.0
phl,Philippines,2022,113964338.0
phl,Philippines,2023,114891199.0
phl,Philippines,2024,115843670.0
phl,Philippines,2025,116786962.0
plw,Palau,1900,5770.0
plw,Palau,1901,5800.0
plw,Palau,1902,5829.0
plw,Palau,1903,5859.0
plw,Palau,1904,5889.0
plw,Palau,1905,5918.0
plw,Palau,1906,5949.0
plw,Palau,1907,5979.0
plw,Palau,1908,6009.0
plw,Palau,1909,6040.0
plw,Palau,1910,6070.0
plw,Palau,1911,6101.0
plw,Palau,1912,6132.0
plw,Palau,1913,6163.0
plw,Palau,1914,6195.0
plw,Palau,1915,6226.0
plw,Palau,1916,6258.0
plw,Palau,1917,6290.0
plw,Palau,1918,6320.0
plw,Palau,1919,6351.0
plw,Palau,1920,6381.0
plw,Palau,1921,6412.0
plw,Palau,1922,6443.0
plw,Palau,1923,6474.0
plw,Palau,1924,6505.0
plw,Palau,1925,6537.0
plw,Palau,1926,6568.0
plw,Palau,1927,6600.0
plw,Palau,1928,6632.0
plw,Palau,1929,6664.0
plw,Palau,1930,6696.0
plw,Palau,1931,6729.0
plw,Palau,1932,6761.0
plw,Palau,1933,6794.0
plw,Palau,1934,6827.0
plw,Palau,1935,6860.0
plw,Palau,1936,6893.0
plw,Palau,1937,6926.0
plw,Palau,1938,6960.0
plw,Palau,1939,6993.0
plw,Palau,1940,7027.0
plw,Palau,1941,7061.0
plw,Palau,1942,7095.0
plw,Palau,1943,7129.0
plw,Palau,1944,7164.0
plw,Palau,1945,7198.0
plw,Palau,1946,7233.0
plw,Palau,1947,7268.0
plw,Palau,1948,7303.0
plw,Palau,1949,7372.0
plw,Palau,1950,7474.0
plw,Palau,1951,7651.0
plw,Palau,1952,7815.0
plw,Palau,1953,8002.0
plw,Palau,1954,8210.0
plw,Palau,1955,8415.0
plw,Palau,1956,8593.0
plw,Palau,1957,8747.0
plw,Palau,1958,8902.0
plw,Palau,1959,9101.0
plw,Palau,1960,9328.0
plw,Palau,1961,9555.0
plw,Palau,1962,9793.0
plw,Palau,1963,10037.0
plw,Palau,1964,10292.0
plw,Palau,1965,10547.0
plw,Palau,1966,10805.0
plw,Palau,1967,10988.0
plw,Palau,1968,11080.0
plw,Palau,1969,11159.0
plw,Palau,1970,11368.0
plw,Palau,1971,11759.0
plw,Palau,1972,12194.0
plw,Palau,1973,12552.0
plw,Palau,1974,12687.0
plw,Palau,1975,12655.0
plw,Palau,1976,12598.0
plw,Palau,1977,12525.0
plw,Palau,1978,12440.0
plw,Palau,1979,12337.0
plw,Palau,1980,12271.0
plw,Palau,1981,12402.0
plw,Palau,1982,12694.0
plw,Palau,1983,13006.0
plw,Palau,1984,13337.0
plw,Palau,1985,13688.0
plw,Palau,1986,14024.0
plw,Palau,1987,14334.0
plw,Palau,1988,14645.0
plw,Palau,1989,14945.0
plw,Palau,1990,15259.0
plw,Palau,1991,15614.0
plw,Palau,1992,15989.0
plw,Palau,1993,16372.0
plw,Palau,1994,16770.0
plw,Palau,1995,17195.0
plw,Palau,1996,17654.0
plw,Palau,1997,18108.0
plw,Palau,1998,18524.0
plw,Palau,1999,18901.0
plw,Palau,2000,19178.0
plw,Palau,2001,19352.0
plw,Palau,2002,19503.0
plw,Palau,2003,19659.0
plw,Palau,2004,19820.0
plw,Palau,2005,19819.0
plw,Palau,2006,19593.0
plw,Palau,2007,19302.0
plw,Palau,2008,19009.0
plw,Palau,2009,18709.0
plw,Palau,2010,18396.0
plw,Palau,2011,18078.0
plw,Palau,2012,17765.0
plw,Palau,2013,17648.0
plw,Palau,2014,17715.0
plw,Palau,2015,17770.0
plw,Palau,2016,17797.0
plw,Palau,2017,17812.0
plw,Palau,2018,17814.0
plw,Palau,2019,17798.0
plw,Palau,2020,17792.0
plw,Palau,2021,17783.0
plw,Palau,2022,17759.0
plw,Palau,2023,17727.0
plw,Palau,2024,17695.0
plw,Palau,2025,17663.0
png,Papua New Guinea,1900,842067.0
png,Papua New Guinea,1901,843666.0
png,Papua New Guinea,1902,845266.0
png,Papua New Guinea,1903,846867.0
png,Papua New Guinea,1904,848469.0
png,Papua New Guinea,1905,850072.0
png,Papua New Guinea,1906,851677.0
png,Papua New Guinea,1907,853282.0
png,Papua New Guinea,1908,854889.0
png,Papua New Guinea,1909,848391.0
png,Papua New Guinea,1910,834131.0
png,Papua New Guinea,1911,812434.0
png,Papua New Guinea,1912,783612.0
png,Papua New Guinea,1913,747960.0
png,Papua New Guinea,1914,713929.0
png,Papua New Guinea,1915,681445.0
png,Papua New Guinea,1916,650437.0
png,Papua New Guinea,1917,620839.0
png,Papua New Guinea,1918,591710.0
png,Papua New Guinea,1919,569774.0
png,Papua New Guinea,1920,554737.0
png,Papua New Guinea,1921,546318.0
png,Papua New Guinea,1922,544252.0
png,Papua New Guinea,1923,548285.0
png,Papua New Guinea,1924,552346.0
png,Papua New Guinea,1925,556439.0
png,Papua New Guinea,1926,560561.0
png,Papua New Guinea,1927,564714.0
png,Papua New Guinea,1928,568898.0
png,Papua New Guinea,1929,578172.0
png,Papua New Guinea,1930,592835.0
png,Papua New Guinea,1931,613199.0
png,Papua New Guinea,1932,639591.0
png,Papua New Guinea,1933,672359.0
png,Papua New Guinea,1934,706806.0
png,Papua New Guinea,1935,743017.0
png,Papua New Guinea,1936,781084.0
png,Papua New Guinea,1937,821101.0
png,Papua New Guinea,1938,863167.0
png,Papua New Guinea,1939,907390.0
png,Papua New Guinea,1940,953877.0
png,Papua New Guinea,1941,1002747.0
png,Papua New Guinea,1942,1054120.0
png,Papua New Guinea,1943,1108125.0
png,Papua New Guinea,1944,1164897.0
png,Papua New Guinea,1945,1224577.0
png,Papua New Guinea,1946,1287315.0
png,Papua New Guinea,1947,1353268.0
png,Papua New Guinea,1948,1422599.0
png,Papua New Guinea,1949,1486151.0
png,Papua New Guinea,1950,1543429.0
png,Papua New Guinea,1951,1574922.0
png,Papua New Guinea,1952,1609537.0
png,Papua New Guinea,1953,1650228.0
png,Papua New Guinea,1954,1693505.0
png,Papua New Guinea,1955,1739219.0
png,Papua New Guinea,1956,1787439.0
png,Papua New Guinea,1957,1837503.0
png,Papua New Guinea,1958,1888964.0
png,Papua New Guinea,1959,1941504.0
png,Papua New Guinea,1960,1995110.0
png,Papua New Guinea,1961,2046127.0
png,Papua New Guinea,1962,2093919.0
png,Papua New Guinea,1963,2141376.0
png,Papua New Guinea,1964,2188325.0
png,Papua New Guinea,1965,2235820.0
png,Papua New Guinea,1966,2285774.0
png,Papua New Guinea,1967,2337532.0
png,Papua New Guinea,1968,2390803.0
png,Papua New Guinea,1969,2446927.0
png,Papua New Guinea,1970,2505628.0
png,Papua New Guinea,1971,2566421.0
png,Papua New Guinea,1972,2628432.0
png,Papua New Guinea,1973,2690629.0
png,Papua New Guinea,1974,2752671.0
png,Papua New Guinea,1975,2814820.0
png,Papua New Guinea,1976,2877327.0
png,Papua New Guinea,1977,2940327.0
png,Papua New Guinea,1978,3003714.0
png,Papua New Guinea,1979,3067341.0
png,Papua New Guinea,1980,3131512.0
png,Papua New Guinea,1981,3197019.0
png,Papua New Guinea,1982,3264291.0
png,Papua New Guinea,1983,3333633.0
png,Papua New Guinea,1984,3405198.0
png,Papua New Guinea,1985,3478936.0
png,Papua New Guinea,1986,3554793.0
png,Papua New Guinea,1987,3632543.0
png,Papua New Guinea,1988,3711880.0
png,Papua New Guinea,1989,3796078.0
png,Papua New Guinea,1990,3896481.0
png,Papua New Guinea,1991,4021837.0
png,Papua New Guinea,1992,4166699.0
png,Papua New Guinea,1993,4320872.0
png,Papua New Guinea,1994,4480208.0
png,Papua New Guinea,1995,4644278.0
png,Papua New Guinea,1996,4813361.0
png,Papua New Guinea,1997,4987883.0
png,Papua New Guinea,1998,5166390.0
png,Papua New Guinea,1999,5349333.0
png,Papua New Guinea,2000,5537064.0
png,Papua New Guinea,2001,5728435.0
png,Papua New Guinea,2002,5924003.0
png,Papua New Guinea,2003,6123997.0
png,Papua New Guinea,2004,6328041.0
png,Papua New Guinea,2005,6535905.0
png,Papua New Guinea,2006,6747720.0
png,Papua New Guinea,2007,6963345.0
png,Papua New Guinea,2008,7183002.0
png,Papua New Guinea,2009,7406438.0
png,Papua New Guinea,2010,7633523.0
png,Papua New Guinea,2011,7859346.0
png,Papua New Guinea,2012,8081390.0
png,Papua New Guinea,2013,8302698.0
png,Papua New Guinea,2014,8523441.0
png,Papua New Guinea,2015,8743246.0
png,Papua New Guinea,2016,8961718.0
png,Papua New Guinea,2017,9178714.0
png,Papua New Guinea,2018,9394513.0
png,Papua New Guinea,2019,9609010.0
png,Papua New Guinea,2020,9815746.0
png,Papua New Guinea,2021,10012896.0
png,Papua New Guinea,2022,10203169.0
png,Papua New Guinea,2023,10389635.0
png,Papua New Guinea,2024,10576502.0
png,Papua New Guinea,2025,10762817.0
pol,Poland,1900,24308265.0
pol,Poland,1901,24485193.0
pol,Poland,1902,24660489.0
pol,Poland,1903,24834119.0
pol,Poland,1904,25008969.0
pol,Poland,1905,25185047.0
pol,Poland,1906,25362361.0
pol,Poland,1907,25540920.0
pol,Poland,1908,25720733.0
pol,Poland,1909,25808244.0
pol,Poland,1910,25803855.0
pol,Poland,1911,25707959.0
pol,Poland,1912,25520941.0
pol,Poland,1913,25243177.0
pol,Poland,1914,24968434.0
pol,Poland,1915,24696678.0
pol,Poland,1916,24427876.0
pol,Poland,1917,24161997.0
pol,Poland,1918,23907604.0
pol,Poland,1919,23781974.0
pol,Poland,1920,23785820.0
pol,Poland,1921,23919880.0
pol,Poland,1922,24184921.0
pol,Poland,1923,24581737.0
pol,Poland,1924,24985064.0
pol,Poland,1925,25395008.0
pol,Poland,1926,25811678.0
pol,Poland,1927,26235185.0
pol,Poland,1928,26665641.0
pol,Poland,1929,27047281.0
pol,Poland,1930,27378955.0
pol,Poland,1931,27659490.0
pol,Poland,1932,27887694.0
pol,Poland,1933,28062351.0
pol,Poland,1934,28238102.0
pol,Poland,1935,28414953.0
pol,Poland,1936,28592912.0
pol,Poland,1937,28771985.0
pol,Poland,1938,28952180.0
pol,Poland,1939,28986391.0
pol,Poland,1940,28876472.0
pol,Poland,1941,28624239.0
pol,Poland,1942,28231469.0
pol,Poland,1943,27699895.0
pol,Poland,1944,27178331.0
pol,Poland,1945,26666588.0
pol,Poland,1946,26164480.0
pol,Poland,1947,25671827.0
pol,Poland,1948,25188449.0
pol,Poland,1949,24891350.0
pol,Poland,1950,24780161.0
pol,Poland,1951,25222692.0
pol,Poland,1952,25672460.0
pol,Poland,1953,26126456.0
pol,Poland,1954,26590474.0
pol,Poland,1955,27063640.0
pol,Poland,1956,27535568.0
pol,Poland,1957,28076498.0
pol,Poland,1958,28643640.0
pol,Poland,1959,29132527.0
pol,Poland,1960,29575966.0
pol,Poland,1961,29979689.0
pol,Poland,1962,30338087.0
pol,Poland,1963,30674020.0
pol,Poland,1964,30993135.0
pol,Poland,1965,31288336.0
pol,Poland,1966,31568284.0
pol,Poland,1967,31828630.0
pol,Poland,1968,32078388.0
pol,Poland,1969,32322775.0
pol,Poland,1970,32542633.0
pol,Poland,1971,32771296.0
pol,Poland,1972,33041996.0
pol,Poland,1973,33333274.0
pol,Poland,1974,33642461.0
pol,Poland,1975,33964399.0
pol,Poland,1976,34296607.0
pol,Poland,1977,34628512.0
pol,Poland,1978,34934213.0
pol,Poland,1979,35248387.0
pol,Poland,1980,35576519.0
pol,Poland,1981,35900913.0
pol,Poland,1982,36233460.0
pol,Poland,1983,36573699.0
pol,Poland,1984,36905800.0
pol,Poland,1985,37200853.0
pol,Poland,1986,37452611.0
pol,Poland,1987,37665707.0
pol,Poland,1988,37817864.0
pol,Poland,1989,37938088.0
pol,Poland,1990,38055455.0
pol,Poland,1991,38152947.0
pol,Poland,1992,38233640.0
pol,Poland,1993,38294882.0
pol,Poland,1994,38344313.0
pol,Poland,1995,38364667.0
pol,Poland,1996,38359171.0
pol,Poland,1997,38348310.0
pol,Poland,1998,38326437.0
pol,Poland,1999,38287713.0
pol,Poland,2000,38258071.0
pol,Poland,2001,38247357.0
pol,Poland,2002,38229408.0
pol,Poland,2003,38203524.0
pol,Poland,2004,38167572.0
pol,Poland,2005,38124379.0
pol,Poland,2006,38071167.0
pol,Poland,2007,38020421.0
pol,Poland,2008,37995902.0
pol,Poland,2009,38002155.0
pol,Poland,2010,38095351.0
pol,Poland,2011,38208643.0
pol,Poland,2012,38247868.0
pol,Poland,2013,38259262.0
pol,Poland,2014,38265113.0
pol,Poland,2015,38266314.0
pol,Poland,2016,38263265.0
pol,Poland,2017,38254959.0
pol,Poland,2018,38241071.0
pol,Poland,2019,38225885.0
pol,Poland,2020,38171012.0
pol,Poland,2021,38040302.0
pol,Poland,2022,38385739.0
pol,Poland,2023,38762844.0
pol,Poland,2024,38539201.0
pol,Poland,2025,38140910.0
prk,North Korea,1900,5437103.0
prk,North Korea,1901,5461092.0
prk,North Korea,1902,5485157.0
prk,North Korea,1903,5509298.0
prk,North Korea,1904,5533515.0
prk,North Korea,1905,5557808.0
prk,North Korea,1906,5582178.0
prk,North Korea,1907,5606624.0
prk,North Korea,1908,5631147.0
prk,North Korea,1909,5672265.0
prk,North Korea,1910,5730402.0
prk,North Korea,1911,5805988.0
prk,North Korea,1912,5899465.0
prk,North Korea,1913,6011280.0
prk,North Korea,1914,6125183.0
prk,North Korea,1915,6241211.0
prk,North Korea,1916,6359405.0
prk,North Korea,1917,6479804.0
prk,North Korea,1918,6587546.0
prk,North Korea,1919,6697079.0
prk,North Korea,1920,6808434.0
prk,North Korea,1921,6921641.0
prk,North Korea,1922,7036730.0
prk,North Korea,1923,7153732.0
prk,North Korea,1924,7272680.0
prk,North Korea,1925,7393605.0
prk,North Korea,1926,7516542.0
prk,North Korea,1927,7641522.0
prk,North Korea,1928,7768581.0
prk,North Korea,1929,7897752.0
prk,North Korea,1930,8029071.0
prk,North Korea,1931,8162573.0
prk,North Korea,1932,8298296.0
prk,North Korea,1933,8436274.0
prk,North Korea,1934,8576548.0
prk,North Korea,1935,8719153.0
prk,North Korea,1936,8864130.0
prk,North Korea,1937,9011517.0
prk,North Korea,1938,9161355.0
prk,North Korea,1939,9313685.0
prk,North Korea,1940,9468547.0
prk,North Korea,1941,9625984.0
prk,North Korea,1942,9786039.0
prk,North Korea,1943,9948755.0
prk,North Korea,1944,10114177.0
prk,North Korea,1945,10282349.0
prk,North Korea,1946,10453318.0
prk,North Korea,1947,10627129.0
prk,North Korea,1948,10803830.0
prk,North Korea,1949,10967158.0
prk,North Korea,1950,11116736.0
prk,North Korea,1951,10583568.0
prk,North Korea,1952,10253642.0
prk,North Korea,1953,10177413.0
prk,North Korea,1954,10242801.0
prk,North Korea,1955,10403325.0
prk,North Korea,1956,10600379.0
prk,North Korea,1957,10854685.0
prk,North Korea,1958,11163747.0
prk,North Korea,1959,11452989.0
prk,North Korea,1960,11722953.0
prk,North Korea,1961,11990713.0
prk,North Korea,1962,12262882.0
prk,North Korea,1963,12567057.0
prk,North Korea,1964,12889770.0
prk,North Korea,1965,13219369.0
prk,North Korea,1966,13569094.0
prk,North Korea,1967,13958350.0
prk,North Korea,1968,14365596.0
prk,North Korea,1969,14767615.0
prk,North Korea,1970,15172775.0
prk,North Korea,1971,15572457.0
prk,North Korea,1972,15975069.0
prk,North Korea,1973,16350367.0
prk,North Korea,1974,16673121.0
prk,North Korea,1975,16971055.0
prk,North Korea,1976,17243450.0
prk,North Korea,1977,17492798.0
prk,North Korea,1978,17735995.0
prk,North Korea,1979,17983470.0
prk,North Korea,1980,18236786.0
prk,North Korea,1981,18501295.0
prk,North Korea,1982,18776357.0
prk,North Korea,1983,19054034.0
prk,North Korea,1984,19335043.0
prk,North Korea,1985,19620388.0
prk,North Korea,1986,19910855.0
prk,North Korea,1987,20205483.0
prk,North Korea,1988,20503161.0
prk,North Korea,1989,20804367.0
prk,North Korea,1990,21112137.0
prk,North Korea,1991,21428638.0
prk,North Korea,1992,21750911.0
prk,North Korea,1993,22073352.0
prk,North Korea,1994,22393975.0
prk,North Korea,1995,22669304.0
prk,North Korea,1996,22895746.0
prk,North Korea,1997,23110830.0
prk,North Korea,1998,23311564.0
prk,North Korea,1999,23497599.0
prk,North Korea,2000,23665910.0
prk,North Korea,2001,23815358.0
prk,North Korea,2002,23943973.0
prk,North Korea,2003,24090380.0
prk,North Korea,2004,24254943.0
prk,North Korea,2005,24396433.0
prk,North Korea,2006,24524507.0
prk,North Korea,2007,24646383.0
prk,North Korea,2008,24764618.0
prk,North Korea,2009,24878332.0
prk,North Korea,2010,24987258.0
prk,North Korea,2011,25097874.0
prk,North Korea,2012,25211728.0
prk,North Korea,2013,25329451.0
prk,North Korea,2014,25451262.0
prk,North Korea,2015,25575350.0
prk,North Korea,2016,25698326.0
prk,North Korea,2017,25817709.0
prk,North Korea,2018,25931147.0
prk,North Korea,2019,26037632.0
prk,North Korea,2020,26136312.0
prk,North Korea,2021,26232534.0
prk,North Korea,2022,26328845.0
prk,North Korea,2023,26418204.0
prk,North Korea,2024,26498823.0
prk,North Korea,2025,26571036.0
prt,Portugal,1900,5403473.0
prt,Portugal,1901,5446754.0
prt,Portugal,1902,5491796.0
prt,Portugal,1903,5538626.0
prt,Portugal,1904,5585854.0
prt,Portugal,1905,5633485.0
prt,Portugal,1906,5681523.0
prt,Portugal,1907,5729970.0
prt,Portugal,1908,5778830.0
prt,Portugal,1909,5820926.0
prt,Portugal,1910,5856183.0
prt,Portugal,1911,5884525.0
prt,Portugal,1912,5905877.0
prt,Portugal,1913,5920161.0
prt,Portugal,1914,5934479.0
prt,Portugal,1915,5948832.0
prt,Portugal,1916,5963220.0
prt,Portugal,1917,5977642.0
prt,Portugal,1918,5992212.0
prt,Portugal,1919,6018175.0
prt,Portugal,1920,6055694.0
prt,Portugal,1921,6104933.0
prt,Portugal,1922,6166059.0
prt,Portugal,1923,6239241.0
prt,Portugal,1924,6313291.0
prt,Portugal,1925,6388220.0
prt,Portugal,1926,6464038.0
prt,Portugal,1927,6540756.0
prt,Portugal,1928,6618385.0
prt,Portugal,1929,6697678.0
prt,Portugal,1930,6778664.0
prt,Portugal,1931,6861372.0
prt,Portugal,1932,6945833.0
prt,Portugal,1933,7032076.0
prt,Portugal,1934,7119391.0
prt,Portugal,1935,7207789.0
prt,Portugal,1936,7297286.0
prt,Portugal,1937,7387893.0
prt,Portugal,1938,7479625.0
prt,Portugal,1939,7568148.0
prt,Portugal,1940,7653378.0
prt,Portugal,1941,7735233.0
prt,Portugal,1942,7813630.0
prt,Portugal,1943,7888481.0
prt,Portugal,1944,7964049.0
prt,Portugal,1945,8040341.0
prt,Portugal,1946,8117364.0
prt,Portugal,1947,8195125.0
prt,Portugal,1948,8273631.0
prt,Portugal,1949,8348238.0
prt,Portugal,1950,8418877.0
prt,Portugal,1951,8474196.0
prt,Portugal,1952,8523424.0
prt,Portugal,1953,8572747.0
prt,Portugal,1954,8616960.0
prt,Portugal,1955,8662888.0
prt,Portugal,1956,8704063.0
prt,Portugal,1957,8743290.0
prt,Portugal,1958,8792778.0
prt,Portugal,1959,8840371.0
prt,Portugal,1960,8873218.0
prt,Portugal,1961,8888374.0
prt,Portugal,1962,8895776.0
prt,Portugal,1963,8898302.0
prt,Portugal,1964,8895763.0
prt,Portugal,1965,8889625.0
prt,Portugal,1966,8872479.0
prt,Portugal,1967,8845842.0
prt,Portugal,1968,8809704.0
prt,Portugal,1969,8754238.0
prt,Portugal,1970,8669523.0
prt,Portugal,1971,8685582.0
prt,Portugal,1972,8815597.0
prt,Portugal,1973,8939237.0
prt,Portugal,1974,9059176.0
prt,Portugal,1975,9182302.0
prt,Portugal,1976,9310256.0
prt,Portugal,1977,9438167.0
prt,Portugal,1978,9556395.0
prt,Portugal,1979,9663302.0
prt,Portugal,1980,9763624.0
prt,Portugal,1981,9837586.0
prt,Portugal,1982,9885838.0
prt,Portugal,1983,9925258.0
prt,Portugal,1984,9956896.0
prt,Portugal,1985,9979469.0
prt,Portugal,1986,9993094.0
prt,Portugal,1987,10001993.0
prt,Portugal,1988,10004590.0
prt,Portugal,1989,10001376.0
prt,Portugal,1990,9989524.0
prt,Portugal,1991,9969176.0
prt,Portugal,1992,9960340.0
prt,Portugal,1993,9972342.0
prt,Portugal,1994,9998487.0
prt,Portugal,1995,10031751.0
prt,Portugal,1996,10067649.0
prt,Portugal,1997,10110551.0
prt,Portugal,1998,10159525.0
prt,Portugal,1999,10214871.0
prt,Portugal,2000,10283204.0
prt,Portugal,2001,10354325.0
prt,Portugal,2002,10413044.0
prt,Portugal,2003,10454245.0
prt,Portugal,2004,10481381.0
prt,Portugal,2005,10502994.0
prt,Portugal,2006,10524120.0
prt,Portugal,2007,10546825.0
prt,Portugal,2008,10564081.0
prt,Portugal,2009,10576267.0
prt,Portugal,2010,10578660.0
prt,Portugal,2011,10557052.0
prt,Portugal,2012,10513150.0
prt,Portugal,2013,10458298.0
prt,Portugal,2014,10406199.0
prt,Portugal,2015,10370267.0
prt,Portugal,2016,10346372.0
prt,Portugal,2017,10330844.0
prt,Portugal,2018,10325353.0
prt,Portugal,2019,10343213.0
prt,Portugal,2020,10370519.0
prt,Portugal,2021,10390956.0
prt,Portugal,2022,10417073.0
prt,Portugal,2023,10430738.0
prt,Portugal,2024,10425292.0
prt,Portugal,2025,10411834.0
pry,Paraguay,1900,463494.0
pry,Paraguay,1901,462953.0
pry,Paraguay,1902,468250.0
pry,Paraguay,1903,479306.0
pry,Paraguay,1904,490623.0
pry,Paraguay,1905,502207.0
pry,Paraguay,1906,514065.0
pry,Paraguay,1907,526202.0
pry,Paraguay,1908,538626.0
pry,Paraguay,1909,551368.0
pry,Paraguay,1910,564435.0
pry,Paraguay,1911,577836.0
pry,Paraguay,1912,591580.0
pry,Paraguay,1913,605674.0
pry,Paraguay,1914,620104.0
pry,Paraguay,1915,634878.0
pry,Paraguay,1916,650004.0
pry,Paraguay,1917,665490.0
pry,Paraguay,1918,681143.0
pry,Paraguay,1919,697132.0
pry,Paraguay,1920,713464.0
pry,Paraguay,1921,730146.0
pry,Paraguay,1922,747186.0
pry,Paraguay,1923,764591.0
pry,Paraguay,1924,782401.0
pry,Paraguay,1925,800627.0
pry,Paraguay,1926,819277.0
pry,Paraguay,1927,838361.0
pry,Paraguay,1928,857890.0
pry,Paraguay,1929,877926.0
pry,Paraguay,1930,898482.0
pry,Paraguay,1931,919571.0
pry,Paraguay,1932,941206.0
pry,Paraguay,1933,963403.0
pry,Paraguay,1934,986123.0
pry,Paraguay,1935,1009379.0
pry,Paraguay,1936,1033183.0
pry,Paraguay,1937,1057549.0
pry,Paraguay,1938,1082489.0
pry,Paraguay,1939,1109199.0
pry,Paraguay,1940,1137753.0
pry,Paraguay,1941,1168230.0
pry,Paraguay,1942,1200712.0
pry,Paraguay,1943,1235283.0
pry,Paraguay,1944,1270849.0
pry,Paraguay,1945,1307439.0
pry,Paraguay,1946,1345082.0
pry,Paraguay,1947,1383809.0
pry,Paraguay,1948,1423652.0
pry,Paraguay,1949,1463834.0
pry,Paraguay,1950,1504344.0
pry,Paraguay,1951,1537943.0
pry,Paraguay,1952,1572605.0
pry,Paraguay,1953,1608297.0
pry,Paraguay,1954,1644924.0
pry,Paraguay,1955,1682286.0
pry,Paraguay,1956,1720406.0
pry,Paraguay,1957,1759483.0
pry,Paraguay,1958,1799649.0
pry,Paraguay,1959,1840964.0
pry,Paraguay,1960,1883514.0
pry,Paraguay,1961,1927394.0
pry,Paraguay,1962,1973130.0
pry,Paraguay,1963,2021909.0
pry,Paraguay,1964,2073119.0
pry,Paraguay,1965,2125177.0
pry,Paraguay,1966,2177584.0
pry,Paraguay,1967,2229994.0
pry,Paraguay,1968,2282391.0
pry,Paraguay,1969,2334992.0
pry,Paraguay,1970,2388028.0
pry,Paraguay,1971,2442537.0
pry,Paraguay,1972,2499881.0
pry,Paraguay,1973,2561102.0
pry,Paraguay,1974,2625621.0
pry,Paraguay,1975,2691648.0
pry,Paraguay,1976,2758836.0
pry,Paraguay,1977,2827874.0
pry,Paraguay,1978,2899269.0
pry,Paraguay,1979,2973968.0
pry,Paraguay,1980,3053235.0
pry,Paraguay,1981,3137604.0
pry,Paraguay,1982,3226189.0
pry,Paraguay,1983,3318068.0
pry,Paraguay,1984,3412936.0
pry,Paraguay,1985,3510671.0
pry,Paraguay,1986,3611474.0
pry,Paraguay,1987,3714889.0
pry,Paraguay,1988,3820546.0
pry,Paraguay,1989,3927802.0
pry,Paraguay,1990,4035747.0
pry,Paraguay,1991,4144364.0
pry,Paraguay,1992,4253600.0
pry,Paraguay,1993,4362696.0
pry,Paraguay,1994,4471417.0
pry,Paraguay,1995,4579806.0
pry,Paraguay,1996,4687543.0
pry,Paraguay,1997,4794412.0
pry,Paraguay,1998,4900025.0
pry,Paraguay,1999,5003135.0
pry,Paraguay,2000,5100868.0
pry,Paraguay,2001,5187689.0
pry,Paraguay,2002,5261328.0
pry,Paraguay,2003,5326436.0
pry,Paraguay,2004,5388175.0
pry,Paraguay,2005,5448097.0
pry,Paraguay,2006,5505148.0
pry,Paraguay,2007,5559386.0
pry,Paraguay,2008,5613574.0
pry,Paraguay,2009,5671236.0
pry,Paraguay,2010,5737971.0
pry,Paraguay,2011,5814626.0
pry,Paraguay,2012,5897008.0
pry,Paraguay,2013,5982445.0
pry,Paraguay,2014,6069811.0
pry,Paraguay,2015,6159103.0
pry,Paraguay,2016,6249126.0
pry,Paraguay,2017,6338660.0
pry,Paraguay,2018,6427382.0
pry,Paraguay,2019,6515058.0
pry,Paraguay,2020,6603739.0
pry,Paraguay,2021,6684182.0
pry,Paraguay,2022,6760464.0
pry,Paraguay,2023,6844146.0
pry,Paraguay,2024,6929153.0
pry,Paraguay,2025,7013078.0
pse,Palestine,1900,291709.0
pse,Palestine,1901,295788.0
pse,Palestine,1902,299950.0
pse,Palestine,1903,304196.0
pse,Palestine,1904,308512.0
pse,Palestine,1905,312899.0
pse,Palestine,1906,317792.0
pse,Palestine,1907,322766.0
pse,Palestine,1908,327823.0
pse,Palestine,1909,332964.0
pse,Palestine,1910,337197.0
pse,Palestine,1911,343639.0
pse,Palestine,1912,350205.0
pse,Palestine,1913,355284.0
pse,Palestine,1914,356802.0
pse,Palestine,1915,354762.0
pse,Palestine,1916,349163.0
pse,Palestine,1917,343651.0
pse,Palestine,1918,342405.0
pse,Palestine,1919,345568.0
pse,Palestine,1920,353165.0
pse,Palestine,1921,360930.0
pse,Palestine,1922,369709.0
pse,Palestine,1923,379549.0
pse,Palestine,1924,390499.0
pse,Palestine,1925,401764.0
pse,Palestine,1926,413354.0
pse,Palestine,1927,425279.0
pse,Palestine,1928,437548.0
pse,Palestine,1929,450170.0
pse,Palestine,1930,463157.0
pse,Palestine,1931,478175.0
pse,Palestine,1932,499111.0
pse,Palestine,1933,526216.0
pse,Palestine,1934,561914.0
pse,Palestine,1935,595842.0
pse,Palestine,1936,624962.0
pse,Palestine,1937,644493.0
pse,Palestine,1938,667370.0
pse,Palestine,1939,692340.0
pse,Palestine,1940,719079.0
pse,Palestine,1941,740537.0
pse,Palestine,1942,762603.0
pse,Palestine,1943,786891.0
pse,Palestine,1944,814821.0
pse,Palestine,1945,845348.0
pse,Palestine,1946,872795.0
pse,Palestine,1947,896343.0
pse,Palestine,1948,915196.0
pse,Palestine,1949,934447.0
pse,Palestine,1950,944624.0
pse,Palestine,1951,952946.0
pse,Palestine,1952,962306.0
pse,Palestine,1953,972657.0
pse,Palestine,1954,984015.0
pse,Palestine,1955,996382.0
pse,Palestine,1956,1009747.0
pse,Palestine,1957,1024127.0
pse,Palestine,1958,1039524.0
pse,Palestine,1959,1055891.0
pse,Palestine,1960,1073081.0
pse,Palestine,1961,1090928.0
pse,Palestine,1962,1109340.0
pse,Palestine,1963,1127468.0
pse,Palestine,1964,1140669.0
pse,Palestine,1965,1147310.0
pse,Palestine,1966,1146394.0
pse,Palestine,1967,1135820.0
pse,Palestine,1968,1121742.0
pse,Palestine,1969,1113086.0
pse,Palestine,1970,1116280.0
pse,Palestine,1971,1134113.0
pse,Palestine,1972,1164750.0
pse,Palestine,1973,1202258.0
pse,Palestine,1974,1241133.0
pse,Palestine,1975,1279321.0
pse,Palestine,1976,1316395.0
pse,Palestine,1977,1352713.0
pse,Palestine,1978,1389496.0
pse,Palestine,1979,1428116.0
pse,Palestine,1980,1469059.0
pse,Palestine,1981,1512704.0
pse,Palestine,1982,1560990.0
pse,Palestine,1983,1618777.0
pse,Palestine,1984,1688604.0
pse,Palestine,1985,1745256.0
pse,Palestine,1986,1789310.0
pse,Palestine,1987,1876759.0
pse,Palestine,1988,1977304.0
pse,Palestine,1989,2055608.0
pse,Palestine,1990,2139067.0
pse,Palestine,1991,2228954.0
pse,Palestine,1992,2324693.0
pse,Palestine,1993,2425066.0
pse,Palestine,1994,2529159.0
pse,Palestine,1995,2636551.0
pse,Palestine,1996,2746822.0
pse,Palestine,1997,2859575.0
pse,Palestine,1998,2962888.0
pse,Palestine,1999,3056252.0
pse,Palestine,2000,3151793.0
pse,Palestine,2001,3242285.0
pse,Palestine,2002,3322364.0
pse,Palestine,2003,3398070.0
pse,Palestine,2004,3475177.0
pse,Palestine,2005,3557401.0
pse,Palestine,2006,3645096.0
pse,Palestine,2007,3736691.0
pse,Palestine,2008,3829041.0
pse,Palestine,2009,3921246.0
pse,Palestine,2010,4016916.0
pse,Palestine,2011,4115908.0
pse,Palestine,2012,4215313.0
pse,Palestine,2013,4315261.0
pse,Palestine,2014,4415882.0
pse,Palestine,2015,4521565.0
pse,Palestine,2016,4632739.0
pse,Palestine,2017,4742743.0
pse,Palestine,2018,4850592.0
pse,Palestine,2019,4957768.0
pse,Palestine,2020,5069692.0
pse,Palestine,2021,5185336.0
pse,Palestine,2022,5305270.0
pse,Palestine,2023,5409202.0
pse,Palestine,2024,5495443.0
pse,Palestine,2025,5589623.0
qat,Qatar,1900,16058.0
qat,Qatar,1901,16138.0
qat,Qatar,1902,16219.0
qat,Qatar,1903,16300.0
qat,Qatar,1904,16381.0
qat,Qatar,1905,16463.0
qat,Qatar,1906,16545.0
qat,Qatar,1907,16627.0
qat,Qatar,1908,16710.0
qat,Qatar,1909,16802.0
qat,Qatar,1910,16902.0
qat,Qatar,1911,17012.0
qat,Qatar,1912,17131.0
qat,Qatar,1913,17259.0
qat,Qatar,1914,17388.0
qat,Qatar,1915,17518.0
qat,Qatar,1916,17649.0
qat,Qatar,1917,17780.0
qat,Qatar,1918,17932.0
qat,Qatar,1919,18084.0
qat,Qatar,1920,18237.0
qat,Qatar,1921,18392.0
qat,Qatar,1922,18548.0
qat,Qatar,1923,18706.0
qat,Qatar,1924,18865.0
qat,Qatar,1925,19025.0
qat,Qatar,1926,19187.0
qat,Qatar,1927,19350.0
qat,Qatar,1928,19514.0
qat,Qatar,1929,19680.0
qat,Qatar,1930,19847.0
qat,Qatar,1931,20015.0
qat,Qatar,1932,20185.0
qat,Qatar,1933,20357.0
qat,Qatar,1934,20530.0
qat,Qatar,1935,20704.0
qat,Qatar,1936,20880.0
qat,Qatar,1937,21057.0
qat,Qatar,1938,21236.0
qat,Qatar,1939,21416.0
qat,Qatar,1940,21598.0
qat,Qatar,1941,21782.0
qat,Qatar,1942,21967.0
qat,Qatar,1943,22153.0
qat,Qatar,1944,22341.0
qat,Qatar,1945,22531.0
qat,Qatar,1946,22722.0
qat,Qatar,1947,22915.0
qat,Qatar,1948,23110.0
qat,Qatar,1949,23560.0
qat,Qatar,1950,24283.0
qat,Qatar,1951,25067.0
qat,Qatar,1952,25887.0
qat,Qatar,1953,26738.0
qat,Qatar,1954,27616.0
qat,Qatar,1955,28536.0
qat,Qatar,1956,29524.0
qat,Qatar,1957,30637.0
qat,Qatar,1958,31968.0
qat,Qatar,1959,33656.0
qat,Qatar,1960,36010.0
qat,Qatar,1961,39680.0
qat,Qatar,1962,44630.0
qat,Qatar,1963,50380.0
qat,Qatar,1964,56867.0
qat,Qatar,1965,64065.0
qat,Qatar,1966,72192.0
qat,Qatar,1967,81439.0
qat,Qatar,1968,91749.0
qat,Qatar,1969,103025.0
qat,Qatar,1970,116350.0
qat,Qatar,1971,131346.0
qat,Qatar,1972,146506.0
qat,Qatar,1973,161841.0
qat,Qatar,1974,177362.0
qat,Qatar,1975,193087.0
qat,Qatar,1976,209052.0
qat,Qatar,1977,225285.0
qat,Qatar,1978,241808.0
qat,Qatar,1979,258670.0
qat,Qatar,1980,275913.0
qat,Qatar,1981,293553.0
qat,Qatar,1982,311537.0
qat,Qatar,1983,329709.0
qat,Qatar,1984,347878.0
qat,Qatar,1985,365940.0
qat,Qatar,1986,382422.0
qat,Qatar,1987,397005.0
qat,Qatar,1988,411264.0
qat,Qatar,1989,425646.0
qat,Qatar,1990,440175.0
qat,Qatar,1991,454853.0
qat,Qatar,1992,469657.0
qat,Qatar,1993,484545.0
qat,Qatar,1994,499459.0
qat,Qatar,1995,514325.0
qat,Qatar,1996,529019.0
qat,Qatar,1997,550500.0
qat,Qatar,1998,580540.0
qat,Qatar,1999,612500.0
qat,Qatar,2000,644989.0
qat,Qatar,2001,677925.0
qat,Qatar,2002,711205.0
qat,Qatar,2003,744682.0
qat,Qatar,2004,773332.0
qat,Qatar,2005,825408.0
qat,Qatar,2006,972831.0
qat,Qatar,2007,1208595.0
qat,Qatar,2008,1426938.0
qat,Qatar,2009,1586050.0
qat,Qatar,2010,1709229.0
qat,Qatar,2011,1810950.0
qat,Qatar,2012,1907117.0
qat,Qatar,2013,2032641.0
qat,Qatar,2014,2218372.0
qat,Qatar,2015,2427331.0
qat,Qatar,2016,2599372.0
qat,Qatar,2017,2706709.0
qat,Qatar,2018,2761142.0
qat,Qatar,2019,2797921.0
qat,Qatar,2020,2803375.0
qat,Qatar,2021,2814982.0
qat,Qatar,2022,2892455.0
qat,Qatar,2023,2979082.0
qat,Qatar,2024,3048423.0
qat,Qatar,2025,3115889.0
rou,Romania,1900,11007508.0
rou,Romania,1901,11083653.0
rou,Romania,1902,11164117.0
rou,Romania,1903,11248955.0
rou,Romania,1904,11334437.0
rou,Romania,1905,11420569.0
rou,Romania,1906,11507356.0
rou,Romania,1907,11594802.0
rou,Romania,1908,11682912.0
rou,Romania,1909,11762957.0
rou,Romania,1910,11834841.0
rou,Romania,1911,11898468.0
rou,Romania,1912,11953740.0
rou,Romania,1913,12000560.0
rou,Romania,1914,12047563.0
rou,Romania,1915,12094751.0
rou,Romania,1916,12142123.0
rou,Romania,1917,12189681.0
rou,Romania,1918,12237520.0
rou,Romania,1919,12309701.0
rou,Romania,1920,12406650.0
rou,Romania,1921,12528801.0
rou,Romania,1922,12676592.0
rou,Romania,1923,12850470.0
rou,Romania,1924,13026733.0
rou,Romania,1925,13205413.0
rou,Romania,1926,13386545.0
rou,Romania,1927,13570161.0
rou,Romania,1928,13756295.0
rou,Romania,1929,13939672.0
rou,Romania,1930,14120190.0
rou,Romania,1931,14297746.0
rou,Romania,1932,14472237.0
rou,Romania,1933,14643553.0
rou,Romania,1934,14816898.0
rou,Romania,1935,14992294.0
rou,Romania,1936,15169767.0
rou,Romania,1937,15349341.0
rou,Romania,1938,15531040.0
rou,Romania,1939,15685235.0
rou,Romania,1940,15811525.0
rou,Romania,1941,15909505.0
rou,Romania,1942,15978766.0
rou,Romania,1943,16018892.0
rou,Romania,1944,16059118.0
rou,Romania,1945,16099446.0
rou,Romania,1946,16139875.0
rou,Romania,1947,16180405.0
rou,Romania,1948,16221037.0
rou,Romania,1949,16293175.0
rou,Romania,1950,16397279.0
rou,Romania,1951,16625600.0
rou,Romania,1952,16846047.0
rou,Romania,1953,17057698.0
rou,Romania,1954,17266663.0
rou,Romania,1955,17475268.0
rou,Romania,1956,17691496.0
rou,Romania,1957,17887289.0
rou,Romania,1958,18046129.0
rou,Romania,1959,18187698.0
rou,Romania,1960,18313495.0
rou,Romania,1961,18422514.0
rou,Romania,1962,18511669.0
rou,Romania,1963,18587430.0
rou,Romania,1964,18655401.0
rou,Romania,1965,18713054.0
rou,Romania,1966,18776259.0
rou,Romania,1967,18998555.0
rou,Romania,1968,19361055.0
rou,Romania,1969,19701808.0
rou,Romania,1970,20011625.0
rou,Romania,1971,20293482.0
rou,Romania,1972,20555576.0
rou,Romania,1973,20798323.0
rou,Romania,1974,21033552.0
rou,Romania,1975,21268070.0
rou,Romania,1976,21497683.0
rou,Romania,1977,21700178.0
rou,Romania,1978,21868067.0
rou,Romania,1979,22019624.0
rou,Romania,1980,22154771.0
rou,Romania,1981,22272789.0
rou,Romania,1982,22374443.0
rou,Romania,1983,22459207.0
rou,Romania,1984,22533999.0
rou,Romania,1985,22605820.0
rou,Romania,1986,22674743.0
rou,Romania,1987,22745591.0
rou,Romania,1988,22815429.0
rou,Romania,1989,22887641.0
rou,Romania,1990,22939530.0
rou,Romania,1991,22947413.0
rou,Romania,1992,22912393.0
rou,Romania,1993,22842250.0
rou,Romania,1994,22756243.0
rou,Romania,1995,22657723.0
rou,Romania,1996,22541910.0
rou,Romania,1997,22411513.0
rou,Romania,1998,22284900.0
rou,Romania,1999,22166159.0
rou,Romania,2000,22046262.0
rou,Romania,2001,21919917.0
rou,Romania,2002,21770017.0
rou,Romania,2003,21593450.0
rou,Romania,2004,21403217.0
rou,Romania,2005,21213388.0
rou,Romania,2006,21035732.0
rou,Romania,2007,20870716.0
rou,Romania,2008,20718742.0
rou,Romania,2009,20576927.0
rou,Romania,2010,20432574.0
rou,Romania,2011,20282011.0
rou,Romania,2012,20158452.0
rou,Romania,2013,20062921.0
rou,Romania,2014,19968174.0
rou,Romania,2015,19871019.0
rou,Romania,2016,19777051.0
rou,Romania,2017,19689401.0
rou,Romania,2018,19597872.0
rou,Romania,2019,19501542.0
rou,Romania,2020,19392469.0
rou,Romania,2021,19248161.0
rou,Romania,2022,19166772.0
rou,Romania,2023,19118479.0
rou,Romania,2024,19015088.0
rou,Romania,2025,18908650.0
rus,Russia,1900,65226049.0
rus,Russia,1901,65826511.0
rus,Russia,1902,66432500.0
rus,Russia,1903,67044068.0
rus,Russia,1904,67661266.0
rus,Russia,1905,68284146.0
rus,Russia,1906,68912760.0
rus,Russia,1907,69547160.0
rus,Russia,1908,70187401.0
rus,Russia,1909,70833536.0
rus,Russia,1910,71485618.0
rus,Russia,1911,72115264.0
rus,Russia,1912,72779147.0
rus,Russia,1913,73449140.0
rus,Russia,1914,74125302.0
rus,Russia,1915,74807687.0
rus,Russia,1916,75496355.0
rus,Russia,1917,76191363.0
rus,Russia,1918,76894967.0
rus,Russia,1919,77605069.0
rus,Russia,1920,78321729.0
rus,Russia,1921,79045006.0
rus,Russia,1922,79774962.0
rus,Russia,1923,80511660.0
rus,Russia,1924,81255161.0
rus,Russia,1925,82005528.0
rus,Russia,1926,82762824.0
rus,Russia,1927,83527114.0
rus,Russia,1928,84298461.0
rus,Russia,1929,85076932.0
rus,Russia,1930,85862592.0
rus,Russia,1931,86655507.0
rus,Russia,1932,87455745.0
rus,Russia,1933,88263372.0
rus,Russia,1934,89078457.0
rus,Russia,1935,89901070.0
rus,Russia,1936,90731279.0
rus,Russia,1937,91569155.0
rus,Russia,1938,92414769.0
rus,Russia,1939,93268191.0
rus,Russia,1940,94129494.0
rus,Russia,1941,94998751.0
rus,Russia,1942,95876036.0
rus,Russia,1943,96761423.0
rus,Russia,1944,97654986.0
rus,Russia,1945,98556799.0
rus,Russia,1946,99466941.0
rus,Russia,1947,100385488.0
rus,Russia,1948,101312518.0
rus,Russia,1949,102248109.0
rus,Russia,1950,103392360.0
rus,Russia,1951,104844658.0
rus,Russia,1952,106326382.0
rus,Russia,1953,107851679.0
rus,Russia,1954,109463239.0
rus,Russia,1955,111160992.0
rus,Russia,1956,112909103.0
rus,Russia,1957,114730335.0
rus,Russia,1958,116588766.0
rus,Russia,1959,118293890.0
rus,Russia,1960,119934141.0
rus,Russia,1961,121604304.0
rus,Russia,1962,123111713.0
rus,Russia,1963,124449753.0
rus,Russia,1964,125630154.0
rus,Russia,1965,126634214.0
rus,Russia,1966,127533631.0
rus,Russia,1967,128342644.0
rus,Russia,1968,129065041.0
rus,Russia,1969,129762187.0
rus,Russia,1970,130367189.0
rus,Russia,1971,130987113.0
rus,Russia,1972,131726419.0
rus,Russia,1973,132475149.0
rus,Russia,1974,133259158.0
rus,Russia,1975,134136098.0
rus,Russia,1976,135080690.0
rus,Russia,1977,136040976.0
rus,Russia,1978,136979087.0
rus,Russia,1979,137816541.0
rus,Russia,1980,138572623.0
rus,Russia,1981,139351498.0
rus,Russia,1982,140247748.0
rus,Russia,1983,141331278.0
rus,Russia,1984,142464239.0
rus,Russia,1985,143569389.0
rus,Russia,1986,144807813.0
rus,Russia,1987,146147383.0
rus,Russia,1988,147364489.0
rus,Russia,1989,148281866.0
rus,Russia,1990,148979541.0
rus,Russia,1991,149448433.0
rus,Russia,1992,148915991.0
rus,Russia,1993,148135424.0
rus,Russia,1994,148200736.0
rus,Russia,1995,148291403.0
rus,Russia,1996,148084582.0
rus,Russia,1997,147853771.0
rus,Russia,1998,147635531.0
rus,Russia,1999,147241975.0
rus,Russia,2000,146717783.0
rus,Russia,2001,146117284.0
rus,Russia,2002,145939500.0
rus,Russia,2003,145794229.0
rus,Russia,2004,145180097.0
rus,Russia,2005,144597884.0
rus,Russia,2006,144102948.0
rus,Russia,2007,143859764.0
rus,Russia,2008,143811840.0
rus,Russia,2009,143869132.0
rus,Russia,2010,143934465.0
rus,Russia,2011,144043748.0
rus,Russia,2012,144291029.0
rus,Russia,2013,144604098.0
rus,Russia,2014,144925638.0
rus,Russia,2015,145307616.0
rus,Russia,2016,145778677.0
rus,Russia,2017,146186799.0
rus,Russia,2018,146430146.0
rus,Russia,2019,146533067.0
rus,Russia,2020,146371299.0
rus,Russia,2021,145836175.0
rus,Russia,2022,145579899.0
rus,Russia,2023,145440500.0
rus,Russia,2024,144820423.0
rus,Russia,2025,143997393.0
rwa,Rwanda,1900,1517252.0
rwa,Rwanda,1901,1506126.0
rwa,Rwanda,1902,1494477.0
rwa,Rwanda,1903,1482311.0
rwa,Rwanda,1904,1470244.0
rwa,Rwanda,1905,1458275.0
rwa,Rwanda,1906,1446403.0
rwa,Rwanda,1907,1434629.0
rwa,Rwanda,1908,1422950.0
rwa,Rwanda,1909,1412486.0
rwa,Rwanda,1910,1403222.0
rwa,Rwanda,1911,1395144.0
rwa,Rwanda,1912,1388238.0
rwa,Rwanda,1913,1382489.0
rwa,Rwanda,1914,1376763.0
rwa,Rwanda,1915,1371061.0
rwa,Rwanda,1916,1365383.0
rwa,Rwanda,1917,1359728.0
rwa,Rwanda,1918,1354289.0
rwa,Rwanda,1919,1353977.0
rwa,Rwanda,1920,1358848.0
rwa,Rwanda,1921,1368959.0
rwa,Rwanda,1922,1384368.0
rwa,Rwanda,1923,1405133.0
rwa,Rwanda,1924,1426211.0
rwa,Rwanda,1925,1447604.0
rwa,Rwanda,1926,1469318.0
rwa,Rwanda,1927,1491358.0
rwa,Rwanda,1928,1513728.0
rwa,Rwanda,1929,1536122.0
rwa,Rwanda,1930,1558536.0
rwa,Rwanda,1931,1580965.0
rwa,Rwanda,1932,1603406.0
rwa,Rwanda,1933,1625854.0
rwa,Rwanda,1934,1648616.0
rwa,Rwanda,1935,1671696.0
rwa,Rwanda,1936,1695100.0
rwa,Rwanda,1937,1718831.0
rwa,Rwanda,1938,1742895.0
rwa,Rwanda,1939,1768729.0
rwa,Rwanda,1940,1796383.0
rwa,Rwanda,1941,1825911.0
rwa,Rwanda,1942,1857364.0
rwa,Rwanda,1943,1890796.0
rwa,Rwanda,1944,1924831.0
rwa,Rwanda,1945,1959478.0
rwa,Rwanda,1946,1994748.0
rwa,Rwanda,1947,2030654.0
rwa,Rwanda,1948,2067205.0
rwa,Rwanda,1949,2109273.0
rwa,Rwanda,1950,2157097.0
rwa,Rwanda,1951,2236031.0
rwa,Rwanda,1952,2316510.0
rwa,Rwanda,1953,2398360.0
rwa,Rwanda,1954,2482122.0
rwa,Rwanda,1955,2568298.0
rwa,Rwanda,1956,2656809.0
rwa,Rwanda,1957,2747874.0
rwa,Rwanda,1958,2840129.0
rwa,Rwanda,1959,2932394.0
rwa,Rwanda,1960,3022294.0
rwa,Rwanda,1961,3106779.0
rwa,Rwanda,1962,3186025.0
rwa,Rwanda,1963,3258890.0
rwa,Rwanda,1964,3334834.0
rwa,Rwanda,1965,3423210.0
rwa,Rwanda,1966,3521626.0
rwa,Rwanda,1967,3629577.0
rwa,Rwanda,1968,3744010.0
rwa,Rwanda,1969,3861271.0
rwa,Rwanda,1970,3980669.0
rwa,Rwanda,1971,4100044.0
rwa,Rwanda,1972,4220335.0
rwa,Rwanda,1973,4345047.0
rwa,Rwanda,1974,4474228.0
rwa,Rwanda,1975,4607728.0
rwa,Rwanda,1976,4745954.0
rwa,Rwanda,1977,4888240.0
rwa,Rwanda,1978,5035171.0
rwa,Rwanda,1979,5189541.0
rwa,Rwanda,1980,5353259.0
rwa,Rwanda,1981,5527230.0
rwa,Rwanda,1982,5711549.0
rwa,Rwanda,1983,5905311.0
rwa,Rwanda,1984,6107627.0
rwa,Rwanda,1985,6317228.0
rwa,Rwanda,1986,6531881.0
rwa,Rwanda,1987,6749493.0
rwa,Rwanda,1988,6968071.0
rwa,Rwanda,1989,7184706.0
rwa,Rwanda,1990,7375307.0
rwa,Rwanda,1991,7526966.0
rwa,Rwanda,1992,7683266.0
rwa,Rwanda,1993,7981132.0
rwa,Rwanda,1994,6792352.0
rwa,Rwanda,1995,5674118.0
rwa,Rwanda,1996,6708764.0
rwa,Rwanda,1997,7755238.0
rwa,Rwanda,1998,8081681.0
rwa,Rwanda,1999,8147912.0
rwa,Rwanda,2000,8213931.0
rwa,Rwanda,2001,8287094.0
rwa,Rwanda,2002,8400180.0
rwa,Rwanda,2003,8586875.0
rwa,Rwanda,2004,8816844.0
rwa,Rwanda,2005,9054528.0
rwa,Rwanda,2006,9299246.0
rwa,Rwanda,2007,9549933.0
rwa,Rwanda,2008,9804269.0
rwa,Rwanda,2009,10060432.0
rwa,Rwanda,2010,10317553.0
rwa,Rwanda,2011,10573733.0
rwa,Rwanda,2012,10829901.0
rwa,Rwanda,2013,11093340.0
rwa,Rwanda,2014,11364757.0
rwa,Rwanda,2015,11640022.0
rwa,Rwanda,2016,11919183.0
rwa,Rwanda,2017,12202060.0
rwa,Rwanda,2018,12487996.0
rwa,Rwanda,2019,12776103.0
rwa,Rwanda,2020,13065837.0
rwa,Rwanda,2021,13355260.0
rwa,Rwanda,2022,13651030.0
rwa,Rwanda,2023,13954471.0
rwa,Rwanda,2024,14256567.0
rwa,Rwanda,2025,14569341.0
sau,Saudi Arabia,1900,1456078.0
sau,Saudi Arabia,1901,1442238.0
sau,Saudi Arabia,1902,1429526.0
sau,Saudi Arabia,1903,1417892.0
sau,Saudi Arabia,1904,1406033.0
sau,Saudi Arabia,1905,1393947.0
sau,Saudi Arabia,1906,1381629.0
sau,Saudi Arabia,1907,1369079.0
sau,Saudi Arabia,1908,1356292.0
sau,Saudi Arabia,1909,1343910.0
sau,Saudi Arabia,1910,1331906.0
sau,Saudi Arabia,1911,1320256.0
sau,Saudi Arabia,1912,1308934.0
sau,Saudi Arabia,1913,1297914.0
sau,Saudi Arabia,1914,1286581.0
sau,Saudi Arabia,1915,1274930.0
sau,Saudi Arabia,1916,1262955.0
sau,Saudi Arabia,1917,1250652.0
sau,Saudi Arabia,1918,1262157.0
sau,Saudi Arabia,1919,1273768.0
sau,Saudi Arabia,1920,1285486.0
sau,Saudi Arabia,1921,1297311.0
sau,Saudi Arabia,1922,1309246.0
sau,Saudi Arabia,1923,1321290.0
sau,Saudi Arabia,1924,1333445.0
sau,Saudi Arabia,1925,1345712.0
sau,Saudi Arabia,1926,1358092.0
sau,Saudi Arabia,1927,1370585.0
sau,Saudi Arabia,1928,1383194.0
sau,Saudi Arabia,1929,1395918.0
sau,Saudi Arabia,1930,1408760.0
sau,Saudi Arabia,1931,1421719.0
sau,Saudi Arabia,1932,1434798.0
sau,Saudi Arabia,1933,1447998.0
sau,Saudi Arabia,1934,1461318.0
sau,Saudi Arabia,1935,1474762.0
sau,Saudi Arabia,1936,1488328.0
sau,Saudi Arabia,1937,1502020.0
sau,Saudi Arabia,1938,1515838.0
sau,Saudi Arabia,1939,1529782.0
sau,Saudi Arabia,1940,1543855.0
sau,Saudi Arabia,1941,1558058.0
sau,Saudi Arabia,1942,1572391.0
sau,Saudi Arabia,1943,1586856.0
sau,Saudi Arabia,1944,1601454.0
sau,Saudi Arabia,1945,1616187.0
sau,Saudi Arabia,1946,1631054.0
sau,Saudi Arabia,1947,1646059.0
sau,Saudi Arabia,1948,1661202.0
sau,Saudi Arabia,1949,1680235.0
sau,Saudi Arabia,1950,1703271.0
sau,Saudi Arabia,1951,1763607.0
sau,Saudi Arabia,1952,1826509.0
sau,Saudi Arabia,1953,1892162.0
sau,Saudi Arabia,1954,1960623.0
sau,Saudi Arabia,1955,2031955.0
sau,Saudi Arabia,1956,2106227.0
sau,Saudi Arabia,1957,2183543.0
sau,Saudi Arabia,1958,2264095.0
sau,Saudi Arabia,1959,2348011.0
sau,Saudi Arabia,1960,2435403.0
sau,Saudi Arabia,1961,2526347.0
sau,Saudi Arabia,1962,2620910.0
sau,Saudi Arabia,1963,2719341.0
sau,Saudi Arabia,1964,2821968.0
sau,Saudi Arabia,1965,2928771.0
sau,Saudi Arabia,1966,3039887.0
sau,Saudi Arabia,1967,3157242.0
sau,Saudi Arabia,1968,3282711.0
sau,Saudi Arabia,1969,3417114.0
sau,Saudi Arabia,1970,3562470.0
sau,Saudi Arabia,1971,3724031.0
sau,Saudi Arabia,1972,3905722.0
sau,Saudi Arabia,1973,4106344.0
sau,Saudi Arabia,1974,4323632.0
sau,Saudi Arabia,1975,4556287.0
sau,Saudi Arabia,1976,4807933.0
sau,Saudi Arabia,1977,5083048.0
sau,Saudi Arabia,1978,5381902.0
sau,Saudi Arabia,1979,5703698.0
sau,Saudi Arabia,1980,6047997.0
sau,Saudi Arabia,1981,6420551.0
sau,Saudi Arabia,1982,6824486.0
sau,Saudi Arabia,1983,7252941.0
sau,Saudi Arabia,1984,7697307.0
sau,Saudi Arabia,1985,8151779.0
sau,Saudi Arabia,1986,8628639.0
sau,Saudi Arabia,1987,9130194.0
sau,Saudi Arabia,1988,9629165.0
sau,Saudi Arabia,1989,10128394.0
sau,Saudi Arabia,1990,10640691.0
sau,Saudi Arabia,1991,11160744.0
sau,Saudi Arabia,1992,11686676.0
sau,Saudi Arabia,1993,12215862.0
sau,Saudi Arabia,1994,12750040.0
sau,Saudi Arabia,1995,13289245.0
sau,Saudi Arabia,1996,13831009.0
sau,Saudi Arabia,1997,14374943.0
sau,Saudi Arabia,1998,14922185.0
sau,Saudi Arabia,1999,15472075.0
sau,Saudi Arabia,2000,16177722.0
sau,Saudi Arabia,2001,17041397.0
sau,Saudi Arabia,2002,17910910.0
sau,Saudi Arabia,2003,18786767.0
sau,Saudi Arabia,2004,19669480.0
sau,Saudi Arabia,2005,20559890.0
sau,Saudi Arabia,2006,21459144.0
sau,Saudi Arabia,2007,22368313.0
sau,Saudi Arabia,2008,23287877.0
sau,Saudi Arabia,2009,24217654.0
sau,Saudi Arabia,2010,25157128.0
sau,Saudi Arabia,2011,26105645.0
sau,Saudi Arabia,2012,27062443.0
sau,Saudi Arabia,2013,28026825.0
sau,Saudi Arabia,2014,28998128.0
sau,Saudi Arabia,2015,29974938.0
sau,Saudi Arabia,2016,30717808.0
sau,Saudi Arabia,2017,30782402.0
sau,Saudi Arabia,2018,30365121.0
sau,Saudi Arabia,2019,30472811.0
sau,Saudi Arabia,2020,30991207.0
sau,Saudi Arabia,2021,31328375.0
sau,Saudi Arabia,2022,32175352.0
sau,Saudi Arabia,2023,33264292.0
sau,Saudi Arabia,2024,33962757.0
sau,Saudi Arabia,2025,34566328.0
sdn,Sudan,1900,5163948.0
sdn,Sudan,1901,5173107.0
sdn,Sudan,1902,5182244.0
sdn,Sudan,1903,5191361.0
sdn,Sudan,1904,5200456.0
sdn,Sudan,1905,5209529.0
sdn,Sudan,1906,5218579.0
sdn,Sudan,1907,5227607.0
sdn,Sudan,1908,5236612.0
sdn,Sudan,1909,5245593.0
sdn,Sudan,1910,5254550.0
sdn,Sudan,1911,5262998.0
sdn,Sudan,1912,5271905.0
sdn,Sudan,1913,5280787.0
sdn,Sudan,1914,5289643.0
sdn,Sudan,1915,5298474.0
sdn,Sudan,1916,5307279.0
sdn,Sudan,1917,5316056.0
sdn,Sudan,1918,5339743.0
sdn,Sudan,1919,5363535.0
sdn,Sudan,1920,5387434.0
sdn,Sudan,1921,5411439.0
sdn,Sudan,1922,5435550.0
sdn,Sudan,1923,5459769.0
sdn,Sudan,1924,5484096.0
sdn,Sudan,1925,5508532.0
sdn,Sudan,1926,5533076.0
sdn,Sudan,1927,5557730.0
sdn,Sudan,1928,5582493.0
sdn,Sudan,1929,5607367.0
sdn,Sudan,1930,5632352.0
sdn,Sudan,1931,5657448.0
sdn,Sudan,1932,5682656.0
sdn,Sudan,1933,5707976.0
sdn,Sudan,1934,5733409.0
sdn,Sudan,1935,5758956.0
sdn,Sudan,1936,5784616.0
sdn,Sudan,1937,5810390.0
sdn,Sudan,1938,5836279.0
sdn,Sudan,1939,5862284.0
sdn,Sudan,1940,5888405.0
sdn,Sudan,1941,5914641.0
sdn,Sudan,1942,5940995.0
sdn,Sudan,1943,5967466.0
sdn,Sudan,1944,5994056.0
sdn,Sudan,1945,6020764.0
sdn,Sudan,1946,6047591.0
sdn,Sudan,1947,6074537.0
sdn,Sudan,1948,6101603.0
sdn,Sudan,1949,6128790.0
sdn,Sudan,1950,6189910.0
sdn,Sudan,1951,6376060.0
sdn,Sudan,1952,6568609.0
sdn,Sudan,1953,6765905.0
sdn,Sudan,1954,6969636.0
sdn,Sudan,1955,7181692.0
sdn,Sudan,1956,7401592.0
sdn,Sudan,1957,7629449.0
sdn,Sudan,1958,7863034.0
sdn,Sudan,1959,8106484.0
sdn,Sudan,1960,8364489.0
sdn,Sudan,1961,8634941.0
sdn,Sudan,1962,8919028.0
sdn,Sudan,1963,9218077.0
sdn,Sudan,1964,9531109.0
sdn,Sudan,1965,9858030.0
sdn,Sudan,1966,10197578.0
sdn,Sudan,1967,10550597.0
sdn,Sudan,1968,10917999.0
sdn,Sudan,1969,11298936.0
sdn,Sudan,1970,11695771.0
sdn,Sudan,1971,12105539.0
sdn,Sudan,1972,12527856.0
sdn,Sudan,1973,13049315.0
sdn,Sudan,1974,13580723.0
sdn,Sudan,1975,14064798.0
sdn,Sudan,1976,14569716.0
sdn,Sudan,1977,15086614.0
sdn,Sudan,1978,15695003.0
sdn,Sudan,1979,16355352.0
sdn,Sudan,1980,17058905.0
sdn,Sudan,1981,17780572.0
sdn,Sudan,1982,18486645.0
sdn,Sudan,1983,19109770.0
sdn,Sudan,1984,19546528.0
sdn,Sudan,1985,19905872.0
sdn,Sudan,1986,20288238.0
sdn,Sudan,1987,20704904.0
sdn,Sudan,1988,21138431.0
sdn,Sudan,1989,21578022.0
sdn,Sudan,1990,22021481.0
sdn,Sudan,1991,22470676.0
sdn,Sudan,1992,22927355.0
sdn,Sudan,1993,23445592.0
sdn,Sudan,1994,24043948.0
sdn,Sudan,1995,24672143.0
sdn,Sudan,1996,25231528.0
sdn,Sudan,1997,25799821.0
sdn,Sudan,1998,26458999.0
sdn,Sudan,1999,27130613.0
sdn,Sudan,2000,27816745.0
sdn,Sudan,2001,28516770.0
sdn,Sudan,2002,29228727.0
sdn,Sudan,2003,29896035.0
sdn,Sudan,2004,30556637.0
sdn,Sudan,2005,31262444.0
sdn,Sudan,2006,31992435.0
sdn,Sudan,2007,32764135.0
sdn,Sudan,2008,33623980.0
sdn,Sudan,2009,34569113.0
sdn,Sudan,2010,35414399.0
sdn,Sudan,2011,36140806.0
sdn,Sudan,2012,36923178.0
sdn,Sudan,2013,37785849.0
sdn,Sudan,2014,38823318.0
sdn,Sudan,2015,40024431.0
sdn,Sudan,2016,41259892.0
sdn,Sudan,2017,42714306.0
sdn,Sudan,2018,44230596.0
sdn,Sudan,2019,45548175.0
sdn,Sudan,2020,46789231.0
sdn,Sudan,2021,48066924.0
sdn,Sudan,2022,49383346.0
sdn,Sudan,2023,50042791.0
sdn,Sudan,2024,50448963.0
sdn,Sudan,2025,51662147.0
sen,Senegal,1900,1401306.0
sen,Senegal,1901,1411112.0
sen,Senegal,1902,1420987.0
sen,Senegal,1903,1430931.0
sen,Senegal,1904,1440945.0
sen,Senegal,1905,1451029.0
sen,Senegal,1906,1461183.0
sen,Senegal,1907,1471409.0
sen,Senegal,1908,1481706.0
sen,Senegal,1909,1491774.0
sen,Senegal,1910,1501611.0
sen,Senegal,1911,1511213.0
sen,Senegal,1912,1520575.0
sen,Senegal,1913,1529696.0
sen,Senegal,1914,1538871.0
sen,Senegal,1915,1548101.0
sen,Senegal,1916,1557386.0
sen,Senegal,1917,1566728.0
sen,Senegal,1918,1576128.0
sen,Senegal,1919,1588456.0
sen,Senegal,1920,1603772.0
sen,Senegal,1921,1622137.0
sen,Senegal,1922,1643615.0
sen,Senegal,1923,1668270.0
sen,Senegal,1924,1693294.0
sen,Senegal,1925,1718693.0
sen,Senegal,1926,1744474.0
sen,Senegal,1927,1770641.0
sen,Senegal,1928,1797200.0
sen,Senegal,1929,1823788.0
sen,Senegal,1930,1850400.0
sen,Senegal,1931,1877029.0
sen,Senegal,1932,1903672.0
sen,Senegal,1933,1930324.0
sen,Senegal,1934,1957348.0
sen,Senegal,1935,1984751.0
sen,Senegal,1936,2012538.0
sen,Senegal,1937,2040713.0
sen,Senegal,1938,2069283.0
sen,Senegal,1939,2099955.0
sen,Senegal,1940,2132789.0
sen,Senegal,1941,2167845.0
sen,Senegal,1942,2205188.0
sen,Senegal,1943,2244882.0
sen,Senegal,1944,2285290.0
sen,Senegal,1945,2326425.0
sen,Senegal,1946,2368301.0
sen,Senegal,1947,2410930.0
sen,Senegal,1948,2454327.0
sen,Senegal,1949,2502411.0
sen,Senegal,1950,2555369.0
sen,Senegal,1951,2619642.0
sen,Senegal,1952,2686999.0
sen,Senegal,1953,2757566.0
sen,Senegal,1954,2831390.0
sen,Senegal,1955,2908505.0
sen,Senegal,1956,2988932.0
sen,Senegal,1957,3072364.0
sen,Senegal,1958,3158756.0
sen,Senegal,1959,3248318.0
sen,Senegal,1960,3340907.0
sen,Senegal,1961,3436375.0
sen,Senegal,1962,3534686.0
sen,Senegal,1963,3635876.0
sen,Senegal,1964,3740535.0
sen,Senegal,1965,3849788.0
sen,Senegal,1966,3964299.0
sen,Senegal,1967,4083870.0
sen,Senegal,1968,4207587.0
sen,Senegal,1969,4334974.0
sen,Senegal,1970,4466328.0
sen,Senegal,1971,4601864.0
sen,Senegal,1972,4741631.0
sen,Senegal,1973,4885181.0
sen,Senegal,1974,5029437.0
sen,Senegal,1975,5170810.0
sen,Senegal,1976,5308564.0
sen,Senegal,1977,5439549.0
sen,Senegal,1978,5568096.0
sen,Senegal,1979,5702895.0
sen,Senegal,1980,5845638.0
sen,Senegal,1981,5997160.0
sen,Senegal,1982,6156961.0
sen,Senegal,1983,6324504.0
sen,Senegal,1984,6499364.0
sen,Senegal,1985,6683287.0
sen,Senegal,1986,6878192.0
sen,Senegal,1987,7081530.0
sen,Senegal,1988,7289618.0
sen,Senegal,1989,7502207.0
sen,Senegal,1990,7720523.0
sen,Senegal,1991,7943085.0
sen,Senegal,1992,8168395.0
sen,Senegal,1993,8396288.0
sen,Senegal,1994,8624078.0
sen,Senegal,1995,8848101.0
sen,Senegal,1996,9067014.0
sen,Senegal,1997,9283495.0
sen,Senegal,1998,9502952.0
sen,Senegal,1999,9730887.0
sen,Senegal,2000,9968260.0
sen,Senegal,2001,10212942.0
sen,Senegal,2002,10466214.0
sen,Senegal,2003,10721176.0
sen,Senegal,2004,10975704.0
sen,Senegal,2005,11235472.0
sen,Senegal,2006,11500094.0
sen,Senegal,2007,11770344.0
sen,Senegal,2008,12048959.0
sen,Senegal,2009,12337389.0
sen,Senegal,2010,12635413.0
sen,Senegal,2011,12958897.0
sen,Senegal,2012,13310495.0
sen,Senegal,2013,13710849.0
sen,Senegal,2014,14152102.0
sen,Senegal,2015,14593331.0
sen,Senegal,2016,15034521.0
sen,Senegal,2017,15475002.0
sen,Senegal,2018,15914498.0
sen,Senegal,2019,16352922.0
sen,Senegal,2020,16789219.0
sen,Senegal,2021,17220867.0
sen,Senegal,2022,17651103.0
sen,Senegal,2023,18077573.0
sen,Senegal,2024,18501984.0
sen,Senegal,2025,18931966.0
sgp,Singapore,1900,213233.0
sgp,Singapore,1901,221248.0
sgp,Singapore,1902,229974.0
sgp,Singapore,1903,239455.0
sgp,Singapore,1904,249326.0
sgp,Singapore,1905,259604.0
sgp,Singapore,1906,270306.0
sgp,Singapore,1907,281448.0
sgp,Singapore,1908,293051.0
sgp,Singapore,1909,303719.0
sgp,Singapore,1910,313389.0
sgp,Singapore,1911,321992.0
sgp,Singapore,1912,329457.0
sgp,Singapore,1913,335709.0
sgp,Singapore,1914,342080.0
sgp,Singapore,1915,348572.0
sgp,Singapore,1916,355187.0
sgp,Singapore,1917,361927.0
sgp,Singapore,1918,368908.0
sgp,Singapore,1919,377845.0
sgp,Singapore,1920,388854.0
sgp,Singapore,1921,402057.0
sgp,Singapore,1922,417581.0
sgp,Singapore,1923,435559.0
sgp,Singapore,1924,454312.0
sgp,Singapore,1925,473872.0
sgp,Singapore,1926,494274.0
sgp,Singapore,1927,515555.0
sgp,Singapore,1928,537752.0
sgp,Singapore,1929,558607.0
sgp,Singapore,1930,578009.0
sgp,Singapore,1931,595840.0
sgp,Singapore,1932,611977.0
sgp,Singapore,1933,626289.0
sgp,Singapore,1934,640935.0
sgp,Singapore,1935,655924.0
sgp,Singapore,1936,671263.0
sgp,Singapore,1937,686961.0
sgp,Singapore,1938,703026.0
sgp,Singapore,1939,720632.0
sgp,Singapore,1940,739851.0
sgp,Singapore,1941,760758.0
sgp,Singapore,1942,783432.0
sgp,Singapore,1943,807954.0
sgp,Singapore,1944,833244.0
sgp,Singapore,1945,859325.0
sgp,Singapore,1946,886222.0
sgp,Singapore,1947,913962.0
sgp,Singapore,1948,942569.0
sgp,Singapore,1949,975583.0
sgp,Singapore,1950,1013313.0
sgp,Singapore,1951,1068035.0
sgp,Singapore,1952,1126090.0
sgp,Singapore,1953,1187520.0
sgp,Singapore,1954,1252281.0
sgp,Singapore,1955,1320230.0
sgp,Singapore,1956,1390956.0
sgp,Singapore,1957,1458271.0
sgp,Singapore,1958,1515727.0
sgp,Singapore,1959,1567754.0
sgp,Singapore,1960,1619322.0
sgp,Singapore,1961,1670461.0
sgp,Singapore,1962,1721176.0
sgp,Singapore,1963,1771513.0
sgp,Singapore,1964,1821466.0
sgp,Singapore,1965,1870822.0
sgp,Singapore,1966,1919090.0
sgp,Singapore,1967,1965679.0
sgp,Singapore,1968,2010092.0
sgp,Singapore,1969,2052157.0
sgp,Singapore,1970,2091558.0
sgp,Singapore,1971,2128433.0
sgp,Singapore,1972,2164334.0
sgp,Singapore,1973,2200137.0
sgp,Singapore,1974,2235075.0
sgp,Singapore,1975,2268523.0
sgp,Singapore,1976,2300743.0
sgp,Singapore,1977,2331545.0
sgp,Singapore,1978,2360602.0
sgp,Singapore,1979,2388157.0
sgp,Singapore,1980,2437493.0
sgp,Singapore,1981,2531802.0
sgp,Singapore,1982,2627417.0
sgp,Singapore,1983,2685981.0
sgp,Singapore,1984,2720923.0
sgp,Singapore,1985,2735030.0
sgp,Singapore,1986,2744653.0
sgp,Singapore,1987,2781615.0
sgp,Singapore,1988,2849045.0
sgp,Singapore,1989,2938655.0
sgp,Singapore,1990,3039591.0
sgp,Singapore,1991,3136291.0
sgp,Singapore,1992,3226465.0
sgp,Singapore,1993,3317892.0
sgp,Singapore,1994,3417817.0
sgp,Singapore,1995,3533624.0
sgp,Singapore,1996,3664560.0
sgp,Singapore,1997,3796622.0
sgp,Singapore,1998,3901418.0
sgp,Singapore,1999,3966557.0
sgp,Singapore,2000,4035245.0
sgp,Singapore,2001,4116166.0
sgp,Singapore,2002,4146892.0
sgp,Singapore,2003,4138245.0
sgp,Singapore,2004,4172767.0
sgp,Singapore,2005,4268364.0
sgp,Singapore,2006,4407058.0
sgp,Singapore,2007,4596515.0
sgp,Singapore,2008,4806741.0
sgp,Singapore,2009,4968568.0
sgp,Singapore,2010,5077014.0
sgp,Singapore,2011,5182239.0
sgp,Singapore,2012,5293340.0
sgp,Singapore,2013,5385588.0
sgp,Singapore,2014,5457900.0
sgp,Singapore,2015,5525340.0
sgp,Singapore,2016,5577930.0
sgp,Singapore,2017,5604078.0
sgp,Singapore,2018,5634369.0
sgp,Singapore,2019,5669563.0
sgp,Singapore,2020,5620150.0
sgp,Singapore,2021,5546290.0
sgp,Singapore,2022,5649885.0
sgp,Singapore,2023,5789090.0
sgp,Singapore,2024,5832387.0
sgp,Singapore,2025,5870750.0
slb,Solomon Islands,1900,136246.0
slb,Solomon Islands,1901,137750.0
slb,Solomon Islands,1902,139270.0
slb,Solomon Islands,1903,140807.0
slb,Solomon Islands,1904,142360.0
slb,Solomon Islands,1905,143931.0
slb,Solomon Islands,1906,145520.0
slb,Solomon Islands,1907,147125.0
slb,Solomon Islands,1908,148749.0
slb,Solomon Islands,1909,150082.0
slb,Solomon Islands,1910,151121.0
slb,Solomon Islands,1911,151862.0
slb,Solomon Islands,1912,152302.0
slb,Solomon Islands,1913,152437.0
slb,Solomon Islands,1914,152573.0
slb,Solomon Islands,1915,152708.0
slb,Solomon Islands,1916,152844.0
slb,Solomon Islands,1917,152979.0
slb,Solomon Islands,1918,153081.0
slb,Solomon Islands,1919,151743.0
slb,Solomon Islands,1920,149031.0
slb,Solomon Islands,1921,145009.0
slb,Solomon Islands,1922,139734.0
slb,Solomon Islands,1923,133266.0
slb,Solomon Islands,1924,127096.0
slb,Solomon Islands,1925,121213.0
slb,Solomon Islands,1926,115602.0
slb,Solomon Islands,1927,110250.0
slb,Solomon Islands,1928,105146.0
slb,Solomon Islands,1929,101182.0
slb,Solomon Islands,1930,98307.0
slb,Solomon Islands,1931,96470.0
slb,Solomon Islands,1932,95624.0
slb,Solomon Islands,1933,95726.0
slb,Solomon Islands,1934,95827.0
slb,Solomon Islands,1935,95928.0
slb,Solomon Islands,1936,96030.0
slb,Solomon Islands,1937,96132.0
slb,Solomon Islands,1938,96233.0
slb,Solomon Islands,1939,96539.0
slb,Solomon Islands,1940,97052.0
slb,Solomon Islands,1941,97773.0
slb,Solomon Islands,1942,98707.0
slb,Solomon Islands,1943,99855.0
slb,Solomon Islands,1944,101017.0
slb,Solomon Islands,1945,102192.0
slb,Solomon Islands,1946,103380.0
slb,Solomon Islands,1947,104583.0
slb,Solomon Islands,1948,105799.0
slb,Solomon Islands,1949,107148.0
slb,Solomon Islands,1950,108634.0
slb,Solomon Islands,1951,110957.0
slb,Solomon Islands,1952,113488.0
slb,Solomon Islands,1953,116210.0
slb,Solomon Islands,1954,119112.0
slb,Solomon Islands,1955,122190.0
slb,Solomon Islands,1956,125345.0
slb,Solomon Islands,1957,128678.0
slb,Solomon Islands,1958,132304.0
slb,Solomon Islands,1959,136125.0
slb,Solomon Islands,1960,139688.0
slb,Solomon Islands,1961,142912.0
slb,Solomon Islands,1962,146201.0
slb,Solomon Islands,1963,149589.0
slb,Solomon Islands,1964,153085.0
slb,Solomon Islands,1965,156686.0
slb,Solomon Islands,1966,160393.0
slb,Solomon Islands,1967,164245.0
slb,Solomon Islands,1968,168282.0
slb,Solomon Islands,1969,172476.0
slb,Solomon Islands,1970,176579.0
slb,Solomon Islands,1971,180637.0
slb,Solomon Islands,1972,184994.0
slb,Solomon Islands,1973,189774.0
slb,Solomon Islands,1974,195041.0
slb,Solomon Islands,1975,200744.0
slb,Solomon Islands,1976,207194.0
slb,Solomon Islands,1977,214418.0
slb,Solomon Islands,1978,222029.0
slb,Solomon Islands,1979,229953.0
slb,Solomon Islands,1980,238135.0
slb,Solomon Islands,1981,246555.0
slb,Solomon Islands,1982,255200.0
slb,Solomon Islands,1983,264068.0
slb,Solomon Islands,1984,273163.0
slb,Solomon Islands,1985,282455.0
slb,Solomon Islands,1986,291842.0
slb,Solomon Islands,1987,301414.0
slb,Solomon Islands,1988,311265.0
slb,Solomon Islands,1989,321282.0
slb,Solomon Islands,1990,331435.0
slb,Solomon Islands,1991,341738.0
slb,Solomon Islands,1992,352205.0
slb,Solomon Islands,1993,362839.0
slb,Solomon Islands,1994,373675.0
slb,Solomon Islands,1995,384733.0
slb,Solomon Islands,1996,396009.0
slb,Solomon Islands,1997,407474.0
slb,Solomon Islands,1998,419071.0
slb,Solomon Islands,1999,430500.0
slb,Solomon Islands,2000,440469.0
slb,Solomon Islands,2001,449125.0
slb,Solomon Islands,2002,457671.0
slb,Solomon Islands,2003,466154.0
slb,Solomon Islands,2004,474611.0
slb,Solomon Islands,2005,483080.0
slb,Solomon Islands,2006,491594.0
slb,Solomon Islands,2007,500156.0
slb,Solomon Islands,2008,508790.0
slb,Solomon Islands,2009,518141.0
slb,Solomon Islands,2010,532968.0
slb,Solomon Islands,2011,552945.0
slb,Solomon Islands,2012,573606.0
slb,Solomon Islands,2013,594945.0
slb,Solomon Islands,2014,616908.0
slb,Solomon Islands,2015,639415.0
slb,Solomon Islands,2016,662379.0
slb,Solomon Islands,2017,685672.0
slb,Solomon Islands,2018,709101.0
slb,Solomon Islands,2019,728147.0
slb,Solomon Islands,2020,744498.0
slb,Solomon Islands,2021,762591.0
slb,Solomon Islands,2022,781066.0
slb,Solomon Islands,2023,800005.0
slb,Solomon Islands,2024,819198.0
slb,Solomon Islands,2025,838645.0
sle,Sierra Leone,1900,1095449.0
sle,Sierra Leone,1901,1103603.0
sle,Sierra Leone,1902,1111817.0
sle,Sierra Leone,1903,1120092.0
sle,Sierra Leone,1904,1128429.0
sle,Sierra Leone,1905,1136827.0
sle,Sierra Leone,1906,1145288.0
sle,Sierra Leone,1907,1153811.0
sle,Sierra Leone,1908,1162398.0
sle,Sierra Leone,1909,1170813.0
sle,Sierra Leone,1910,1179052.0
sle,Sierra Leone,1911,1187114.0
sle,Sierra Leone,1912,1194994.0
sle,Sierra Leone,1913,1202691.0
sle,Sierra Leone,1914,1210436.0
sle,Sierra Leone,1915,1218232.0
sle,Sierra Leone,1916,1226077.0
sle,Sierra Leone,1917,1233973.0
sle,Sierra Leone,1918,1241377.0
sle,Sierra Leone,1919,1251087.0
sle,Sierra Leone,1920,1263150.0
sle,Sierra Leone,1921,1277615.0
sle,Sierra Leone,1922,1294531.0
sle,Sierra Leone,1923,1313949.0
sle,Sierra Leone,1924,1333658.0
sle,Sierra Leone,1925,1353663.0
sle,Sierra Leone,1926,1373968.0
sle,Sierra Leone,1927,1394578.0
sle,Sierra Leone,1928,1415496.0
sle,Sierra Leone,1929,1436437.0
sle,Sierra Leone,1930,1457396.0
sle,Sierra Leone,1931,1478370.0
sle,Sierra Leone,1932,1499355.0
sle,Sierra Leone,1933,1520346.0
sle,Sierra Leone,1934,1541630.0
sle,Sierra Leone,1935,1563213.0
sle,Sierra Leone,1936,1585098.0
sle,Sierra Leone,1937,1607290.0
sle,Sierra Leone,1938,1629792.0
sle,Sierra Leone,1939,1653949.0
sle,Sierra Leone,1940,1679809.0
sle,Sierra Leone,1941,1707420.0
sle,Sierra Leone,1942,1736832.0
sle,Sierra Leone,1943,1768095.0
sle,Sierra Leone,1944,1799921.0
sle,Sierra Leone,1945,1832319.0
sle,Sierra Leone,1946,1865301.0
sle,Sierra Leone,1947,1898876.0
sle,Sierra Leone,1948,1933056.0
sle,Sierra Leone,1949,1966648.0
sle,Sierra Leone,1950,1999623.0
sle,Sierra Leone,1951,2023276.0
sle,Sierra Leone,1952,2047200.0
sle,Sierra Leone,1953,2070811.0
sle,Sierra Leone,1954,2095066.0
sle,Sierra Leone,1955,2120889.0
sle,Sierra Leone,1956,2147979.0
sle,Sierra Leone,1957,2176250.0
sle,Sierra Leone,1958,2204839.0
sle,Sierra Leone,1959,2235026.0
sle,Sierra Leone,1960,2268356.0
sle,Sierra Leone,1961,2304227.0
sle,Sierra Leone,1962,2342242.0
sle,Sierra Leone,1963,2382258.0
sle,Sierra Leone,1964,2424390.0
sle,Sierra Leone,1965,2468666.0
sle,Sierra Leone,1966,2514638.0
sle,Sierra Leone,1967,2562384.0
sle,Sierra Leone,1968,2611532.0
sle,Sierra Leone,1969,2661365.0
sle,Sierra Leone,1970,2712286.0
sle,Sierra Leone,1971,2763222.0
sle,Sierra Leone,1972,2814388.0
sle,Sierra Leone,1973,2866955.0
sle,Sierra Leone,1974,2920459.0
sle,Sierra Leone,1975,2974657.0
sle,Sierra Leone,1976,3028820.0
sle,Sierra Leone,1977,3085354.0
sle,Sierra Leone,1978,3145517.0
sle,Sierra Leone,1979,3207499.0
sle,Sierra Leone,1980,3272089.0
sle,Sierra Leone,1981,3338940.0
sle,Sierra Leone,1982,3408183.0
sle,Sierra Leone,1983,3481646.0
sle,Sierra Leone,1984,3558758.0
sle,Sierra Leone,1985,3638438.0
sle,Sierra Leone,1986,3728380.0
sle,Sierra Leone,1987,3829718.0
sle,Sierra Leone,1988,3934517.0
sle,Sierra Leone,1989,4034037.0
sle,Sierra Leone,1990,4196828.0
sle,Sierra Leone,1991,4246267.0
sle,Sierra Leone,1992,4166366.0
sle,Sierra Leone,1993,4157130.0
sle,Sierra Leone,1994,4173105.0
sle,Sierra Leone,1995,4179179.0
sle,Sierra Leone,1996,4199210.0
sle,Sierra Leone,1997,4253716.0
sle,Sierra Leone,1998,4295785.0
sle,Sierra Leone,1999,4318043.0
sle,Sierra Leone,2000,4423611.0
sle,Sierra Leone,2001,4692716.0
sle,Sierra Leone,2002,4971435.0
sle,Sierra Leone,2003,5177687.0
sle,Sierra Leone,2004,5355717.0
sle,Sierra Leone,2005,5501712.0
sle,Sierra Leone,2006,5624466.0
sle,Sierra Leone,2007,5749352.0
sle,Sierra Leone,2008,5894722.0
sle,Sierra Leone,2009,6055646.0
sle,Sierra Leone,2010,6222714.0
sle,Sierra Leone,2011,6387251.0
sle,Sierra Leone,2012,6551080.0
sle,Sierra Leone,2013,6714051.0
sle,Sierra Leone,2014,6876385.0
sle,Sierra Leone,2015,7037655.0
sle,Sierra Leone,2016,7205328.0
sle,Sierra Leone,2017,7379299.0
sle,Sierra Leone,2018,7554563.0
sle,Sierra Leone,2019,7731991.0
sle,Sierra Leone,2020,7912558.0
sle,Sierra Leone,2021,8094602.0
sle,Sierra Leone,2022,8276807.0
sle,Sierra Leone,2023,8460512.0
sle,Sierra Leone,2024,8642022.0
sle,Sierra Leone,2025,8819794.0
slv,El Salvador,1900,839720.0
slv,El Salvador,1901,854778.0
slv,El Salvador,1902,872285.0
slv,El Salvador,1903,892323.0
slv,El Salvador,1904,912819.0
slv,El Salvador,1905,933783.0
slv,El Salvador,1906,955227.0
slv,El Salvador,1907,977160.0
slv,El Salvador,1908,999595.0
slv,El Salvador,1909,1022572.0
slv,El Salvador,1910,1046107.0
slv,El Salvador,1911,1070212.0
slv,El Salvador,1912,1094900.0
slv,El Salvador,1913,1120187.0
slv,El Salvador,1914,1146055.0
slv,El Salvador,1915,1172517.0
slv,El Salvador,1916,1199587.0
slv,El Salvador,1917,1227279.0
slv,El Salvador,1918,1253640.0
slv,El Salvador,1919,1280437.0
slv,El Salvador,1920,1307676.0
slv,El Salvador,1921,1335365.0
slv,El Salvador,1922,1363509.0
slv,El Salvador,1923,1392117.0
slv,El Salvador,1924,1421325.0
slv,El Salvador,1925,1451146.0
slv,El Salvador,1926,1481593.0
slv,El Salvador,1927,1512678.0
slv,El Salvador,1928,1544415.0
slv,El Salvador,1929,1574080.0
slv,El Salvador,1930,1601594.0
slv,El Salvador,1931,1626877.0
slv,El Salvador,1932,1649848.0
slv,El Salvador,1933,1670423.0
slv,El Salvador,1934,1691255.0
slv,El Salvador,1935,1712346.0
slv,El Salvador,1936,1733700.0
slv,El Salvador,1937,1755321.0
slv,El Salvador,1938,1777211.0
slv,El Salvador,1939,1801226.0
slv,El Salvador,1940,1827424.0
slv,El Salvador,1941,1855865.0
slv,El Salvador,1942,1886612.0
slv,El Salvador,1943,1919728.0
slv,El Salvador,1944,1953424.0
slv,El Salvador,1945,1987712.0
slv,El Salvador,1946,2022602.0
slv,El Salvador,1947,2058104.0
slv,El Salvador,1948,2094230.0
slv,El Salvador,1949,2135950.0
slv,El Salvador,1950,2183506.0
slv,El Salvador,1951,2235305.0
slv,El Salvador,1952,2287952.0
slv,El Salvador,1953,2341983.0
slv,El Salvador,1954,2397831.0
slv,El Salvador,1955,2456595.0
slv,El Salvador,1956,2518165.0
slv,El Salvador,1957,2582511.0
slv,El Salvador,1958,2648661.0
slv,El Salvador,1959,2717537.0
slv,El Salvador,1960,2791459.0
slv,El Salvador,1961,2870016.0
slv,El Salvador,1962,2949204.0
slv,El Salvador,1963,3028679.0
slv,El Salvador,1964,3111883.0
slv,El Salvador,1965,3199466.0
slv,El Salvador,1966,3290961.0
slv,El Salvador,1967,3385184.0
slv,El Salvador,1968,3480773.0
slv,El Salvador,1969,3576485.0
slv,El Salvador,1970,3668796.0
slv,El Salvador,1971,3757523.0
slv,El Salvador,1972,3846830.0
slv,El Salvador,1973,3938068.0
slv,El Salvador,1974,4029671.0
slv,El Salvador,1975,4120449.0
slv,El Salvador,1976,4210310.0
slv,El Salvador,1977,4301256.0
slv,El Salvador,1978,4394114.0
slv,El Salvador,1979,4480388.0
slv,El Salvador,1980,4540382.0
slv,El Salvador,1981,4570599.0
slv,El Salvador,1982,4622477.0
slv,El Salvador,1983,4707367.0
slv,El Salvador,1984,4798003.0
slv,El Salvador,1985,4894706.0
slv,El Salvador,1986,4992769.0
slv,El Salvador,1987,5092441.0
slv,El Salvador,1988,5195833.0
slv,El Salvador,1989,5298979.0
slv,El Salvador,1990,5399726.0
slv,El Salvador,1991,5495077.0
slv,El Salvador,1992,5585609.0
slv,El Salvador,1993,5659957.0
slv,El Salvador,1994,5714129.0
slv,El Salvador,1995,5762131.0
slv,El Salvador,1996,5805286.0
slv,El Salvador,1997,5844578.0
slv,El Salvador,1998,5880781.0
slv,El Salvador,1999,5913900.0
slv,El Salvador,2000,5943366.0
slv,El Salvador,2001,5968060.0
slv,El Salvador,2002,5986631.0
slv,El Salvador,2003,5998599.0
slv,El Salvador,2004,6004671.0
slv,El Salvador,2005,6005578.0
slv,El Salvador,2006,6002319.0
slv,El Salvador,2007,6009824.0
slv,El Salvador,2008,6029297.0
slv,El Salvador,2009,6048279.0
slv,El Salvador,2010,6068249.0
slv,El Salvador,2011,6090127.0
slv,El Salvador,2012,6113975.0
slv,El Salvador,2013,6138839.0
slv,El Salvador,2014,6162955.0
slv,El Salvador,2015,6183676.0
slv,El Salvador,2016,6200800.0
slv,El Salvador,2017,6213533.0
slv,El Salvador,2018,6219807.0
slv,El Salvador,2019,6222318.0
slv,El Salvador,2020,6234673.0
slv,El Salvador,2021,6255782.0
slv,El Salvador,2022,6280319.0
slv,El Salvador,2023,6309624.0
slv,El Salvador,2024,6338193.0
slv,El Salvador,2025,6365503.0
smr,San Marino,1900,10124.0
smr,San Marino,1901,10201.0
smr,San Marino,1902,10279.0
smr,San Marino,1903,10357.0
smr,San Marino,1904,10436.0
smr,San Marino,1905,10516.0
smr,San Marino,1906,10596.0
smr,San Marino,1907,10677.0
smr,San Marino,1908,10758.0
smr,San Marino,1909,10860.0
smr,San Marino,1910,10983.0
smr,San Marino,1911,11127.0
smr,San Marino,1912,11294.0
smr,San Marino,1913,11483.0
smr,San Marino,1914,11675.0
smr,San Marino,1915,11870.0
smr,San Marino,1916,12069.0
smr,San Marino,1917,12270.0
smr,San Marino,1918,12477.0
smr,San Marino,1919,12644.0
smr,San Marino,1920,12770.0
smr,San Marino,1921,12855.0
smr,San Marino,1922,12897.0
smr,San Marino,1923,12897.0
smr,San Marino,1924,12897.0
smr,San Marino,1925,12897.0
smr,San Marino,1926,12897.0
smr,San Marino,1927,12897.0
smr,San Marino,1928,12897.0
smr,San Marino,1929,12935.0
smr,San Marino,1930,13009.0
smr,San Marino,1931,13123.0
smr,San Marino,1932,13275.0
smr,San Marino,1933,13466.0
smr,San Marino,1934,13660.0
smr,San Marino,1935,13857.0
smr,San Marino,1936,14057.0
smr,San Marino,1937,14259.0
smr,San Marino,1938,14465.0
smr,San Marino,1939,14583.0
smr,San Marino,1940,14614.0
smr,San Marino,1941,14559.0
smr,San Marino,1942,14416.0
smr,San Marino,1943,14187.0
smr,San Marino,1944,13962.0
smr,San Marino,1945,13740.0
smr,San Marino,1946,13521.0
smr,San Marino,1947,13307.0
smr,San Marino,1948,13095.0
smr,San Marino,1949,12975.0
smr,San Marino,1950,12947.0
smr,San Marino,1951,13120.0
smr,San Marino,1952,13279.0
smr,San Marino,1953,13437.0
smr,San Marino,1954,13610.0
smr,San Marino,1955,13793.0
smr,San Marino,1956,14049.0
smr,San Marino,1957,14384.0
smr,San Marino,1958,14726.0
smr,San Marino,1959,15073.0
smr,San Marino,1960,15428.0
smr,San Marino,1961,15799.0
smr,San Marino,1962,16183.0
smr,San Marino,1963,16580.0
smr,San Marino,1964,16977.0
smr,San Marino,1965,17305.0
smr,San Marino,1966,17523.0
smr,San Marino,1967,17688.0
smr,San Marino,1968,17861.0
smr,San Marino,1969,18026.0
smr,San Marino,1970,18168.0
smr,San Marino,1971,18419.0
smr,San Marino,1972,18787.0
smr,San Marino,1973,18992.0
smr,San Marino,1974,19030.0
smr,San Marino,1975,19046.0
smr,San Marino,1976,19110.0
smr,San Marino,1977,20017.0
smr,San Marino,1978,21026.0
smr,San Marino,1979,21320.0
smr,San Marino,1980,21585.0
smr,San Marino,1981,21840.0
smr,San Marino,1982,22055.0
smr,San Marino,1983,22229.0
smr,San Marino,1984,22346.0
smr,San Marino,1985,22485.0
smr,San Marino,1986,22636.0
smr,San Marino,1987,22686.0
smr,San Marino,1988,22843.0
smr,San Marino,1989,23154.0
smr,San Marino,1990,23475.0
smr,San Marino,1991,23797.0
smr,San Marino,1992,24125.0
smr,San Marino,1993,24472.0
smr,San Marino,1994,24823.0
smr,San Marino,1995,25158.0
smr,San Marino,1996,25482.0
smr,San Marino,1997,25800.0
smr,San Marino,1998,26125.0
smr,San Marino,1999,26459.0
smr,San Marino,2000,26799.0
smr,San Marino,2001,27143.0
smr,San Marino,2002,27491.0
smr,San Marino,2003,27843.0
smr,San Marino,2004,28203.0
smr,San Marino,2005,28572.0
smr,San Marino,2006,28942.0
smr,San Marino,2007,29316.0
smr,San Marino,2008,29701.0
smr,San Marino,2009,30090.0
smr,San Marino,2010,30624.0
smr,San Marino,2011,32169.0
smr,San Marino,2012,33467.0
smr,San Marino,2013,33620.0
smr,San Marino,2014,33725.0
smr,San Marino,2015,33901.0
smr,San Marino,2016,34161.0
smr,San Marino,2017,34378.0
smr,San Marino,2018,34529.0
smr,San Marino,2019,34653.0
smr,San Marino,2020,34769.0
smr,San Marino,2021,34572.0
smr,San Marino,2022,34090.0
smr,San Marino,2023,33733.0
smr,San Marino,2024,33581.0
smr,San Marino,2025,33572.0
som,Somalia,1900,1520199.0
som,Somalia,1901,1524134.0
som,Somalia,1902,1528080.0
som,Somalia,1903,1532035.0
som,Somalia,1904,1536000.0
som,Somalia,1905,1539975.0
som,Somalia,1906,1543961.0
som,Somalia,1907,1547956.0
som,Somalia,1908,1551961.0
som,Somalia,1909,1555665.0
som,Somalia,1910,1559065.0
som,Somalia,1911,1562161.0
som,Somalia,1912,1564951.0
som,Somalia,1913,1567435.0
som,Somalia,1914,1569923.0
som,Somalia,1915,1572414.0
som,Somalia,1916,1574909.0
som,Somalia,1917,1577407.0
som,Somalia,1918,1580562.0
som,Somalia,1919,1586262.0
som,Somalia,1920,1594538.0
som,Somalia,1921,1605421.0
som,Somalia,1922,1618941.0
som,Somalia,1923,1635130.0
som,Somalia,1924,1651481.0
som,Somalia,1925,1667996.0
som,Somalia,1926,1684676.0
som,Somalia,1927,1701523.0
som,Somalia,1928,1718538.0
som,Somalia,1929,1735022.0
som,Somalia,1930,1750965.0
som,Somalia,1931,1766354.0
som,Somalia,1932,1781179.0
som,Somalia,1933,1795428.0
som,Somalia,1934,1809792.0
som,Somalia,1935,1824270.0
som,Somalia,1936,1838865.0
som,Somalia,1937,1853575.0
som,Somalia,1938,1868404.0
som,Somalia,1939,1886009.0
som,Somalia,1940,1906452.0
som,Somalia,1941,1929797.0
som,Somalia,1942,1956107.0
som,Somalia,1943,1985449.0
som,Somalia,1944,2015231.0
som,Somalia,1945,2045459.0
som,Somalia,1946,2076141.0
som,Somalia,1947,2107283.0
som,Somalia,1948,2138892.0
som,Somalia,1949,2174133.0
som,Somalia,1950,2213131.0
som,Somalia,1951,2276680.0
som,Somalia,1952,2340249.0
som,Somalia,1953,2403570.0
som,Somalia,1954,2467313.0
som,Somalia,1955,2532253.0
som,Somalia,1956,2598367.0
som,Somalia,1957,2665702.0
som,Somalia,1958,2733405.0
som,Somalia,1959,2803090.0
som,Somalia,1960,2876331.0
som,Somalia,1961,2952054.0
som,Somalia,1962,3030091.0
som,Somalia,1963,3110361.0
som,Somalia,1964,3192796.0
som,Somalia,1965,3277874.0
som,Somalia,1966,3365106.0
som,Somalia,1967,3454537.0
som,Somalia,1968,3546590.0
som,Somalia,1969,3641015.0
som,Somalia,1970,3738448.0
som,Somalia,1971,3837691.0
som,Somalia,1972,3939436.0
som,Somalia,1973,4045592.0
som,Somalia,1974,4151842.0
som,Somalia,1975,4257535.0
som,Somalia,1976,4365812.0
som,Somalia,1977,4484050.0
som,Somalia,1978,4814892.0
som,Somalia,1979,5449117.0
som,Somalia,1980,5936154.0
som,Somalia,1981,5982849.0
som,Somalia,1982,6003840.0
som,Somalia,1983,6198430.0
som,Somalia,1984,6428389.0
som,Somalia,1985,6693289.0
som,Somalia,1986,6974788.0
som,Somalia,1987,7228302.0
som,Somalia,1988,7235360.0
som,Somalia,1989,7114817.0
som,Somalia,1990,7082811.0
som,Somalia,1991,6813760.0
som,Somalia,1992,6495107.0
som,Somalia,1993,6681399.0
som,Somalia,1994,7026797.0
som,Somalia,1995,7285007.0
som,Somalia,1996,7554474.0
som,Somalia,1997,7824525.0
som,Somalia,1998,8155417.0
som,Somalia,1999,8492059.0
som,Somalia,2000,8838713.0
som,Somalia,2001,9198493.0
som,Somalia,2002,9550063.0
som,Somalia,2003,9909157.0
som,Somalia,2004,10280998.0
som,Somalia,2005,10644228.0
som,Somalia,2006,10975502.0
som,Somalia,2007,11322582.0
som,Somalia,2008,11663084.0
som,Somalia,2009,11961201.0
som,Somalia,2010,12261756.0
som,Somalia,2011,12348830.0
som,Somalia,2012,12461160.0
som,Somalia,2013,12869594.0
som,Somalia,2014,13339491.0
som,Somalia,2015,13806963.0
som,Somalia,2016,14348740.0
som,Somalia,2017,14916629.0
som,Somalia,2018,15452487.0
som,Somalia,2019,16030971.0
som,Somalia,2020,16651191.0
som,Somalia,2021,17271431.0
som,Somalia,2022,17801897.0
som,Somalia,2023,18358615.0
som,Somalia,2024,19009151.0
som,Somalia,2025,19654739.0
srb,Serbia,1900,2311473.0
srb,Serbia,1901,2342705.0
srb,Serbia,1902,2374919.0
srb,Serbia,1903,2408134.0
srb,Serbia,1904,2441808.0
srb,Serbia,1905,2475946.0
srb,Serbia,1906,2510555.0
srb,Serbia,1907,2545641.0
srb,Serbia,1908,2581211.0
srb,Serbia,1909,2620179.0
srb,Serbia,1910,2662647.0
srb,Serbia,1911,2708713.0
srb,Serbia,1912,2758484.0
srb,Serbia,1913,2812064.0
srb,Serbia,1914,2866677.0
srb,Serbia,1915,2922343.0
srb,Serbia,1916,2979082.0
srb,Serbia,1917,3036914.0
srb,Serbia,1918,3100961.0
srb,Serbia,1919,3166358.0
srb,Serbia,1920,3233134.0
srb,Serbia,1921,3301318.0
srb,Serbia,1922,3370940.0
srb,Serbia,1923,3442031.0
srb,Serbia,1924,3514621.0
srb,Serbia,1925,3588741.0
srb,Serbia,1926,3664425.0
srb,Serbia,1927,3741705.0
srb,Serbia,1928,3820615.0
srb,Serbia,1929,3901189.0
srb,Serbia,1930,3983462.0
srb,Serbia,1931,4067470.0
srb,Serbia,1932,4153250.0
srb,Serbia,1933,4240839.0
srb,Serbia,1934,4330275.0
srb,Serbia,1935,4421597.0
srb,Serbia,1936,4514845.0
srb,Serbia,1937,4610060.0
srb,Serbia,1938,4707283.0
srb,Serbia,1939,4806556.0
srb,Serbia,1940,4907922.0
srb,Serbia,1941,5011427.0
srb,Serbia,1942,5117114.0
srb,Serbia,1943,5225030.0
srb,Serbia,1944,5335222.0
srb,Serbia,1945,5447738.0
srb,Serbia,1946,5562626.0
srb,Serbia,1947,5679938.0
srb,Serbia,1948,5799724.0
srb,Serbia,1949,5909592.0
srb,Serbia,1950,6009201.0
srb,Serbia,1951,6067042.0
srb,Serbia,1952,6127270.0
srb,Serbia,1953,6192410.0
srb,Serbia,1954,6266886.0
srb,Serbia,1955,6346327.0
srb,Serbia,1956,6422768.0
srb,Serbia,1957,6496450.0
srb,Serbia,1958,6567233.0
srb,Serbia,1959,6635217.0
srb,Serbia,1960,6702962.0
srb,Serbia,1961,6771394.0
srb,Serbia,1962,6838635.0
srb,Serbia,1963,6904162.0
srb,Serbia,1964,6968213.0
srb,Serbia,1965,7031133.0
srb,Serbia,1966,7093227.0
srb,Serbia,1967,7154389.0
srb,Serbia,1968,7214020.0
srb,Serbia,1969,7271051.0
srb,Serbia,1970,7324425.0
srb,Serbia,1971,7375140.0
srb,Serbia,1972,7424739.0
srb,Serbia,1973,7473514.0
srb,Serbia,1974,7522485.0
srb,Serbia,1975,7572438.0
srb,Serbia,1976,7622703.0
srb,Serbia,1977,7671484.0
srb,Serbia,1978,7716931.0
srb,Serbia,1979,7758212.0
srb,Serbia,1980,7796280.0
srb,Serbia,1981,7827856.0
srb,Serbia,1982,7849649.0
srb,Serbia,1983,7864593.0
srb,Serbia,1984,7875051.0
srb,Serbia,1985,7881548.0
srb,Serbia,1986,7884579.0
srb,Serbia,1987,7885359.0
srb,Serbia,1988,7884456.0
srb,Serbia,1989,7881274.0
srb,Serbia,1990,7874594.0
srb,Serbia,1991,7867067.0
srb,Serbia,1992,7859809.0
srb,Serbia,1993,7849725.0
srb,Serbia,1994,7837158.0
srb,Serbia,1995,7823284.0
srb,Serbia,1996,7807721.0
srb,Serbia,1997,7789182.0
srb,Serbia,1998,7765922.0
srb,Serbia,1999,7734365.0
srb,Serbia,2000,7694605.0
srb,Serbia,2001,7651927.0
srb,Serbia,2002,7616743.0
srb,Serbia,2003,7590935.0
srb,Serbia,2004,7565841.0
srb,Serbia,2005,7539133.0
srb,Serbia,2006,7511394.0
srb,Serbia,2007,7482989.0
srb,Serbia,2008,7454279.0
srb,Serbia,2009,7425347.0
srb,Serbia,2010,7395864.0
srb,Serbia,2011,7364859.0
srb,Serbia,2012,7324623.0
srb,Serbia,2013,7276180.0
srb,Serbia,2014,7227203.0
srb,Serbia,2015,7177253.0
srb,Serbia,2016,7126083.0
srb,Serbia,2017,7073507.0
srb,Serbia,2018,7020019.0
srb,Serbia,2019,6966153.0
srb,Serbia,2020,6907812.0
srb,Serbia,2021,6835430.0
srb,Serbia,2022,6791213.0
srb,Serbia,2023,6773201.0
srb,Serbia,2024,6736216.0
srb,Serbia,2025,6689039.0
ssd,South Sudan,1900,1863818.0
ssd,South Sudan,1901,1879318.0
ssd,South Sudan,1902,1894920.0
ssd,South Sudan,1903,1910624.0
ssd,South Sudan,1904,1926429.0
ssd,South Sudan,1905,1942338.0
ssd,South Sudan,1906,1958350.0
ssd,South Sudan,1907,1974467.0
ssd,South Sudan,1908,1990688.0
ssd,South Sudan,1909,2007015.0
ssd,South Sudan,1910,2023447.0
ssd,South Sudan,1911,2039798.0
ssd,South Sudan,1912,2056443.0
ssd,South Sudan,1913,2073195.0
ssd,South Sudan,1914,2090056.0
ssd,South Sudan,1915,2107026.0
ssd,South Sudan,1916,2124106.0
ssd,South Sudan,1917,2141297.0
ssd,South Sudan,1918,2150837.0
ssd,South Sudan,1919,2160421.0
ssd,South Sudan,1920,2170046.0
ssd,South Sudan,1921,2179716.0
ssd,South Sudan,1922,2189428.0
ssd,South Sudan,1923,2199184.0
ssd,South Sudan,1924,2208983.0
ssd,South Sudan,1925,2218825.0
ssd,South Sudan,1926,2228711.0
ssd,South Sudan,1927,2238642.0
ssd,South Sudan,1928,2248617.0
ssd,South Sudan,1929,2258636.0
ssd,South Sudan,1930,2268700.0
ssd,South Sudan,1931,2278808.0
ssd,South Sudan,1932,2288962.0
ssd,South Sudan,1933,2299161.0
ssd,South Sudan,1934,2309405.0
ssd,South Sudan,1935,2319695.0
ssd,South Sudan,1936,2330031.0
ssd,South Sudan,1937,2340413.0
ssd,South Sudan,1938,2350841.0
ssd,South Sudan,1939,2361315.0
ssd,South Sudan,1940,2371837.0
ssd,South Sudan,1941,2382405.0
ssd,South Sudan,1942,2393021.0
ssd,South Sudan,1943,2403683.0
ssd,South Sudan,1944,2414393.0
ssd,South Sudan,1945,2425151.0
ssd,South Sudan,1946,2435956.0
ssd,South Sudan,1947,2446810.0
ssd,South Sudan,1948,2457713.0
ssd,South Sudan,1949,2468664.0
ssd,South Sudan,1950,2493283.0
ssd,South Sudan,1951,2529620.0
ssd,South Sudan,1952,2569209.0
ssd,South Sudan,1953,2611733.0
ssd,South Sudan,1954,2657093.0
ssd,South Sudan,1955,2705082.0
ssd,South Sudan,1956,2754592.0
ssd,South Sudan,1957,2804096.0
ssd,South Sudan,1958,2848354.0
ssd,South Sudan,1959,2888785.0
ssd,South Sudan,1960,2931559.0
ssd,South Sudan,1961,2976724.0
ssd,South Sudan,1962,3024308.0
ssd,South Sudan,1963,3072669.0
ssd,South Sudan,1964,3129918.0
ssd,South Sudan,1965,3189835.0
ssd,South Sudan,1966,3236423.0
ssd,South Sudan,1967,3277648.0
ssd,South Sudan,1968,3321528.0
ssd,South Sudan,1969,3365533.0
ssd,South Sudan,1970,3409614.0
ssd,South Sudan,1971,3468646.0
ssd,South Sudan,1972,3542497.0
ssd,South Sudan,1973,3627383.0
ssd,South Sudan,1974,3723259.0
ssd,South Sudan,1975,3821494.0
ssd,South Sudan,1976,3921910.0
ssd,South Sudan,1977,4024032.0
ssd,South Sudan,1978,4127657.0
ssd,South Sudan,1979,4232605.0
ssd,South Sudan,1980,4339030.0
ssd,South Sudan,1981,4447272.0
ssd,South Sudan,1982,4557686.0
ssd,South Sudan,1983,4661574.0
ssd,South Sudan,1984,4750627.0
ssd,South Sudan,1985,4834296.0
ssd,South Sudan,1986,4921240.0
ssd,South Sudan,1987,4962395.0
ssd,South Sudan,1988,4848029.0
ssd,South Sudan,1989,4713229.0
ssd,South Sudan,1990,4737633.0
ssd,South Sudan,1991,4836677.0
ssd,South Sudan,1992,4909749.0
ssd,South Sudan,1993,4956002.0
ssd,South Sudan,1994,5071184.0
ssd,South Sudan,1995,5225836.0
ssd,South Sudan,1996,5356925.0
ssd,South Sudan,1997,5509136.0
ssd,South Sudan,1998,5620068.0
ssd,South Sudan,1999,5771628.0
ssd,South Sudan,2000,6032267.0
ssd,South Sudan,2001,6308391.0
ssd,South Sudan,2002,6596806.0
ssd,South Sudan,2003,6903127.0
ssd,South Sudan,2004,7233041.0
ssd,South Sudan,2005,7590143.0
ssd,South Sudan,2006,7976526.0
ssd,South Sudan,2007,8388788.0
ssd,South Sudan,2008,8817647.0
ssd,South Sudan,2009,9243556.0
ssd,South Sudan,2010,9745953.0
ssd,South Sudan,2011,10288109.0
ssd,South Sudan,2012,10756240.0
ssd,South Sudan,2013,11166275.0
ssd,South Sudan,2014,11235073.0
ssd,South Sudan,2015,11107561.0
ssd,South Sudan,2016,10830102.0
ssd,South Sudan,2017,10259154.0
ssd,South Sudan,2018,10122977.0
ssd,South Sudan,2019,10423384.0
ssd,South Sudan,2020,10698467.0
ssd,South Sudan,2021,10865780.0
ssd,South Sudan,2022,11021177.0
ssd,South Sudan,2023,11483374.0
ssd,South Sudan,2024,11943408.0
ssd,South Sudan,2025,12188788.0
stp,Sao Tome and Principe,1900,41228.0
stp,Sao Tome and Principe,1901,42350.0
stp,Sao Tome and Principe,1902,43777.0
stp,Sao Tome and Principe,1903,45521.0
stp,Sao Tome and Principe,1904,47335.0
stp,Sao Tome and Principe,1905,49221.0
stp,Sao Tome and Principe,1906,51183.0
stp,Sao Tome and Principe,1907,53222.0
stp,Sao Tome and Principe,1908,55343.0
stp,Sao Tome and Principe,1909,57013.0
stp,Sao Tome and Principe,1910,58216.0
stp,Sao Tome and Principe,1911,58936.0
stp,Sao Tome and Principe,1912,59157.0
stp,Sao Tome and Principe,1913,58862.0
stp,Sao Tome and Principe,1914,58568.0
stp,Sao Tome and Principe,1915,58275.0
stp,Sao Tome and Principe,1916,57984.0
stp,Sao Tome and Principe,1917,57694.0
stp,Sao Tome and Principe,1918,57394.0
stp,Sao Tome and Principe,1919,57233.0
stp,Sao Tome and Principe,1920,57211.0
stp,Sao Tome and Principe,1921,57330.0
stp,Sao Tome and Principe,1922,57588.0
stp,Sao Tome and Principe,1923,57987.0
stp,Sao Tome and Principe,1924,58388.0
stp,Sao Tome and Principe,1925,58793.0
stp,Sao Tome and Principe,1926,59200.0
stp,Sao Tome and Principe,1927,59609.0
stp,Sao Tome and Principe,1928,60022.0
stp,Sao Tome and Principe,1929,60374.0
stp,Sao Tome and Principe,1930,60663.0
stp,Sao Tome and Principe,1931,60890.0
stp,Sao Tome and Principe,1932,61055.0
stp,Sao Tome and Principe,1933,61156.0
stp,Sao Tome and Principe,1934,61257.0
stp,Sao Tome and Principe,1935,61358.0
stp,Sao Tome and Principe,1936,61460.0
stp,Sao Tome and Principe,1937,61562.0
stp,Sao Tome and Principe,1938,61663.0
stp,Sao Tome and Principe,1939,61719.0
stp,Sao Tome and Principe,1940,61728.0
stp,Sao Tome and Principe,1941,61691.0
stp,Sao Tome and Principe,1942,61608.0
stp,Sao Tome and Principe,1943,61478.0
stp,Sao Tome and Principe,1944,61349.0
stp,Sao Tome and Principe,1945,61220.0
stp,Sao Tome and Principe,1946,61092.0
stp,Sao Tome and Principe,1947,60963.0
stp,Sao Tome and Principe,1948,60835.0
stp,Sao Tome and Principe,1949,60805.0
stp,Sao Tome and Principe,1950,60874.0
stp,Sao Tome and Principe,1951,61761.0
stp,Sao Tome and Principe,1952,62593.0
stp,Sao Tome and Principe,1953,63327.0
stp,Sao Tome and Principe,1954,63987.0
stp,Sao Tome and Principe,1955,64606.0
stp,Sao Tome and Principe,1956,65225.0
stp,Sao Tome and Principe,1957,65871.0
stp,Sao Tome and Principe,1958,66558.0
stp,Sao Tome and Principe,1959,67291.0
stp,Sao Tome and Principe,1960,68012.0
stp,Sao Tome and Principe,1961,68707.0
stp,Sao Tome and Principe,1962,69403.0
stp,Sao Tome and Principe,1963,70112.0
stp,Sao Tome and Principe,1964,70865.0
stp,Sao Tome and Principe,1965,71680.0
stp,Sao Tome and Principe,1966,72576.0
stp,Sao Tome and Principe,1967,73596.0
stp,Sao Tome and Principe,1968,74765.0
stp,Sao Tome and Principe,1969,76083.0
stp,Sao Tome and Principe,1970,77626.0
stp,Sao Tome and Principe,1971,79330.0
stp,Sao Tome and Principe,1972,81041.0
stp,Sao Tome and Principe,1973,82798.0
stp,Sao Tome and Principe,1974,84672.0
stp,Sao Tome and Principe,1975,86708.0
stp,Sao Tome and Principe,1976,88922.0
stp,Sao Tome and Principe,1977,91301.0
stp,Sao Tome and Principe,1978,93794.0
stp,Sao Tome and Principe,1979,96252.0
stp,Sao Tome and Principe,1980,98544.0
stp,Sao Tome and Principe,1981,100615.0
stp,Sao Tome and Principe,1982,102508.0
stp,Sao Tome and Principe,1983,104380.0
stp,Sao Tome and Principe,1984,106394.0
stp,Sao Tome and Principe,1985,108658.0
stp,Sao Tome and Principe,1986,111150.0
stp,Sao Tome and Principe,1987,113919.0
stp,Sao Tome and Principe,1988,116939.0
stp,Sao Tome and Principe,1989,119979.0
stp,Sao Tome and Principe,1990,122980.0
stp,Sao Tome and Principe,1991,125697.0
stp,Sao Tome and Principe,1992,128110.0
stp,Sao Tome and Principe,1993,130467.0
stp,Sao Tome and Principe,1994,132732.0
stp,Sao Tome and Principe,1995,134895.0
stp,Sao Tome and Principe,1996,136962.0
stp,Sao Tome and Principe,1997,138922.0
stp,Sao Tome and Principe,1998,140751.0
stp,Sao Tome and Principe,1999,142442.0
stp,Sao Tome and Principe,2000,144018.0
stp,Sao Tome and Principe,2001,146375.0
stp,Sao Tome and Principe,2002,149922.0
stp,Sao Tome and Principe,2003,153814.0
stp,Sao Tome and Principe,2004,157705.0
stp,Sao Tome and Principe,2005,161639.0
stp,Sao Tome and Principe,2006,165638.0
stp,Sao Tome and Principe,2007,169700.0
stp,Sao Tome and Principe,2008,173793.0
stp,Sao Tome and Principe,2009,177853.0
stp,Sao Tome and Principe,2010,181802.0
stp,Sao Tome and Principe,2011,185649.0
stp,Sao Tome and Principe,2012,189439.0
stp,Sao Tome and Principe,2013,193148.0
stp,Sao Tome and Principe,2014,196767.0
stp,Sao Tome and Principe,2015,200291.0
stp,Sao Tome and Principe,2016,203689.0
stp,Sao Tome and Principe,2017,206970.0
stp,Sao Tome and Principe,2018,210187.0
stp,Sao Tome and Principe,2019,213392.0
stp,Sao Tome and Principe,2020,217435.0
stp,Sao Tome and Principe,2021,221961.0
stp,Sao Tome and Principe,2022,226305.0
stp,Sao Tome and Principe,2023,230871.0
stp,Sao Tome and Principe,2024,235536.0
stp,Sao Tome and Principe,2025,240254.0
sur,Suriname,1900,88346.0
sur,Suriname,1901,88407.0
sur,Suriname,1902,88467.0
sur,Suriname,1903,88528.0
sur,Suriname,1904,88589.0
sur,Suriname,1905,88649.0
sur,Suriname,1906,88710.0
sur,Suriname,1907,88770.0
sur,Suriname,1908,88830.0
sur,Suriname,1909,89509.0
sur,Suriname,1910,90828.0
sur,Suriname,1911,92808.0
sur,Suriname,1912,95474.0
sur,Suriname,1913,98849.0
sur,Suriname,1914,102344.0
sur,Suriname,1915,105961.0
sur,Suriname,1916,109707.0
sur,Suriname,1917,113584.0
sur,Suriname,1918,117734.0
sur,Suriname,1919,121411.0
sur,Suriname,1920,124591.0
sur,Suriname,1921,127249.0
sur,Suriname,1922,129359.0
sur,Suriname,1923,130891.0
sur,Suriname,1924,132442.0
sur,Suriname,1925,134011.0
sur,Suriname,1926,135599.0
sur,Suriname,1927,137206.0
sur,Suriname,1928,138831.0
sur,Suriname,1929,140669.0
sur,Suriname,1930,142724.0
sur,Suriname,1931,145003.0
sur,Suriname,1932,147513.0
sur,Suriname,1933,150260.0
sur,Suriname,1934,153058.0
sur,Suriname,1935,155908.0
sur,Suriname,1936,158811.0
sur,Suriname,1937,161768.0
sur,Suriname,1938,164781.0
sur,Suriname,1939,167635.0
sur,Suriname,1940,170327.0
sur,Suriname,1941,172849.0
sur,Suriname,1942,175197.0
sur,Suriname,1943,177364.0
sur,Suriname,1944,179558.0
sur,Suriname,1945,181779.0
sur,Suriname,1946,184027.0
sur,Suriname,1947,186303.0
sur,Suriname,1948,188608.0
sur,Suriname,1949,191684.0
sur,Suriname,1950,195565.0
sur,Suriname,1951,200503.0
sur,Suriname,1952,206352.0
sur,Suriname,1953,212362.0
sur,Suriname,1954,218623.0
sur,Suriname,1955,225195.0
sur,Suriname,1956,232142.0
sur,Suriname,1957,239484.0
sur,Suriname,1958,247234.0
sur,Suriname,1959,255386.0
sur,Suriname,1960,263918.0
sur,Suriname,1961,272791.0
sur,Suriname,1962,283912.0
sur,Suriname,1963,297034.0
sur,Suriname,1964,309041.0
sur,Suriname,1965,320000.0
sur,Suriname,1966,331135.0
sur,Suriname,1967,342679.0
sur,Suriname,1968,354616.0
sur,Suriname,1969,366906.0
sur,Suriname,1970,379442.0
sur,Suriname,1971,391932.0
sur,Suriname,1972,397413.0
sur,Suriname,1973,395772.0
sur,Suriname,1974,393676.0
sur,Suriname,1975,391170.0
sur,Suriname,1976,388289.0
sur,Suriname,1977,385067.0
sur,Suriname,1978,381502.0
sur,Suriname,1979,377602.0
sur,Suriname,1980,375377.0
sur,Suriname,1981,375459.0
sur,Suriname,1982,376555.0
sur,Suriname,1983,378746.0
sur,Suriname,1984,382193.0
sur,Suriname,1985,386972.0
sur,Suriname,1986,392330.0
sur,Suriname,1987,396911.0
sur,Suriname,1988,402227.0
sur,Suriname,1989,408409.0
sur,Suriname,1990,412493.0
sur,Suriname,1991,415013.0
sur,Suriname,1992,417589.0
sur,Suriname,1993,419352.0
sur,Suriname,1994,422375.0
sur,Suriname,1995,429606.0
sur,Suriname,1996,438830.0
sur,Suriname,1997,448067.0
sur,Suriname,1998,457406.0
sur,Suriname,1999,466916.0
sur,Suriname,2000,476643.0
sur,Suriname,2001,486560.0
sur,Suriname,2002,496551.0
sur,Suriname,2003,506414.0
sur,Suriname,2004,513923.0
sur,Suriname,2005,519313.0
sur,Suriname,2006,524997.0
sur,Suriname,2007,531016.0
sur,Suriname,2008,537245.0
sur,Suriname,2009,543568.0
sur,Suriname,2010,549923.0
sur,Suriname,2011,556269.0
sur,Suriname,2012,562633.0
sur,Suriname,2013,569020.0
sur,Suriname,2014,575373.0
sur,Suriname,2015,581627.0
sur,Suriname,2016,587757.0
sur,Suriname,2017,593713.0
sur,Suriname,2018,599513.0
sur,Suriname,2019,605768.0
sur,Suriname,2020,612317.0
sur,Suriname,2021,617896.0
sur,Suriname,2022,623164.0
sur,Suriname,2023,628886.0
sur,Suriname,2024,634431.0
sur,Suriname,2025,639850.0
svk,Slovak Republic,1900,2866017.0
svk,Slovak Republic,1901,2876397.0
svk,Slovak Republic,1902,2886814.0
svk,Slovak Republic,1903,2897269.0
svk,Slovak Republic,1904,2907762.0
svk,Slovak Republic,1905,2918293.0
svk,Slovak Republic,1906,2928862.0
svk,Slovak Republic,1907,2939469.0
svk,Slovak Republic,1908,2950114.0
svk,Slovak Republic,1909,2960798.0
svk,Slovak Republic,1910,2971521.0
svk,Slovak Republic,1911,2982283.0
svk,Slovak Republic,1912,2993083.0
svk,Slovak Republic,1913,3003923.0
svk,Slovak Republic,1914,3014802.0
svk,Slovak Republic,1915,3025720.0
svk,Slovak Republic,1916,3036678.0
svk,Slovak Republic,1917,3047675.0
svk,Slovak Republic,1918,3058976.0
svk,Slovak Republic,1919,3070319.0
svk,Slovak Republic,1920,3081704.0
svk,Slovak Republic,1921,3093131.0
svk,Slovak Republic,1922,3104600.0
svk,Slovak Republic,1923,3116112.0
svk,Slovak Republic,1924,3127667.0
svk,Slovak Republic,1925,3139264.0
svk,Slovak Republic,1926,3150905.0
svk,Slovak Republic,1927,3162588.0
svk,Slovak Republic,1928,3174316.0
svk,Slovak Republic,1929,3186086.0
svk,Slovak Republic,1930,3197900.0
svk,Slovak Republic,1931,3209758.0
svk,Slovak Republic,1932,3221660.0
svk,Slovak Republic,1933,3233606.0
svk,Slovak Republic,1934,3245596.0
svk,Slovak Republic,1935,3257631.0
svk,Slovak Republic,1936,3269711.0
svk,Slovak Republic,1937,3281835.0
svk,Slovak Republic,1938,3294004.0
svk,Slovak Republic,1939,3306218.0
svk,Slovak Republic,1940,3318478.0
svk,Slovak Republic,1941,3330783.0
svk,Slovak Republic,1942,3343134.0
svk,Slovak Republic,1943,3355530.0
svk,Slovak Republic,1944,3367973.0
svk,Slovak Republic,1945,3380461.0
svk,Slovak Republic,1946,3392996.0
svk,Slovak Republic,1947,3405578.0
svk,Slovak Republic,1948,3418206.0
svk,Slovak Republic,1949,3438218.0
svk,Slovak Republic,1950,3465747.0
svk,Slovak Republic,1951,3525376.0
svk,Slovak Republic,1952,3591860.0
svk,Slovak Republic,1953,3660079.0
svk,Slovak Republic,1954,3728032.0
svk,Slovak Republic,1955,3797353.0
svk,Slovak Republic,1956,3868269.0
svk,Slovak Republic,1957,3936832.0
svk,Slovak Republic,1958,4002695.0
svk,Slovak Republic,1959,4064674.0
svk,Slovak Republic,1960,4124442.0
svk,Slovak Republic,1961,4185342.0
svk,Slovak Republic,1962,4235790.0
svk,Slovak Republic,1963,4278462.0
svk,Slovak Republic,1964,4323292.0
svk,Slovak Republic,1965,4365047.0
svk,Slovak Republic,1966,4402202.0
svk,Slovak Republic,1967,4436104.0
svk,Slovak Republic,1968,4466440.0
svk,Slovak Republic,1969,4495038.0
svk,Slovak Republic,1970,4525871.0
svk,Slovak Republic,1971,4560418.0
svk,Slovak Republic,1972,4599800.0
svk,Slovak Republic,1973,4643676.0
svk,Slovak Republic,1974,4690645.0
svk,Slovak Republic,1975,4739166.0
svk,Slovak Republic,1976,4788510.0
svk,Slovak Republic,1977,4837712.0
svk,Slovak Republic,1978,4885727.0
svk,Slovak Republic,1979,4933447.0
svk,Slovak Republic,1980,4976655.0
svk,Slovak Republic,1981,5014958.0
svk,Slovak Republic,1982,5051807.0
svk,Slovak Republic,1983,5086445.0
svk,Slovak Republic,1984,5119386.0
svk,Slovak Republic,1985,5151166.0
svk,Slovak Republic,1986,5180088.0
svk,Slovak Republic,1987,5205880.0
svk,Slovak Republic,1988,5229676.0
svk,Slovak Republic,1989,5249931.0
svk,Slovak Republic,1990,5266078.0
svk,Slovak Republic,1991,5284874.0
svk,Slovak Republic,1992,5306436.0
svk,Slovak Republic,1993,5326360.0
svk,Slovak Republic,1994,5343231.0
svk,Slovak Republic,1995,5354282.0
svk,Slovak Republic,1996,5362428.0
svk,Slovak Republic,1997,5369779.0
svk,Slovak Republic,1998,5374796.0
svk,Slovak Republic,1999,5378104.0
svk,Slovak Republic,2000,5379999.0
svk,Slovak Republic,2001,5379437.0
svk,Slovak Republic,2002,5377688.0
svk,Slovak Republic,2003,5376196.0
svk,Slovak Republic,2004,5376038.0
svk,Slovak Republic,2005,5376695.0
svk,Slovak Republic,2006,5376846.0
svk,Slovak Republic,2007,5376999.0
svk,Slovak Republic,2008,5379120.0
svk,Slovak Republic,2009,5385073.0
svk,Slovak Republic,2010,5391851.0
svk,Slovak Republic,2011,5398109.0
svk,Slovak Republic,2012,5404871.0
svk,Slovak Republic,2013,5410422.0
svk,Slovak Republic,2014,5415230.0
svk,Slovak Republic,2015,5420278.0
svk,Slovak Republic,2016,5427259.0
svk,Slovak Republic,2017,5435700.0
svk,Slovak Republic,2018,5443232.0
svk,Slovak Republic,2019,5450626.0
svk,Slovak Republic,2020,5455024.0
svk,Slovak Republic,2021,5442759.0
svk,Slovak Republic,2022,5473197.0
svk,Slovak Republic,2023,5518055.0
svk,Slovak Republic,2024,5506760.0
svk,Slovak Republic,2025,5474881.0
svn,Slovenia,1900,937844.0
svn,Slovenia,1901,945916.0
svn,Slovenia,1902,954057.0
svn,Slovenia,1903,962268.0
svn,Slovenia,1904,970549.0
svn,Slovenia,1905,978902.0
svn,Slovenia,1906,987327.0
svn,Slovenia,1907,995824.0
svn,Slovenia,1908,1004395.0
svn,Slovenia,1909,1013039.0
svn,Slovenia,1910,1021757.0
svn,Slovenia,1911,1030550.0
svn,Slovenia,1912,1039419.0
svn,Slovenia,1913,1048365.0
svn,Slovenia,1914,1057387.0
svn,Slovenia,1915,1066487.0
svn,Slovenia,1916,1075665.0
svn,Slovenia,1917,1084922.0
svn,Slovenia,1918,1094473.0
svn,Slovenia,1919,1104109.0
svn,Slovenia,1920,1113829.0
svn,Slovenia,1921,1123635.0
svn,Slovenia,1922,1133527.0
svn,Slovenia,1923,1143506.0
svn,Slovenia,1924,1153573.0
svn,Slovenia,1925,1163729.0
svn,Slovenia,1926,1173974.0
svn,Slovenia,1927,1184310.0
svn,Slovenia,1928,1194736.0
svn,Slovenia,1929,1205254.0
svn,Slovenia,1930,1215865.0
svn,Slovenia,1931,1226569.0
svn,Slovenia,1932,1237367.0
svn,Slovenia,1933,1248261.0
svn,Slovenia,1934,1259250.0
svn,Slovenia,1935,1270336.0
svn,Slovenia,1936,1281520.0
svn,Slovenia,1937,1292802.0
svn,Slovenia,1938,1304183.0
svn,Slovenia,1939,1315665.0
svn,Slovenia,1940,1327248.0
svn,Slovenia,1941,1338933.0
svn,Slovenia,1942,1350720.0
svn,Slovenia,1943,1362611.0
svn,Slovenia,1944,1374608.0
svn,Slovenia,1945,1386709.0
svn,Slovenia,1946,1398917.0
svn,Slovenia,1947,1411233.0
svn,Slovenia,1948,1423657.0
svn,Slovenia,1949,1435369.0
svn,Slovenia,1950,1446358.0
svn,Slovenia,1951,1462727.0
svn,Slovenia,1952,1479662.0
svn,Slovenia,1953,1497553.0
svn,Slovenia,1954,1515598.0
svn,Slovenia,1955,1532630.0
svn,Slovenia,1956,1548764.0
svn,Slovenia,1957,1564149.0
svn,Slovenia,1958,1578541.0
svn,Slovenia,1959,1592111.0
svn,Slovenia,1960,1605074.0
svn,Slovenia,1961,1618560.0
svn,Slovenia,1962,1633081.0
svn,Slovenia,1963,1647437.0
svn,Slovenia,1964,1661346.0
svn,Slovenia,1965,1675318.0
svn,Slovenia,1966,1689636.0
svn,Slovenia,1967,1703870.0
svn,Slovenia,1968,1716926.0
svn,Slovenia,1969,1728683.0
svn,Slovenia,1970,1739861.0
svn,Slovenia,1971,1752711.0
svn,Slovenia,1972,1768217.0
svn,Slovenia,1973,1784572.0
svn,Slovenia,1974,1801036.0
svn,Slovenia,1975,1817598.0
svn,Slovenia,1976,1834357.0
svn,Slovenia,1977,1851321.0
svn,Slovenia,1978,1868518.0
svn,Slovenia,1979,1885906.0
svn,Slovenia,1980,1903069.0
svn,Slovenia,1981,1914592.0
svn,Slovenia,1982,1917975.0
svn,Slovenia,1983,1923354.0
svn,Slovenia,1984,1932706.0
svn,Slovenia,1985,1941472.0
svn,Slovenia,1986,1964835.0
svn,Slovenia,1987,1988021.0
svn,Slovenia,1988,1993516.0
svn,Slovenia,1989,1995458.0
svn,Slovenia,1990,1998007.0
svn,Slovenia,1991,1999193.0
svn,Slovenia,1992,1995859.0
svn,Slovenia,1993,1990811.0
svn,Slovenia,1994,1988262.0
svn,Slovenia,1995,1988095.0
svn,Slovenia,1996,1986793.0
svn,Slovenia,1997,1984398.0
svn,Slovenia,1998,1980064.0
svn,Slovenia,1999,1981194.0
svn,Slovenia,2000,1986816.0
svn,Slovenia,2001,1989679.0
svn,Slovenia,2002,1991572.0
svn,Slovenia,2003,1992490.0
svn,Slovenia,2004,1993545.0
svn,Slovenia,2005,1996914.0
svn,Slovenia,2006,2003114.0
svn,Slovenia,2007,2014158.0
svn,Slovenia,2008,2025085.0
svn,Slovenia,2009,2035608.0
svn,Slovenia,2010,2044612.0
svn,Slovenia,2011,2048804.0
svn,Slovenia,2012,2053321.0
svn,Slovenia,2013,2056441.0
svn,Slovenia,2014,2058401.0
svn,Slovenia,2015,2059947.0
svn,Slovenia,2016,2061373.0
svn,Slovenia,2017,2062410.0
svn,Slovenia,2018,2069481.0
svn,Slovenia,2019,2083439.0
svn,Slovenia,2020,2102419.0
svn,Slovenia,2021,2113494.0
svn,Slovenia,2022,2115228.0
svn,Slovenia,2023,2118396.0
svn,Slovenia,2024,2118697.0
svn,Slovenia,2025,2117072.0
swe,Sweden,1900,5124570.0
swe,Sweden,1901,5158142.0
swe,Sweden,1902,5191391.0
swe,Sweden,1903,5224312.0
swe,Sweden,1904,5257441.0
swe,Sweden,1905,5290781.0
swe,Sweden,1906,5324332.0
swe,Sweden,1907,5358095.0
swe,Sweden,1908,5392073.0
swe,Sweden,1909,5427649.0
swe,Sweden,1910,5464846.0
swe,Sweden,1911,5503682.0
swe,Sweden,1912,5544180.0
swe,Sweden,1913,5586362.0
swe,Sweden,1914,5628864.0
swe,Sweden,1915,5671689.0
swe,Sweden,1916,5714840.0
swe,Sweden,1917,5758320.0
swe,Sweden,1918,5801927.0
swe,Sweden,1919,5841959.0
swe,Sweden,1920,5878372.0
swe,Sweden,1921,5911121.0
swe,Sweden,1922,5940162.0
swe,Sweden,1923,5965451.0
swe,Sweden,1924,5990847.0
swe,Sweden,1925,6016351.0
swe,Sweden,1926,6041964.0
swe,Sweden,1927,6067686.0
swe,Sweden,1928,6093517.0
swe,Sweden,1929,6118664.0
swe,Sweden,1930,6143120.0
swe,Sweden,1931,6166880.0
swe,Sweden,1932,6189937.0
swe,Sweden,1933,6212287.0
swe,Sweden,1934,6234717.0
swe,Sweden,1935,6257229.0
swe,Sweden,1936,6279821.0
swe,Sweden,1937,6302495.0
swe,Sweden,1938,6325251.0
swe,Sweden,1939,6356103.0
swe,Sweden,1940,6395159.0
swe,Sweden,1941,6442528.0
swe,Sweden,1942,6498322.0
swe,Sweden,1943,6562653.0
swe,Sweden,1944,6627621.0
swe,Sweden,1945,6693232.0
swe,Sweden,1946,6759493.0
swe,Sweden,1947,6826409.0
swe,Sweden,1948,6893988.0
swe,Sweden,1949,6957398.0
swe,Sweden,1950,7016565.0
swe,Sweden,1951,7072881.0
swe,Sweden,1952,7124672.0
swe,Sweden,1953,7171426.0
swe,Sweden,1954,7213458.0
swe,Sweden,1955,7262329.0
swe,Sweden,1956,7315517.0
swe,Sweden,1957,7366881.0
swe,Sweden,1958,7414349.0
swe,Sweden,1959,7453559.0
swe,Sweden,1960,7484596.0
swe,Sweden,1961,7519998.0
swe,Sweden,1962,7561515.0
swe,Sweden,1963,7604199.0
swe,Sweden,1964,7661191.0
swe,Sweden,1965,7733007.0
swe,Sweden,1966,7805592.0
swe,Sweden,1967,7866404.0
swe,Sweden,1968,7912128.0
swe,Sweden,1969,7968011.0
swe,Sweden,1970,8042780.0
swe,Sweden,1971,8098102.0
swe,Sweden,1972,8122425.0
swe,Sweden,1973,8137169.0
swe,Sweden,1974,8160639.0
swe,Sweden,1975,8192641.0
swe,Sweden,1976,8222395.0
swe,Sweden,1977,8251695.0
swe,Sweden,1978,8275788.0
swe,Sweden,1979,8293748.0
swe,Sweden,1980,8310469.0
swe,Sweden,1981,8320458.0
swe,Sweden,1982,8325183.0
swe,Sweden,1983,8328915.0
swe,Sweden,1984,8336487.0
swe,Sweden,1985,8350244.0
swe,Sweden,1986,8369683.0
swe,Sweden,1987,8397648.0
swe,Sweden,1988,8436347.0
swe,Sweden,1989,8492816.0
swe,Sweden,1990,8558567.0
swe,Sweden,1991,8616959.0
swe,Sweden,1992,8667574.0
swe,Sweden,1993,8718036.0
swe,Sweden,1994,8780190.0
swe,Sweden,1995,8826302.0
swe,Sweden,1996,8840327.0
swe,Sweden,1997,8845524.0
swe,Sweden,1998,8850609.0
swe,Sweden,1999,8857686.0
swe,Sweden,2000,8872101.0
swe,Sweden,2001,8896022.0
swe,Sweden,2002,8925047.0
swe,Sweden,2003,8958431.0
swe,Sweden,2004,8993808.0
swe,Sweden,2005,9029771.0
swe,Sweden,2006,9080623.0
swe,Sweden,2007,9148274.0
swe,Sweden,2008,9219900.0
swe,Sweden,2009,9298740.0
swe,Sweden,2010,9378232.0
swe,Sweden,2011,9449259.0
swe,Sweden,2012,9519487.0
swe,Sweden,2013,9600620.0
swe,Sweden,2014,9696433.0
swe,Sweden,2015,9799481.0
swe,Sweden,2016,9923280.0
swe,Sweden,2017,10057862.0
swe,Sweden,2018,10175405.0
swe,Sweden,2019,10279125.0
swe,Sweden,2020,10353686.0
swe,Sweden,2021,10416131.0
swe,Sweden,2022,10487338.0
swe,Sweden,2023,10551494.0
swe,Sweden,2024,10606999.0
swe,Sweden,2025,10656633.0
swz,Eswatini,1900,109100.0
swz,Eswatini,1901,110608.0
swz,Eswatini,1902,112277.0
swz,Eswatini,1903,114109.0
swz,Eswatini,1904,115971.0
swz,Eswatini,1905,117863.0
swz,Eswatini,1906,119787.0
swz,Eswatini,1907,121741.0
swz,Eswatini,1908,123728.0
swz,Eswatini,1909,125723.0
swz,Eswatini,1910,127726.0
swz,Eswatini,1911,129737.0
swz,Eswatini,1912,131755.0
swz,Eswatini,1913,133781.0
swz,Eswatini,1914,135838.0
swz,Eswatini,1915,137927.0
swz,Eswatini,1916,140047.0
swz,Eswatini,1917,142201.0
swz,Eswatini,1918,144405.0
swz,Eswatini,1919,146808.0
swz,Eswatini,1920,149416.0
swz,Eswatini,1921,152236.0
swz,Eswatini,1922,155273.0
swz,Eswatini,1923,158537.0
swz,Eswatini,1924,161869.0
swz,Eswatini,1925,165271.0
swz,Eswatini,1926,168744.0
swz,Eswatini,1927,172291.0
swz,Eswatini,1928,175912.0
swz,Eswatini,1929,179578.0
swz,Eswatini,1930,183291.0
swz,Eswatini,1931,187049.0
swz,Eswatini,1932,190855.0
swz,Eswatini,1933,194707.0
swz,Eswatini,1934,198637.0
swz,Eswatini,1935,202647.0
swz,Eswatini,1936,206737.0
swz,Eswatini,1937,210910.0
swz,Eswatini,1938,215167.0
swz,Eswatini,1939,219466.0
swz,Eswatini,1940,223805.0
swz,Eswatini,1941,228187.0
swz,Eswatini,1942,232609.0
swz,Eswatini,1943,237073.0
swz,Eswatini,1944,241623.0
swz,Eswatini,1945,246260.0
swz,Eswatini,1946,250985.0
swz,Eswatini,1947,255802.0
swz,Eswatini,1948,260711.0
swz,Eswatini,1949,265991.0
swz,Eswatini,1950,271655.0
swz,Eswatini,1951,278604.0
swz,Eswatini,1952,285630.0
swz,Eswatini,1953,292738.0
swz,Eswatini,1954,299930.0
swz,Eswatini,1955,307217.0
swz,Eswatini,1956,314613.0
swz,Eswatini,1957,322123.0
swz,Eswatini,1958,329760.0
swz,Eswatini,1959,337509.0
swz,Eswatini,1960,345337.0
swz,Eswatini,1961,353264.0
swz,Eswatini,1962,361365.0
swz,Eswatini,1963,369759.0
swz,Eswatini,1964,378656.0
swz,Eswatini,1965,388336.0
swz,Eswatini,1966,398766.0
swz,Eswatini,1967,409031.0
swz,Eswatini,1968,419147.0
swz,Eswatini,1969,429875.0
swz,Eswatini,1970,441216.0
swz,Eswatini,1971,453183.0
swz,Eswatini,1972,465788.0
swz,Eswatini,1973,479038.0
swz,Eswatini,1974,492988.0
swz,Eswatini,1975,507673.0
swz,Eswatini,1976,523330.0
swz,Eswatini,1977,540348.0
swz,Eswatini,1978,558446.0
swz,Eswatini,1979,577199.0
swz,Eswatini,1980,596644.0
swz,Eswatini,1981,616808.0
swz,Eswatini,1982,637652.0
swz,Eswatini,1983,658957.0
swz,Eswatini,1984,680783.0
swz,Eswatini,1985,706196.0
swz,Eswatini,1986,734732.0
swz,Eswatini,1987,763811.0
swz,Eswatini,1988,799798.0
swz,Eswatini,1989,837800.0
swz,Eswatini,1990,872428.0
swz,Eswatini,1991,908189.0
swz,Eswatini,1992,943416.0
swz,Eswatini,1993,971318.0
swz,Eswatini,1994,971212.0
swz,Eswatini,1995,970433.0
swz,Eswatini,1996,989841.0
swz,Eswatini,1997,1006635.0
swz,Eswatini,1998,1019653.0
swz,Eswatini,1999,1030782.0
swz,Eswatini,2000,1041414.0
swz,Eswatini,2001,1051064.0
swz,Eswatini,2002,1059441.0
swz,Eswatini,2003,1066700.0
swz,Eswatini,2004,1073159.0
swz,Eswatini,2005,1079022.0
swz,Eswatini,2006,1084436.0
swz,Eswatini,2007,1090705.0
swz,Eswatini,2008,1098091.0
swz,Eswatini,2009,1105153.0
swz,Eswatini,2010,1111650.0
swz,Eswatini,2011,1117833.0
swz,Eswatini,2012,1123863.0
swz,Eswatini,2013,1129990.0
swz,Eswatini,2014,1136299.0
swz,Eswatini,2015,1142813.0
swz,Eswatini,2016,1149507.0
swz,Eswatini,2017,1158195.0
swz,Eswatini,2018,1168929.0
swz,Eswatini,2019,1179874.0
swz,Eswatini,2020,1192729.0
swz,Eswatini,2021,1206593.0
swz,Eswatini,2022,1218917.0
swz,Eswatini,2023,1230506.0
swz,Eswatini,2024,1242822.0
swz,Eswatini,2025,1256174.0
syc,Seychelles,1900,21142.0
syc,Seychelles,1901,21577.0
syc,Seychelles,1902,22029.0
syc,Seychelles,1903,22498.0
syc,Seychelles,1904,22978.0
syc,Seychelles,1905,23468.0
syc,Seychelles,1906,23968.0
syc,Seychelles,1907,24478.0
syc,Seychelles,1908,25000.0
syc,Seychelles,1909,25475.0
syc,Seychelles,1910,25903.0
syc,Seychelles,1911,26282.0
syc,Seychelles,1912,26610.0
syc,Seychelles,1913,26885.0
syc,Seychelles,1914,27163.0
syc,Seychelles,1915,27444.0
syc,Seychelles,1916,27728.0
syc,Seychelles,1917,28014.0
syc,Seychelles,1918,28248.0
syc,Seychelles,1919,28481.0
syc,Seychelles,1920,28712.0
syc,Seychelles,1921,28941.0
syc,Seychelles,1922,29169.0
syc,Seychelles,1923,29394.0
syc,Seychelles,1924,29621.0
syc,Seychelles,1925,29850.0
syc,Seychelles,1926,30081.0
syc,Seychelles,1927,30313.0
syc,Seychelles,1928,30547.0
syc,Seychelles,1929,30842.0
syc,Seychelles,1930,31198.0
syc,Seychelles,1931,31617.0
syc,Seychelles,1932,32101.0
syc,Seychelles,1933,32651.0
syc,Seychelles,1934,33210.0
syc,Seychelles,1935,33779.0
syc,Seychelles,1936,34358.0
syc,Seychelles,1937,34947.0
syc,Seychelles,1938,35546.0
syc,Seychelles,1939,36049.0
syc,Seychelles,1940,36456.0
syc,Seychelles,1941,36763.0
syc,Seychelles,1942,36969.0
syc,Seychelles,1943,37072.0
syc,Seychelles,1944,37175.0
syc,Seychelles,1945,37279.0
syc,Seychelles,1946,37383.0
syc,Seychelles,1947,37487.0
syc,Seychelles,1948,37591.0
syc,Seychelles,1949,37856.0
syc,Seychelles,1950,38284.0
syc,Seychelles,1951,38683.0
syc,Seychelles,1952,38989.0
syc,Seychelles,1953,39313.0
syc,Seychelles,1954,39681.0
syc,Seychelles,1955,40102.0
syc,Seychelles,1956,40600.0
syc,Seychelles,1957,41178.0
syc,Seychelles,1958,41799.0
syc,Seychelles,1959,42464.0
syc,Seychelles,1960,43230.0
syc,Seychelles,1961,44108.0
syc,Seychelles,1962,45063.0
syc,Seychelles,1963,46075.0
syc,Seychelles,1964,47140.0
syc,Seychelles,1965,48270.0
syc,Seychelles,1966,49456.0
syc,Seychelles,1967,50667.0
syc,Seychelles,1968,51885.0
syc,Seychelles,1969,53081.0
syc,Seychelles,1970,54252.0
syc,Seychelles,1971,55511.0
syc,Seychelles,1972,56889.0
syc,Seychelles,1973,58300.0
syc,Seychelles,1974,59739.0
syc,Seychelles,1975,61218.0
syc,Seychelles,1976,62743.0
syc,Seychelles,1977,64104.0
syc,Seychelles,1978,64987.0
syc,Seychelles,1979,65603.0
syc,Seychelles,1980,66260.0
syc,Seychelles,1981,66950.0
syc,Seychelles,1982,67650.0
syc,Seychelles,1983,68360.0
syc,Seychelles,1984,69083.0
syc,Seychelles,1985,69823.0
syc,Seychelles,1986,70564.0
syc,Seychelles,1987,71338.0
syc,Seychelles,1988,72210.0
syc,Seychelles,1989,73118.0
syc,Seychelles,1990,73983.0
syc,Seychelles,1991,74817.0
syc,Seychelles,1992,75617.0
syc,Seychelles,1993,76409.0
syc,Seychelles,1994,77261.0
syc,Seychelles,1995,78126.0
syc,Seychelles,1996,78882.0
syc,Seychelles,1997,79650.0
syc,Seychelles,1998,80722.0
syc,Seychelles,1999,82021.0
syc,Seychelles,2000,83318.0
syc,Seychelles,2001,84606.0
syc,Seychelles,2002,85857.0
syc,Seychelles,2003,87034.0
syc,Seychelles,2004,88156.0
syc,Seychelles,2005,89266.0
syc,Seychelles,2006,90373.0
syc,Seychelles,2007,91468.0
syc,Seychelles,2008,92547.0
syc,Seychelles,2009,93628.0
syc,Seychelles,2010,94971.0
syc,Seychelles,2011,97024.0
syc,Seychelles,2012,99543.0
syc,Seychelles,2013,102093.0
syc,Seychelles,2014,104654.0
syc,Seychelles,2015,107230.0
syc,Seychelles,2016,109821.0
syc,Seychelles,2017,112427.0
syc,Seychelles,2018,115040.0
syc,Seychelles,2019,117650.0
syc,Seychelles,2020,120291.0
syc,Seychelles,2021,122987.0
syc,Seychelles,2022,125522.0
syc,Seychelles,2023,127951.0
syc,Seychelles,2024,130418.0
syc,Seychelles,2025,132779.0
syr,Syria,1900,1794073.0
syr,Syria,1901,1811391.0
syr,Syria,1902,1832405.0
syr,Syria,1903,1857177.0
syr,Syria,1904,1882284.0
syr,Syria,1905,1907730.0
syr,Syria,1906,1933520.0
syr,Syria,1907,1959658.0
syr,Syria,1908,1986149.0
syr,Syria,1909,2013402.0
syr,Syria,1910,2041433.0
syr,Syria,1911,2070259.0
syr,Syria,1912,2099896.0
syr,Syria,1913,2130363.0
syr,Syria,1914,2161270.0
syr,Syria,1915,2192626.0
syr,Syria,1916,2224437.0
syr,Syria,1917,2256708.0
syr,Syria,1918,2288593.0
syr,Syria,1919,2320927.0
syr,Syria,1920,2353719.0
syr,Syria,1921,2386974.0
syr,Syria,1922,2420699.0
syr,Syria,1923,2454900.0
syr,Syria,1924,2489584.0
syr,Syria,1925,2524759.0
syr,Syria,1926,2560430.0
syr,Syria,1927,2596605.0
syr,Syria,1928,2633292.0
syr,Syria,1929,2670497.0
syr,Syria,1930,2708227.0
syr,Syria,1931,2746491.0
syr,Syria,1932,2785295.0
syr,Syria,1933,2824648.0
syr,Syria,1934,2864556.0
syr,Syria,1935,2905028.0
syr,Syria,1936,2946072.0
syr,Syria,1937,2987696.0
syr,Syria,1938,3029909.0
syr,Syria,1939,3072717.0
syr,Syria,1940,3116130.0
syr,Syria,1941,3160157.0
syr,Syria,1942,3204806.0
syr,Syria,1943,3250085.0
syr,Syria,1944,3296005.0
syr,Syria,1945,3342573.0
syr,Syria,1946,3389799.0
syr,Syria,1947,3437692.0
syr,Syria,1948,3486262.0
syr,Syria,1949,3544270.0
syr,Syria,1950,3612081.0
syr,Syria,1951,3684865.0
syr,Syria,1952,3765243.0
syr,Syria,1953,3852829.0
syr,Syria,1954,3947870.0
syr,Syria,1955,4050589.0
syr,Syria,1956,4160632.0
syr,Syria,1957,4277740.0
syr,Syria,1958,4401993.0
syr,Syria,1959,4533770.0
syr,Syria,1960,4673500.0
syr,Syria,1961,4815466.0
syr,Syria,1962,4959340.0
syr,Syria,1963,5110467.0
syr,Syria,1964,5269087.0
syr,Syria,1965,5435267.0
syr,Syria,1966,5609047.0
syr,Syria,1967,5790198.0
syr,Syria,1968,5978742.0
syr,Syria,1969,6175166.0
syr,Syria,1970,6380609.0
syr,Syria,1971,6598094.0
syr,Syria,1972,6826024.0
syr,Syria,1973,7060321.0
syr,Syria,1974,7302160.0
syr,Syria,1975,7554364.0
syr,Syria,1976,7817320.0
syr,Syria,1977,8090501.0
syr,Syria,1978,8372759.0
syr,Syria,1979,8661909.0
syr,Syria,1980,8957663.0
syr,Syria,1981,9260189.0
syr,Syria,1982,9572511.0
syr,Syria,1983,9904809.0
syr,Syria,1984,10258398.0
syr,Syria,1985,10625672.0
syr,Syria,1986,11002844.0
syr,Syria,1987,11388923.0
syr,Syria,1988,11782264.0
syr,Syria,1989,12179060.0
syr,Syria,1990,12579208.0
syr,Syria,1991,12980821.0
syr,Syria,1992,13385571.0
syr,Syria,1993,13795686.0
syr,Syria,1994,14208583.0
syr,Syria,1995,14616801.0
syr,Syria,1996,15018104.0
syr,Syria,1997,15417542.0
syr,Syria,1998,15820413.0
syr,Syria,1999,16228061.0
syr,Syria,2000,16637888.0
syr,Syria,2001,17051338.0
syr,Syria,2002,17468332.0
syr,Syria,2003,17889296.0
syr,Syria,2004,18336875.0
syr,Syria,2005,18814091.0
syr,Syria,2006,19637022.0
syr,Syria,2007,20884125.0
syr,Syria,2008,21636564.0
syr,Syria,2009,21976969.0
syr,Syria,2010,22482421.0
syr,Syria,2011,22878098.0
syr,Syria,2012,22759763.0
syr,Syria,2013,21666917.0
syr,Syria,2014,20273659.0
syr,Syria,2015,19424618.0
syr,Syria,2016,19193834.0
syr,Syria,2017,19224668.0
syr,Syria,2018,19577845.0
syr,Syria,2019,20353534.0
syr,Syria,2020,21049429.0
syr,Syria,2021,21628839.0
syr,Syria,2022,22462173.0
syr,Syria,2023,23594623.0
syr,Syria,2024,24672760.0
syr,Syria,2025,25620427.0
tcd,Chad,1900,1803992.0
tcd,Chad,1901,1794821.0
tcd,Chad,1902,1787143.0
tcd,Chad,1903,1780945.0
tcd,Chad,1904,1774768.0
tcd,Chad,1905,1768612.0
tcd,Chad,1906,1762476.0
tcd,Chad,1907,1756362.0
tcd,Chad,1908,1750268.0
tcd,Chad,1909,1744195.0
tcd,Chad,1910,1738142.0
tcd,Chad,1911,1732110.0
tcd,Chad,1912,1726098.0
tcd,Chad,1913,1720107.0
tcd,Chad,1914,1714136.0
tcd,Chad,1915,1708185.0
tcd,Chad,1916,1702255.0
tcd,Chad,1917,1696344.0
tcd,Chad,1918,1689559.0
tcd,Chad,1919,1688499.0
tcd,Chad,1920,1693217.0
tcd,Chad,1921,1703763.0
tcd,Chad,1922,1720190.0
tcd,Chad,1923,1742553.0
tcd,Chad,1924,1765206.0
tcd,Chad,1925,1788154.0
tcd,Chad,1926,1811400.0
tcd,Chad,1927,1834948.0
tcd,Chad,1928,1858802.0
tcd,Chad,1929,1882585.0
tcd,Chad,1930,1906292.0
tcd,Chad,1931,1929915.0
tcd,Chad,1932,1953451.0
tcd,Chad,1933,1976892.0
tcd,Chad,1934,2000615.0
tcd,Chad,1935,2024622.0
tcd,Chad,1936,2048918.0
tcd,Chad,1937,2073504.0
tcd,Chad,1938,2098386.0
tcd,Chad,1939,2125286.0
tcd,Chad,1940,2154255.0
tcd,Chad,1941,2185346.0
tcd,Chad,1942,2218613.0
tcd,Chad,1943,2254111.0
tcd,Chad,1944,2290176.0
tcd,Chad,1945,2326819.0
tcd,Chad,1946,2364049.0
tcd,Chad,1947,2401873.0
tcd,Chad,1948,2440303.0
tcd,Chad,1949,2481468.0
tcd,Chad,1950,2525454.0
tcd,Chad,1951,2570407.0
tcd,Chad,1952,2616313.0
tcd,Chad,1953,2663771.0
tcd,Chad,1954,2713005.0
tcd,Chad,1955,2764249.0
tcd,Chad,1956,2817656.0
tcd,Chad,1957,2873083.0
tcd,Chad,1958,2930367.0
tcd,Chad,1959,2989322.0
tcd,Chad,1960,3049838.0
tcd,Chad,1961,3111947.0
tcd,Chad,1962,3175598.0
tcd,Chad,1963,3240905.0
tcd,Chad,1964,3307479.0
tcd,Chad,1965,3374220.0
tcd,Chad,1966,3440903.0
tcd,Chad,1967,3508512.0
tcd,Chad,1968,3578231.0
tcd,Chad,1969,3651113.0
tcd,Chad,1970,3727828.0
tcd,Chad,1971,3807316.0
tcd,Chad,1972,3893252.0
tcd,Chad,1973,3985909.0
tcd,Chad,1974,4078356.0
tcd,Chad,1975,4167234.0
tcd,Chad,1976,4251297.0
tcd,Chad,1977,4331667.0
tcd,Chad,1978,4411366.0
tcd,Chad,1979,4505384.0
tcd,Chad,1980,4515453.0
tcd,Chad,1981,4520959.0
tcd,Chad,1982,4738483.0
tcd,Chad,1983,4979130.0
tcd,Chad,1984,5045145.0
tcd,Chad,1985,5096269.0
tcd,Chad,1986,5251069.0
tcd,Chad,1987,5438309.0
tcd,Chad,1988,5625602.0
tcd,Chad,1989,5819586.0
tcd,Chad,1990,5982833.0
tcd,Chad,1991,6205676.0
tcd,Chad,1992,6474656.0
tcd,Chad,1993,6629146.0
tcd,Chad,1994,6783450.0
tcd,Chad,1995,7089064.0
tcd,Chad,1996,7410108.0
tcd,Chad,1997,7670366.0
tcd,Chad,1998,7938840.0
tcd,Chad,1999,8222705.0
tcd,Chad,2000,8512093.0
tcd,Chad,2001,8804124.0
tcd,Chad,2002,9116192.0
tcd,Chad,2003,9487833.0
tcd,Chad,2004,9920036.0
tcd,Chad,2005,10328092.0
tcd,Chad,2006,10706424.0
tcd,Chad,2007,11081660.0
tcd,Chad,2008,11476296.0
tcd,Chad,2009,11893754.0
tcd,Chad,2010,12312575.0
tcd,Chad,2011,12754997.0
tcd,Chad,2012,13210998.0
tcd,Chad,2013,13691079.0
tcd,Chad,2014,14188678.0
tcd,Chad,2015,14647621.0
tcd,Chad,2016,15114655.0
tcd,Chad,2017,15622759.0
tcd,Chad,2018,16156531.0
tcd,Chad,2019,16685223.0
tcd,Chad,2020,17224679.0
tcd,Chad,2021,17828273.0
tcd,Chad,2022,18455316.0
tcd,Chad,2023,19319064.0
tcd,Chad,2024,20299123.0
tcd,Chad,2025,21003705.0
tgo,Togo,1900,746656.0
tgo,Togo,1901,752460.0
tgo,Togo,1902,758308.0
tgo,Togo,1903,764202.0
tgo,Togo,1904,770140.0
tgo,Togo,1905,776125.0
tgo,Togo,1906,782155.0
tgo,Togo,1907,788232.0
tgo,Togo,1908,794355.0
tgo,Togo,1909,800687.0
tgo,Togo,1910,807230.0
tgo,Togo,1911,813988.0
tgo,Togo,1912,820964.0
tgo,Togo,1913,828161.0
tgo,Togo,1914,835421.0
tgo,Togo,1915,842743.0
tgo,Togo,1916,850130.0
tgo,Togo,1917,857581.0
tgo,Togo,1918,864441.0
tgo,Togo,1919,872586.0
tgo,Togo,1920,882045.0
tgo,Togo,1921,892845.0
tgo,Togo,1922,905018.0
tgo,Togo,1923,918594.0
tgo,Togo,1924,932372.0
tgo,Togo,1925,946358.0
tgo,Togo,1926,960553.0
tgo,Togo,1927,974962.0
tgo,Togo,1928,989586.0
tgo,Togo,1929,1004226.0
tgo,Togo,1930,1018879.0
tgo,Togo,1931,1033542.0
tgo,Togo,1932,1048212.0
tgo,Togo,1933,1062887.0
tgo,Togo,1934,1077768.0
tgo,Togo,1935,1092857.0
tgo,Togo,1936,1108157.0
tgo,Togo,1937,1123671.0
tgo,Togo,1938,1139402.0
tgo,Togo,1939,1156291.0
tgo,Togo,1940,1174370.0
tgo,Togo,1941,1193673.0
tgo,Togo,1942,1214235.0
tgo,Togo,1943,1236091.0
tgo,Togo,1944,1258341.0
tgo,Togo,1945,1280991.0
tgo,Togo,1946,1304049.0
tgo,Togo,1947,1327522.0
tgo,Togo,1948,1351417.0
tgo,Togo,1949,1375444.0
tgo,Togo,1950,1399600.0
tgo,Togo,1951,1424397.0
tgo,Togo,1952,1449924.0
tgo,Togo,1953,1476071.0
tgo,Togo,1954,1502761.0
tgo,Togo,1955,1529946.0
tgo,Togo,1956,1557636.0
tgo,Togo,1957,1585878.0
tgo,Togo,1958,1614635.0
tgo,Togo,1959,1643757.0
tgo,Togo,1960,1673110.0
tgo,Togo,1961,1702717.0
tgo,Togo,1962,1732959.0
tgo,Togo,1963,1765072.0
tgo,Togo,1964,1803440.0
tgo,Togo,1965,1853771.0
tgo,Togo,1966,1918513.0
tgo,Togo,1967,1995890.0
tgo,Togo,1968,2080226.0
tgo,Togo,1969,2164814.0
tgo,Togo,1970,2244773.0
tgo,Togo,1971,2317976.0
tgo,Togo,1972,2384994.0
tgo,Togo,1973,2448749.0
tgo,Togo,1974,2511760.0
tgo,Togo,1975,2574622.0
tgo,Togo,1976,2637796.0
tgo,Togo,1977,2701894.0
tgo,Togo,1978,2768148.0
tgo,Togo,1979,2839854.0
tgo,Togo,1980,2920894.0
tgo,Togo,1981,3013043.0
tgo,Togo,1982,3115042.0
tgo,Togo,1983,3222899.0
tgo,Togo,1984,3332837.0
tgo,Togo,1985,3441091.0
tgo,Togo,1986,3547952.0
tgo,Togo,1987,3657508.0
tgo,Togo,1988,3769742.0
tgo,Togo,1989,3883411.0
tgo,Togo,1990,3998761.0
tgo,Togo,1991,4115560.0
tgo,Togo,1992,4233617.0
tgo,Togo,1993,4207453.0
tgo,Togo,1994,4222940.0
tgo,Togo,1995,4410832.0
tgo,Togo,1996,4577860.0
tgo,Togo,1997,4725030.0
tgo,Togo,1998,4860913.0
tgo,Togo,1999,5000269.0
tgo,Togo,2000,5140037.0
tgo,Togo,2001,5277382.0
tgo,Togo,2002,5413274.0
tgo,Togo,2003,5552167.0
tgo,Togo,2004,5696508.0
tgo,Togo,2005,5844631.0
tgo,Togo,2006,6010668.0
tgo,Togo,2007,6188344.0
tgo,Togo,2008,6368812.0
tgo,Togo,2009,6551865.0
tgo,Togo,2010,6732590.0
tgo,Togo,2011,6916474.0
tgo,Togo,2012,7100736.0
tgo,Togo,2013,7285442.0
tgo,Togo,2014,7472450.0
tgo,Togo,2015,7663195.0
tgo,Togo,2016,7858289.0
tgo,Togo,2017,8057140.0
tgo,Togo,2018,8258778.0
tgo,Togo,2019,8463068.0
tgo,Togo,2020,8669720.0
tgo,Togo,2021,8878379.0
tgo,Togo,2022,9089738.0
tgo,Togo,2023,9304337.0
tgo,Togo,2024,9515236.0
tgo,Togo,2025,9721608.0
tha,Thailand,1900,7416284.0
tha,Thailand,1901,7502325.0
tha,Thailand,1902,7594362.0
tha,Thailand,1903,7692521.0
tha,Thailand,1904,7791948.0
tha,Thailand,1905,7892661.0
tha,Thailand,1906,7994674.0
tha,Thailand,1907,8098006.0
tha,Thailand,1908,8202673.0
tha,Thailand,1909,8315433.0
tha,Thailand,1910,8436507.0
tha,Thailand,1911,8566119.0
tha,Thailand,1912,8704499.0
tha,Thailand,1913,8851882.0
tha,Thailand,1914,9001761.0
tha,Thailand,1915,9154176.0
tha,Thailand,1916,9309172.0
tha,Thailand,1917,9466792.0
tha,Thailand,1918,9624991.0
tha,Thailand,1919,9799784.0
tha,Thailand,1920,9991780.0
tha,Thailand,1921,10201603.0
tha,Thailand,1922,10429900.0
tha,Thailand,1923,10677334.0
tha,Thailand,1924,10930637.0
tha,Thailand,1925,11189950.0
tha,Thailand,1926,11455415.0
tha,Thailand,1927,11727177.0
tha,Thailand,1928,12005387.0
tha,Thailand,1929,12287665.0
tha,Thailand,1930,12574051.0
tha,Thailand,1931,12864583.0
tha,Thailand,1932,13159300.0
tha,Thailand,1933,13458238.0
tha,Thailand,1934,13763968.0
tha,Thailand,1935,14076643.0
tha,Thailand,1936,14396421.0
tha,Thailand,1937,14723463.0
tha,Thailand,1938,15057935.0
tha,Thailand,1939,15410165.0
tha,Thailand,1940,15780821.0
tha,Thailand,1941,16170592.0
tha,Thailand,1942,16580190.0
tha,Thailand,1943,17010349.0
tha,Thailand,1944,17451668.0
tha,Thailand,1945,17904437.0
tha,Thailand,1946,18368953.0
tha,Thailand,1947,18845520.0
tha,Thailand,1948,19334451.0
tha,Thailand,1949,19861476.0
tha,Thailand,1950,20428402.0
tha,Thailand,1951,20965182.0
tha,Thailand,1952,21527582.0
tha,Thailand,1953,22109323.0
tha,Thailand,1954,22713338.0
tha,Thailand,1955,23343181.0
tha,Thailand,1956,23997265.0
tha,Thailand,1957,24674830.0
tha,Thailand,1958,25367005.0
tha,Thailand,1959,26088013.0
tha,Thailand,1960,26851747.0
tha,Thailand,1961,27650334.0
tha,Thailand,1962,28481040.0
tha,Thailand,1963,29342322.0
tha,Thailand,1964,30232141.0
tha,Thailand,1965,31149337.0
tha,Thailand,1966,32086071.0
tha,Thailand,1967,33037801.0
tha,Thailand,1968,34002560.0
tha,Thailand,1969,34973782.0
tha,Thailand,1970,35954408.0
tha,Thailand,1971,36937387.0
tha,Thailand,1972,37933929.0
tha,Thailand,1973,38947787.0
tha,Thailand,1974,39952891.0
tha,Thailand,1975,40940005.0
tha,Thailand,1976,41896504.0
tha,Thailand,1977,42843974.0
tha,Thailand,1978,43788976.0
tha,Thailand,1979,44718434.0
tha,Thailand,1980,45650022.0
tha,Thailand,1981,46575855.0
tha,Thailand,1982,47494577.0
tha,Thailand,1983,48423309.0
tha,Thailand,1984,49351708.0
tha,Thailand,1985,50270753.0
tha,Thailand,1986,51177834.0
tha,Thailand,1987,52074105.0
tha,Thailand,1988,52969595.0
tha,Thailand,1989,53848956.0
tha,Thailand,1990,54738329.0
tha,Thailand,1991,55637434.0
tha,Thailand,1992,56528834.0
tha,Thailand,1993,57408198.0
tha,Thailand,1994,58260854.0
tha,Thailand,1995,59098232.0
tha,Thailand,1996,59920064.0
tha,Thailand,1997,60724584.0
tha,Thailand,1998,61522630.0
tha,Thailand,1999,62299043.0
tha,Thailand,2000,63007815.0
tha,Thailand,2001,63651141.0
tha,Thailand,2002,64266437.0
tha,Thailand,2003,64868166.0
tha,Thailand,2004,65452047.0
tha,Thailand,2005,66017420.0
tha,Thailand,2006,66567687.0
tha,Thailand,2007,67102394.0
tha,Thailand,2008,67619830.0
tha,Thailand,2009,68121080.0
tha,Thailand,2010,68579447.0
tha,Thailand,2011,69007208.0
tha,Thailand,2012,69436098.0
tha,Thailand,2013,69845114.0
tha,Thailand,2014,70216367.0
tha,Thailand,2015,70540795.0
tha,Thailand,2016,70859841.0
tha,Thailand,2017,71160187.0
tha,Thailand,2018,71376079.0
tha,Thailand,2019,71522271.0
tha,Thailand,2020,71641484.0
tha,Thailand,2021,71727332.0
tha,Thailand,2022,71735329.0
tha,Thailand,2023,71702435.0
tha,Thailand,2024,71668011.0
tha,Thailand,2025,71619863.0
tjk,Tajikistan,1900,958698.0
tjk,Tajikistan,1901,967285.0
tjk,Tajikistan,1902,975949.0
tjk,Tajikistan,1903,984691.0
tjk,Tajikistan,1904,993510.0
tjk,Tajikistan,1905,1002409.0
tjk,Tajikistan,1906,1011387.0
tjk,Tajikistan,1907,1020446.0
tjk,Tajikistan,1908,1029586.0
tjk,Tajikistan,1909,1038808.0
tjk,Tajikistan,1910,1048112.0
tjk,Tajikistan,1911,1057499.0
tjk,Tajikistan,1912,1066971.0
tjk,Tajikistan,1913,1076527.0
tjk,Tajikistan,1914,1086169.0
tjk,Tajikistan,1915,1095897.0
tjk,Tajikistan,1916,1105712.0
tjk,Tajikistan,1917,1115615.0
tjk,Tajikistan,1918,1125852.0
tjk,Tajikistan,1919,1136184.0
tjk,Tajikistan,1920,1146610.0
tjk,Tajikistan,1921,1157132.0
tjk,Tajikistan,1922,1167751.0
tjk,Tajikistan,1923,1178467.0
tjk,Tajikistan,1924,1189281.0
tjk,Tajikistan,1925,1200195.0
tjk,Tajikistan,1926,1211208.0
tjk,Tajikistan,1927,1222323.0
tjk,Tajikistan,1928,1233540.0
tjk,Tajikistan,1929,1244860.0
tjk,Tajikistan,1930,1256283.0
tjk,Tajikistan,1931,1267812.0
tjk,Tajikistan,1932,1279446.0
tjk,Tajikistan,1933,1291187.0
tjk,Tajikistan,1934,1303036.0
tjk,Tajikistan,1935,1314993.0
tjk,Tajikistan,1936,1327060.0
tjk,Tajikistan,1937,1339238.0
tjk,Tajikistan,1938,1351528.0
tjk,Tajikistan,1939,1363930.0
tjk,Tajikistan,1940,1376446.0
tjk,Tajikistan,1941,1389078.0
tjk,Tajikistan,1942,1401825.0
tjk,Tajikistan,1943,1414689.0
tjk,Tajikistan,1944,1427671.0
tjk,Tajikistan,1945,1440772.0
tjk,Tajikistan,1946,1453993.0
tjk,Tajikistan,1947,1467336.0
tjk,Tajikistan,1948,1480801.0
tjk,Tajikistan,1949,1501035.0
tjk,Tajikistan,1950,1528308.0
tjk,Tajikistan,1951,1588338.0
tjk,Tajikistan,1952,1645583.0
tjk,Tajikistan,1953,1701043.0
tjk,Tajikistan,1954,1755688.0
tjk,Tajikistan,1955,1810238.0
tjk,Tajikistan,1956,1865439.0
tjk,Tajikistan,1957,1922123.0
tjk,Tajikistan,1958,1981662.0
tjk,Tajikistan,1959,2045284.0
tjk,Tajikistan,1960,2112131.0
tjk,Tajikistan,1961,2181805.0
tjk,Tajikistan,1962,2255026.0
tjk,Tajikistan,1963,2331736.0
tjk,Tajikistan,1964,2411260.0
tjk,Tajikistan,1965,2492998.0
tjk,Tajikistan,1966,2577184.0
tjk,Tajikistan,1967,2664130.0
tjk,Tajikistan,1968,2753848.0
tjk,Tajikistan,1969,2845273.0
tjk,Tajikistan,1970,2936779.0
tjk,Tajikistan,1971,3028837.0
tjk,Tajikistan,1972,3123691.0
tjk,Tajikistan,1973,3222290.0
tjk,Tajikistan,1974,3324499.0
tjk,Tajikistan,1975,3430425.0
tjk,Tajikistan,1976,3540076.0
tjk,Tajikistan,1977,3653265.0
tjk,Tajikistan,1978,3768508.0
tjk,Tajikistan,1979,3882691.0
tjk,Tajikistan,1980,3995256.0
tjk,Tajikistan,1981,4109022.0
tjk,Tajikistan,1982,4227171.0
tjk,Tajikistan,1983,4350874.0
tjk,Tajikistan,1984,4480026.0
tjk,Tajikistan,1985,4619003.0
tjk,Tajikistan,1986,4772139.0
tjk,Tajikistan,1987,4939059.0
tjk,Tajikistan,1988,5114989.0
tjk,Tajikistan,1989,5267249.0
tjk,Tajikistan,1990,5398768.0
tjk,Tajikistan,1991,5541205.0
tjk,Tajikistan,1992,5649400.0
tjk,Tajikistan,1993,5724993.0
tjk,Tajikistan,1994,5825368.0
tjk,Tajikistan,1995,5948584.0
tjk,Tajikistan,1996,6066523.0
tjk,Tajikistan,1997,6139829.0
tjk,Tajikistan,1998,6176397.0
tjk,Tajikistan,1999,6208370.0
tjk,Tajikistan,2000,6284735.0
tjk,Tajikistan,2001,6407377.0
tjk,Tajikistan,2002,6531669.0
tjk,Tajikistan,2003,6658575.0
tjk,Tajikistan,2004,6790547.0
tjk,Tajikistan,2005,6924720.0
tjk,Tajikistan,2006,7057566.0
tjk,Tajikistan,2007,7194477.0
tjk,Tajikistan,2008,7338403.0
tjk,Tajikistan,2009,7490230.0
tjk,Tajikistan,2010,7652141.0
tjk,Tajikistan,2011,7824785.0
tjk,Tajikistan,2012,8014084.0
tjk,Tajikistan,2013,8216724.0
tjk,Tajikistan,2014,8425552.0
tjk,Tajikistan,2015,8643840.0
tjk,Tajikistan,2016,8865631.0
tjk,Tajikistan,2017,9085946.0
tjk,Tajikistan,2018,9307333.0
tjk,Tajikistan,2019,9529966.0
tjk,Tajikistan,2020,9749310.0
tjk,Tajikistan,2021,9966908.0
tjk,Tajikistan,2022,10182222.0
tjk,Tajikistan,2023,10389799.0
tjk,Tajikistan,2024,10590927.0
tjk,Tajikistan,2025,10786734.0
tkm,Turkmenistan,1900,786654.0
tkm,Turkmenistan,1901,794358.0
tkm,Turkmenistan,1902,802136.0
tkm,Turkmenistan,1903,809990.0
tkm,Turkmenistan,1904,817921.0
tkm,Turkmenistan,1905,825929.0
tkm,Turkmenistan,1906,834015.0
tkm,Turkmenistan,1907,842180.0
tkm,Turkmenistan,1908,850425.0
tkm,Turkmenistan,1909,858750.0
tkm,Turkmenistan,1910,867156.0
tkm,Turkmenistan,1911,875644.0
tkm,Turkmenistan,1912,884215.0
tkm,Turkmenistan,1913,892869.0
tkm,Turkmenistan,1914,901608.0
tkm,Turkmenistan,1915,910432.0
tkm,Turkmenistan,1916,919342.0
tkm,Turkmenistan,1917,928339.0
tkm,Turkmenistan,1918,936858.0
tkm,Turkmenistan,1919,945456.0
tkm,Turkmenistan,1920,954132.0
tkm,Turkmenistan,1921,962887.0
tkm,Turkmenistan,1922,971723.0
tkm,Turkmenistan,1923,980641.0
tkm,Turkmenistan,1924,989640.0
tkm,Turkmenistan,1925,998721.0
tkm,Turkmenistan,1926,1007886.0
tkm,Turkmenistan,1927,1017135.0
tkm,Turkmenistan,1928,1026469.0
tkm,Turkmenistan,1929,1035888.0
tkm,Turkmenistan,1930,1045394.0
tkm,Turkmenistan,1931,1054987.0
tkm,Turkmenistan,1932,1064669.0
tkm,Turkmenistan,1933,1074439.0
tkm,Turkmenistan,1934,1084298.0
tkm,Turkmenistan,1935,1094249.0
tkm,Turkmenistan,1936,1104290.0
tkm,Turkmenistan,1937,1114424.0
tkm,Turkmenistan,1938,1124650.0
tkm,Turkmenistan,1939,1134971.0
tkm,Turkmenistan,1940,1145386.0
tkm,Turkmenistan,1941,1155897.0
tkm,Turkmenistan,1942,1166504.0
tkm,Turkmenistan,1943,1177209.0
tkm,Turkmenistan,1944,1188011.0
tkm,Turkmenistan,1945,1198913.0
tkm,Turkmenistan,1946,1209915.0
tkm,Turkmenistan,1947,1221018.0
tkm,Turkmenistan,1948,1232223.0
tkm,Turkmenistan,1949,1248219.0
tkm,Turkmenistan,1950,1269180.0
tkm,Turkmenistan,1951,1294075.0
tkm,Turkmenistan,1952,1320535.0
tkm,Turkmenistan,1953,1349677.0
tkm,Turkmenistan,1954,1382360.0
tkm,Turkmenistan,1955,1418164.0
tkm,Turkmenistan,1956,1457206.0
tkm,Turkmenistan,1957,1499558.0
tkm,Turkmenistan,1958,1545188.0
tkm,Turkmenistan,1959,1593420.0
tkm,Turkmenistan,1960,1643457.0
tkm,Turkmenistan,1961,1695400.0
tkm,Turkmenistan,1962,1749214.0
tkm,Turkmenistan,1963,1804272.0
tkm,Turkmenistan,1964,1859997.0
tkm,Turkmenistan,1965,1915916.0
tkm,Turkmenistan,1966,1971737.0
tkm,Turkmenistan,1967,2027403.0
tkm,Turkmenistan,1968,2083069.0
tkm,Turkmenistan,1969,2139024.0
tkm,Turkmenistan,1970,2195616.0
tkm,Turkmenistan,1971,2253119.0
tkm,Turkmenistan,1972,2311430.0
tkm,Turkmenistan,1973,2370919.0
tkm,Turkmenistan,1974,2432028.0
tkm,Turkmenistan,1975,2494570.0
tkm,Turkmenistan,1976,2558521.0
tkm,Turkmenistan,1977,2623948.0
tkm,Turkmenistan,1978,2691088.0
tkm,Turkmenistan,1979,2760358.0
tkm,Turkmenistan,1980,2832203.0
tkm,Turkmenistan,1981,2907187.0
tkm,Turkmenistan,1982,2985557.0
tkm,Turkmenistan,1983,3067534.0
tkm,Turkmenistan,1984,3154079.0
tkm,Turkmenistan,1985,3247534.0
tkm,Turkmenistan,1986,3347809.0
tkm,Turkmenistan,1987,3452731.0
tkm,Turkmenistan,1988,3559363.0
tkm,Turkmenistan,1989,3662459.0
tkm,Turkmenistan,1990,3760562.0
tkm,Turkmenistan,1991,3855894.0
tkm,Turkmenistan,1992,3944689.0
tkm,Turkmenistan,1993,4032407.0
tkm,Turkmenistan,1994,4116662.0
tkm,Turkmenistan,1995,4191203.0
tkm,Turkmenistan,1996,4263819.0
tkm,Turkmenistan,1997,4336730.0
tkm,Turkmenistan,1998,4410507.0
tkm,Turkmenistan,1999,4492170.0
tkm,Turkmenistan,2000,4582677.0
tkm,Turkmenistan,2001,4675409.0
tkm,Turkmenistan,2002,4769465.0
tkm,Turkmenistan,2003,4863865.0
tkm,Turkmenistan,2004,4958093.0
tkm,Turkmenistan,2005,5052257.0
tkm,Turkmenistan,2006,5147105.0
tkm,Turkmenistan,2007,5244046.0
tkm,Turkmenistan,2008,5345029.0
tkm,Turkmenistan,2009,5451592.0
tkm,Turkmenistan,2010,5564356.0
tkm,Turkmenistan,2011,5683417.0
tkm,Turkmenistan,2012,5808546.0
tkm,Turkmenistan,2013,5939341.0
tkm,Turkmenistan,2014,6075283.0
tkm,Turkmenistan,2015,6215770.0
tkm,Turkmenistan,2016,6360041.0
tkm,Turkmenistan,2017,6507061.0
tkm,Turkmenistan,2018,6655524.0
tkm,Turkmenistan,2019,6803944.0
tkm,Turkmenistan,2020,6949912.0
tkm,Turkmenistan,2021,7092043.0
tkm,Turkmenistan,2022,7230193.0
tkm,Turkmenistan,2023,7364438.0
tkm,Turkmenistan,2024,7494498.0
tkm,Turkmenistan,2025,7618847.0
tls,Timor-Leste,1900,329361.0
tls,Timor-Leste,1901,331589.0
tls,Timor-Leste,1902,333809.0
tls,Timor-Leste,1903,336022.0
tls,Timor-Leste,1904,338249.0
tls,Timor-Leste,1905,340490.0
tls,Timor-Leste,1906,342746.0
tls,Timor-Leste,1907,345016.0
tls,Timor-Leste,1908,347300.0
tls,Timor-Leste,1909,349454.0
tls,Timor-Leste,1910,351476.0
tls,Timor-Leste,1911,353363.0
tls,Timor-Leste,1912,355116.0
tls,Timor-Leste,1913,356733.0
tls,Timor-Leste,1914,358356.0
tls,Timor-Leste,1915,359986.0
tls,Timor-Leste,1916,361623.0
tls,Timor-Leste,1917,363267.0
tls,Timor-Leste,1918,365339.0
tls,Timor-Leste,1919,368272.0
tls,Timor-Leste,1920,372085.0
tls,Timor-Leste,1921,376800.0
tls,Timor-Leste,1922,382436.0
tls,Timor-Leste,1923,389013.0
tls,Timor-Leste,1924,395704.0
tls,Timor-Leste,1925,402510.0
tls,Timor-Leste,1926,409432.0
tls,Timor-Leste,1927,416474.0
tls,Timor-Leste,1928,423637.0
tls,Timor-Leste,1929,429018.0
tls,Timor-Leste,1930,432595.0
tls,Timor-Leste,1931,434345.0
tls,Timor-Leste,1932,434246.0
tls,Timor-Leste,1933,432274.0
tls,Timor-Leste,1934,430311.0
tls,Timor-Leste,1935,428357.0
tls,Timor-Leste,1936,426412.0
tls,Timor-Leste,1937,424476.0
tls,Timor-Leste,1938,422548.0
tls,Timor-Leste,1939,420841.0
tls,Timor-Leste,1940,419353.0
tls,Timor-Leste,1941,418082.0
tls,Timor-Leste,1942,417028.0
tls,Timor-Leste,1943,416188.0
tls,Timor-Leste,1944,415350.0
tls,Timor-Leste,1945,414513.0
tls,Timor-Leste,1946,413679.0
tls,Timor-Leste,1947,412846.0
tls,Timor-Leste,1948,412014.0
tls,Timor-Leste,1949,412646.0
tls,Timor-Leste,1950,414762.0
tls,Timor-Leste,1951,418260.0
tls,Timor-Leste,1952,422422.0
tls,Timor-Leste,1953,426988.0
tls,Timor-Leste,1954,431907.0
tls,Timor-Leste,1955,437150.0
tls,Timor-Leste,1956,442699.0
tls,Timor-Leste,1957,448561.0
tls,Timor-Leste,1958,454748.0
tls,Timor-Leste,1959,461269.0
tls,Timor-Leste,1960,468118.0
tls,Timor-Leste,1961,475291.0
tls,Timor-Leste,1962,482774.0
tls,Timor-Leste,1963,490564.0
tls,Timor-Leste,1964,498659.0
tls,Timor-Leste,1965,507034.0
tls,Timor-Leste,1966,515696.0
tls,Timor-Leste,1967,524648.0
tls,Timor-Leste,1968,533875.0
tls,Timor-Leste,1969,543356.0
tls,Timor-Leste,1970,553069.0
tls,Timor-Leste,1971,562966.0
tls,Timor-Leste,1972,572962.0
tls,Timor-Leste,1973,582855.0
tls,Timor-Leste,1974,590827.0
tls,Timor-Leste,1975,598158.0
tls,Timor-Leste,1976,607620.0
tls,Timor-Leste,1977,618315.0
tls,Timor-Leste,1978,628775.0
tls,Timor-Leste,1979,638719.0
tls,Timor-Leste,1980,649871.0
tls,Timor-Leste,1981,660493.0
tls,Timor-Leste,1982,669149.0
tls,Timor-Leste,1983,677707.0
tls,Timor-Leste,1984,686777.0
tls,Timor-Leste,1985,696665.0
tls,Timor-Leste,1986,707185.0
tls,Timor-Leste,1987,718476.0
tls,Timor-Leste,1988,730745.0
tls,Timor-Leste,1989,744856.0
tls,Timor-Leste,1990,760345.0
tls,Timor-Leste,1991,778278.0
tls,Timor-Leste,1992,799318.0
tls,Timor-Leste,1993,821437.0
tls,Timor-Leste,1994,844493.0
tls,Timor-Leste,1995,868146.0
tls,Timor-Leste,1996,892282.0
tls,Timor-Leste,1997,917184.0
tls,Timor-Leste,1998,942530.0
tls,Timor-Leste,1999,834697.0
tls,Timor-Leste,2000,745088.0
tls,Timor-Leste,2001,812249.0
tls,Timor-Leste,2002,879159.0
tls,Timor-Leste,2003,916878.0
tls,Timor-Leste,2004,929074.0
tls,Timor-Leste,2005,948311.0
tls,Timor-Leste,2006,976597.0
tls,Timor-Leste,2007,1004889.0
tls,Timor-Leste,2008,1032429.0
tls,Timor-Leste,2009,1058782.0
tls,Timor-Leste,2010,1084679.0
tls,Timor-Leste,2011,1110207.0
tls,Timor-Leste,2012,1134885.0
tls,Timor-Leste,2013,1158695.0
tls,Timor-Leste,2014,1181903.0
tls,Timor-Leste,2015,1205131.0
tls,Timor-Leste,2016,1228312.0
tls,Timor-Leste,2017,1251703.0
tls,Timor-Leste,2018,1275959.0
tls,Timor-Leste,2019,1300945.0
tls,Timor-Leste,2020,1326053.0
tls,Timor-Leste,2021,1350139.0
tls,Timor-Leste,2022,1369295.0
tls,Timor-Leste,2023,1384286.0
tls,Timor-Leste,2024,1400638.0
tls,Timor-Leste,2025,1418517.0
ton,Tonga,1900,21388.0
ton,Tonga,1901,21608.0
ton,Tonga,1902,21885.0
ton,Tonga,1903,22218.0
ton,Tonga,1904,22557.0
ton,Tonga,1905,22901.0
ton,Tonga,1906,23250.0
ton,Tonga,1907,23604.0
ton,Tonga,1908,23964.0
ton,Tonga,1909,24301.0
ton,Tonga,1910,24614.0
ton,Tonga,1911,24904.0
ton,Tonga,1912,25169.0
ton,Tonga,1913,25409.0
ton,Tonga,1914,25651.0
ton,Tonga,1915,25895.0
ton,Tonga,1916,26142.0
ton,Tonga,1917,26390.0
ton,Tonga,1918,26611.0
ton,Tonga,1919,26870.0
ton,Tonga,1920,27166.0
ton,Tonga,1921,27502.0
ton,Tonga,1922,27878.0
ton,Tonga,1923,28295.0
ton,Tonga,1924,28718.0
ton,Tonga,1925,29148.0
ton,Tonga,1926,29584.0
ton,Tonga,1927,30026.0
ton,Tonga,1928,30475.0
ton,Tonga,1929,30937.0
ton,Tonga,1930,31414.0
ton,Tonga,1931,31904.0
ton,Tonga,1932,32409.0
ton,Tonga,1933,32928.0
ton,Tonga,1934,33456.0
ton,Tonga,1935,33993.0
ton,Tonga,1936,34538.0
ton,Tonga,1937,35092.0
ton,Tonga,1938,35654.0
ton,Tonga,1939,36330.0
ton,Tonga,1940,37122.0
ton,Tonga,1941,38038.0
ton,Tonga,1942,39082.0
ton,Tonga,1943,40258.0
ton,Tonga,1944,41471.0
ton,Tonga,1945,42720.0
ton,Tonga,1946,44006.0
ton,Tonga,1947,45331.0
ton,Tonga,1948,46697.0
ton,Tonga,1949,48138.0
ton,Tonga,1950,49660.0
ton,Tonga,1951,50951.0
ton,Tonga,1952,52358.0
ton,Tonga,1953,53881.0
ton,Tonga,1954,55516.0
ton,Tonga,1955,57257.0
ton,Tonga,1956,59099.0
ton,Tonga,1957,60880.0
ton,Tonga,1958,62586.0
ton,Tonga,1959,64350.0
ton,Tonga,1960,66170.0
ton,Tonga,1961,68037.0
ton,Tonga,1962,69940.0
ton,Tonga,1963,71885.0
ton,Tonga,1964,73879.0
ton,Tonga,1965,75924.0
ton,Tonga,1966,78002.0
ton,Tonga,1967,79814.0
ton,Tonga,1968,81353.0
ton,Tonga,1969,82885.0
ton,Tonga,1970,84401.0
ton,Tonga,1971,85896.0
ton,Tonga,1972,87356.0
ton,Tonga,1973,88805.0
ton,Tonga,1974,90683.0
ton,Tonga,1975,93017.0
ton,Tonga,1976,95325.0
ton,Tonga,1977,96725.0
ton,Tonga,1978,97204.0
ton,Tonga,1979,97544.0
ton,Tonga,1980,97769.0
ton,Tonga,1981,97909.0
ton,Tonga,1982,97980.0
ton,Tonga,1983,97998.0
ton,Tonga,1984,97990.0
ton,Tonga,1985,97984.0
ton,Tonga,1986,98010.0
ton,Tonga,1987,98376.0
ton,Tonga,1988,98969.0
ton,Tonga,1989,99403.0
ton,Tonga,1990,99700.0
ton,Tonga,1991,99895.0
ton,Tonga,1992,100022.0
ton,Tonga,1993,100103.0
ton,Tonga,1994,100166.0
ton,Tonga,1995,100225.0
ton,Tonga,1996,100275.0
ton,Tonga,1997,100674.0
ton,Tonga,1998,101388.0
ton,Tonga,1999,102046.0
ton,Tonga,2000,102677.0
ton,Tonga,2001,103288.0
ton,Tonga,2002,103874.0
ton,Tonga,2003,104464.0
ton,Tonga,2004,105071.0
ton,Tonga,2005,105671.0
ton,Tonga,2006,106253.0
ton,Tonga,2007,106726.0
ton,Tonga,2008,107020.0
ton,Tonga,2009,107203.0
ton,Tonga,2010,107400.0
ton,Tonga,2011,107570.0
ton,Tonga,2012,107460.0
ton,Tonga,2013,107078.0
ton,Tonga,2014,106609.0
ton,Tonga,2015,106095.0
ton,Tonga,2016,105524.0
ton,Tonga,2017,105356.0
ton,Tonga,2018,105567.0
ton,Tonga,2019,105669.0
ton,Tonga,2020,105704.0
ton,Tonga,2021,105490.0
ton,Tonga,2022,105042.0
ton,Tonga,2023,104597.0
ton,Tonga,2024,104175.0
ton,Tonga,2025,103742.0
tto,Trinidad and Tobago,1900,273307.0
tto,Trinidad and Tobago,1901,279193.0
tto,Trinidad and Tobago,1902,285232.0
tto,Trinidad and Tobago,1903,291427.0
tto,Trinidad and Tobago,1904,297757.0
tto,Trinidad and Tobago,1905,304224.0
tto,Trinidad and Tobago,1906,310832.0
tto,Trinidad and Tobago,1907,317583.0
tto,Trinidad and Tobago,1908,324480.0
tto,Trinidad and Tobago,1909,331185.0
tto,Trinidad and Tobago,1910,337687.0
tto,Trinidad and Tobago,1911,343976.0
tto,Trinidad and Tobago,1912,350041.0
tto,Trinidad and Tobago,1913,355871.0
tto,Trinidad and Tobago,1914,361798.0
tto,Trinidad and Tobago,1915,367824.0
tto,Trinidad and Tobago,1916,373951.0
tto,Trinidad and Tobago,1917,380179.0
tto,Trinidad and Tobago,1918,386367.0
tto,Trinidad and Tobago,1919,391680.0
tto,Trinidad and Tobago,1920,396098.0
tto,Trinidad and Tobago,1921,399604.0
tto,Trinidad and Tobago,1922,402179.0
tto,Trinidad and Tobago,1923,403803.0
tto,Trinidad and Tobago,1924,405434.0
tto,Trinidad and Tobago,1925,407072.0
tto,Trinidad and Tobago,1926,408716.0
tto,Trinidad and Tobago,1927,410367.0
tto,Trinidad and Tobago,1928,412024.0
tto,Trinidad and Tobago,1929,414705.0
tto,Trinidad and Tobago,1930,418431.0
tto,Trinidad and Tobago,1931,423223.0
tto,Trinidad and Tobago,1932,429102.0
tto,Trinidad and Tobago,1933,436089.0
tto,Trinidad and Tobago,1934,443191.0
tto,Trinidad and Tobago,1935,450408.0
tto,Trinidad and Tobago,1936,457742.0
tto,Trinidad and Tobago,1937,465196.0
tto,Trinidad and Tobago,1938,472772.0
tto,Trinidad and Tobago,1939,481688.0
tto,Trinidad and Tobago,1940,492001.0
tto,Trinidad and Tobago,1941,503771.0
tto,Trinidad and Tobago,1942,517058.0
tto,Trinidad and Tobago,1943,531925.0
tto,Trinidad and Tobago,1944,547220.0
tto,Trinidad and Tobago,1945,562954.0
tto,Trinidad and Tobago,1946,579140.0
tto,Trinidad and Tobago,1947,595792.0
tto,Trinidad and Tobago,1948,612923.0
tto,Trinidad and Tobago,1949,630578.0
tto,Trinidad and Tobago,1950,648774.0
tto,Trinidad and Tobago,1951,665730.0
tto,Trinidad and Tobago,1952,683432.0
tto,Trinidad and Tobago,1953,701860.0
tto,Trinidad and Tobago,1954,721155.0
tto,Trinidad and Tobago,1955,741234.0
tto,Trinidad and Tobago,1956,761687.0
tto,Trinidad and Tobago,1957,782501.0
tto,Trinidad and Tobago,1958,803839.0
tto,Trinidad and Tobago,1959,825018.0
tto,Trinidad and Tobago,1960,844943.0
tto,Trinidad and Tobago,1961,863144.0
tto,Trinidad and Tobago,1962,880194.0
tto,Trinidad and Tobago,1963,896804.0
tto,Trinidad and Tobago,1964,912963.0
tto,Trinidad and Tobago,1965,928425.0
tto,Trinidad and Tobago,1966,942937.0
tto,Trinidad and Tobago,1967,956418.0
tto,Trinidad and Tobago,1968,969006.0
tto,Trinidad and Tobago,1969,980706.0
tto,Trinidad and Tobago,1970,991471.0
tto,Trinidad and Tobago,1971,1002585.0
tto,Trinidad and Tobago,1972,1014921.0
tto,Trinidad and Tobago,1973,1027851.0
tto,Trinidad and Tobago,1974,1040761.0
tto,Trinidad and Tobago,1975,1053469.0
tto,Trinidad and Tobago,1976,1066311.0
tto,Trinidad and Tobago,1977,1079554.0
tto,Trinidad and Tobago,1978,1093380.0
tto,Trinidad and Tobago,1979,1107639.0
tto,Trinidad and Tobago,1980,1121744.0
tto,Trinidad and Tobago,1981,1135132.0
tto,Trinidad and Tobago,1982,1147927.0
tto,Trinidad and Tobago,1983,1160534.0
tto,Trinidad and Tobago,1984,1172984.0
tto,Trinidad and Tobago,1985,1187366.0
tto,Trinidad and Tobago,1986,1203124.0
tto,Trinidad and Tobago,1987,1217364.0
tto,Trinidad and Tobago,1988,1230069.0
tto,Trinidad and Tobago,1989,1241600.0
tto,Trinidad and Tobago,1990,1252208.0
tto,Trinidad and Tobago,1991,1262171.0
tto,Trinidad and Tobago,1992,1271674.0
tto,Trinidad and Tobago,1993,1280466.0
tto,Trinidad and Tobago,1994,1288341.0
tto,Trinidad and Tobago,1995,1295169.0
tto,Trinidad and Tobago,1996,1300928.0
tto,Trinidad and Tobago,1997,1305836.0
tto,Trinidad and Tobago,1998,1310225.0
tto,Trinidad and Tobago,1999,1314708.0
tto,Trinidad and Tobago,2000,1319774.0
tto,Trinidad and Tobago,2001,1325567.0
tto,Trinidad and Tobago,2002,1332011.0
tto,Trinidad and Tobago,2003,1338709.0
tto,Trinidad and Tobago,2004,1345380.0
tto,Trinidad and Tobago,2005,1352034.0
tto,Trinidad and Tobago,2006,1358698.0
tto,Trinidad and Tobago,2007,1365377.0
tto,Trinidad and Tobago,2008,1372084.0
tto,Trinidad and Tobago,2009,1379056.0
tto,Trinidad and Tobago,2010,1386654.0
tto,Trinidad and Tobago,2011,1394983.0
tto,Trinidad and Tobago,2012,1403809.0
tto,Trinidad and Tobago,2013,1412653.0
tto,Trinidad and Tobago,2014,1421131.0
tto,Trinidad and Tobago,2015,1429188.0
tto,Trinidad and Tobago,2016,1437026.0
tto,Trinidad and Tobago,2017,1445261.0
tto,Trinidad and Tobago,2018,1470518.0
tto,Trinidad and Tobago,2019,1484894.0
tto,Trinidad and Tobago,2020,1481024.0
tto,Trinidad and Tobago,2021,1487717.0
tto,Trinidad and Tobago,2022,1495921.0
tto,Trinidad and Tobago,2023,1502932.0
tto,Trinidad and Tobago,2024,1507782.0
tto,Trinidad and Tobago,2025,1511155.0
tun,Tunisia,1900,1879703.0
tun,Tunisia,1901,1906299.0
tun,Tunisia,1902,1935740.0
tun,Tunisia,1903,1968099.0
tun,Tunisia,1904,2000999.0
tun,Tunisia,1905,2034449.0
tun,Tunisia,1906,2068457.0
tun,Tunisia,1907,2103034.0
tun,Tunisia,1908,2138188.0
tun,Tunisia,1909,2168968.0
tun,Tunisia,1910,2195271.0
tun,Tunisia,1911,2216992.0
tun,Tunisia,1912,2234026.0
tun,Tunisia,1913,2246265.0
tun,Tunisia,1914,2258570.0
tun,Tunisia,1915,2270942.0
tun,Tunisia,1916,2283382.0
tun,Tunisia,1917,2295889.0
tun,Tunisia,1918,2307498.0
tun,Tunisia,1919,2321973.0
tun,Tunisia,1920,2339360.0
tun,Tunisia,1921,2359703.0
tun,Tunisia,1922,2383051.0
tun,Tunisia,1923,2409451.0
tun,Tunisia,1924,2436143.0
tun,Tunisia,1925,2463131.0
tun,Tunisia,1926,2490418.0
tun,Tunisia,1927,2518007.0
tun,Tunisia,1928,2545902.0
tun,Tunisia,1929,2577545.0
tun,Tunisia,1930,2613039.0
tun,Tunisia,1931,2652488.0
tun,Tunisia,1932,2695999.0
tun,Tunisia,1933,2743682.0
tun,Tunisia,1934,2792208.0
tun,Tunisia,1935,2841592.0
tun,Tunisia,1936,2891849.0
tun,Tunisia,1937,2942996.0
tun,Tunisia,1938,2995047.0
tun,Tunisia,1939,3046366.0
tun,Tunisia,1940,3096917.0
tun,Tunisia,1941,3146659.0
tun,Tunisia,1942,3195554.0
tun,Tunisia,1943,3243560.0
tun,Tunisia,1944,3292287.0
tun,Tunisia,1945,3341746.0
tun,Tunisia,1946,3391948.0
tun,Tunisia,1947,3442904.0
tun,Tunisia,1948,3494626.0
tun,Tunisia,1949,3549950.0
tun,Tunisia,1950,3608985.0
tun,Tunisia,1951,3682100.0
tun,Tunisia,1952,3758185.0
tun,Tunisia,1953,3837399.0
tun,Tunisia,1954,3919525.0
tun,Tunisia,1955,4005129.0
tun,Tunisia,1956,4082601.0
tun,Tunisia,1957,4136606.0
tun,Tunisia,1958,4177717.0
tun,Tunisia,1959,4220905.0
tun,Tunisia,1960,4267288.0
tun,Tunisia,1961,4316278.0
tun,Tunisia,1962,4369136.0
tun,Tunisia,1963,4427131.0
tun,Tunisia,1964,4489869.0
tun,Tunisia,1965,4561385.0
tun,Tunisia,1966,4652287.0
tun,Tunisia,1967,4760970.0
tun,Tunisia,1968,4879899.0
tun,Tunisia,1969,5004697.0
tun,Tunisia,1970,5131396.0
tun,Tunisia,1971,5261658.0
tun,Tunisia,1972,5396557.0
tun,Tunisia,1973,5537242.0
tun,Tunisia,1974,5684674.0
tun,Tunisia,1975,5839262.0
tun,Tunisia,1976,5996994.0
tun,Tunisia,1977,6155931.0
tun,Tunisia,1978,6309390.0
tun,Tunisia,1979,6456419.0
tun,Tunisia,1980,6606195.0
tun,Tunisia,1981,6758284.0
tun,Tunisia,1982,6908642.0
tun,Tunisia,1983,7053800.0
tun,Tunisia,1984,7220044.0
tun,Tunisia,1985,7409903.0
tun,Tunisia,1986,7600301.0
tun,Tunisia,1987,7789987.0
tun,Tunisia,1988,7974440.0
tun,Tunisia,1989,8151660.0
tun,Tunisia,1990,8324509.0
tun,Tunisia,1991,8501827.0
tun,Tunisia,1992,8682512.0
tun,Tunisia,1993,8857910.0
tun,Tunisia,1994,9018448.0
tun,Tunisia,1995,9161258.0
tun,Tunisia,1996,9294432.0
tun,Tunisia,1997,9421270.0
tun,Tunisia,1998,9541667.0
tun,Tunisia,1999,9655963.0
tun,Tunisia,2000,9764935.0
tun,Tunisia,2001,9869677.0
tun,Tunisia,2002,9971515.0
tun,Tunisia,2003,10071632.0
tun,Tunisia,2004,10166163.0
tun,Tunisia,2005,10255472.0
tun,Tunisia,2006,10346410.0
tun,Tunisia,2007,10441702.0
tun,Tunisia,2008,10542635.0
tun,Tunisia,2009,10650681.0
tun,Tunisia,2010,10765980.0
tun,Tunisia,2011,10886035.0
tun,Tunisia,2012,11009647.0
tun,Tunisia,2013,11141361.0
tun,Tunisia,2014,11274288.0
tun,Tunisia,2015,11402264.0
tun,Tunisia,2016,11528674.0
tun,Tunisia,2017,11650498.0
tun,Tunisia,2018,11765514.0
tun,Tunisia,2019,11875081.0
tun,Tunisia,2020,11974057.0
tun,Tunisia,2021,12048622.0
tun,Tunisia,2022,12119334.0
tun,Tunisia,2023,12200431.0
tun,Tunisia,2024,12277109.0
tun,Tunisia,2025,12348573.0
tur,Turkey,1900,13994198.0
tur,Turkey,1901,14075974.0
tur,Turkey,1902,14158227.0
tur,Turkey,1903,14240961.0
tur,Turkey,1904,14324178.0
tur,Turkey,1905,14407880.0
tur,Turkey,1906,14492071.0
tur,Turkey,1907,14576753.0
tur,Turkey,1908,14661930.0
tur,Turkey,1909,14706706.0
tur,Turkey,1910,14711178.0
tur,Turkey,1911,14675440.0
tur,Turkey,1912,14599583.0
tur,Turkey,1913,14483698.0
tur,Turkey,1914,14368733.0
tur,Turkey,1915,14254680.0
tur,Turkey,1916,14141531.0
tur,Turkey,1917,14029281.0
tur,Turkey,1918,13920532.0
tur,Turkey,1919,13853957.0
tur,Turkey,1920,13829531.0
tur,Turkey,1921,13847232.0
tur,Turkey,1922,13907042.0
tur,Turkey,1923,14008943.0
tur,Turkey,1924,14111590.0
tur,Turkey,1925,14214990.0
tur,Turkey,1926,14319148.0
tur,Turkey,1927,14424069.0
tur,Turkey,1928,14529758.0
tur,Turkey,1929,14667312.0
tur,Turkey,1930,14837521.0
tur,Turkey,1931,15041189.0
tur,Turkey,1932,15279136.0
tur,Turkey,1933,15552200.0
tur,Turkey,1934,15830145.0
tur,Turkey,1935,16113056.0
tur,Turkey,1936,16401024.0
tur,Turkey,1937,16694139.0
tur,Turkey,1938,16992491.0
tur,Turkey,1939,17293591.0
tur,Turkey,1940,17597442.0
tur,Turkey,1941,17904049.0
tur,Turkey,1942,18213415.0
tur,Turkey,1943,18525543.0
tur,Turkey,1944,18843019.0
tur,Turkey,1945,19165937.0
tur,Turkey,1946,19494388.0
tur,Turkey,1947,19828468.0
tur,Turkey,1948,20168274.0
tur,Turkey,1949,20565005.0
tur,Turkey,1950,21021140.0
tur,Turkey,1951,21643880.0
tur,Turkey,1952,22290092.0
tur,Turkey,1953,22958548.0
tur,Turkey,1954,23636109.0
tur,Turkey,1955,24310511.0
tur,Turkey,1956,25057602.0
tur,Turkey,1957,25880914.0
tur,Turkey,1958,26704962.0
tur,Turkey,1959,27526341.0
tur,Turkey,1960,28329898.0
tur,Turkey,1961,29119238.0
tur,Turkey,1962,29916147.0
tur,Turkey,1963,30726841.0
tur,Turkey,1964,31543072.0
tur,Turkey,1965,32345220.0
tur,Turkey,1966,33177672.0
tur,Turkey,1967,34050421.0
tur,Turkey,1968,34921684.0
tur,Turkey,1969,35787774.0
tur,Turkey,1970,36638465.0
tur,Turkey,1971,37518611.0
tur,Turkey,1972,38430221.0
tur,Turkey,1973,39329533.0
tur,Turkey,1974,40210234.0
tur,Turkey,1975,41053126.0
tur,Turkey,1976,41899984.0
tur,Turkey,1977,42773298.0
tur,Turkey,1978,43645306.0
tur,Turkey,1979,44510429.0
tur,Turkey,1980,45408815.0
tur,Turkey,1981,46321190.0
tur,Turkey,1982,47322096.0
tur,Turkey,1983,48447410.0
tur,Turkey,1984,49574069.0
tur,Turkey,1985,50687115.0
tur,Turkey,1986,51777772.0
tur,Turkey,1987,52843670.0
tur,Turkey,1988,53909626.0
tur,Turkey,1989,54976723.0
tur,Turkey,1990,56015628.0
tur,Turkey,1991,57009887.0
tur,Turkey,1992,57990118.0
tur,Turkey,1993,58999167.0
tur,Turkey,1994,60033836.0
tur,Turkey,1995,61024503.0
tur,Turkey,1996,61951134.0
tur,Turkey,1997,62852966.0
tur,Turkey,1998,63734383.0
tur,Turkey,1999,64591923.0
tur,Turkey,2000,65425961.0
tur,Turkey,2001,66245128.0
tur,Turkey,2002,67048795.0
tur,Turkey,2003,67831730.0
tur,Turkey,2004,68592617.0
tur,Turkey,2005,69329557.0
tur,Turkey,2006,70045349.0
tur,Turkey,2007,70750586.0
tur,Turkey,2008,71562338.0
tur,Turkey,2009,72464848.0
tur,Turkey,2010,73346769.0
tur,Turkey,2011,74215203.0
tur,Turkey,2012,75197198.0
tur,Turkey,2013,76403031.0
tur,Turkey,2014,78036154.0
tur,Turkey,2015,80014226.0
tur,Turkey,2016,81652088.0
tur,Turkey,2017,83083662.0
tur,Turkey,2018,84415969.0
tur,Turkey,2019,85357672.0
tur,Turkey,2020,86091692.0
tur,Turkey,2021,86686253.0
tur,Turkey,2022,87058473.0
tur,Turkey,2023,87270501.0
tur,Turkey,2024,87473805.0
tur,Turkey,2025,87685426.0
tuv,Tuvalu,1900,3715.0
tuv,Tuvalu,1901,3734.0
tuv,Tuvalu,1902,3753.0
tuv,Tuvalu,1903,3772.0
tuv,Tuvalu,1904,3791.0
tuv,Tuvalu,1905,3810.0
tuv,Tuvalu,1906,3829.0
tuv,Tuvalu,1907,3848.0
tuv,Tuvalu,1908,3868.0
tuv,Tuvalu,1909,3887.0
tuv,Tuvalu,1910,3907.0
tuv,Tuvalu,1911,3927.0
tuv,Tuvalu,1912,3946.0
tuv,Tuvalu,1913,3966.0
tuv,Tuvalu,1914,3986.0
tuv,Tuvalu,1915,4006.0
tuv,Tuvalu,1916,4027.0
tuv,Tuvalu,1917,4047.0
tuv,Tuvalu,1918,4067.0
tuv,Tuvalu,1919,4086.0
tuv,Tuvalu,1920,4106.0
tuv,Tuvalu,1921,4126.0
tuv,Tuvalu,1922,4146.0
tuv,Tuvalu,1923,4166.0
tuv,Tuvalu,1924,4186.0
tuv,Tuvalu,1925,4206.0
tuv,Tuvalu,1926,4226.0
tuv,Tuvalu,1927,4247.0
tuv,Tuvalu,1928,4267.0
tuv,Tuvalu,1929,4288.0
tuv,Tuvalu,1930,4309.0
tuv,Tuvalu,1931,4330.0
tuv,Tuvalu,1932,4350.0
tuv,Tuvalu,1933,4371.0
tuv,Tuvalu,1934,4393.0
tuv,Tuvalu,1935,4414.0
tuv,Tuvalu,1936,4435.0
tuv,Tuvalu,1937,4457.0
tuv,Tuvalu,1938,4478.0
tuv,Tuvalu,1939,4500.0
tuv,Tuvalu,1940,4521.0
tuv,Tuvalu,1941,4543.0
tuv,Tuvalu,1942,4565.0
tuv,Tuvalu,1943,4587.0
tuv,Tuvalu,1944,4609.0
tuv,Tuvalu,1945,4632.0
tuv,Tuvalu,1946,4654.0
tuv,Tuvalu,1947,4677.0
tuv,Tuvalu,1948,4699.0
tuv,Tuvalu,1949,4729.0
tuv,Tuvalu,1950,4765.0
tuv,Tuvalu,1951,4926.0
tuv,Tuvalu,1952,5050.0
tuv,Tuvalu,1953,5175.0
tuv,Tuvalu,1954,5269.0
tuv,Tuvalu,1955,5335.0
tuv,Tuvalu,1956,5389.0
tuv,Tuvalu,1957,5439.0
tuv,Tuvalu,1958,5497.0
tuv,Tuvalu,1959,5553.0
tuv,Tuvalu,1960,5598.0
tuv,Tuvalu,1961,5648.0
tuv,Tuvalu,1962,5699.0
tuv,Tuvalu,1963,5751.0
tuv,Tuvalu,1964,5752.0
tuv,Tuvalu,1965,5715.0
tuv,Tuvalu,1966,5686.0
tuv,Tuvalu,1967,5652.0
tuv,Tuvalu,1968,5624.0
tuv,Tuvalu,1969,5631.0
tuv,Tuvalu,1970,5663.0
tuv,Tuvalu,1971,5685.0
tuv,Tuvalu,1972,5692.0
tuv,Tuvalu,1973,5681.0
tuv,Tuvalu,1974,5822.0
tuv,Tuvalu,1975,6117.0
tuv,Tuvalu,1976,6404.0
tuv,Tuvalu,1977,6686.0
tuv,Tuvalu,1978,6957.0
tuv,Tuvalu,1979,7184.0
tuv,Tuvalu,1980,7366.0
tuv,Tuvalu,1981,7526.0
tuv,Tuvalu,1982,7664.0
tuv,Tuvalu,1983,7789.0
tuv,Tuvalu,1984,7902.0
tuv,Tuvalu,1985,8046.0
tuv,Tuvalu,1986,8217.0
tuv,Tuvalu,1987,8371.0
tuv,Tuvalu,1988,8518.0
tuv,Tuvalu,1989,8662.0
tuv,Tuvalu,1990,8798.0
tuv,Tuvalu,1991,8928.0
tuv,Tuvalu,1992,9038.0
tuv,Tuvalu,1993,9126.0
tuv,Tuvalu,1994,9207.0
tuv,Tuvalu,1995,9280.0
tuv,Tuvalu,1996,9342.0
tuv,Tuvalu,1997,9400.0
tuv,Tuvalu,1998,9451.0
tuv,Tuvalu,1999,9496.0
tuv,Tuvalu,2000,9544.0
tuv,Tuvalu,2001,9586.0
tuv,Tuvalu,2002,9623.0
tuv,Tuvalu,2003,9695.0
tuv,Tuvalu,2004,9816.0
tuv,Tuvalu,2005,9940.0
tuv,Tuvalu,2006,10056.0
tuv,Tuvalu,2007,10182.0
tuv,Tuvalu,2008,10321.0
tuv,Tuvalu,2009,10461.0
tuv,Tuvalu,2010,10614.0
tuv,Tuvalu,2011,10780.0
tuv,Tuvalu,2012,10934.0
tuv,Tuvalu,2013,11001.0
tuv,Tuvalu,2014,10984.0
tuv,Tuvalu,2015,10963.0
tuv,Tuvalu,2016,10930.0
tuv,Tuvalu,2017,10869.0
tuv,Tuvalu,2018,10751.0
tuv,Tuvalu,2019,10581.0
tuv,Tuvalu,2020,10399.0
tuv,Tuvalu,2021,10194.0
tuv,Tuvalu,2022,9992.0
tuv,Tuvalu,2023,9816.0
tuv,Tuvalu,2024,9646.0
tuv,Tuvalu,2025,9492.0
tza,Tanzania,1900,4971825.0
tza,Tanzania,1901,4943198.0
tza,Tanzania,1902,4918722.0
tza,Tanzania,1903,4898345.0
tza,Tanzania,1904,4878052.0
tza,Tanzania,1905,4857844.0
tza,Tanzania,1906,4837719.0
tza,Tanzania,1907,4817677.0
tza,Tanzania,1908,4797719.0
tza,Tanzania,1909,4781650.0
tza,Tanzania,1910,4769453.0
tza,Tanzania,1911,4761111.0
tza,Tanzania,1912,4756607.0
tza,Tanzania,1913,4755925.0
tza,Tanzania,1914,4755242.0
tza,Tanzania,1915,4754560.0
tza,Tanzania,1916,4753878.0
tza,Tanzania,1917,4753195.0
tza,Tanzania,1918,4753195.0
tza,Tanzania,1919,4767455.0
tza,Tanzania,1920,4796188.0
tza,Tanzania,1921,4839611.0
tza,Tanzania,1922,4897946.0
tza,Tanzania,1923,4971415.0
tza,Tanzania,1924,5045986.0
tza,Tanzania,1925,5121676.0
tza,Tanzania,1926,5198501.0
tza,Tanzania,1927,5276479.0
tza,Tanzania,1928,5355626.0
tza,Tanzania,1929,5434857.0
tza,Tanzania,1930,5514158.0
tza,Tanzania,1931,5593514.0
tza,Tanzania,1932,5672910.0
tza,Tanzania,1933,5752331.0
tza,Tanzania,1934,5832863.0
tza,Tanzania,1935,5914524.0
tza,Tanzania,1936,5997327.0
tza,Tanzania,1937,6081289.0
tza,Tanzania,1938,6166427.0
tza,Tanzania,1939,6257829.0
tza,Tanzania,1940,6355672.0
tza,Tanzania,1941,6460141.0
tza,Tanzania,1942,6571422.0
tza,Tanzania,1943,6689708.0
tza,Tanzania,1944,6810122.0
tza,Tanzania,1945,6932705.0
tza,Tanzania,1946,7057493.0
tza,Tanzania,1947,7184528.0
tza,Tanzania,1948,7313850.0
tza,Tanzania,1949,7460482.0
tza,Tanzania,1950,7625155.0
tza,Tanzania,1951,7812975.0
tza,Tanzania,1952,8009079.0
tza,Tanzania,1953,8213113.0
tza,Tanzania,1954,8424785.0
tza,Tanzania,1955,8644862.0
tza,Tanzania,1956,8874780.0
tza,Tanzania,1957,9115790.0
tza,Tanzania,1958,9367594.0
tza,Tanzania,1959,9629264.0
tza,Tanzania,1960,9901419.0
tza,Tanzania,1961,10187886.0
tza,Tanzania,1962,10487756.0
tza,Tanzania,1963,10799528.0
tza,Tanzania,1964,11127826.0
tza,Tanzania,1965,11470728.0
tza,Tanzania,1966,11827459.0
tza,Tanzania,1967,12200109.0
tza,Tanzania,1968,12602076.0
tza,Tanzania,1969,13036700.0
tza,Tanzania,1970,13492677.0
tza,Tanzania,1971,13971451.0
tza,Tanzania,1972,14479308.0
tza,Tanzania,1973,15010101.0
tza,Tanzania,1974,15561630.0
tza,Tanzania,1975,16138361.0
tza,Tanzania,1976,16736211.0
tza,Tanzania,1977,17352929.0
tza,Tanzania,1978,17976566.0
tza,Tanzania,1979,18592038.0
tza,Tanzania,1980,19189769.0
tza,Tanzania,1981,19784703.0
tza,Tanzania,1982,20398571.0
tza,Tanzania,1983,21079874.0
tza,Tanzania,1984,21779066.0
tza,Tanzania,1985,22501693.0
tza,Tanzania,1986,23258959.0
tza,Tanzania,1987,24030378.0
tza,Tanzania,1988,24769686.0
tza,Tanzania,1989,25438759.0
tza,Tanzania,1990,26110207.0
tza,Tanzania,1991,26780436.0
tza,Tanzania,1992,27457588.0
tza,Tanzania,1993,28332692.0
tza,Tanzania,1994,29442356.0
tza,Tanzania,1995,30383497.0
tza,Tanzania,1996,30945762.0
tza,Tanzania,1997,31578089.0
tza,Tanzania,1998,32420458.0
tza,Tanzania,1999,33300330.0
tza,Tanzania,2000,34260139.0
tza,Tanzania,2001,35198299.0
tza,Tanzania,2002,36121304.0
tza,Tanzania,2003,37089555.0
tza,Tanzania,2004,38109668.0
tza,Tanzania,2005,39182076.0
tza,Tanzania,2006,40294902.0
tza,Tanzania,2007,41435512.0
tza,Tanzania,2008,42570728.0
tza,Tanzania,2009,43633982.0
tza,Tanzania,2010,44758488.0
tza,Tanzania,2011,46029367.0
tza,Tanzania,2012,47374260.0
tza,Tanzania,2013,48824128.0
tza,Tanzania,2014,50351512.0
tza,Tanzania,2015,52020962.0
tza,Tanzania,2016,53824013.0
tza,Tanzania,2017,55652890.0
tza,Tanzania,2018,57437145.0
tza,Tanzania,2019,59174891.0
tza,Tanzania,2020,60972798.0
tza,Tanzania,2021,62830412.0
tza,Tanzania,2022,64711821.0
tza,Tanzania,2023,66617606.0
tza,Tanzania,2024,68560157.0
tza,Tanzania,2025,70545865.0
uga,Uganda,1900,3774191.0
uga,Uganda,1901,3760224.0
uga,Uganda,1902,3741024.0
uga,Uganda,1903,3716614.0
uga,Uganda,1904,3692354.0
uga,Uganda,1905,3668245.0
uga,Uganda,1906,3644286.0
uga,Uganda,1907,3620475.0
uga,Uganda,1908,3596812.0
uga,Uganda,1909,3577549.0
uga,Uganda,1910,3562661.0
uga,Uganda,1911,3552125.0
uga,Uganda,1912,3545915.0
uga,Uganda,1913,3544008.0
uga,Uganda,1914,3542095.0
uga,Uganda,1915,3540174.0
uga,Uganda,1916,3538247.0
uga,Uganda,1917,3536314.0
uga,Uganda,1918,3529242.0
uga,Uganda,1919,3535541.0
uga,Uganda,1920,3555412.0
uga,Uganda,1921,3589058.0
uga,Uganda,1922,3636688.0
uga,Uganda,1923,3698512.0
uga,Uganda,1924,3761387.0
uga,Uganda,1925,3825330.0
uga,Uganda,1926,3890361.0
uga,Uganda,1927,3956497.0
uga,Uganda,1928,4023757.0
uga,Uganda,1929,4089665.0
uga,Uganda,1930,4154162.0
uga,Uganda,1931,4217188.0
uga,Uganda,1932,4278683.0
uga,Uganda,1933,4338585.0
uga,Uganda,1934,4399325.0
uga,Uganda,1935,4460915.0
uga,Uganda,1936,4523368.0
uga,Uganda,1937,4586695.0
uga,Uganda,1938,4650909.0
uga,Uganda,1939,4719847.0
uga,Uganda,1940,4793643.0
uga,Uganda,1941,4872436.0
uga,Uganda,1942,4956368.0
uga,Uganda,1943,5045583.0
uga,Uganda,1944,5136403.0
uga,Uganda,1945,5228859.0
uga,Uganda,1946,5322978.0
uga,Uganda,1947,5418792.0
uga,Uganda,1948,5516330.0
uga,Uganda,1949,5626855.0
uga,Uganda,1950,5750913.0
uga,Uganda,1951,5911164.0
uga,Uganda,1952,6077040.0
uga,Uganda,1953,6249435.0
uga,Uganda,1954,6428378.0
uga,Uganda,1955,6613770.0
uga,Uganda,1956,6805459.0
uga,Uganda,1957,7003883.0
uga,Uganda,1958,7209757.0
uga,Uganda,1959,7423426.0
uga,Uganda,1960,7640973.0
uga,Uganda,1961,7862217.0
uga,Uganda,1962,8092231.0
uga,Uganda,1963,8333663.0
uga,Uganda,1964,8586363.0
uga,Uganda,1965,8849203.0
uga,Uganda,1966,9122864.0
uga,Uganda,1967,9408924.0
uga,Uganda,1968,9708632.0
uga,Uganda,1969,10014858.0
uga,Uganda,1970,10321603.0
uga,Uganda,1971,10618206.0
uga,Uganda,1972,10885796.0
uga,Uganda,1973,11144236.0
uga,Uganda,1974,11424846.0
uga,Uganda,1975,11725240.0
uga,Uganda,1976,12037294.0
uga,Uganda,1977,12359669.0
uga,Uganda,1978,12692113.0
uga,Uganda,1979,13002163.0
uga,Uganda,1980,13275741.0
uga,Uganda,1981,13556452.0
uga,Uganda,1982,13873631.0
uga,Uganda,1983,14221881.0
uga,Uganda,1984,14607677.0
uga,Uganda,1985,15023681.0
uga,Uganda,1986,15467579.0
uga,Uganda,1987,15954170.0
uga,Uganda,1988,16470483.0
uga,Uganda,1989,17010698.0
uga,Uganda,1990,17569897.0
uga,Uganda,1991,18155901.0
uga,Uganda,1992,18785032.0
uga,Uganda,1993,19445161.0
uga,Uganda,1994,20108801.0
uga,Uganda,1995,20665667.0
uga,Uganda,1996,21231550.0
uga,Uganda,1997,21856046.0
uga,Uganda,1998,22515806.0
uga,Uganda,1999,23257281.0
uga,Uganda,2000,24000150.0
uga,Uganda,2001,24745676.0
uga,Uganda,2002,25532870.0
uga,Uganda,2003,26352124.0
uga,Uganda,2004,27154515.0
uga,Uganda,2005,27963289.0
uga,Uganda,2006,28794003.0
uga,Uganda,2007,29653430.0
uga,Uganda,2008,30539553.0
uga,Uganda,2009,31451151.0
uga,Uganda,2010,32390802.0
uga,Uganda,2011,33354543.0
uga,Uganda,2012,34337438.0
uga,Uganda,2013,35337042.0
uga,Uganda,2014,36395539.0
uga,Uganda,2015,37531446.0
uga,Uganda,2016,38799152.0
uga,Uganda,2017,40177388.0
uga,Uganda,2018,41565831.0
uga,Uganda,2019,42999637.0
uga,Uganda,2020,44457152.0
uga,Uganda,2021,45910930.0
uga,Uganda,2022,47312719.0
uga,Uganda,2023,48656601.0
uga,Uganda,2024,50015092.0
uga,Uganda,2025,51384894.0
ukr,Ukraine,1900,23484052.0
ukr,Ukraine,1901,23703409.0
ukr,Ukraine,1902,23924814.0
ukr,Ukraine,1903,24148286.0
ukr,Ukraine,1904,24373845.0
ukr,Ukraine,1905,24601511.0
ukr,Ukraine,1906,24831302.0
ukr,Ukraine,1907,25063239.0
ukr,Ukraine,1908,25297342.0
ukr,Ukraine,1909,25533631.0
ukr,Ukraine,1910,25772126.0
ukr,Ukraine,1911,26012848.0
ukr,Ukraine,1912,26255817.0
ukr,Ukraine,1913,26501056.0
ukr,Ukraine,1914,26748584.0
ukr,Ukraine,1915,26998424.0
ukr,Ukraine,1916,27250596.0
ukr,Ukraine,1917,27505124.0
ukr,Ukraine,1918,27757527.0
ukr,Ukraine,1919,28012247.0
ukr,Ukraine,1920,28269304.0
ukr,Ukraine,1921,28528721.0
ukr,Ukraine,1922,28790518.0
ukr,Ukraine,1923,29054717.0
ukr,Ukraine,1924,29321340.0
ukr,Ukraine,1925,29590411.0
ukr,Ukraine,1926,29861950.0
ukr,Ukraine,1927,30135982.0
ukr,Ukraine,1928,30412528.0
ukr,Ukraine,1929,30691611.0
ukr,Ukraine,1930,30973256.0
ukr,Ukraine,1931,31257486.0
ukr,Ukraine,1932,31544323.0
ukr,Ukraine,1933,31833793.0
ukr,Ukraine,1934,32125919.0
ukr,Ukraine,1935,32420726.0
ukr,Ukraine,1936,32718238.0
ukr,Ukraine,1937,33018481.0
ukr,Ukraine,1938,33321478.0
ukr,Ukraine,1939,33627256.0
ukr,Ukraine,1940,33935840.0
ukr,Ukraine,1941,34247256.0
ukr,Ukraine,1942,34561530.0
ukr,Ukraine,1943,34878687.0
ukr,Ukraine,1944,35198755.0
ukr,Ukraine,1945,35521760.0
ukr,Ukraine,1946,35847730.0
ukr,Ukraine,1947,36176690.0
ukr,Ukraine,1948,36508669.0
ukr,Ukraine,1949,36886383.0
ukr,Ukraine,1950,37310887.0
ukr,Ukraine,1951,37807747.0
ukr,Ukraine,1952,38306709.0
ukr,Ukraine,1953,38806087.0
ukr,Ukraine,1954,39320035.0
ukr,Ukraine,1955,39859711.0
ukr,Ukraine,1956,40419152.0
ukr,Ukraine,1957,40998772.0
ukr,Ukraine,1958,41627069.0
ukr,Ukraine,1959,42244270.0
ukr,Ukraine,1960,42824093.0
ukr,Ukraine,1961,43399766.0
ukr,Ukraine,1962,43943674.0
ukr,Ukraine,1963,44462372.0
ukr,Ukraine,1964,44951156.0
ukr,Ukraine,1965,45386892.0
ukr,Ukraine,1966,45802519.0
ukr,Ukraine,1967,46215988.0
ukr,Ukraine,1968,46614325.0
ukr,Ukraine,1969,46976256.0
ukr,Ukraine,1970,47261306.0
ukr,Ukraine,1971,47573287.0
ukr,Ukraine,1972,47946893.0
ukr,Ukraine,1973,48277121.0
ukr,Ukraine,1974,48576570.0
ukr,Ukraine,1975,48865229.0
ukr,Ukraine,1976,49120842.0
ukr,Ukraine,1977,49336481.0
ukr,Ukraine,1978,49521243.0
ukr,Ukraine,1979,49721381.0
ukr,Ukraine,1980,49955152.0
ukr,Ukraine,1981,50189281.0
ukr,Ukraine,1982,50402724.0
ukr,Ukraine,1983,50637029.0
ukr,Ukraine,1984,50887599.0
ukr,Ukraine,1985,51108770.0
ukr,Ukraine,1986,51318745.0
ukr,Ukraine,1987,51515732.0
ukr,Ukraine,1988,51724853.0
ukr,Ukraine,1989,51917817.0
ukr,Ukraine,1990,52054092.0
ukr,Ukraine,1991,52170961.0
ukr,Ukraine,1992,52323671.0
ukr,Ukraine,1993,52350126.0
ukr,Ukraine,1994,52075998.0
ukr,Ukraine,1995,51665539.0
ukr,Ukraine,1996,51226109.0
ukr,Ukraine,1997,50786885.0
ukr,Ukraine,1998,50379731.0
ukr,Ukraine,1999,49976446.0
ukr,Ukraine,2000,49556660.0
ukr,Ukraine,2001,49106855.0
ukr,Ukraine,2002,48677281.0
ukr,Ukraine,2003,48315136.0
ukr,Ukraine,2004,47979507.0
ukr,Ukraine,2005,47585556.0
ukr,Ukraine,2006,47278694.0
ukr,Ukraine,2007,47062798.0
ukr,Ukraine,2008,46819175.0
ukr,Ukraine,2009,46623731.0
ukr,Ukraine,2010,46456003.0
ukr,Ukraine,2011,46307853.0
ukr,Ukraine,2012,46210056.0
ukr,Ukraine,2013,46126770.0
ukr,Ukraine,2014,45972380.0
ukr,Ukraine,2015,45784896.0
ukr,Ukraine,2016,45616832.0
ukr,Ukraine,2017,45436041.0
ukr,Ukraine,2018,45208907.0
ukr,Ukraine,2019,44957458.0
ukr,Ukraine,2020,44680014.0
ukr,Ukraine,2021,44298640.0
ukr,Ukraine,2022,41048766.0
ukr,Ukraine,2023,37732836.0
ukr,Ukraine,2024,37860221.0
ukr,Ukraine,2025,38980376.0
ury,Uruguay,1900,919795.0
ury,Uruguay,1901,939885.0
ury,Uruguay,1902,958148.0
ury,Uruguay,1903,974488.0
ury,Uruguay,1904,991107.0
ury,Uruguay,1905,1008009.0
ury,Uruguay,1906,1025199.0
ury,Uruguay,1907,1042682.0
ury,Uruguay,1908,1060463.0
ury,Uruguay,1909,1080134.0
ury,Uruguay,1910,1101768.0
ury,Uruguay,1911,1125436.0
ury,Uruguay,1912,1151214.0
ury,Uruguay,1913,1179181.0
ury,Uruguay,1914,1207827.0
ury,Uruguay,1915,1237169.0
ury,Uruguay,1916,1267223.0
ury,Uruguay,1917,1298008.0
ury,Uruguay,1918,1329225.0
ury,Uruguay,1919,1360767.0
ury,Uruguay,1920,1392631.0
ury,Uruguay,1921,1424817.0
ury,Uruguay,1922,1457320.0
ury,Uruguay,1923,1490140.0
ury,Uruguay,1924,1523698.0
ury,Uruguay,1925,1558013.0
ury,Uruguay,1926,1593100.0
ury,Uruguay,1927,1628977.0
ury,Uruguay,1928,1665662.0
ury,Uruguay,1929,1700145.0
ury,Uruguay,1930,1732332.0
ury,Uruguay,1931,1762132.0
ury,Uruguay,1932,1789445.0
ury,Uruguay,1933,1814174.0
ury,Uruguay,1934,1839244.0
ury,Uruguay,1935,1864661.0
ury,Uruguay,1936,1890430.0
ury,Uruguay,1937,1916554.0
ury,Uruguay,1938,1943039.0
ury,Uruguay,1939,1968803.0
ury,Uruguay,1940,1993824.0
ury,Uruguay,1941,2018080.0
ury,Uruguay,1942,2041547.0
ury,Uruguay,1943,2064202.0
ury,Uruguay,1944,2087109.0
ury,Uruguay,1945,2110269.0
ury,Uruguay,1946,2133687.0
ury,Uruguay,1947,2157365.0
ury,Uruguay,1948,2181305.0
ury,Uruguay,1949,2206974.0
ury,Uruguay,1950,2234412.0
ury,Uruguay,1951,2256418.0
ury,Uruguay,1952,2281108.0
ury,Uruguay,1953,2308050.0
ury,Uruguay,1954,2336869.0
ury,Uruguay,1955,2367034.0
ury,Uruguay,1956,2398368.0
ury,Uruguay,1957,2430771.0
ury,Uruguay,1958,2463869.0
ury,Uruguay,1959,2497145.0
ury,Uruguay,1960,2529957.0
ury,Uruguay,1961,2562044.0
ury,Uruguay,1962,2593298.0
ury,Uruguay,1963,2623766.0
ury,Uruguay,1964,2653180.0
ury,Uruguay,1965,2681169.0
ury,Uruguay,1966,2707646.0
ury,Uruguay,1967,2732277.0
ury,Uruguay,1968,2754606.0
ury,Uruguay,1969,2773974.0
ury,Uruguay,1970,2790807.0
ury,Uruguay,1971,2806462.0
ury,Uruguay,1972,2821644.0
ury,Uruguay,1973,2837133.0
ury,Uruguay,1974,2853944.0
ury,Uruguay,1975,2872320.0
ury,Uruguay,1976,2891392.0
ury,Uruguay,1977,2909461.0
ury,Uruguay,1978,2925715.0
ury,Uruguay,1979,2939903.0
ury,Uruguay,1980,2951953.0
ury,Uruguay,1981,2963246.0
ury,Uruguay,1982,2975492.0
ury,Uruguay,1983,2988778.0
ury,Uruguay,1984,3002488.0
ury,Uruguay,1985,3017037.0
ury,Uruguay,1986,3032845.0
ury,Uruguay,1987,3049896.0
ury,Uruguay,1988,3067961.0
ury,Uruguay,1989,3086255.0
ury,Uruguay,1990,3104403.0
ury,Uruguay,1991,3122354.0
ury,Uruguay,1992,3139702.0
ury,Uruguay,1993,3156345.0
ury,Uruguay,1994,3172834.0
ury,Uruguay,1995,3189440.0
ury,Uruguay,1996,3206324.0
ury,Uruguay,1997,3223345.0
ury,Uruguay,1998,3239280.0
ury,Uruguay,1999,3254015.0
ury,Uruguay,2000,3266206.0
ury,Uruguay,2001,3274251.0
ury,Uruguay,2002,3278867.0
ury,Uruguay,2003,3281186.0
ury,Uruguay,2004,3283148.0
ury,Uruguay,2005,3285771.0
ury,Uruguay,2006,3289506.0
ury,Uruguay,2007,3295153.0
ury,Uruguay,2008,3302177.0
ury,Uruguay,2009,3310091.0
ury,Uruguay,2010,3318580.0
ury,Uruguay,2011,3326825.0
ury,Uruguay,2012,3335401.0
ury,Uruguay,2013,3345337.0
ury,Uruguay,2014,3356334.0
ury,Uruguay,2015,3368017.0
ury,Uruguay,2016,3379283.0
ury,Uruguay,2017,3388438.0
ury,Uruguay,2018,3394534.0
ury,Uruguay,2019,3397206.0
ury,Uruguay,2020,3398968.0
ury,Uruguay,2021,3396695.0
ury,Uruguay,2022,3390913.0
ury,Uruguay,2023,3388081.0
ury,Uruguay,2024,3386588.0
ury,Uruguay,2025,3384688.0
usa,USA,1900,77043426.0
usa,USA,1901,78547423.0
usa,USA,1902,80090642.0
usa,USA,1903,81674041.0
usa,USA,1904,83288742.0
usa,USA,1905,84935363.0
usa,USA,1906,86614537.0
usa,USA,1907,88326905.0
usa,USA,1908,90073125.0
usa,USA,1909,91753707.0
usa,USA,1910,93365894.0
usa,USA,1911,94906853.0
usa,USA,1912,96373674.0
usa,USA,1913,97763367.0
usa,USA,1914,99173096.0
usa,USA,1915,100603151.0
usa,USA,1916,102053825.0
usa,USA,1917,103525414.0
usa,USA,1918,105002025.0
usa,USA,1919,106509031.0
usa,USA,1920,108047002.0
usa,USA,1921,109616519.0
usa,USA,1922,111218174.0
usa,USA,1923,112852567.0
usa,USA,1924,114510978.0
usa,USA,1925,116193761.0
usa,USA,1926,117901272.0
usa,USA,1927,119633876.0
usa,USA,1928,121391941.0
usa,USA,1929,122984173.0
usa,USA,1930,124406787.0
usa,USA,1931,125655935.0
usa,USA,1932,126727702.0
usa,USA,1933,127618106.0
usa,USA,1934,128514766.0
usa,USA,1935,129417726.0
usa,USA,1936,130327031.0
usa,USA,1937,131242724.0
usa,USA,1938,132164851.0
usa,USA,1939,133277715.0
usa,USA,1940,134585218.0
usa,USA,1941,136091324.0
usa,USA,1942,137800062.0
usa,USA,1943,139715524.0
usa,USA,1944,141657611.0
usa,USA,1945,143626694.0
usa,USA,1946,145623148.0
usa,USA,1947,147647353.0
usa,USA,1948,149699696.0
usa,USA,1949,151883603.0
usa,USA,1950,154202680.0
usa,USA,1951,156481323.0
usa,USA,1952,158794222.0
usa,USA,1953,161168315.0
usa,USA,1954,163636309.0
usa,USA,1955,166200024.0
usa,USA,1956,168824960.0
usa,USA,1957,171499226.0
usa,USA,1958,174215310.0
usa,USA,1959,177145764.0
usa,USA,1960,180274555.0
usa,USA,1961,183489485.0
usa,USA,1962,186724272.0
usa,USA,1963,189825226.0
usa,USA,1964,192819452.0
usa,USA,1965,195653774.0
usa,USA,1966,198265406.0
usa,USA,1967,200699911.0
usa,USA,1968,203011019.0
usa,USA,1969,205300033.0
usa,USA,1970,207796339.0
usa,USA,1971,210426432.0
usa,USA,1972,212842573.0
usa,USA,1973,215006551.0
usa,USA,1974,217076476.0
usa,USA,1975,219129301.0
usa,USA,1976,221168758.0
usa,USA,1977,223259419.0
usa,USA,1978,225396096.0
usa,USA,1979,227575084.0
usa,USA,1980,229858655.0
usa,USA,1981,232201617.0
usa,USA,1982,234583152.0
usa,USA,1983,236986365.0
usa,USA,1984,239353967.0
usa,USA,1985,241690443.0
usa,USA,1986,243953807.0
usa,USA,1987,246161291.0
usa,USA,1988,248393235.0
usa,USA,1989,250675053.0
usa,USA,1990,253373387.0
usa,USA,1991,256471422.0
usa,USA,1992,259606019.0
usa,USA,1993,262633231.0
usa,USA,1994,265474810.0
usa,USA,1995,268205795.0
usa,USA,1996,270860696.0
usa,USA,1997,273468013.0
usa,USA,1998,276119333.0
usa,USA,1999,278785484.0
usa,USA,2000,281484131.0
usa,USA,2001,284279639.0
usa,USA,2002,287084338.0
usa,USA,2003,289908100.0
usa,USA,2004,292786253.0
usa,USA,2005,295716664.0
usa,USA,2006,298730209.0
usa,USA,2007,301844226.0
usa,USA,2008,304970333.0
usa,USA,2009,308023454.0
usa,USA,2010,311062790.0
usa,USA,2011,314105078.0
usa,USA,2012,317115355.0
usa,USA,2013,320110759.0
usa,USA,2014,323115377.0
usa,USA,2015,326126497.0
usa,USA,2016,329179427.0
usa,USA,2017,332204660.0
usa,USA,2018,335056497.0
usa,USA,2019,337790067.0
usa,USA,2020,339436159.0
usa,USA,2021,340161441.0
usa,USA,2022,341534046.0
usa,USA,2023,343477335.0
usa,USA,2024,345426571.0
usa,USA,2025,347275807.0
uzb,Uzbekistan,1900,3922164.0
uzb,Uzbekistan,1901,3956871.0
uzb,Uzbekistan,1902,3991884.0
uzb,Uzbekistan,1903,4027207.0
uzb,Uzbekistan,1904,4062842.0
uzb,Uzbekistan,1905,4098792.0
uzb,Uzbekistan,1906,4135059.0
uzb,Uzbekistan,1907,4171647.0
uzb,Uzbekistan,1908,4208559.0
uzb,Uzbekistan,1909,4245796.0
uzb,Uzbekistan,1910,4283362.0
uzb,Uzbekistan,1911,4321261.0
uzb,Uzbekistan,1912,4359494.0
uzb,Uzbekistan,1913,4398065.0
uzb,Uzbekistan,1914,4436977.0
uzb,Uzbekistan,1915,4476232.0
uzb,Uzbekistan,1916,4515835.0
uzb,Uzbekistan,1917,4555787.0
uzb,Uzbekistan,1918,4597594.0
uzb,Uzbekistan,1919,4639784.0
uzb,Uzbekistan,1920,4682361.0
uzb,Uzbekistan,1921,4725329.0
uzb,Uzbekistan,1922,4768692.0
uzb,Uzbekistan,1923,4812452.0
uzb,Uzbekistan,1924,4856614.0
uzb,Uzbekistan,1925,4901182.0
uzb,Uzbekistan,1926,4946158.0
uzb,Uzbekistan,1927,4991547.0
uzb,Uzbekistan,1928,5037352.0
uzb,Uzbekistan,1929,5083578.0
uzb,Uzbekistan,1930,5130228.0
uzb,Uzbekistan,1931,5177306.0
uzb,Uzbekistan,1932,5224816.0
uzb,Uzbekistan,1933,5272762.0
uzb,Uzbekistan,1934,5321148.0
uzb,Uzbekistan,1935,5369979.0
uzb,Uzbekistan,1936,5419257.0
uzb,Uzbekistan,1937,5468987.0
uzb,Uzbekistan,1938,5519174.0
uzb,Uzbekistan,1939,5569821.0
uzb,Uzbekistan,1940,5620933.0
uzb,Uzbekistan,1941,5672514.0
uzb,Uzbekistan,1942,5724569.0
uzb,Uzbekistan,1943,5777101.0
uzb,Uzbekistan,1944,5830115.0
uzb,Uzbekistan,1945,5883616.0
uzb,Uzbekistan,1946,5937607.0
uzb,Uzbekistan,1947,5992094.0
uzb,Uzbekistan,1948,6047082.0
uzb,Uzbekistan,1949,6129326.0
uzb,Uzbekistan,1950,6239904.0
uzb,Uzbekistan,1951,6385007.0
uzb,Uzbekistan,1952,6536524.0
uzb,Uzbekistan,1953,6698117.0
uzb,Uzbekistan,1954,6869808.0
uzb,Uzbekistan,1955,7054034.0
uzb,Uzbekistan,1956,7252039.0
uzb,Uzbekistan,1957,7463061.0
uzb,Uzbekistan,1958,7689162.0
uzb,Uzbekistan,1959,7935471.0
uzb,Uzbekistan,1960,8209109.0
uzb,Uzbekistan,1961,8517711.0
uzb,Uzbekistan,1962,8854368.0
uzb,Uzbekistan,1963,9202246.0
uzb,Uzbekistan,1964,9557611.0
uzb,Uzbekistan,1965,9921681.0
uzb,Uzbekistan,1966,10289294.0
uzb,Uzbekistan,1967,10659180.0
uzb,Uzbekistan,1968,11032155.0
uzb,Uzbekistan,1969,11403150.0
uzb,Uzbekistan,1970,11762638.0
uzb,Uzbekistan,1971,12111511.0
uzb,Uzbekistan,1972,12465106.0
uzb,Uzbekistan,1973,12831047.0
uzb,Uzbekistan,1974,13209011.0
uzb,Uzbekistan,1975,13598521.0
uzb,Uzbekistan,1976,13998620.0
uzb,Uzbekistan,1977,14408822.0
uzb,Uzbekistan,1978,14816349.0
uzb,Uzbekistan,1979,15215587.0
uzb,Uzbekistan,1980,15619936.0
uzb,Uzbekistan,1981,16035032.0
uzb,Uzbekistan,1982,16462736.0
uzb,Uzbekistan,1983,16908400.0
uzb,Uzbekistan,1984,17378846.0
uzb,Uzbekistan,1985,17875339.0
uzb,Uzbekistan,1986,18395621.0
uzb,Uzbekistan,1987,18930070.0
uzb,Uzbekistan,1988,19460630.0
uzb,Uzbekistan,1989,19977183.0
uzb,Uzbekistan,1990,20464956.0
uzb,Uzbekistan,1991,20962910.0
uzb,Uzbekistan,1992,21485090.0
uzb,Uzbekistan,1993,21987955.0
uzb,Uzbekistan,1994,22463291.0
uzb,Uzbekistan,1995,22917589.0
uzb,Uzbekistan,1996,23351981.0
uzb,Uzbekistan,1997,23758960.0
uzb,Uzbekistan,1998,24134929.0
uzb,Uzbekistan,1999,24476008.0
uzb,Uzbekistan,2000,24787054.0
uzb,Uzbekistan,2001,25090283.0
uzb,Uzbekistan,2002,25399980.0
uzb,Uzbekistan,2003,25711259.0
uzb,Uzbekistan,2004,26029350.0
uzb,Uzbekistan,2005,26356975.0
uzb,Uzbekistan,2006,26699043.0
uzb,Uzbekistan,2007,27076008.0
uzb,Uzbekistan,2008,27494774.0
uzb,Uzbekistan,2009,27939328.0
uzb,Uzbekistan,2010,28385506.0
uzb,Uzbekistan,2011,28823196.0
uzb,Uzbekistan,2012,29261903.0
uzb,Uzbekistan,2013,29724065.0
uzb,Uzbekistan,2014,30222994.0
uzb,Uzbekistan,2015,30749346.0
uzb,Uzbekistan,2016,31284568.0
uzb,Uzbekistan,2017,31819178.0
uzb,Uzbekistan,2018,32373490.0
uzb,Uzbekistan,2019,32964701.0
uzb,Uzbekistan,2020,33586372.0
uzb,Uzbekistan,2021,34243696.0
uzb,Uzbekistan,2022,34938955.0
uzb,Uzbekistan,2023,35652307.0
uzb,Uzbekistan,2024,36361859.0
uzb,Uzbekistan,2025,37053428.0
vct,St. Vincent and the Grenadines,1900,44377.0
vct,St. Vincent and the Grenadines,1901,44247.0
vct,St. Vincent and the Grenadines,1902,43863.0
vct,St. Vincent and the Grenadines,1903,43227.0
vct,St. Vincent and the Grenadines,1904,42599.0
vct,St. Vincent and the Grenadines,1905,41981.0
vct,St. Vincent and the Grenadines,1906,41372.0
vct,St. Vincent and the Grenadines,1907,40771.0
vct,St. Vincent and the Grenadines,1908,40179.0
vct,St. Vincent and the Grenadines,1909,39736.0
vct,St. Vincent and the Grenadines,1910,39439.0
vct,St. Vincent and the Grenadines,1911,39288.0
vct,St. Vincent and the Grenadines,1912,39279.0
vct,St. Vincent and the Grenadines,1913,39412.0
vct,St. Vincent and the Grenadines,1914,39545.0
vct,St. Vincent and the Grenadines,1915,39678.0
vct,St. Vincent and the Grenadines,1916,39812.0
vct,St. Vincent and the Grenadines,1917,39946.0
vct,St. Vincent and the Grenadines,1918,40133.0
vct,St. Vincent and the Grenadines,1919,40353.0
vct,St. Vincent and the Grenadines,1920,40607.0
vct,St. Vincent and the Grenadines,1921,40896.0
vct,St. Vincent and the Grenadines,1922,41221.0
vct,St. Vincent and the Grenadines,1923,41581.0
vct,St. Vincent and the Grenadines,1924,41945.0
vct,St. Vincent and the Grenadines,1925,42311.0
vct,St. Vincent and the Grenadines,1926,42681.0
vct,St. Vincent and the Grenadines,1927,43054.0
vct,St. Vincent and the Grenadines,1928,43430.0
vct,St. Vincent and the Grenadines,1929,43962.0
vct,St. Vincent and the Grenadines,1930,44653.0
vct,St. Vincent and the Grenadines,1931,45511.0
vct,St. Vincent and the Grenadines,1932,46540.0
vct,St. Vincent and the Grenadines,1933,47747.0
vct,St. Vincent and the Grenadines,1934,48985.0
vct,St. Vincent and the Grenadines,1935,50255.0
vct,St. Vincent and the Grenadines,1936,51557.0
vct,St. Vincent and the Grenadines,1937,52894.0
vct,St. Vincent and the Grenadines,1938,54265.0
vct,St. Vincent and the Grenadines,1939,55455.0
vct,St. Vincent and the Grenadines,1940,56459.0
vct,St. Vincent and the Grenadines,1941,57268.0
vct,St. Vincent and the Grenadines,1942,57878.0
vct,St. Vincent and the Grenadines,1943,58280.0
vct,St. Vincent and the Grenadines,1944,58686.0
vct,St. Vincent and the Grenadines,1945,59094.0
vct,St. Vincent and the Grenadines,1946,59506.0
vct,St. Vincent and the Grenadines,1947,59920.0
vct,St. Vincent and the Grenadines,1948,60337.0
vct,St. Vincent and the Grenadines,1949,60916.0
vct,St. Vincent and the Grenadines,1950,61663.0
vct,St. Vincent and the Grenadines,1951,63349.0
vct,St. Vincent and the Grenadines,1952,65183.0
vct,St. Vincent and the Grenadines,1953,67162.0
vct,St. Vincent and the Grenadines,1954,69302.0
vct,St. Vincent and the Grenadines,1955,71612.0
vct,St. Vincent and the Grenadines,1956,74054.0
vct,St. Vincent and the Grenadines,1957,76617.0
vct,St. Vincent and the Grenadines,1958,79313.0
vct,St. Vincent and the Grenadines,1959,82150.0
vct,St. Vincent and the Grenadines,1960,84388.0
vct,St. Vincent and the Grenadines,1961,85870.0
vct,St. Vincent and the Grenadines,1962,87236.0
vct,St. Vincent and the Grenadines,1963,88523.0
vct,St. Vincent and the Grenadines,1964,89749.0
vct,St. Vincent and the Grenadines,1965,90927.0
vct,St. Vincent and the Grenadines,1966,92052.0
vct,St. Vincent and the Grenadines,1967,93124.0
vct,St. Vincent and the Grenadines,1968,94123.0
vct,St. Vincent and the Grenadines,1969,95058.0
vct,St. Vincent and the Grenadines,1970,95964.0
vct,St. Vincent and the Grenadines,1971,96872.0
vct,St. Vincent and the Grenadines,1972,97790.0
vct,St. Vincent and the Grenadines,1973,98691.0
vct,St. Vincent and the Grenadines,1974,99556.0
vct,St. Vincent and the Grenadines,1975,100387.0
vct,St. Vincent and the Grenadines,1976,101197.0
vct,St. Vincent and the Grenadines,1977,101999.0
vct,St. Vincent and the Grenadines,1978,102775.0
vct,St. Vincent and the Grenadines,1979,103478.0
vct,St. Vincent and the Grenadines,1980,104213.0
vct,St. Vincent and the Grenadines,1981,105073.0
vct,St. Vincent and the Grenadines,1982,105969.0
vct,St. Vincent and the Grenadines,1983,106838.0
vct,St. Vincent and the Grenadines,1984,107687.0
vct,St. Vincent and the Grenadines,1985,108506.0
vct,St. Vincent and the Grenadines,1986,109281.0
vct,St. Vincent and the Grenadines,1987,110001.0
vct,St. Vincent and the Grenadines,1988,110658.0
vct,St. Vincent and the Grenadines,1989,111272.0
vct,St. Vincent and the Grenadines,1990,111812.0
vct,St. Vincent and the Grenadines,1991,112222.0
vct,St. Vincent and the Grenadines,1992,112509.0
vct,St. Vincent and the Grenadines,1993,112735.0
vct,St. Vincent and the Grenadines,1994,112918.0
vct,St. Vincent and the Grenadines,1995,113047.0
vct,St. Vincent and the Grenadines,1996,113119.0
vct,St. Vincent and the Grenadines,1997,113141.0
vct,St. Vincent and the Grenadines,1998,113180.0
vct,St. Vincent and the Grenadines,1999,113366.0
vct,St. Vincent and the Grenadines,2000,113545.0
vct,St. Vincent and the Grenadines,2001,113501.0
vct,St. Vincent and the Grenadines,2002,113347.0
vct,St. Vincent and the Grenadines,2003,113141.0
vct,St. Vincent and the Grenadines,2004,112835.0
vct,St. Vincent and the Grenadines,2005,112450.0
vct,St. Vincent and the Grenadines,2006,112014.0
vct,St. Vincent and the Grenadines,2007,111531.0
vct,St. Vincent and the Grenadines,2008,111028.0
vct,St. Vincent and the Grenadines,2009,110508.0
vct,St. Vincent and the Grenadines,2010,109959.0
vct,St. Vincent and the Grenadines,2011,109349.0
vct,St. Vincent and the Grenadines,2012,108736.0
vct,St. Vincent and the Grenadines,2013,108135.0
vct,St. Vincent and the Grenadines,2014,107535.0
vct,St. Vincent and the Grenadines,2015,106960.0
vct,St. Vincent and the Grenadines,2016,106349.0
vct,St. Vincent and the Grenadines,2017,105663.0
vct,St. Vincent and the Grenadines,2018,104926.0
vct,St. Vincent and the Grenadines,2019,104167.0
vct,St. Vincent and the Grenadines,2020,103526.0
vct,St. Vincent and the Grenadines,2021,102841.0
vct,St. Vincent and the Grenadines,2022,102046.0
vct,St. Vincent and the Grenadines,2023,101323.0
vct,St. Vincent and the Grenadines,2024,100616.0
vct,St. Vincent and the Grenadines,2025,99924.0
ven,Venezuela,1900,2699649.0
ven,Venezuela,1901,2733425.0
ven,Venezuela,1902,2765697.0
ven,Venezuela,1903,2796418.0
ven,Venezuela,1904,2827476.0
ven,Venezuela,1905,2858876.0
ven,Venezuela,1906,2890619.0
ven,Venezuela,1907,2922711.0
ven,Venezuela,1908,2955156.0
ven,Venezuela,1909,2985892.0
ven,Venezuela,1910,3014884.0
ven,Venezuela,1911,3042094.0
ven,Venezuela,1912,3067482.0
ven,Venezuela,1913,3091011.0
ven,Venezuela,1914,3114716.0
ven,Venezuela,1915,3138598.0
ven,Venezuela,1916,3162659.0
ven,Venezuela,1917,3186899.0
ven,Venezuela,1918,3207534.0
ven,Venezuela,1919,3230492.0
ven,Venezuela,1920,3255812.0
ven,Venezuela,1921,3283530.0
ven,Venezuela,1922,3313684.0
ven,Venezuela,1923,3346311.0
ven,Venezuela,1924,3379259.0
ven,Venezuela,1925,3412532.0
ven,Venezuela,1926,3446133.0
ven,Venezuela,1927,3480064.0
ven,Venezuela,1928,3514329.0
ven,Venezuela,1929,3551752.0
ven,Venezuela,1930,3592400.0
ven,Venezuela,1931,3636347.0
ven,Venezuela,1932,3683664.0
ven,Venezuela,1933,3734425.0
ven,Venezuela,1934,3785885.0
ven,Venezuela,1935,3838055.0
ven,Venezuela,1936,3890943.0
ven,Venezuela,1937,3944560.0
ven,Venezuela,1938,3998916.0
ven,Venezuela,1939,4066072.0
ven,Venezuela,1940,4146545.0
ven,Venezuela,1941,4240872.0
ven,Venezuela,1942,4349607.0
ven,Venezuela,1943,4473321.0
ven,Venezuela,1944,4600554.0
ven,Venezuela,1945,4731406.0
ven,Venezuela,1946,4865979.0
ven,Venezuela,1947,5004380.0
ven,Venezuela,1948,5146717.0
ven,Venezuela,1949,5307823.0
ven,Venezuela,1950,5488850.0
ven,Venezuela,1951,5732603.0
ven,Venezuela,1952,5981380.0
ven,Venezuela,1953,6234767.0
ven,Venezuela,1954,6492813.0
ven,Venezuela,1955,6755813.0
ven,Venezuela,1956,7024319.0
ven,Venezuela,1957,7299448.0
ven,Venezuela,1958,7581980.0
ven,Venezuela,1959,7869223.0
ven,Venezuela,1960,8160090.0
ven,Venezuela,1961,8455915.0
ven,Venezuela,1962,8756870.0
ven,Venezuela,1963,9064021.0
ven,Venezuela,1964,9377712.0
ven,Venezuela,1965,9697790.0
ven,Venezuela,1966,10024854.0
ven,Venezuela,1967,10358513.0
ven,Venezuela,1968,10697530.0
ven,Venezuela,1969,11040280.0
ven,Venezuela,1970,11387790.0
ven,Venezuela,1971,11741008.0
ven,Venezuela,1972,12099180.0
ven,Venezuela,1973,12463537.0
ven,Venezuela,1974,12835351.0
ven,Venezuela,1975,13215892.0
ven,Venezuela,1976,13606284.0
ven,Venezuela,1977,14006812.0
ven,Venezuela,1978,14416684.0
ven,Venezuela,1979,14834552.0
ven,Venezuela,1980,15258218.0
ven,Venezuela,1981,15687297.0
ven,Venezuela,1982,16121874.0
ven,Venezuela,1983,16562205.0
ven,Venezuela,1984,17008841.0
ven,Venezuela,1985,17461434.0
ven,Venezuela,1986,17923536.0
ven,Venezuela,1987,18394963.0
ven,Venezuela,1988,18871020.0
ven,Venezuela,1989,19348921.0
ven,Venezuela,1990,19827010.0
ven,Venezuela,1991,20304896.0
ven,Venezuela,1992,20780948.0
ven,Venezuela,1993,21254520.0
ven,Venezuela,1994,21725188.0
ven,Venezuela,1995,22193821.0
ven,Venezuela,1996,22662113.0
ven,Venezuela,1997,23131685.0
ven,Venezuela,1998,23601337.0
ven,Venezuela,1999,24066593.0
ven,Venezuela,2000,24526708.0
ven,Venezuela,2001,24979922.0
ven,Venezuela,2002,25435671.0
ven,Venezuela,2003,25892703.0
ven,Venezuela,2004,26340838.0
ven,Venezuela,2005,26785804.0
ven,Venezuela,2006,27224686.0
ven,Venezuela,2007,27649363.0
ven,Venezuela,2008,28053696.0
ven,Venezuela,2009,28438298.0
ven,Venezuela,2010,28813101.0
ven,Venezuela,2011,29185212.0
ven,Venezuela,2012,29553826.0
ven,Venezuela,2013,29912198.0
ven,Venezuela,2014,30254079.0
ven,Venezuela,2015,30573972.0
ven,Venezuela,2016,30765720.0
ven,Venezuela,2017,30565323.0
ven,Venezuela,2018,29807592.0
ven,Venezuela,2019,28938098.0
ven,Venezuela,2020,28444077.0
ven,Venezuela,2021,28237826.0
ven,Venezuela,2022,28213017.0
ven,Venezuela,2023,28300854.0
ven,Venezuela,2024,28405543.0
ven,Venezuela,2025,28516896.0
vnm,Vietnam,1900,11797851.0
vnm,Vietnam,1901,12196386.0
vnm,Vietnam,1902,12730842.0
vnm,Vietnam,1903,13408775.0
vnm,Vietnam,1904,14122808.0
vnm,Vietnam,1905,14874865.0
vnm,Vietnam,1906,15666968.0
vnm,Vietnam,1907,16501253.0
vnm,Vietnam,1908,17379963.0
vnm,Vietnam,1909,18083302.0
vnm,Vietnam,1910,18602952.0
vnm,Vietnam,1911,18930150.0
vnm,Vietnam,1912,19055662.0
vnm,Vietnam,1913,18969757.0
vnm,Vietnam,1914,18884239.0
vnm,Vietnam,1915,18799106.0
vnm,Vietnam,1916,18714357.0
vnm,Vietnam,1917,18629989.0
vnm,Vietnam,1918,18547784.0
vnm,Vietnam,1919,18465941.0
vnm,Vietnam,1920,18384459.0
vnm,Vietnam,1921,18303337.0
vnm,Vietnam,1922,18222573.0
vnm,Vietnam,1923,18142165.0
vnm,Vietnam,1924,18062112.0
vnm,Vietnam,1925,17982412.0
vnm,Vietnam,1926,17903064.0
vnm,Vietnam,1927,17824065.0
vnm,Vietnam,1928,17745416.0
vnm,Vietnam,1929,17707094.0
vnm,Vietnam,1930,17709199.0
vnm,Vietnam,1931,17751833.0
vnm,Vietnam,1932,17835099.0
vnm,Vietnam,1933,17959102.0
vnm,Vietnam,1934,18083966.0
vnm,Vietnam,1935,18209699.0
vnm,Vietnam,1936,18336306.0
vnm,Vietnam,1937,18463793.0
vnm,Vietnam,1938,18592166.0
vnm,Vietnam,1939,18806054.0
vnm,Vietnam,1940,19108538.0
vnm,Vietnam,1941,19502796.0
vnm,Vietnam,1942,19992100.0
vnm,Vietnam,1943,20579827.0
vnm,Vietnam,1944,21184832.0
vnm,Vietnam,1945,21807622.0
vnm,Vietnam,1946,22448722.0
vnm,Vietnam,1947,23108668.0
vnm,Vietnam,1948,23788015.0
vnm,Vietnam,1949,24452446.0
vnm,Vietnam,1950,25100738.0
vnm,Vietnam,1951,25600268.0
vnm,Vietnam,1952,26143917.0
vnm,Vietnam,1953,26757964.0
vnm,Vietnam,1954,27427909.0
vnm,Vietnam,1955,28166446.0
vnm,Vietnam,1956,28922309.0
vnm,Vietnam,1957,29754428.0
vnm,Vietnam,1958,30658446.0
vnm,Vietnam,1959,31585547.0
vnm,Vietnam,1960,32531933.0
vnm,Vietnam,1961,33409059.0
vnm,Vietnam,1962,34288560.0
vnm,Vietnam,1963,35249101.0
vnm,Vietnam,1964,36201563.0
vnm,Vietnam,1965,37129656.0
vnm,Vietnam,1966,38024836.0
vnm,Vietnam,1967,38895080.0
vnm,Vietnam,1968,39734609.0
vnm,Vietnam,1969,40582096.0
vnm,Vietnam,1970,41475230.0
vnm,Vietnam,1971,42449276.0
vnm,Vietnam,1972,43429168.0
vnm,Vietnam,1973,44409861.0
vnm,Vietnam,1974,45413537.0
vnm,Vietnam,1975,46482903.0
vnm,Vietnam,1976,47684931.0
vnm,Vietnam,1977,48954872.0
vnm,Vietnam,1978,50249552.0
vnm,Vietnam,1979,51378211.0
vnm,Vietnam,1980,52490101.0
vnm,Vietnam,1981,53738141.0
vnm,Vietnam,1982,55011289.0
vnm,Vietnam,1983,56337921.0
vnm,Vietnam,1984,57706067.0
vnm,Vietnam,1985,59060622.0
vnm,Vietnam,1986,60347048.0
vnm,Vietnam,1987,61584651.0
vnm,Vietnam,1988,62843228.0
vnm,Vietnam,1989,64147348.0
vnm,Vietnam,1990,65504552.0
vnm,Vietnam,1991,66891775.0
vnm,Vietnam,1992,68260337.0
vnm,Vietnam,1993,69586384.0
vnm,Vietnam,1994,70854391.0
vnm,Vietnam,1995,72049940.0
vnm,Vietnam,1996,73156447.0
vnm,Vietnam,1997,74226889.0
vnm,Vietnam,1998,75299660.0
vnm,Vietnam,1999,76287452.0
vnm,Vietnam,2000,77154011.0
vnm,Vietnam,2001,77969361.0
vnm,Vietnam,2002,78772224.0
vnm,Vietnam,2003,79563777.0
vnm,Vietnam,2004,80338971.0
vnm,Vietnam,2005,81088313.0
vnm,Vietnam,2006,82167897.0
vnm,Vietnam,2007,83633375.0
vnm,Vietnam,2008,85175788.0
vnm,Vietnam,2009,86460018.0
vnm,Vietnam,2010,87455152.0
vnm,Vietnam,2011,88468314.0
vnm,Vietnam,2012,89510356.0
vnm,Vietnam,2013,90573104.0
vnm,Vietnam,2014,91679578.0
vnm,Vietnam,2015,92823254.0
vnm,Vietnam,2016,94000117.0
vnm,Vietnam,2017,95176977.0
vnm,Vietnam,2018,96237319.0
vnm,Vietnam,2019,97173776.0
vnm,Vietnam,2020,98079191.0
vnm,Vietnam,2021,98935098.0
vnm,Vietnam,2022,99680655.0
vnm,Vietnam,2023,100352192.0
vnm,Vietnam,2024,100987686.0
vnm,Vietnam,2025,101598527.0
vut,Vanuatu,1900,59817.0
vut,Vanuatu,1901,60386.0
vut,Vanuatu,1902,60960.0
vut,Vanuatu,1903,61539.0
vut,Vanuatu,1904,62124.0
vut,Vanuatu,1905,62715.0
vut,Vanuatu,1906,63311.0
vut,Vanuatu,1907,63913.0
vut,Vanuatu,1908,64520.0
vut,Vanuatu,1909,64860.0
vut,Vanuatu,1910,64932.0
vut,Vanuatu,1911,64738.0
vut,Vanuatu,1912,64278.0
vut,Vanuatu,1913,63552.0
vut,Vanuatu,1914,62835.0
vut,Vanuatu,1915,62126.0
vut,Vanuatu,1916,61424.0
vut,Vanuatu,1917,60731.0
vut,Vanuatu,1918,60064.0
vut,Vanuatu,1919,59534.0
vut,Vanuatu,1920,59139.0
vut,Vanuatu,1921,58876.0
vut,Vanuatu,1922,58746.0
vut,Vanuatu,1923,58746.0
vut,Vanuatu,1924,58746.0
vut,Vanuatu,1925,58746.0
vut,Vanuatu,1926,58746.0
vut,Vanuatu,1927,58746.0
vut,Vanuatu,1928,58746.0
vut,Vanuatu,1929,58534.0
vut,Vanuatu,1930,58113.0
vut,Vanuatu,1931,57488.0
vut,Vanuatu,1932,56661.0
vut,Vanuatu,1933,55638.0
vut,Vanuatu,1934,54632.0
vut,Vanuatu,1935,53645.0
vut,Vanuatu,1936,52676.0
vut,Vanuatu,1937,51724.0
vut,Vanuatu,1938,50790.0
vut,Vanuatu,1939,50088.0
vut,Vanuatu,1940,49614.0
vut,Vanuatu,1941,49367.0
vut,Vanuatu,1942,49341.0
vut,Vanuatu,1943,49535.0
vut,Vanuatu,1944,49730.0
vut,Vanuatu,1945,49925.0
vut,Vanuatu,1946,50122.0
vut,Vanuatu,1947,50318.0
vut,Vanuatu,1948,50516.0
vut,Vanuatu,1949,50922.0
vut,Vanuatu,1950,51541.0
vut,Vanuatu,1951,52360.0
vut,Vanuatu,1952,53261.0
vut,Vanuatu,1953,54300.0
vut,Vanuatu,1954,55422.0
vut,Vanuatu,1955,56633.0
vut,Vanuatu,1956,57925.0
vut,Vanuatu,1957,59376.0
vut,Vanuatu,1958,60981.0
vut,Vanuatu,1959,62669.0
vut,Vanuatu,1960,64431.0
vut,Vanuatu,1961,66264.0
vut,Vanuatu,1962,68174.0
vut,Vanuatu,1963,70159.0
vut,Vanuatu,1964,72219.0
vut,Vanuatu,1965,74358.0
vut,Vanuatu,1966,76590.0
vut,Vanuatu,1967,78921.0
vut,Vanuatu,1968,81314.0
vut,Vanuatu,1969,83755.0
vut,Vanuatu,1970,86266.0
vut,Vanuatu,1971,88862.0
vut,Vanuatu,1972,91562.0
vut,Vanuatu,1973,94362.0
vut,Vanuatu,1974,97260.0
vut,Vanuatu,1975,100269.0
vut,Vanuatu,1976,103388.0
vut,Vanuatu,1977,106618.0
vut,Vanuatu,1978,109963.0
vut,Vanuatu,1979,113040.0
vut,Vanuatu,1980,115660.0
vut,Vanuatu,1981,118249.0
vut,Vanuatu,1982,121035.0
vut,Vanuatu,1983,123998.0
vut,Vanuatu,1984,127109.0
vut,Vanuatu,1985,130356.0
vut,Vanuatu,1986,133720.0
vut,Vanuatu,1987,137187.0
vut,Vanuatu,1988,140756.0
vut,Vanuatu,1989,144393.0
vut,Vanuatu,1990,148063.0
vut,Vanuatu,1991,151793.0
vut,Vanuatu,1992,155608.0
vut,Vanuatu,1993,159463.0
vut,Vanuatu,1994,163314.0
vut,Vanuatu,1995,167137.0
vut,Vanuatu,1996,170911.0
vut,Vanuatu,1997,174626.0
vut,Vanuatu,1998,178313.0
vut,Vanuatu,1999,182048.0
vut,Vanuatu,2000,186281.0
vut,Vanuatu,2001,191031.0
vut,Vanuatu,2002,195863.0
vut,Vanuatu,2003,200746.0
vut,Vanuatu,2004,205711.0
vut,Vanuatu,2005,210760.0
vut,Vanuatu,2006,215923.0
vut,Vanuatu,2007,221276.0
vut,Vanuatu,2008,226896.0
vut,Vanuatu,2009,232731.0
vut,Vanuatu,2010,238248.0
vut,Vanuatu,2011,243474.0
vut,Vanuatu,2012,248883.0
vut,Vanuatu,2013,254482.0
vut,Vanuatu,2014,260240.0
vut,Vanuatu,2015,266101.0
vut,Vanuatu,2016,272087.0
vut,Vanuatu,2017,278507.0
vut,Vanuatu,2018,285259.0
vut,Vanuatu,2019,291985.0
vut,Vanuatu,2020,298858.0
vut,Vanuatu,2021,305868.0
vut,Vanuatu,2022,313046.0
vut,Vanuatu,2023,320409.0
vut,Vanuatu,2024,327777.0
vut,Vanuatu,2025,335169.0
wsm,Samoa,1900,35186.0
wsm,Samoa,1901,35424.0
wsm,Samoa,1902,35814.0
wsm,Samoa,1903,36360.0
wsm,Samoa,1904,36913.0
wsm,Samoa,1905,37475.0
wsm,Samoa,1906,38045.0
wsm,Samoa,1907,38624.0
wsm,Samoa,1908,39212.0
wsm,Samoa,1909,39650.0
wsm,Samoa,1910,39938.0
wsm,Samoa,1911,40072.0
wsm,Samoa,1912,40052.0
wsm,Samoa,1913,39876.0
wsm,Samoa,1914,39700.0
wsm,Samoa,1915,39525.0
wsm,Samoa,1916,39351.0
wsm,Samoa,1917,39177.0
wsm,Samoa,1918,38966.0
wsm,Samoa,1919,39146.0
wsm,Samoa,1920,39732.0
wsm,Samoa,1921,40741.0
wsm,Samoa,1922,42189.0
wsm,Samoa,1923,44095.0
wsm,Samoa,1924,46087.0
wsm,Samoa,1925,48169.0
wsm,Samoa,1926,50345.0
wsm,Samoa,1927,52619.0
wsm,Samoa,1928,54996.0
wsm,Samoa,1929,57174.0
wsm,Samoa,1930,59137.0
wsm,Samoa,1931,60871.0
wsm,Samoa,1932,62358.0
wsm,Samoa,1933,63580.0
wsm,Samoa,1934,64827.0
wsm,Samoa,1935,66098.0
wsm,Samoa,1936,67393.0
wsm,Samoa,1937,68715.0
wsm,Samoa,1938,70062.0
wsm,Samoa,1939,71423.0
wsm,Samoa,1940,72797.0
wsm,Samoa,1941,74185.0
wsm,Samoa,1942,75586.0
wsm,Samoa,1943,77001.0
wsm,Samoa,1944,78443.0
wsm,Samoa,1945,79911.0
wsm,Samoa,1946,81407.0
wsm,Samoa,1947,82931.0
wsm,Samoa,1948,84484.0
wsm,Samoa,1949,86264.0
wsm,Samoa,1950,88281.0
wsm,Samoa,1951,90510.0
wsm,Samoa,1952,92701.0
wsm,Samoa,1953,94773.0
wsm,Samoa,1954,96882.0
wsm,Samoa,1955,99038.0
wsm,Samoa,1956,101318.0
wsm,Samoa,1957,103894.0
wsm,Samoa,1958,106698.0
wsm,Samoa,1959,109561.0
wsm,Samoa,1960,112490.0
wsm,Samoa,1961,115496.0
wsm,Samoa,1962,118597.0
wsm,Samoa,1963,121764.0
wsm,Samoa,1964,124894.0
wsm,Samoa,1965,127978.0
wsm,Samoa,1966,131073.0
wsm,Samoa,1967,133764.0
wsm,Samoa,1968,136020.0
wsm,Samoa,1969,138233.0
wsm,Samoa,1970,140400.0
wsm,Samoa,1971,142503.0
wsm,Samoa,1972,144538.0
wsm,Samoa,1973,146516.0
wsm,Samoa,1974,149431.0
wsm,Samoa,1975,153344.0
wsm,Samoa,1976,157113.0
wsm,Samoa,1977,159753.0
wsm,Samoa,1978,161375.0
wsm,Samoa,1979,162882.0
wsm,Samoa,1980,164322.0
wsm,Samoa,1981,165678.0
wsm,Samoa,1982,166484.0
wsm,Samoa,1983,166714.0
wsm,Samoa,1984,166796.0
wsm,Samoa,1985,166849.0
wsm,Samoa,1986,167061.0
wsm,Samoa,1987,167661.0
wsm,Samoa,1988,168346.0
wsm,Samoa,1989,168768.0
wsm,Samoa,1990,169042.0
wsm,Samoa,1991,169368.0
wsm,Samoa,1992,170331.0
wsm,Samoa,1993,171774.0
wsm,Samoa,1994,173159.0
wsm,Samoa,1995,174571.0
wsm,Samoa,1996,176071.0
wsm,Samoa,1997,177547.0
wsm,Samoa,1998,178905.0
wsm,Samoa,1999,180275.0
wsm,Samoa,2000,181685.0
wsm,Samoa,2001,183166.0
wsm,Samoa,2002,184471.0
wsm,Samoa,2003,185430.0
wsm,Samoa,2004,186249.0
wsm,Samoa,2005,186978.0
wsm,Samoa,2006,187709.0
wsm,Samoa,2007,188753.0
wsm,Samoa,2008,190107.0
wsm,Samoa,2009,191513.0
wsm,Samoa,2010,193023.0
wsm,Samoa,2011,194713.0
wsm,Samoa,2012,196498.0
wsm,Samoa,2013,198268.0
wsm,Samoa,2014,200037.0
wsm,Samoa,2015,201782.0
wsm,Samoa,2016,203499.0
wsm,Samoa,2017,205415.0
wsm,Samoa,2018,207582.0
wsm,Samoa,2019,209780.0
wsm,Samoa,2020,211944.0
wsm,Samoa,2021,213779.0
wsm,Samoa,2022,215261.0
wsm,Samoa,2023,216663.0
wsm,Samoa,2024,218019.0
wsm,Samoa,2025,219306.0
yem,Yemen,1900,2922518.0
yem,Yemen,1901,2938825.0
yem,Yemen,1902,2959477.0
yem,Yemen,1903,2984513.0
yem,Yemen,1904,3009760.0
yem,Yemen,1905,3035219.0
yem,Yemen,1906,3060892.0
yem,Yemen,1907,3086781.0
yem,Yemen,1908,3112888.0
yem,Yemen,1909,3139421.0
yem,Yemen,1910,3166387.0
yem,Yemen,1911,3193791.0
yem,Yemen,1912,3221637.0
yem,Yemen,1913,3249932.0
yem,Yemen,1914,3278474.0
yem,Yemen,1915,3307265.0
yem,Yemen,1916,3336308.0
yem,Yemen,1917,3365604.0
yem,Yemen,1918,3397285.0
yem,Yemen,1919,3429265.0
yem,Yemen,1920,3461545.0
yem,Yemen,1921,3494130.0
yem,Yemen,1922,3527021.0
yem,Yemen,1923,3560222.0
yem,Yemen,1924,3593735.0
yem,Yemen,1925,3627564.0
yem,Yemen,1926,3661711.0
yem,Yemen,1927,3696180.0
yem,Yemen,1928,3730973.0
yem,Yemen,1929,3766093.0
yem,Yemen,1930,3801545.0
yem,Yemen,1931,3837329.0
yem,Yemen,1932,3873451.0
yem,Yemen,1933,3909913.0
yem,Yemen,1934,3946718.0
yem,Yemen,1935,3983870.0
yem,Yemen,1936,4021371.0
yem,Yemen,1937,4059225.0
yem,Yemen,1938,4097435.0
yem,Yemen,1939,4136006.0
yem,Yemen,1940,4174939.0
yem,Yemen,1941,4214239.0
yem,Yemen,1942,4253908.0
yem,Yemen,1943,4293952.0
yem,Yemen,1944,4334372.0
yem,Yemen,1945,4375172.0
yem,Yemen,1946,4416357.0
yem,Yemen,1947,4457929.0
yem,Yemen,1948,4499893.0
yem,Yemen,1949,4552736.0
yem,Yemen,1950,4616780.0
yem,Yemen,1951,4684148.0
yem,Yemen,1952,4758172.0
yem,Yemen,1953,4837293.0
yem,Yemen,1954,4921135.0
yem,Yemen,1955,5009672.0
yem,Yemen,1956,5103100.0
yem,Yemen,1957,5201605.0
yem,Yemen,1958,5305734.0
yem,Yemen,1959,5415920.0
yem,Yemen,1960,5532301.0
yem,Yemen,1961,5655232.0
yem,Yemen,1962,5782221.0
yem,Yemen,1963,5911135.0
yem,Yemen,1964,6048006.0
yem,Yemen,1965,6195593.0
yem,Yemen,1966,6351494.0
yem,Yemen,1967,6516444.0
yem,Yemen,1968,6690524.0
yem,Yemen,1969,6875859.0
yem,Yemen,1970,7065279.0
yem,Yemen,1971,7257462.0
yem,Yemen,1972,7460068.0
yem,Yemen,1973,7672796.0
yem,Yemen,1974,7896783.0
yem,Yemen,1975,8133598.0
yem,Yemen,1976,8384113.0
yem,Yemen,1977,8648222.0
yem,Yemen,1978,8926586.0
yem,Yemen,1979,9224194.0
yem,Yemen,1980,9543358.0
yem,Yemen,1981,9882362.0
yem,Yemen,1982,10241006.0
yem,Yemen,1983,10621499.0
yem,Yemen,1984,11025597.0
yem,Yemen,1985,11453825.0
yem,Yemen,1986,11901040.0
yem,Yemen,1987,12369912.0
yem,Yemen,1988,12859708.0
yem,Yemen,1989,13364174.0
yem,Yemen,1990,13887862.0
yem,Yemen,1991,14430201.0
yem,Yemen,1992,14989494.0
yem,Yemen,1993,15563914.0
yem,Yemen,1994,16149147.0
yem,Yemen,1995,16740058.0
yem,Yemen,1996,17313177.0
yem,Yemen,1997,17873936.0
yem,Yemen,1998,18446013.0
yem,Yemen,1999,19029420.0
yem,Yemen,2000,19624141.0
yem,Yemen,2001,20226147.0
yem,Yemen,2002,20835086.0
yem,Yemen,2003,21456379.0
yem,Yemen,2004,22095167.0
yem,Yemen,2005,22790085.0
yem,Yemen,2006,23543083.0
yem,Yemen,2007,24318082.0
yem,Yemen,2008,25111941.0
yem,Yemen,2009,25927724.0
yem,Yemen,2010,26754387.0
yem,Yemen,2011,27582897.0
yem,Yemen,2012,28433647.0
yem,Yemen,2013,29312952.0
yem,Yemen,2014,30226309.0
yem,Yemen,2015,31159379.0
yem,Yemen,2016,32109010.0
yem,Yemen,2017,33090921.0
yem,Yemen,2018,34085182.0
yem,Yemen,2019,35111408.0
yem,Yemen,2020,36134863.0
yem,Yemen,2021,37140230.0
yem,Yemen,2022,38222876.0
yem,Yemen,2023,39390799.0
yem,Yemen,2024,40583164.0
yem,Yemen,2025,41773878.0
zaf,South Africa,1900,5162258.0
zaf,South Africa,1901,5237782.0
zaf,South Africa,1902,5320991.0
zaf,South Africa,1903,5412092.0
zaf,South Africa,1904,5504750.0
zaf,South Africa,1905,5598991.0
zaf,South Africa,1906,5694844.0
zaf,South Africa,1907,5792335.0
zaf,South Africa,1908,5891493.0
zaf,South Africa,1909,5991197.0
zaf,South Africa,1910,6091438.0
zaf,South Africa,1911,6192206.0
zaf,South Africa,1912,6293489.0
zaf,South Africa,1913,6395276.0
zaf,South Africa,1914,6498706.0
zaf,South Africa,1915,6603806.0
zaf,South Africa,1916,6710603.0
zaf,South Africa,1917,6819124.0
zaf,South Africa,1918,6924846.0
zaf,South Africa,1919,7040078.0
zaf,South Africa,1920,7165135.0
zaf,South Africa,1921,7300336.0
zaf,South Africa,1922,7446013.0
zaf,South Africa,1923,7602504.0
zaf,South Africa,1924,7762283.0
zaf,South Africa,1925,7925421.0
zaf,South Africa,1926,8091987.0
zaf,South Africa,1927,8262054.0
zaf,South Africa,1928,8435694.0
zaf,South Africa,1929,8611522.0
zaf,South Africa,1930,8789552.0
zaf,South Africa,1931,8969801.0
zaf,South Africa,1932,9152285.0
zaf,South Africa,1933,9337020.0
zaf,South Africa,1934,9525483.0
zaf,South Africa,1935,9717751.0
zaf,South Africa,1936,9913899.0
zaf,South Africa,1937,10114007.0
zaf,South Africa,1938,10318153.0
zaf,South Africa,1939,10524286.0
zaf,South Africa,1940,10732404.0
zaf,South Africa,1941,10942506.0
zaf,South Africa,1942,11154589.0
zaf,South Africa,1943,11368650.0
zaf,South Africa,1944,11586818.0
zaf,South Africa,1945,11809173.0
zaf,South Africa,1946,12035796.0
zaf,South Africa,1947,12266767.0
zaf,South Africa,1948,12502171.0
zaf,South Africa,1949,12759128.0
zaf,South Africa,1950,13038491.0
zaf,South Africa,1951,13309020.0
zaf,South Africa,1952,13595543.0
zaf,South Africa,1953,13892910.0
zaf,South Africa,1954,14203779.0
zaf,South Africa,1955,14533365.0
zaf,South Africa,1956,14880686.0
zaf,South Africa,1957,15244839.0
zaf,South Africa,1958,15620418.0
zaf,South Africa,1959,16014974.0
zaf,South Africa,1960,16440172.0
zaf,South Africa,1961,16908035.0
zaf,South Africa,1962,17418522.0
zaf,South Africa,1963,17954564.0
zaf,South Africa,1964,18511361.0
zaf,South Africa,1965,19089380.0
zaf,South Africa,1966,19690087.0
zaf,South Africa,1967,20314066.0
zaf,South Africa,1968,20957287.0
zaf,South Africa,1969,21614676.0
zaf,South Africa,1970,22279984.0
zaf,South Africa,1971,22942143.0
zaf,South Africa,1972,23609456.0
zaf,South Africa,1973,24294263.0
zaf,South Africa,1974,24989108.0
zaf,South Africa,1975,25690940.0
zaf,South Africa,1976,26395450.0
zaf,South Africa,1977,27118952.0
zaf,South Africa,1978,27869507.0
zaf,South Africa,1979,28634162.0
zaf,South Africa,1980,29518857.0
zaf,South Africa,1981,30541044.0
zaf,South Africa,1982,31615339.0
zaf,South Africa,1983,32739304.0
zaf,South Africa,1984,33892788.0
zaf,South Africa,1985,35042093.0
zaf,South Africa,1986,36180515.0
zaf,South Africa,1987,37326190.0
zaf,South Africa,1988,38480649.0
zaf,South Africa,1989,39628575.0
zaf,South Africa,1990,40746268.0
zaf,South Africa,1991,41687898.0
zaf,South Africa,1992,42443509.0
zaf,South Africa,1993,43297156.0
zaf,South Africa,1994,44004139.0
zaf,South Africa,1995,44541554.0
zaf,South Africa,1996,45123018.0
zaf,South Africa,1997,45666838.0
zaf,South Africa,1998,46223880.0
zaf,South Africa,1999,46730335.0
zaf,South Africa,2000,47159719.0
zaf,South Africa,2001,47566800.0
zaf,South Africa,2002,48019415.0
zaf,South Africa,2003,48500348.0
zaf,South Africa,2004,48991421.0
zaf,South Africa,2005,49490033.0
zaf,South Africa,2006,49998277.0
zaf,South Africa,2007,50528584.0
zaf,South Africa,2008,51114599.0
zaf,South Africa,2009,51728516.0
zaf,South Africa,2010,52344051.0
zaf,South Africa,2011,52995205.0
zaf,South Africa,2012,53782567.0
zaf,South Africa,2013,54678791.0
zaf,South Africa,2014,55594838.0
zaf,South Africa,2015,56723537.0
zaf,South Africa,2016,57259551.0
zaf,South Africa,2017,57635162.0
zaf,South Africa,2018,58613001.0
zaf,South Africa,2019,59587885.0
zaf,South Africa,2020,60562381.0
zaf,South Africa,2021,61502603.0
zaf,South Africa,2022,62378410.0
zaf,South Africa,2023,63212384.0
zaf,South Africa,2024,64007187.0
zaf,South Africa,2025,64747319.0
zmb,Zambia,1900,1614383.0
zmb,Zambia,1901,1606865.0
zmb,Zambia,1902,1597775.0
zmb,Zambia,1903,1587125.0
zmb,Zambia,1904,1576546.0
zmb,Zambia,1905,1566037.0
zmb,Zambia,1906,1555597.0
zmb,Zambia,1907,1545226.0
zmb,Zambia,1908,1534923.0
zmb,Zambia,1909,1525295.0
zmb,Zambia,1910,1516333.0
zmb,Zambia,1911,1508030.0
zmb,Zambia,1912,1500378.0
zmb,Zambia,1913,1493369.0
zmb,Zambia,1914,1486393.0
zmb,Zambia,1915,1479449.0
zmb,Zambia,1916,1472536.0
zmb,Zambia,1917,1465655.0
zmb,Zambia,1918,1459793.0
zmb,Zambia,1919,1459456.0
zmb,Zambia,1920,1464707.0
zmb,Zambia,1921,1475605.0
zmb,Zambia,1922,1492214.0
zmb,Zambia,1923,1514598.0
zmb,Zambia,1924,1537317.0
zmb,Zambia,1925,1560376.0
zmb,Zambia,1926,1583782.0
zmb,Zambia,1927,1607539.0
zmb,Zambia,1928,1631652.0
zmb,Zambia,1929,1655791.0
zmb,Zambia,1930,1679951.0
zmb,Zambia,1931,1704127.0
zmb,Zambia,1932,1728316.0
zmb,Zambia,1933,1752513.0
zmb,Zambia,1934,1777048.0
zmb,Zambia,1935,1801926.0
zmb,Zambia,1936,1827153.0
zmb,Zambia,1937,1852733.0
zmb,Zambia,1938,1878672.0
zmb,Zambia,1939,1906518.0
zmb,Zambia,1940,1936327.0
zmb,Zambia,1941,1968155.0
zmb,Zambia,1942,2002058.0
zmb,Zambia,1943,2038095.0
zmb,Zambia,1944,2074781.0
zmb,Zambia,1945,2112127.0
zmb,Zambia,1946,2150145.0
zmb,Zambia,1947,2188848.0
zmb,Zambia,1948,2228247.0
zmb,Zambia,1949,2272335.0
zmb,Zambia,1950,2321302.0
zmb,Zambia,1951,2393302.0
zmb,Zambia,1952,2467251.0
zmb,Zambia,1953,2543539.0
zmb,Zambia,1954,2622277.0
zmb,Zambia,1955,2703543.0
zmb,Zambia,1956,2787410.0
zmb,Zambia,1957,2874068.0
zmb,Zambia,1958,2963867.0
zmb,Zambia,1959,3057054.0
zmb,Zambia,1960,3153729.0
zmb,Zambia,1961,3254086.0
zmb,Zambia,1962,3358099.0
zmb,Zambia,1963,3465907.0
zmb,Zambia,1964,3577017.0
zmb,Zambia,1965,3692086.0
zmb,Zambia,1966,3812003.0
zmb,Zambia,1967,3936343.0
zmb,Zambia,1968,4065593.0
zmb,Zambia,1969,4197116.0
zmb,Zambia,1970,4321718.0
zmb,Zambia,1971,4442525.0
zmb,Zambia,1972,4569309.0
zmb,Zambia,1973,4702693.0
zmb,Zambia,1974,4842746.0
zmb,Zambia,1975,4990086.0
zmb,Zambia,1976,5143842.0
zmb,Zambia,1977,5302480.0
zmb,Zambia,1978,5465374.0
zmb,Zambia,1979,5631728.0
zmb,Zambia,1980,5802833.0
zmb,Zambia,1981,5983289.0
zmb,Zambia,1982,6178637.0
zmb,Zambia,1983,6381038.0
zmb,Zambia,1984,6580490.0
zmb,Zambia,1985,6780953.0
zmb,Zambia,1986,6986471.0
zmb,Zambia,1987,7191282.0
zmb,Zambia,1988,7391440.0
zmb,Zambia,1989,7589216.0
zmb,Zambia,1990,7786169.0
zmb,Zambia,1991,7981650.0
zmb,Zambia,1992,8176680.0
zmb,Zambia,1993,8373921.0
zmb,Zambia,1994,8576269.0
zmb,Zambia,1995,8785763.0
zmb,Zambia,1996,9004053.0
zmb,Zambia,1997,9237063.0
zmb,Zambia,1998,9482408.0
zmb,Zambia,1999,9740005.0
zmb,Zambia,2000,10017631.0
zmb,Zambia,2001,10325185.0
zmb,Zambia,2002,10647949.0
zmb,Zambia,2003,10983595.0
zmb,Zambia,2004,11338198.0
zmb,Zambia,2005,11718819.0
zmb,Zambia,2006,12129553.0
zmb,Zambia,2007,12565085.0
zmb,Zambia,2008,13021324.0
zmb,Zambia,2009,13490389.0
zmb,Zambia,2010,13965594.0
zmb,Zambia,2011,14437796.0
zmb,Zambia,2012,14913629.0
zmb,Zambia,2013,15398997.0
zmb,Zambia,2014,15895315.0
zmb,Zambia,2015,16399089.0
zmb,Zambia,2016,16914423.0
zmb,Zambia,2017,17441320.0
zmb,Zambia,2018,17973569.0
zmb,Zambia,2019,18513839.0
zmb,Zambia,2020,19059395.0
zmb,Zambia,2021,19603607.0
zmb,Zambia,2022,20152938.0
zmb,Zambia,2023,20723965.0
zmb,Zambia,2024,21314956.0
zmb,Zambia,2025,21913874.0
zwe,Zimbabwe,1900,1111250.0
zwe,Zimbabwe,1901,1126892.0
zwe,Zimbabwe,1902,1144169.0
zwe,Zimbabwe,1903,1163124.0
zwe,Zimbabwe,1904,1182392.0
zwe,Zimbabwe,1905,1201980.0
zwe,Zimbabwe,1906,1221892.0
zwe,Zimbabwe,1907,1242134.0
zwe,Zimbabwe,1908,1262712.0
zwe,Zimbabwe,1909,1283384.0
zwe,Zimbabwe,1910,1304149.0
zwe,Zimbabwe,1911,1325004.0
zwe,Zimbabwe,1912,1345948.0
zwe,Zimbabwe,1913,1366976.0
zwe,Zimbabwe,1914,1388333.0
zwe,Zimbabwe,1915,1410023.0
zwe,Zimbabwe,1916,1432053.0
zwe,Zimbabwe,1917,1454426.0
zwe,Zimbabwe,1918,1476975.0
zwe,Zimbabwe,1919,1501553.0
zwe,Zimbabwe,1920,1528226.0
zwe,Zimbabwe,1921,1557062.0
zwe,Zimbabwe,1922,1588133.0
zwe,Zimbabwe,1923,1621510.0
zwe,Zimbabwe,1924,1655589.0
zwe,Zimbabwe,1925,1690384.0
zwe,Zimbabwe,1926,1725910.0
zwe,Zimbabwe,1927,1762183.0
zwe,Zimbabwe,1928,1799219.0
zwe,Zimbabwe,1929,1836720.0
zwe,Zimbabwe,1930,1874692.0
zwe,Zimbabwe,1931,1913136.0
zwe,Zimbabwe,1932,1952058.0
zwe,Zimbabwe,1933,1991459.0
zwe,Zimbabwe,1934,2031656.0
zwe,Zimbabwe,1935,2072664.0
zwe,Zimbabwe,1936,2114500.0
zwe,Zimbabwe,1937,2157180.0
zwe,Zimbabwe,1938,2200721.0
zwe,Zimbabwe,1939,2244687.0
zwe,Zimbabwe,1940,2289076.0
zwe,Zimbabwe,1941,2333887.0
zwe,Zimbabwe,1942,2379122.0
zwe,Zimbabwe,1943,2424778.0
zwe,Zimbabwe,1944,2471311.0
zwe,Zimbabwe,1945,2518736.0
zwe,Zimbabwe,1946,2567072.0
zwe,Zimbabwe,1947,2616335.0
zwe,Zimbabwe,1948,2666543.0
zwe,Zimbabwe,1949,2724610.0
zwe,Zimbabwe,1950,2790905.0
zwe,Zimbabwe,1951,2880892.0
zwe,Zimbabwe,1952,2972903.0
zwe,Zimbabwe,1953,3067166.0
zwe,Zimbabwe,1954,3163883.0
zwe,Zimbabwe,1955,3263215.0
zwe,Zimbabwe,1956,3365535.0
zwe,Zimbabwe,1957,3471154.0
zwe,Zimbabwe,1958,3580181.0
zwe,Zimbabwe,1959,3692801.0
zwe,Zimbabwe,1960,3809389.0
zwe,Zimbabwe,1961,3930401.0
zwe,Zimbabwe,1962,4055959.0
zwe,Zimbabwe,1963,4185877.0
zwe,Zimbabwe,1964,4320006.0
zwe,Zimbabwe,1965,4458462.0
zwe,Zimbabwe,1966,4601217.0
zwe,Zimbabwe,1967,4748307.0
zwe,Zimbabwe,1968,4900440.0
zwe,Zimbabwe,1969,5058181.0
zwe,Zimbabwe,1970,5215918.0
zwe,Zimbabwe,1971,5374712.0
zwe,Zimbabwe,1972,5542445.0
zwe,Zimbabwe,1973,5720404.0
zwe,Zimbabwe,1974,5908328.0
zwe,Zimbabwe,1975,6098658.0
zwe,Zimbabwe,1976,6287105.0
zwe,Zimbabwe,1977,6449512.0
zwe,Zimbabwe,1978,6543575.0
zwe,Zimbabwe,1979,6647556.0
zwe,Zimbabwe,1980,7041303.0
zwe,Zimbabwe,1981,7498635.0
zwe,Zimbabwe,1982,7796496.0
zwe,Zimbabwe,1983,8098404.0
zwe,Zimbabwe,1984,8391488.0
zwe,Zimbabwe,1985,8686813.0
zwe,Zimbabwe,1986,8982578.0
zwe,Zimbabwe,1987,9284644.0
zwe,Zimbabwe,1988,9583094.0
zwe,Zimbabwe,1989,9864798.0
zwe,Zimbabwe,1990,10137281.0
zwe,Zimbabwe,1991,10404816.0
zwe,Zimbabwe,1992,10702700.0
zwe,Zimbabwe,1993,10860288.0
zwe,Zimbabwe,1994,10873148.0
zwe,Zimbabwe,1995,10974599.0
zwe,Zimbabwe,1996,11158360.0
zwe,Zimbabwe,1997,11369827.0
zwe,Zimbabwe,1998,11594297.0
zwe,Zimbabwe,1999,11783458.0
zwe,Zimbabwe,2000,11892055.0
zwe,Zimbabwe,2001,11971901.0
zwe,Zimbabwe,2002,12087653.0
zwe,Zimbabwe,2003,12232323.0
zwe,Zimbabwe,2004,12365896.0
zwe,Zimbabwe,2005,12483432.0
zwe,Zimbabwe,2006,12636445.0
zwe,Zimbabwe,2007,12804058.0
zwe,Zimbabwe,2008,12959149.0
zwe,Zimbabwe,2009,13142790.0
zwe,Zimbabwe,2010,13356548.0
zwe,Zimbabwe,2011,13595424.0
zwe,Zimbabwe,2012,13817887.0
zwe,Zimbabwe,2013,14013808.0
zwe,Zimbabwe,2014,14207359.0
zwe,Zimbabwe,2015,14399013.0
zwe,Zimbabwe,2016,14600294.0
zwe,Zimbabwe,2017,14812482.0
zwe,Zimbabwe,2018,15034452.0
zwe,Zimbabwe,2019,15271368.0
zwe,Zimbabwe,2020,15526888.0
zwe,Zimbabwe,2021,15797210.0
zwe,Zimbabwe,2022,16069056.0
zwe,Zimbabwe,2023,16340822.0
zwe,Zimbabwe,2024,16634373.0
zwe,Zimbabwe,2025,16950795.0
